vehicle_id,vehicle_type,enter_time_s,departure_time_s,travel_time_s,route_distance_m,distance_traveled_m,accumulated_waiting_time_s,custom_wait_s,moving_time_s,time_loss_s,free_flow_time_s,delay_s,waiting_fraction,moving_fraction,schedule_efficiency,completed_trip,trip_status
151372_418_0,pkw,25208.0,25236.0,28.0,,392.769,0.0,0.0,28.0,3.358,,,0.0,1.0,,True,completed
124779_406_0,pkw,25206.0,25251.0,45.0,,165.59,27.0,27.0,18.0,33.703,,,0.6,0.4,,True,completed
98305_395_0,pkw,25212.0,25253.0,41.0,,156.062,21.0,21.0,20.0,32.016,,,0.5122,0.4878,,True,completed
123965_406_0,pkw,25219.0,25257.0,38.0,,430.424,0.0,0.0,38.0,1.834,,,0.0,1.0,,True,completed
91582_392_0,pkw,25219.0,25258.0,39.0,,457.003,0.0,0.0,39.0,4.979,,,0.0,1.0,,True,completed
102535_396_0,pkw,25219.0,25261.0,42.0,,156.923,17.0,17.0,25.0,32.391,,,0.4048,0.5952,,True,completed
147209_416_0,pkw,25221.0,25263.0,42.0,,166.573,16.0,16.0,26.0,32.316,,,0.381,0.619,,True,completed
120663_405_0,pkw,25247.0,25271.0,24.0,,195.466,6.0,6.0,18.0,14.357,,,0.25,0.75,,True,completed
121258_405_0,pkw,25241.0,25271.0,30.0,,198.851,11.0,11.0,19.0,18.782,,,0.3667,0.6333,,True,completed
126742_407_0,pkw,25243.0,25272.0,29.0,,189.942,10.0,10.0,19.0,18.176,,,0.3448,0.6552,,True,completed
113509_402_0,pkw,25249.0,25273.0,24.0,,177.683,3.0,3.0,21.0,11.644,,,0.125,0.875,,True,completed
102501_396_0,pkw,25245.0,25274.0,29.0,,189.489,9.0,9.0,20.0,16.042,,,0.3103,0.6897,,True,completed
102630_396_0,pkw,25253.0,25274.0,21.0,,183.371,2.0,2.0,19.0,11.639,,,0.0952,0.9048,,True,completed
122194_406_0,pkw,25256.0,25276.0,20.0,,192.026,0.0,0.0,20.0,9.133,,,0.0,1.0,,True,completed
130147_409_0,pkw,25252.0,25276.0,24.0,,200.058,0.0,0.0,24.0,12.611,,,0.0,1.0,,True,completed
122376_406_0,pkw,25255.0,25277.0,22.0,,188.698,0.0,0.0,22.0,9.928,,,0.0,1.0,,True,completed
135103_411_0,pkw,25257.0,25278.0,21.0,,203.02,0.0,0.0,21.0,11.579,,,0.0,1.0,,True,completed
149029_417_0,pkw,25237.0,25283.0,46.0,,190.846,23.0,23.0,23.0,33.381,,,0.5,0.5,,True,completed
160150_421_0,pkw,25221.0,25290.0,69.0,,440.012,29.0,29.0,40.0,39.052,,,0.4203,0.5797,,True,completed
162814_422_0,pkw,25234.0,25292.0,58.0,,440.578,15.0,15.0,43.0,23.222,,,0.2586,0.7414,,True,completed
115444_403_0,pkw,25295.0,25305.0,10.0,,169.918,0.0,0.0,10.0,0.852,,,0.0,1.0,,True,completed
128446_408_0,pkw,25274.0,25306.0,32.0,,463.174,0.0,0.0,32.0,1.829,,,0.0,1.0,,True,completed
129253_408_0,pkw,25261.0,25310.0,49.0,,186.007,27.0,27.0,22.0,39.467,,,0.551,0.449,,True,completed
152958_419_0,pkw,25259.0,25310.0,51.0,,186.252,28.0,28.0,23.0,41.254,,,0.549,0.451,,True,completed
148629_417_0,pkw,25285.0,25311.0,26.0,,188.348,7.0,7.0,19.0,14.325,,,0.2692,0.7308,,True,completed
133955_411_0,pkw,25263.0,25312.0,49.0,,189.234,27.0,27.0,22.0,38.724,,,0.551,0.449,,True,completed
125613_406_0,pkw,25262.0,25313.0,51.0,,194.755,27.0,27.0,24.0,38.537,,,0.5294,0.4706,,True,completed
120275_405_0,pkw,25264.0,25315.0,51.0,,202.418,24.0,24.0,27.0,39.265,,,0.4706,0.5294,,True,completed
134807_411_0,pkw,25265.0,25315.0,50.0,,186.264,26.0,26.0,24.0,40.112,,,0.52,0.48,,True,completed
135201_411_0,pkw,25266.0,25316.0,50.0,,192.585,24.0,24.0,26.0,38.454,,,0.48,0.52,,True,completed
57065_374_0,pkw,25267.0,25316.0,49.0,,194.462,26.0,26.0,23.0,37.979,,,0.5306,0.4694,,True,completed
129519_408_0,pkw,25269.0,25317.0,48.0,,184.195,24.0,24.0,24.0,38.216,,,0.5,0.5,,True,completed
130602_409_0,pkw,25269.0,25330.0,61.0,,427.65,20.0,20.0,41.0,27.333,,,0.3279,0.6721,,True,completed
83516_390_0,pkw,25276.0,25331.0,55.0,,455.135,10.0,10.0,45.0,18.281,,,0.1818,0.8182,,True,completed
136082_411_0,pkw,25278.0,25332.0,54.0,,441.91,8.0,9.0,45.0,16.851,,,0.1667,0.8333,,True,completed
85818_390_0,pkw,25281.0,25333.0,52.0,,431.25,8.0,8.0,44.0,16.422,,,0.1538,0.8462,,True,completed
113303_402_0,pkw,25284.0,25334.0,50.0,,452.844,9.0,9.0,41.0,22.095,,,0.18,0.82,,True,completed
137244_412_0,pkw,25295.0,25335.0,40.0,,428.928,0.0,0.0,40.0,3.571,,,0.0,1.0,,True,completed
86583_391_0,pkw,25290.0,25335.0,45.0,,440.921,5.0,5.0,40.0,16.913,,,0.1111,0.8889,,True,completed
120878_405_0,pkw,25292.0,25337.0,45.0,,446.34,5.0,5.0,40.0,15.836,,,0.1111,0.8889,,True,completed
103540_397_0,pkw,25301.0,25341.0,40.0,,160.393,17.0,17.0,23.0,29.168,,,0.425,0.575,,True,completed
135431_411_0,pkw,25271.0,25350.0,79.0,,191.003,50.0,50.0,29.0,68.272,,,0.6329,0.3671,,True,completed
86189_391_0,pkw,25268.0,25351.0,83.0,,199.859,52.0,52.0,31.0,70.654,,,0.6265,0.3735,,True,completed
82015_389_0,pkw,25270.0,25352.0,82.0,,185.69,52.0,52.0,30.0,72.124,,,0.6341,0.3659,,True,completed
146814_416_0,pkw,25272.0,25353.0,81.0,,202.839,47.0,47.0,34.0,70.947,,,0.5802,0.4198,,True,completed
118286_405_0,pkw,25275.0,25355.0,80.0,,202.285,47.0,47.0,33.0,69.242,,,0.5875,0.4125,,True,completed
136204_411_0,pkw,25271.0,25355.0,84.0,,201.463,52.0,52.0,32.0,70.414,,,0.619,0.381,,True,completed
118931_405_0,pkw,25278.0,25356.0,78.0,,191.767,46.0,46.0,32.0,68.193,,,0.5897,0.4103,,True,completed
125316_406_0,pkw,25273.0,25356.0,83.0,,193.052,51.0,51.0,32.0,73.365,,,0.6145,0.3855,,True,completed
134435_411_0,pkw,25277.0,25358.0,81.0,,201.568,48.0,48.0,33.0,70.181,,,0.5926,0.4074,,True,completed
146536_416_0,pkw,25280.0,25358.0,78.0,,199.836,45.0,45.0,33.0,66.226,,,0.5769,0.4231,,True,completed
162096_421_0,pkw,25307.0,25363.0,56.0,,408.751,11.0,11.0,45.0,25.191,,,0.1964,0.8036,,True,completed
175147_428_0,pkw,25325.0,25365.0,40.0,,405.153,3.0,3.0,37.0,15.325,,,0.075,0.925,,True,completed
85922_391_0,pkw,25294.0,25370.0,76.0,,443.456,31.0,31.0,45.0,48.632,,,0.4079,0.5921,,True,completed
138220_412_0,pkw,25310.0,25371.0,61.0,,435.544,20.0,20.0,41.0,32.875,,,0.3279,0.6721,,True,completed
118963_405_0,pkw,25305.0,25372.0,67.0,,441.33,25.0,25.0,42.0,34.275,,,0.3731,0.6269,,True,completed
136152_411_0,pkw,25314.0,25373.0,59.0,,430.417,22.0,22.0,37.0,30.973,,,0.3729,0.6271,,True,completed
142412_415_0,pkw,25308.0,25373.0,65.0,,430.03,20.0,20.0,45.0,28.662,,,0.3077,0.6923,,True,completed
130372_409_0,pkw,25328.0,25375.0,47.0,,455.692,5.0,5.0,42.0,16.599,,,0.1064,0.8936,,True,completed
167799_425_0,pkw,25328.0,25376.0,48.0,,436.624,5.0,5.0,43.0,13.733,,,0.1042,0.8958,,True,completed
104806_398_0,pkw,25330.0,25377.0,47.0,,455.288,5.0,5.0,42.0,17.913,,,0.1064,0.8936,,True,completed
122154_406_0,pkw,25338.0,25377.0,39.0,,429.066,0.0,0.0,39.0,8.166,,,0.0,1.0,,True,completed
108236_400_0,pkw,25279.0,25391.0,112.0,,194.999,72.0,75.0,37.0,100.053,,,0.6696,0.3304,,True,completed
94647_393_0,pkw,25282.0,25391.0,109.0,,191.486,69.0,69.0,40.0,98.054,,,0.633,0.367,,True,completed
110905_401_0,pkw,25281.0,25393.0,112.0,,203.611,69.0,71.0,41.0,99.808,,,0.6339,0.3661,,True,completed
137559_412_0,pkw,25284.0,25393.0,109.0,,194.158,66.0,66.0,43.0,98.425,,,0.6055,0.3945,,True,completed
106268_399_0,pkw,25286.0,25394.0,108.0,,184.961,64.0,64.0,44.0,97.706,,,0.5926,0.4074,,True,completed
157203_421_0,pkw,25283.0,25394.0,111.0,,192.343,66.0,69.0,42.0,100.424,,,0.6216,0.3784,,True,completed
133688_411_0,pkw,25287.0,25396.0,109.0,,190.602,65.0,67.0,42.0,98.693,,,0.6147,0.3853,,True,completed
139731_413_0,pkw,25285.0,25396.0,111.0,,197.47,65.0,68.0,43.0,99.005,,,0.6126,0.3874,,True,completed
149973_417_0,pkw,25345.0,25397.0,52.0,,188.058,23.0,23.0,29.0,41.318,,,0.4423,0.5577,,True,completed
127662_407_0,pkw,25345.0,25398.0,53.0,,198.336,23.0,23.0,30.0,41.997,,,0.434,0.566,,True,completed
161721_421_0,pkw,25338.0,25401.0,63.0,,409.773,25.0,26.0,37.0,37.71,,,0.4127,0.5873,,True,completed
135138_411_0,pkw,25350.0,25410.0,60.0,,432.268,25.0,25.0,35.0,33.552,,,0.4167,0.5833,,True,completed
121091_405_0,pkw,25346.0,25411.0,65.0,,444.209,24.0,24.0,41.0,33.42,,,0.3692,0.6308,,True,completed
169772_426_0,pkw,25348.0,25412.0,64.0,,431.942,23.0,23.0,41.0,33.065,,,0.3594,0.6406,,True,completed
114183_402_0,pkw,25360.0,25414.0,54.0,,432.096,13.0,13.0,41.0,21.295,,,0.2407,0.7593,,True,completed
150753_418_0,pkw,25352.0,25414.0,62.0,,456.96,20.0,20.0,42.0,30.46,,,0.3226,0.6774,,True,completed
120618_405_0,pkw,25364.0,25416.0,52.0,,442.426,11.0,11.0,41.0,23.952,,,0.2115,0.7885,,True,completed
148536_417_0,pkw,25362.0,25416.0,54.0,,457.244,14.0,14.0,40.0,24.061,,,0.2593,0.7407,,True,completed
165043_423_0,pkw,25367.0,25418.0,51.0,,458.131,9.0,9.0,42.0,19.722,,,0.1765,0.8235,,True,completed
133819_411_0,pkw,25348.0,25431.0,83.0,,199.178,49.0,49.0,34.0,71.31,,,0.5904,0.4096,,True,completed
99716_396_0,pkw,25352.0,25431.0,79.0,,189.148,50.0,50.0,29.0,66.089,,,0.6329,0.3671,,True,completed
161963_421_0,pkw,25353.0,25433.0,80.0,,198.019,47.0,47.0,33.0,67.097,,,0.5875,0.4125,,True,completed
121429_406_0,pkw,25363.0,25434.0,71.0,,190.301,40.0,41.0,30.0,61.032,,,0.5775,0.4225,,True,completed
140822_414_0,pkw,25360.0,25434.0,74.0,,185.45,43.0,43.0,31.0,64.038,,,0.5811,0.4189,,True,completed
146948_416_0,pkw,25354.0,25434.0,80.0,,189.103,46.0,46.0,34.0,66.314,,,0.575,0.425,,True,completed
154120_420_0,pkw,25362.0,25436.0,74.0,,191.379,40.0,40.0,34.0,61.946,,,0.5405,0.4595,,True,completed
134511_411_0,pkw,25365.0,25437.0,72.0,,183.827,38.0,38.0,34.0,61.796,,,0.5278,0.4722,,True,completed
161648_421_0,pkw,25364.0,25438.0,74.0,,202.008,40.0,40.0,34.0,63.231,,,0.5405,0.4595,,True,completed
111249_401_0,pkw,25368.0,25439.0,71.0,,193.603,37.0,37.0,34.0,60.76,,,0.5211,0.4789,,True,completed
104556_397_0,pkw,25371.0,25440.0,69.0,,178.841,35.0,35.0,34.0,58.111,,,0.5072,0.4928,,True,completed
125385_406_0,pkw,25373.0,25442.0,69.0,,200.817,32.0,32.0,37.0,58.589,,,0.4638,0.5362,,True,completed
93126_392_0,pkw,25375.0,25443.0,68.0,,186.54,33.0,33.0,35.0,56.617,,,0.4853,0.5147,,True,completed
120308_405_0,pkw,25377.0,25445.0,68.0,,198.178,31.0,31.0,37.0,58.225,,,0.4559,0.5441,,True,completed
113625_402_0,pkw,25379.0,25447.0,68.0,,199.052,31.0,31.0,37.0,55.545,,,0.4559,0.5441,,True,completed
163503_422_0,pkw,25376.0,25450.0,74.0,,424.786,29.0,29.0,45.0,40.183,,,0.3919,0.6081,,True,completed
167170_425_0,pkw,25366.0,25451.0,85.0,,430.971,36.0,36.0,49.0,48.455,,,0.4235,0.5765,,True,completed
115620_403_0,pkw,25378.0,25452.0,74.0,,427.953,27.0,27.0,47.0,42.116,,,0.3649,0.6351,,True,completed
137508_412_0,pkw,25368.0,25452.0,84.0,,439.387,34.0,34.0,50.0,52.358,,,0.4048,0.5952,,True,completed
127513_407_0,pkw,25379.0,25454.0,75.0,,432.269,27.0,27.0,48.0,41.399,,,0.36,0.64,,True,completed
173487_427_0,pkw,25370.0,25454.0,84.0,,445.263,32.0,32.0,52.0,55.863,,,0.381,0.619,,True,completed
162547_422_0,pkw,25371.0,25456.0,85.0,,438.121,28.0,28.0,57.0,43.736,,,0.3294,0.6706,,True,completed
95948_394_0,pkw,25377.0,25456.0,79.0,,435.724,26.0,26.0,53.0,46.049,,,0.3291,0.6709,,True,completed
119040_405_0,pkw,25387.0,25457.0,70.0,,427.07,25.0,25.0,45.0,40.369,,,0.3571,0.6429,,True,completed
171810_426_0,pkw,25374.0,25458.0,84.0,,444.811,25.0,25.0,59.0,49.619,,,0.2976,0.7024,,True,completed
163150_422_0,pkw,25394.0,25459.0,65.0,,450.018,22.0,22.0,43.0,29.641,,,0.3385,0.6615,,True,completed
105238_398_0,pkw,25396.0,25461.0,65.0,,459.187,20.0,20.0,45.0,31.279,,,0.3077,0.6923,,True,completed
109585_401_0,pkw,25367.0,25471.0,104.0,,200.488,64.0,64.0,40.0,93.123,,,0.6154,0.3846,,True,completed
129330_408_0,pkw,25434.0,25471.0,37.0,,181.84,17.0,17.0,20.0,25.786,,,0.4595,0.5405,,True,completed
154290_420_0,pkw,25432.0,25471.0,39.0,,191.406,20.0,20.0,19.0,27.255,,,0.5128,0.4872,,True,completed
101928_396_0,pkw,25369.0,25473.0,104.0,,202.386,62.0,62.0,42.0,91.982,,,0.5962,0.4038,,True,completed
153635_420_0,pkw,25461.0,25473.0,12.0,,194.009,0.0,0.0,12.0,1.864,,,0.0,1.0,,True,completed
140041_414_0,pkw,25404.0,25474.0,70.0,,196.359,37.0,37.0,33.0,60.071,,,0.5286,0.4714,,True,completed
155579_420_0,pkw,25371.0,25474.0,103.0,,193.757,61.0,61.0,42.0,90.652,,,0.5922,0.4078,,True,completed
106883_399_0,pkw,25409.0,25476.0,67.0,,199.883,33.0,33.0,34.0,54.836,,,0.4925,0.5075,,True,completed
117534_404_0,pkw,25373.0,25476.0,103.0,,202.915,59.0,59.0,44.0,90.912,,,0.5728,0.4272,,True,completed
139126_413_0,pkw,25382.0,25476.0,94.0,,179.126,48.0,48.0,46.0,82.363,,,0.5106,0.4894,,True,completed
114601_403_0,pkw,25418.0,25477.0,59.0,,188.749,27.0,28.0,31.0,49.088,,,0.4746,0.5254,,True,completed
117148_404_0,pkw,25376.0,25477.0,101.0,,189.067,58.0,58.0,43.0,91.071,,,0.5743,0.4257,,True,completed
148479_417_0,pkw,25424.0,25479.0,55.0,,189.886,22.0,22.0,33.0,44.285,,,0.4,0.6,,True,completed
137320_412_0,pkw,25415.0,25480.0,65.0,,403.348,17.0,17.0,48.0,38.706,,,0.2615,0.7385,,True,completed
106784_399_0,pkw,25427.0,25481.0,54.0,,202.761,20.0,20.0,34.0,44.018,,,0.3704,0.6296,,True,completed
139080_413_0,pkw,25398.0,25490.0,92.0,,431.581,44.0,44.0,48.0,60.842,,,0.4783,0.5217,,True,completed
84424_390_0,pkw,25381.0,25490.0,109.0,,445.81,51.0,51.0,58.0,78.138,,,0.4679,0.5321,,True,completed
100057_396_0,pkw,25385.0,25492.0,107.0,,431.883,50.0,50.0,57.0,72.256,,,0.4673,0.5327,,True,completed
114134_402_0,pkw,25414.0,25494.0,80.0,,455.805,31.0,31.0,49.0,48.731,,,0.3875,0.6125,,True,completed
92315_392_0,pkw,25389.0,25494.0,105.0,,439.694,49.0,49.0,56.0,70.542,,,0.4667,0.5333,,True,completed
141862_415_0,pkw,25413.0,25496.0,83.0,,428.724,28.0,28.0,55.0,42.276,,,0.3373,0.6627,,True,completed
149846_417_0,pkw,25400.0,25496.0,96.0,,444.414,42.0,42.0,54.0,59.914,,,0.4375,0.5625,,True,completed
100926_396_0,pkw,25402.0,25497.0,95.0,,434.081,41.0,41.0,54.0,65.22,,,0.4316,0.5684,,True,completed
176093_428_0,pkw,25418.0,25498.0,80.0,,431.103,23.0,23.0,57.0,40.092,,,0.2875,0.7125,,True,completed
107932_400_0,pkw,25427.0,25511.0,84.0,,188.903,38.0,38.0,46.0,73.534,,,0.4524,0.5476,,True,completed
116804_404_0,pkw,25412.0,25511.0,99.0,,198.569,59.0,60.0,39.0,89.245,,,0.6061,0.3939,,True,completed
145855_416_0,pkw,25470.0,25511.0,41.0,,187.554,22.0,22.0,19.0,29.822,,,0.5366,0.4634,,True,completed
161689_421_0,pkw,25468.0,25511.0,43.0,,400.051,4.0,4.0,39.0,13.892,,,0.093,0.907,,True,completed
100928_396_0,pkw,25473.0,25513.0,40.0,,396.816,0.0,0.0,40.0,16.503,,,0.0,1.0,,True,completed
144491_416_0,pkw,25418.0,25513.0,95.0,,193.575,53.0,53.0,42.0,83.019,,,0.5579,0.4421,,True,completed
145391_416_0,pkw,25467.0,25513.0,46.0,,193.016,22.0,22.0,24.0,36.608,,,0.4783,0.5217,,True,completed
164382_422_0,pkw,25470.0,25513.0,43.0,,410.17,3.0,3.0,40.0,19.884,,,0.0698,0.9302,,True,completed
102805_396_0,pkw,25471.0,25515.0,44.0,,198.366,22.0,22.0,22.0,30.848,,,0.5,0.5,,True,completed
119004_405_0,pkw,25480.0,25516.0,36.0,,190.449,13.0,13.0,23.0,27.032,,,0.3611,0.6389,,True,completed
154948_420_0,pkw,25505.0,25516.0,11.0,,190.956,0.0,0.0,11.0,0.339,,,0.0,1.0,,True,completed
159287_421_0,pkw,25504.0,25516.0,12.0,,195.051,0.0,0.0,12.0,0.312,,,0.0,1.0,,True,completed
110033_401_0,pkw,25481.0,25519.0,38.0,,187.27,10.0,10.0,28.0,26.402,,,0.2632,0.7368,,True,completed
149073_417_0,pkw,25478.0,25520.0,42.0,,178.945,12.0,12.0,30.0,31.362,,,0.2857,0.7143,,True,completed
130797_409_0,pkw,25483.0,25522.0,39.0,,200.604,10.0,10.0,29.0,25.895,,,0.2564,0.7436,,True,completed
126718_407_0,pkw,25486.0,25523.0,37.0,,192.21,10.0,10.0,27.0,27.747,,,0.2703,0.7297,,True,completed
126424_407_0,pkw,25488.0,25525.0,37.0,,201.716,10.0,10.0,27.0,25.665,,,0.2703,0.7297,,True,completed
145157_416_0,pkw,25411.0,25530.0,119.0,,444.222,63.0,63.0,56.0,89.768,,,0.5294,0.4706,,True,completed
97739_395_0,pkw,25426.0,25531.0,105.0,,433.632,50.0,50.0,55.0,68.528,,,0.4762,0.5238,,True,completed
121964_406_0,pkw,25420.0,25532.0,112.0,,441.833,50.0,50.0,62.0,83.03,,,0.4464,0.5536,,True,completed
117960_404_0,pkw,25434.0,25533.0,99.0,,461.463,48.0,48.0,51.0,66.034,,,0.4848,0.5152,,True,completed
121832_406_0,pkw,25429.0,25535.0,106.0,,431.802,46.0,46.0,60.0,64.106,,,0.434,0.566,,True,completed
104968_398_0,pkw,25444.0,25536.0,92.0,,434.454,43.0,43.0,49.0,61.809,,,0.4674,0.5326,,True,completed
129025_408_0,pkw,25457.0,25537.0,80.0,,436.935,29.0,29.0,51.0,50.212,,,0.3625,0.6375,,True,completed
124133_406_0,pkw,25459.0,25538.0,79.0,,428.97,28.0,28.0,51.0,48.562,,,0.3544,0.6456,,True,completed
131495_410_0,pkw,25445.0,25538.0,93.0,,451.23,41.0,41.0,52.0,59.065,,,0.4409,0.5591,,True,completed
89629_391_0,pkw,25447.0,25540.0,93.0,,461.898,40.0,40.0,53.0,62.429,,,0.4301,0.5699,,True,completed
138516_412_0,pkw,25455.0,25541.0,86.0,,451.723,40.0,40.0,46.0,61.207,,,0.4651,0.5349,,True,completed
101974_396_0,pkw,25457.0,25543.0,86.0,,462.303,34.0,34.0,52.0,54.508,,,0.3953,0.6047,,True,completed
67983_381_0,pkw,25459.0,25545.0,86.0,,462.523,33.0,33.0,53.0,50.935,,,0.3837,0.6163,,True,completed
124728_406_0,pkw,25494.0,25551.0,57.0,,191.999,27.0,27.0,30.0,46.246,,,0.4737,0.5263,,True,completed
175864_428_0,pkw,25491.0,25551.0,60.0,,403.649,18.0,18.0,42.0,27.937,,,0.3,0.7,,True,completed
95692_394_0,pkw,25511.0,25551.0,40.0,,196.087,21.0,21.0,19.0,29.316,,,0.525,0.475,,True,completed
119623_405_0,pkw,25436.0,25552.0,116.0,,699.217,49.0,49.0,67.0,68.355,,,0.4224,0.5776,,True,completed
153383_420_0,pkw,25496.0,25553.0,57.0,,202.553,25.0,26.0,31.0,45.09,,,0.4561,0.5439,,True,completed
159698_421_0,pkw,25494.0,25553.0,59.0,,402.344,14.0,14.0,45.0,25.233,,,0.2373,0.7627,,True,completed
160712_421_0,pkw,25515.0,25553.0,38.0,,194.219,18.0,18.0,20.0,24.427,,,0.4737,0.5263,,True,completed
126197_407_0,pkw,25502.0,25555.0,53.0,,198.762,20.0,20.0,33.0,39.228,,,0.3774,0.6226,,True,completed
183802_431_0,pkw,25499.0,25555.0,56.0,,405.113,16.0,16.0,40.0,25.841,,,0.2857,0.7143,,True,completed
137952_412_0,pkw,25496.0,25556.0,60.0,,188.088,28.0,28.0,32.0,48.587,,,0.4667,0.5333,,True,completed
139907_414_0,pkw,25536.0,25556.0,20.0,,184.081,0.0,0.0,20.0,9.346,,,0.0,1.0,,True,completed
148199_417_0,pkw,25529.0,25556.0,27.0,,189.962,3.0,4.0,23.0,16.424,,,0.1481,0.8519,,True,completed
113597_402_0,pkw,25536.0,25557.0,21.0,,179.691,0.0,0.0,21.0,10.089,,,0.0,1.0,,True,completed
163672_422_0,pkw,25502.0,25560.0,58.0,,403.038,13.0,13.0,45.0,30.817,,,0.2241,0.7759,,True,completed
95319_394_0,pkw,25514.0,25562.0,48.0,,405.907,6.0,6.0,42.0,23.405,,,0.125,0.875,,True,completed
164286_422_0,pkw,25517.0,25563.0,46.0,,396.519,0.0,0.0,46.0,16.454,,,0.0,1.0,,True,completed
99939_396_0,pkw,25526.0,25565.0,39.0,,406.287,0.0,0.0,39.0,13.307,,,0.0,1.0,,True,completed
134042_411_0,pkw,25519.0,25566.0,47.0,,395.346,2.0,2.0,45.0,22.81,,,0.0426,0.9574,,True,completed
137917_412_0,pkw,25531.0,25568.0,37.0,,392.914,0.0,0.0,37.0,14.121,,,0.0,1.0,,True,completed
125917_406_0,pkw,25548.0,25570.0,22.0,,138.416,6.0,6.0,16.0,12.801,,,0.2727,0.7273,,True,completed
140819_414_0,pkw,25462.0,25570.0,108.0,,432.643,51.0,51.0,57.0,76.603,,,0.4722,0.5278,,True,completed
119953_405_0,pkw,25492.0,25571.0,79.0,,450.631,31.0,31.0,48.0,52.154,,,0.3924,0.6076,,True,completed
129413_408_0,pkw,25461.0,25571.0,110.0,,434.513,51.0,51.0,59.0,74.246,,,0.4636,0.5364,,True,completed
148120_417_0,pkw,25463.0,25571.0,108.0,,429.327,51.0,51.0,57.0,79.108,,,0.4722,0.5278,,True,completed
97374_395_0,pkw,25469.0,25572.0,103.0,,453.762,48.0,48.0,55.0,78.234,,,0.466,0.534,,True,completed
146065_416_0,pkw,25483.0,25573.0,90.0,,445.73,39.0,39.0,51.0,56.071,,,0.4333,0.5667,,True,completed
75513_386_0,pkw,25465.0,25573.0,108.0,,440.994,47.0,47.0,61.0,78.315,,,0.4352,0.5648,,True,completed
156366_420_0,pkw,25467.0,25574.0,107.0,,435.234,48.0,48.0,59.0,72.898,,,0.4486,0.5514,,True,completed
129661_409_0,pkw,25490.0,25575.0,85.0,,451.237,33.0,33.0,52.0,51.201,,,0.3882,0.6118,,True,completed
140123_414_0,pkw,25469.0,25575.0,106.0,,434.208,46.0,46.0,60.0,77.458,,,0.434,0.566,,True,completed
142878_415_0,pkw,25478.0,25575.0,97.0,,425.819,39.0,39.0,58.0,67.45,,,0.4021,0.5979,,True,completed
123765_406_0,pkw,25498.0,25577.0,79.0,,452.363,29.0,29.0,50.0,48.824,,,0.3671,0.6329,,True,completed
80409_388_0,pkw,25491.0,25577.0,86.0,,431.509,35.0,35.0,51.0,53.862,,,0.407,0.593,,True,completed
95712_394_0,pkw,25472.0,25577.0,105.0,,441.002,45.0,45.0,60.0,72.549,,,0.4286,0.5714,,True,completed
162490_421_0,pkw,25485.0,25580.0,95.0,,453.074,33.0,33.0,62.0,53.518,,,0.3474,0.6526,,True,completed
136669_411_0,pkw,25567.0,25583.0,16.0,,161.837,0.0,0.0,16.0,6.584,,,0.0,1.0,,True,completed
131095_409_0,pkw,25533.0,25591.0,58.0,,191.212,29.0,30.0,28.0,44.906,,,0.5172,0.4828,,True,completed
164112_422_0,pkw,25547.0,25597.0,50.0,,399.483,6.0,6.0,44.0,21.069,,,0.12,0.88,,True,completed
171718_426_0,pkw,25554.0,25600.0,46.0,,409.874,6.0,6.0,40.0,20.83,,,0.1304,0.8696,,True,completed
151094_418_0,pkw,25558.0,25601.0,43.0,,395.882,1.0,1.0,42.0,17.443,,,0.0233,0.9767,,True,completed
157011_421_0,pkw,25564.0,25603.0,39.0,,392.083,0.0,0.0,39.0,13.042,,,0.0,1.0,,True,completed
110527_401_0,pkw,25474.0,25610.0,136.0,,436.835,70.0,70.0,66.0,107.468,,,0.5147,0.4853,,True,completed
130240_409_0,pkw,25500.0,25610.0,110.0,,449.143,53.0,54.0,56.0,79.971,,,0.4909,0.5091,,True,completed
184119_431_0,pkw,25583.0,25610.0,27.0,,144.594,10.0,10.0,17.0,17.902,,,0.3704,0.6296,,True,completed
128533_408_0,pkw,25497.0,25611.0,114.0,,429.049,55.0,55.0,59.0,84.115,,,0.4825,0.5175,,True,completed
131147_409_0,pkw,25504.0,25611.0,107.0,,445.124,48.0,48.0,59.0,78.921,,,0.4486,0.5514,,True,completed
100304_396_0,pkw,25503.0,25613.0,110.0,,435.152,51.0,51.0,59.0,80.648,,,0.4636,0.5364,,True,completed
118661_405_0,pkw,25481.0,25613.0,132.0,,435.268,68.0,70.0,62.0,94.689,,,0.5303,0.4697,,True,completed
61354_376_0,pkw,25487.0,25613.0,126.0,,433.525,66.0,66.0,60.0,98.591,,,0.5238,0.4762,,True,completed
80745_388_0,pkw,25533.0,25613.0,80.0,,677.762,19.0,19.0,61.0,31.409,,,0.2375,0.7625,,True,completed
133024_410_0,pkw,25507.0,25614.0,107.0,,424.218,45.0,45.0,62.0,77.645,,,0.4206,0.5794,,True,completed
121971_406_0,pkw,25489.0,25615.0,126.0,,432.442,64.0,64.0,62.0,97.892,,,0.5079,0.4921,,True,completed
96309_394_0,pkw,25509.0,25616.0,107.0,,429.089,44.0,44.0,63.0,76.472,,,0.4112,0.5888,,True,completed
139795_413_0,pkw,25493.0,25617.0,124.0,,444.604,62.0,62.0,62.0,94.986,,,0.5,0.5,,True,completed
144457_416_0,pkw,25535.0,25617.0,82.0,,669.824,17.0,17.0,65.0,29.528,,,0.2073,0.7927,,True,completed
172151_426_0,pkw,25523.0,25618.0,95.0,,431.929,34.0,34.0,61.0,62.99,,,0.3579,0.6421,,True,completed
73311_385_0,pkw,25573.0,25621.0,48.0,,457.987,4.0,4.0,44.0,15.288,,,0.0833,0.9167,,True,completed
135845_411_0,pkw,25544.0,25624.0,80.0,,671.596,7.0,7.0,73.0,18.941,,,0.0875,0.9125,,True,completed
135158_411_0,pkw,25588.0,25630.0,42.0,,183.189,20.0,20.0,22.0,32.121,,,0.4762,0.5238,,True,completed
116532_404_0,pkw,25580.0,25631.0,51.0,,191.064,26.0,26.0,25.0,38.849,,,0.5098,0.4902,,True,completed
130601_409_0,pkw,25615.0,25632.0,17.0,,198.665,0.0,0.0,17.0,4.518,,,0.0,1.0,,True,completed
102993_397_0,pkw,25586.0,25633.0,47.0,,188.067,24.0,24.0,23.0,34.79,,,0.5106,0.4894,,True,completed
130800_409_0,pkw,25603.0,25635.0,32.0,,197.313,12.0,12.0,20.0,20.69,,,0.375,0.625,,True,completed
115551_403_0,pkw,25606.0,25636.0,30.0,,189.395,10.0,10.0,20.0,18.886,,,0.3333,0.6667,,True,completed
137007_411_0,pkw,25566.0,25637.0,71.0,,408.42,23.0,23.0,48.0,43.595,,,0.3239,0.6761,,True,completed
83429_390_0,pkw,25609.0,25637.0,28.0,,182.216,9.0,9.0,19.0,17.753,,,0.3214,0.6786,,True,completed
147215_416_0,pkw,25604.0,25638.0,34.0,,436.964,0.0,0.0,34.0,1.478,,,0.0,1.0,,True,completed
157569_421_0,pkw,25568.0,25638.0,70.0,,398.036,17.0,17.0,53.0,38.334,,,0.2429,0.7571,,True,completed
120597_405_0,pkw,25573.0,25640.0,67.0,,398.577,16.0,16.0,51.0,43.085,,,0.2388,0.7612,,True,completed
163004_422_0,pkw,25629.0,25641.0,12.0,,169.035,0.0,0.0,12.0,0.417,,,0.0,1.0,,True,completed
133712_411_0,pkw,25581.0,25642.0,61.0,,404.442,17.0,17.0,44.0,31.803,,,0.2787,0.7213,,True,completed
118825_405_0,pkw,25585.0,25645.0,60.0,,407.215,14.0,14.0,46.0,33.374,,,0.2333,0.7667,,True,completed
151757_419_0,pkw,25612.0,25645.0,33.0,,440.075,0.0,1.0,32.0,11.139,,,0.0303,0.9697,,True,completed
126858_407_0,pkw,25599.0,25649.0,50.0,,440.679,13.0,13.0,37.0,20.182,,,0.26,0.74,,True,completed
136398_411_0,pkw,25495.0,25650.0,155.0,,427.504,69.0,85.0,70.0,119.43,,,0.5484,0.4516,,True,completed
145219_416_0,pkw,25503.0,25650.0,147.0,,427.695,58.0,71.0,76.0,115.574,,,0.483,0.517,,True,completed
150442_418_0,pkw,25519.0,25652.0,133.0,,426.838,64.0,64.0,69.0,106.222,,,0.4812,0.5188,,True,completed
81559_389_0,pkw,25538.0,25652.0,114.0,,431.697,57.0,57.0,57.0,82.019,,,0.5,0.5,,True,completed
98410_395_0,pkw,25501.0,25652.0,151.0,,431.958,68.0,82.0,69.0,119.502,,,0.543,0.457,,True,completed
136800_411_0,pkw,25619.0,25653.0,34.0,,152.851,12.0,13.0,21.0,21.885,,,0.3824,0.6176,,True,completed
149660_417_0,pkw,25628.0,25654.0,26.0,,141.369,7.0,7.0,19.0,17.566,,,0.2692,0.7308,,True,completed
151628_419_0,pkw,25537.0,25654.0,117.0,,434.764,54.0,54.0,63.0,84.319,,,0.4615,0.5385,,True,completed
171615_426_0,pkw,25521.0,25654.0,133.0,,427.853,62.0,62.0,71.0,104.893,,,0.4662,0.5338,,True,completed
117253_404_0,pkw,25523.0,25656.0,133.0,,435.789,61.0,61.0,72.0,102.422,,,0.4586,0.5414,,True,completed
144494_416_0,pkw,25631.0,25656.0,25.0,,147.602,5.0,5.0,20.0,13.696,,,0.2,0.8,,True,completed
154066_420_0,pkw,25592.0,25656.0,64.0,,465.376,18.0,18.0,46.0,33.596,,,0.2812,0.7188,,True,completed
168358_425_0,pkw,25540.0,25656.0,116.0,,453.971,53.0,53.0,63.0,82.726,,,0.4569,0.5431,,True,completed
126699_407_0,pkw,25633.0,25657.0,24.0,,139.184,5.0,5.0,19.0,15.375,,,0.2083,0.7917,,True,completed
137953_412_0,pkw,25549.0,25657.0,108.0,,429.166,48.0,48.0,60.0,78.648,,,0.4444,0.5556,,True,completed
129729_409_0,pkw,25570.0,25662.0,92.0,,677.175,16.0,16.0,76.0,41.599,,,0.1739,0.8261,,True,completed
129792_409_0,pkw,25592.0,25664.0,72.0,,403.068,25.0,25.0,47.0,48.921,,,0.3472,0.6528,,True,completed
129962_409_0,pkw,25623.0,25665.0,42.0,,156.725,20.0,20.0,22.0,31.213,,,0.4762,0.5238,,True,completed
142911_415_0,pkw,25583.0,25665.0,82.0,,674.045,16.0,16.0,66.0,34.259,,,0.1951,0.8049,,True,completed
153000_419_0,pkw,25636.0,25667.0,31.0,,165.434,6.0,7.0,24.0,19.467,,,0.2258,0.7742,,True,completed
183244_431_0,pkw,25639.0,25668.0,29.0,,157.433,6.0,6.0,23.0,18.802,,,0.2069,0.7931,,True,completed
136839_411_0,pkw,25627.0,25671.0,44.0,,201.802,24.0,24.0,20.0,31.731,,,0.5455,0.4545,,True,completed
121463_406_0,pkw,25611.0,25672.0,61.0,,427.206,22.0,22.0,39.0,29.782,,,0.3607,0.6393,,True,completed
127353_407_0,pkw,25593.0,25673.0,80.0,,397.284,27.0,27.0,53.0,53.13,,,0.3375,0.6625,,True,completed
155751_420_0,pkw,25595.0,25676.0,81.0,,408.473,22.0,22.0,59.0,48.973,,,0.2716,0.7284,,True,completed
123239_406_0,pkw,25606.0,25678.0,72.0,,407.019,10.0,10.0,62.0,41.092,,,0.1389,0.8611,,True,completed
153446_420_0,pkw,25625.0,25689.0,64.0,,431.489,14.0,14.0,50.0,29.194,,,0.2188,0.7812,,True,completed
125962_406_0,pkw,25554.0,25690.0,136.0,,426.845,68.0,70.0,66.0,109.795,,,0.5147,0.4853,,True,completed
136077_411_0,pkw,25612.0,25690.0,78.0,,463.463,32.0,32.0,46.0,48.903,,,0.4103,0.5897,,True,completed
153290_420_0,pkw,25541.0,25690.0,149.0,,431.485,69.0,81.0,68.0,119.372,,,0.5436,0.4564,,True,completed
106037_399_0,pkw,25563.0,25692.0,129.0,,434.825,67.0,67.0,62.0,97.908,,,0.5194,0.4806,,True,completed
128339_408_0,pkw,25543.0,25692.0,149.0,,436.595,69.0,78.0,71.0,120.818,,,0.5235,0.4765,,True,completed
119325_405_0,pkw,25562.0,25694.0,132.0,,438.709,68.0,68.0,64.0,102.319,,,0.5152,0.4848,,True,completed
145336_416_0,pkw,25599.0,25694.0,95.0,,428.516,44.0,44.0,51.0,61.777,,,0.4632,0.5368,,True,completed
163382_422_0,pkw,25575.0,25695.0,120.0,,431.674,64.0,64.0,56.0,92.631,,,0.5333,0.4667,,True,completed
102219_396_0,pkw,25616.0,25696.0,80.0,,430.626,30.0,30.0,50.0,48.489,,,0.375,0.625,,True,completed
111580_401_0,pkw,25640.0,25696.0,56.0,,444.742,8.0,9.0,47.0,20.614,,,0.1607,0.8393,,True,completed
132695_410_0,pkw,25646.0,25696.0,50.0,,452.177,5.0,5.0,45.0,17.164,,,0.1,0.9,,True,completed
115970_403_0,pkw,25651.0,25697.0,46.0,,444.518,3.0,3.0,43.0,17.473,,,0.0652,0.9348,,True,completed
149870_417_0,pkw,25577.0,25697.0,120.0,,438.1,58.0,58.0,62.0,89.022,,,0.4833,0.5167,,True,completed
172050_426_0,pkw,25654.0,25697.0,43.0,,140.05,23.0,23.0,20.0,33.635,,,0.5349,0.4651,,True,completed
145229_416_0,pkw,25649.0,25698.0,49.0,,448.703,5.0,5.0,44.0,15.263,,,0.102,0.898,,True,completed
149887_417_0,pkw,25618.0,25699.0,81.0,,463.848,27.0,27.0,54.0,51.15,,,0.3333,0.6667,,True,completed
100992_396_0,pkw,25619.0,25701.0,82.0,,461.232,26.0,26.0,56.0,49.281,,,0.3171,0.6829,,True,completed
159332_421_0,pkw,25637.0,25701.0,64.0,,456.263,17.0,17.0,47.0,35.72,,,0.2656,0.7344,,True,completed
183534_431_0,pkw,25642.0,25703.0,61.0,,169.699,29.0,29.0,32.0,51.18,,,0.4754,0.5246,,True,completed
115533_403_0,pkw,25644.0,25705.0,61.0,,164.851,28.0,28.0,33.0,49.507,,,0.459,0.541,,True,completed
145487_416_0,pkw,25639.0,25705.0,66.0,,465.84,20.0,20.0,46.0,37.748,,,0.303,0.697,,True,completed
162832_422_0,pkw,25647.0,25706.0,59.0,,156.44,26.0,26.0,33.0,49.301,,,0.4407,0.5593,,True,completed
172599_426_0,pkw,25607.0,25706.0,99.0,,669.811,13.0,13.0,86.0,46.556,,,0.1313,0.8687,,True,completed
156946_421_0,pkw,25609.0,25708.0,99.0,,678.037,13.0,13.0,86.0,51.761,,,0.1313,0.8687,,True,completed
84905_390_0,pkw,25654.0,25708.0,54.0,,162.716,20.0,21.0,33.0,43.873,,,0.3889,0.6111,,True,completed
185399_432_0,pkw,25621.0,25709.0,88.0,,363.672,18.0,18.0,70.0,63.163,,,0.2045,0.7955,,True,completed
145875_416_0,pkw,25645.0,25711.0,66.0,,429.951,26.0,26.0,40.0,37.912,,,0.3939,0.6061,,True,completed
140984_414_0,pkw,25669.0,25712.0,43.0,,202.196,23.0,23.0,20.0,31.159,,,0.5349,0.4651,,True,completed
149663_417_0,pkw,25671.0,25713.0,42.0,,193.293,21.0,21.0,21.0,31.359,,,0.5,0.5,,True,completed
183577_431_0,pkw,25642.0,25713.0,71.0,,430.316,28.0,28.0,43.0,38.268,,,0.3944,0.6056,,True,completed
67430_381_0,pkw,25640.0,25713.0,73.0,,407.542,13.0,13.0,60.0,49.41,,,0.1781,0.8219,,True,completed
111352_401_0,pkw,25696.0,25714.0,18.0,,183.65,0.0,1.0,17.0,8.637,,,0.0556,0.9444,,True,completed
148932_417_0,pkw,25650.0,25714.0,64.0,,431.696,26.0,26.0,38.0,34.416,,,0.4062,0.5938,,True,completed
160711_421_0,pkw,25652.0,25716.0,64.0,,431.711,24.0,24.0,40.0,34.174,,,0.375,0.625,,True,completed
143002_415_0,pkw,25614.0,25719.0,105.0,,392.879,33.0,33.0,72.0,81.193,,,0.3143,0.6857,,True,completed
134481_411_0,pkw,25604.0,25721.0,117.0,,392.862,42.0,42.0,75.0,89.762,,,0.359,0.641,,True,completed
132718_410_0,pkw,25676.0,25723.0,47.0,,402.185,3.0,4.0,43.0,21.916,,,0.0851,0.9149,,True,completed
168568_425_0,pkw,25617.0,25725.0,108.0,,405.025,27.0,27.0,81.0,83.705,,,0.25,0.75,,True,completed
101521_396_0,pkw,25650.0,25726.0,76.0,,181.247,36.0,36.0,40.0,64.839,,,0.4737,0.5263,,True,completed
107063_400_0,pkw,25660.0,25726.0,66.0,,452.4,26.0,27.0,39.0,40.978,,,0.4091,0.5909,,True,completed
132148_410_0,pkw,25686.0,25729.0,43.0,,407.972,1.0,1.0,42.0,16.403,,,0.0233,0.9767,,True,completed
150141_417_0,pkw,25589.0,25730.0,141.0,,428.801,72.0,78.0,63.0,113.99,,,0.5532,0.4468,,True,completed
159995_421_0,pkw,25653.0,25731.0,78.0,,432.739,26.0,26.0,52.0,42.225,,,0.3333,0.6667,,True,completed
167353_425_0,pkw,25603.0,25732.0,129.0,,439.421,68.0,68.0,61.0,99.741,,,0.5271,0.4729,,True,completed
122916_406_0,pkw,25606.0,25733.0,127.0,,429.034,67.0,67.0,60.0,96.663,,,0.5276,0.4724,,True,completed
81109_389_0,pkw,25697.0,25734.0,37.0,,449.975,0.0,1.0,36.0,6.966,,,0.027,0.973,,True,completed
129342_408_0,pkw,25692.0,25735.0,43.0,,143.718,23.0,23.0,20.0,32.712,,,0.5349,0.4651,,True,completed
152517_419_0,pkw,25608.0,25735.0,127.0,,431.34,64.0,64.0,63.0,96.315,,,0.5039,0.4961,,True,completed
160485_421_0,pkw,25700.0,25735.0,35.0,,441.215,0.0,0.0,35.0,5.971,,,0.0,1.0,,True,completed
136394_411_0,pkw,25666.0,25739.0,73.0,,446.879,26.0,26.0,47.0,34.554,,,0.3562,0.6438,,True,completed
142128_415_0,pkw,25678.0,25739.0,61.0,,162.34,21.0,22.0,39.0,50.788,,,0.3607,0.6393,,True,completed
172273_426_0,pkw,25694.0,25740.0,46.0,,155.014,14.0,14.0,32.0,36.314,,,0.3043,0.6957,,True,completed
156748_421_0,pkw,25670.0,25742.0,72.0,,452.5,24.0,25.0,47.0,37.157,,,0.3472,0.6528,,True,completed
74935_386_0,pkw,25723.0,25742.0,19.0,,240.727,0.0,0.0,19.0,0.82,,,0.0,1.0,,True,completed
107400_400_0,pkw,25641.0,25746.0,105.0,,459.098,40.0,40.0,65.0,66.379,,,0.381,0.619,,True,completed
106720_399_0,pkw,25705.0,25751.0,46.0,,200.007,28.0,28.0,18.0,34.66,,,0.6087,0.3913,,True,completed
139035_413_0,pkw,25717.0,25751.0,34.0,,192.784,14.0,14.0,20.0,23.134,,,0.4118,0.5882,,True,completed
142600_415_0,pkw,25659.0,25751.0,92.0,,437.24,39.0,39.0,53.0,61.42,,,0.4239,0.5761,,True,completed
145274_416_0,pkw,25708.0,25751.0,43.0,,196.157,23.0,23.0,20.0,32.361,,,0.5349,0.4651,,True,completed
137699_412_0,pkw,25707.0,25752.0,45.0,,188.736,27.0,27.0,18.0,33.847,,,0.6,0.4,,True,completed
79851_387_0,pkw,25723.0,25752.0,29.0,,187.611,7.0,7.0,22.0,18.871,,,0.2414,0.7586,,True,completed
169028_425_0,pkw,25661.0,25753.0,92.0,,426.438,36.0,36.0,56.0,60.963,,,0.3913,0.6087,,True,completed
173616_427_0,pkw,25657.0,25753.0,96.0,,434.344,50.0,50.0,46.0,63.42,,,0.5208,0.4792,,True,completed
164298_422_0,pkw,25666.0,25754.0,88.0,,426.088,40.0,41.0,47.0,58.199,,,0.4659,0.5341,,True,completed
136792_411_0,pkw,25740.0,25755.0,15.0,,187.879,0.0,0.0,15.0,3.648,,,0.0,1.0,,True,completed
154816_420_0,pkw,25737.0,25755.0,18.0,,191.007,0.0,1.0,17.0,8.163,,,0.0556,0.9444,,True,completed
171772_426_0,pkw,25682.0,25757.0,75.0,,434.194,24.0,24.0,51.0,41.654,,,0.32,0.68,,True,completed
161200_421_0,pkw,25669.0,25759.0,90.0,,428.522,40.0,40.0,50.0,58.376,,,0.4444,0.5556,,True,completed
131253_409_0,pkw,25652.0,25761.0,109.0,,188.596,53.0,55.0,54.0,99.304,,,0.5046,0.4954,,True,completed
129132_408_0,pkw,25655.0,25763.0,108.0,,195.447,49.0,50.0,58.0,96.177,,,0.463,0.537,,True,completed
144175_416_0,pkw,25707.0,25764.0,57.0,,400.517,17.0,17.0,40.0,32.117,,,0.2982,0.7018,,True,completed
103722_397_0,pkw,25658.0,25765.0,107.0,,178.18,53.0,54.0,53.0,97.137,,,0.5047,0.4953,,True,completed
123398_406_0,pkw,25664.0,25769.0,105.0,,186.53,48.0,49.0,56.0,92.61,,,0.4667,0.5333,,True,completed
141742_415_0,pkw,25728.0,25770.0,42.0,,428.95,5.0,5.0,37.0,12.787,,,0.119,0.881,,True,completed
115445_403_0,pkw,25619.0,25771.0,152.0,,440.305,70.0,87.0,65.0,122.148,,,0.5724,0.4276,,True,completed
128382_408_0,pkw,25716.0,25771.0,55.0,,443.942,14.0,15.0,40.0,26.922,,,0.2727,0.7273,,True,completed
99386_396_0,pkw,25667.0,25771.0,104.0,,193.963,44.0,44.0,60.0,93.64,,,0.4231,0.5769,,True,completed
111993_401_0,pkw,25700.0,25772.0,72.0,,145.804,44.0,44.0,28.0,61.43,,,0.6111,0.3889,,True,completed
117915_404_0,pkw,25621.0,25773.0,152.0,,437.04,69.0,83.0,69.0,121.896,,,0.5461,0.4539,,True,completed
146142_416_0,pkw,25710.0,25773.0,63.0,,137.181,35.0,35.0,28.0,54.209,,,0.5556,0.4444,,True,completed
91826_392_0,pkw,25732.0,25773.0,41.0,,447.292,1.0,2.0,39.0,13.215,,,0.0488,0.9512,,True,completed
148994_417_0,pkw,25623.0,25775.0,152.0,,446.697,67.0,82.0,70.0,121.798,,,0.5395,0.4605,,True,completed
139583_413_0,pkw,25625.0,25776.0,151.0,,437.28,66.0,78.0,73.0,117.575,,,0.5166,0.4834,,True,completed
160004_421_0,pkw,25713.0,25776.0,63.0,,148.153,35.0,35.0,28.0,50.725,,,0.5556,0.4444,,True,completed
130024_409_0,pkw,25733.0,25777.0,44.0,,139.461,22.0,22.0,22.0,33.33,,,0.5,0.5,,True,completed
131143_409_0,pkw,25735.0,25778.0,43.0,,447.217,0.0,0.0,43.0,11.419,,,0.0,1.0,,True,completed
141027_414_0,pkw,25715.0,25781.0,66.0,,159.899,33.0,34.0,32.0,55.32,,,0.5152,0.4848,,True,completed
153784_420_0,pkw,25743.0,25790.0,47.0,,185.946,29.0,30.0,17.0,36.32,,,0.6383,0.3617,,True,completed
171227_426_0,pkw,25746.0,25792.0,46.0,,192.935,24.0,24.0,22.0,35.356,,,0.5217,0.4783,,True,completed
109448_401_0,pkw,25752.0,25794.0,42.0,,194.701,18.0,19.0,23.0,31.823,,,0.4524,0.5476,,True,completed
138240_412_0,pkw,25684.0,25794.0,110.0,,437.093,50.0,50.0,60.0,76.555,,,0.4545,0.5455,,True,completed
139001_413_0,pkw,25764.0,25794.0,30.0,,201.933,8.0,9.0,21.0,17.98,,,0.3,0.7,,True,completed
165592_423_0,pkw,25698.0,25794.0,96.0,,432.766,41.0,41.0,55.0,62.327,,,0.4271,0.5729,,True,completed
154752_420_0,pkw,25708.0,25796.0,88.0,,428.365,36.0,37.0,51.0,59.294,,,0.4205,0.5795,,True,completed
156448_420_0,pkw,25706.0,25796.0,90.0,,435.91,39.0,39.0,51.0,57.197,,,0.4333,0.5667,,True,completed
130570_409_0,pkw,25771.0,25797.0,26.0,,201.599,1.0,1.0,25.0,12.672,,,0.0385,0.9615,,True,completed
145192_416_0,pkw,25684.0,25801.0,117.0,,182.765,48.0,55.0,62.0,106.594,,,0.4701,0.5299,,True,completed
159733_421_0,pkw,25688.0,25803.0,115.0,,189.655,42.0,50.0,65.0,105.121,,,0.4348,0.5652,,True,completed
152845_419_0,pkw,25632.0,25810.0,178.0,,435.101,72.0,99.0,79.0,149.824,,,0.5562,0.4438,,True,completed
98476_395_0,pkw,25735.0,25811.0,76.0,,154.493,49.0,49.0,27.0,65.661,,,0.6447,0.3553,,True,completed
115499_403_0,pkw,25634.0,25812.0,178.0,,433.526,71.0,95.0,83.0,140.947,,,0.5337,0.4663,,True,completed
173889_427_0,pkw,25749.0,25813.0,64.0,,430.931,15.0,15.0,49.0,25.675,,,0.2344,0.7656,,True,completed
85853_391_0,pkw,25739.0,25813.0,74.0,,444.154,27.0,27.0,47.0,39.266,,,0.3649,0.6351,,True,completed
158154_421_0,pkw,25651.0,25814.0,163.0,,439.725,70.0,91.0,72.0,139.947,,,0.5583,0.4417,,True,completed
112443_401_0,pkw,25742.0,25815.0,73.0,,453.74,26.0,26.0,47.0,39.161,,,0.3562,0.6438,,True,completed
130627_409_0,pkw,25664.0,25815.0,151.0,,430.859,68.0,81.0,70.0,120.365,,,0.5364,0.4636,,True,completed
172682_426_0,pkw,25737.0,25823.0,86.0,,169.169,48.0,48.0,38.0,74.529,,,0.5581,0.4419,,True,completed
145534_416_0,pkw,25742.0,25824.0,82.0,,159.876,46.0,46.0,36.0,72.048,,,0.561,0.439,,True,completed
90782_391_0,pkw,25691.0,25828.0,137.0,,463.896,38.0,54.0,83.0,101.878,,,0.3942,0.6058,,True,completed
161062_421_0,pkw,25715.0,25830.0,115.0,,467.427,35.0,35.0,80.0,80.049,,,0.3043,0.6957,,True,completed
138827_413_0,pkw,25722.0,25833.0,111.0,,437.71,51.0,54.0,57.0,80.002,,,0.4865,0.5135,,True,completed
160050_421_0,pkw,25718.0,25833.0,115.0,,465.968,34.0,34.0,81.0,79.58,,,0.2957,0.7043,,True,completed
163598_422_0,pkw,25727.0,25833.0,106.0,,189.558,48.0,48.0,58.0,95.466,,,0.4528,0.5472,,True,completed
145735_416_0,pkw,25731.0,25834.0,103.0,,429.15,50.0,50.0,53.0,74.009,,,0.4854,0.5146,,True,completed
148872_417_0,pkw,25737.0,25834.0,97.0,,428.842,47.0,47.0,50.0,67.649,,,0.4845,0.5155,,True,completed
123430_406_0,pkw,25732.0,25837.0,105.0,,182.349,48.0,48.0,57.0,95.664,,,0.4571,0.5429,,True,completed
164009_422_0,pkw,25735.0,25837.0,102.0,,427.704,51.0,51.0,51.0,71.553,,,0.5,0.5,,True,completed
138541_412_0,pkw,25739.0,25840.0,101.0,,435.262,46.0,46.0,55.0,66.145,,,0.4554,0.5446,,True,completed
160223_421_0,pkw,25753.0,25840.0,87.0,,432.121,37.0,38.0,49.0,54.648,,,0.4368,0.5632,,True,completed
122032_406_0,pkw,25668.0,25850.0,182.0,,433.389,73.0,104.0,78.0,152.148,,,0.5714,0.4286,,True,completed
172104_426_0,pkw,25772.0,25851.0,79.0,,149.318,53.0,53.0,26.0,69.658,,,0.6709,0.3291,,True,completed
167388_425_0,pkw,25670.0,25852.0,182.0,,434.77,71.0,102.0,80.0,148.847,,,0.5604,0.4396,,True,completed
147412_416_0,pkw,25672.0,25854.0,182.0,,445.961,69.0,98.0,84.0,152.329,,,0.5385,0.4615,,True,completed
156076_420_0,pkw,25721.0,25854.0,133.0,,466.834,32.0,48.0,85.0,99.8,,,0.3609,0.6391,,True,completed
147206_416_0,pkw,25694.0,25856.0,162.0,,444.279,66.0,88.0,74.0,128.195,,,0.5432,0.4568,,True,completed
193213_435_0,pkw,25814.0,25862.0,48.0,,162.83,20.0,20.0,28.0,37.401,,,0.4167,0.5833,,True,completed
148257_417_0,pkw,25827.0,25871.0,44.0,,189.396,26.0,26.0,18.0,33.451,,,0.5909,0.4091,,True,completed
148483_417_0,pkw,25772.0,25871.0,99.0,,434.596,49.0,49.0,50.0,69.782,,,0.4949,0.5051,,True,completed
97088_395_0,pkw,25774.0,25872.0,98.0,,427.909,48.0,48.0,50.0,69.917,,,0.4898,0.5102,,True,completed
160390_421_0,pkw,25774.0,25874.0,100.0,,430.388,53.0,53.0,47.0,68.61,,,0.53,0.47,,True,completed
165056_423_0,pkw,25777.0,25875.0,98.0,,427.319,45.0,45.0,53.0,67.864,,,0.4592,0.5408,,True,completed
127924_407_0,pkw,25776.0,25877.0,101.0,,438.127,51.0,51.0,50.0,67.961,,,0.505,0.495,,True,completed
142101_415_0,pkw,25779.0,25877.0,98.0,,434.223,42.0,42.0,56.0,69.025,,,0.4286,0.5714,,True,completed
155578_420_0,pkw,25778.0,25879.0,101.0,,433.111,49.0,49.0,52.0,67.594,,,0.4851,0.5149,,True,completed
155604_420_0,pkw,25780.0,25883.0,103.0,,430.413,48.0,48.0,55.0,67.447,,,0.466,0.534,,True,completed
114202_402_0,pkw,25707.0,25890.0,183.0,,431.541,74.0,104.0,79.0,148.973,,,0.5683,0.4317,,True,completed
175367_428_0,pkw,25717.0,25892.0,175.0,,440.73,72.0,98.0,77.0,145.459,,,0.56,0.44,,True,completed
91426_392_0,pkw,25722.0,25893.0,171.0,,431.264,69.0,94.0,77.0,140.058,,,0.5497,0.4503,,True,completed
156401_420_0,pkw,25724.0,25895.0,171.0,,438.397,67.0,93.0,78.0,140.313,,,0.5439,0.4561,,True,completed
182289_431_0,pkw,25819.0,25895.0,76.0,,150.113,46.0,46.0,30.0,66.75,,,0.6053,0.3947,,True,completed
150982_418_0,pkw,25751.0,25896.0,145.0,,428.195,67.0,71.0,74.0,118.031,,,0.4897,0.5103,,True,completed
85490_390_0,pkw,25821.0,25897.0,76.0,,156.24,46.0,46.0,30.0,66.581,,,0.6053,0.3947,,True,completed
174965_428_0,pkw,25817.0,25909.0,92.0,,427.921,46.0,46.0,46.0,63.861,,,0.5,0.5,,True,completed
182594_431_0,pkw,25862.0,25911.0,49.0,,405.811,9.0,9.0,40.0,18.729,,,0.1837,0.8163,,True,completed
186072_432_0,pkw,25815.0,25913.0,98.0,,432.256,49.0,49.0,49.0,68.129,,,0.5,0.5,,True,completed
178737_430_0,pkw,25812.0,25914.0,102.0,,435.442,51.0,51.0,51.0,68.873,,,0.5,0.5,,True,completed
176609_429_0,pkw,25817.0,25915.0,98.0,,438.546,47.0,47.0,51.0,69.249,,,0.4796,0.5204,,True,completed
182638_431_0,pkw,25889.0,25919.0,30.0,,406.027,0.0,0.0,30.0,3.108,,,0.0,1.0,,True,completed
174325_427_0,pkw,25819.0,25920.0,101.0,,427.223,46.0,46.0,55.0,66.586,,,0.4554,0.5446,,True,completed
111313_401_0,pkw,25853.0,25922.0,69.0,,433.264,22.0,22.0,47.0,35.803,,,0.3188,0.6812,,True,completed
198450_436_0,pkw,25824.0,25922.0,98.0,,438.441,43.0,43.0,55.0,64.669,,,0.4388,0.5612,,True,completed
86606_391_0,pkw,25756.0,25930.0,174.0,,434.126,71.0,96.0,78.0,147.57,,,0.5517,0.4483,,True,completed
130856_409_0,pkw,25808.0,25932.0,124.0,,433.128,64.0,64.0,60.0,90.924,,,0.5161,0.4839,,True,completed
158997_421_0,pkw,25855.0,25936.0,81.0,,163.937,49.0,49.0,32.0,70.713,,,0.6049,0.3951,,True,completed
81826_389_0,pkw,25861.0,25936.0,75.0,,154.051,45.0,45.0,30.0,65.4,,,0.6,0.4,,True,completed
158714_421_0,pkw,25861.0,25943.0,82.0,,154.492,47.0,47.0,35.0,69.927,,,0.5732,0.4268,,True,completed
137920_412_0,pkw,25855.0,25951.0,96.0,,428.907,48.0,48.0,48.0,66.331,,,0.5,0.5,,True,completed
132261_410_0,pkw,25859.0,25953.0,94.0,,436.972,48.0,48.0,46.0,67.133,,,0.5106,0.4894,,True,completed
131279_410_0,pkw,25853.0,25954.0,101.0,,436.327,49.0,49.0,52.0,66.727,,,0.4851,0.5149,,True,completed
141170_414_0,pkw,25857.0,25955.0,98.0,,434.627,47.0,47.0,51.0,71.071,,,0.4796,0.5204,,True,completed
162562_422_0,pkw,25857.0,25955.0,98.0,,428.707,49.0,49.0,49.0,66.529,,,0.5,0.5,,True,completed
108574_400_0,pkw,25945.0,25956.0,11.0,,187.786,0.0,0.0,11.0,0.784,,,0.0,1.0,,True,completed
105770_399_0,pkw,25899.0,25975.0,76.0,,138.603,48.0,48.0,28.0,66.429,,,0.6316,0.3684,,True,completed
108475_400_0,pkw,25942.0,25978.0,36.0,,453.954,0.0,0.0,36.0,1.674,,,0.0,1.0,,True,completed
132821_410_0,pkw,25937.0,25985.0,48.0,,463.54,4.0,4.0,44.0,12.146,,,0.0833,0.9167,,True,completed
125284_406_0,pkw,25865.0,25991.0,126.0,,428.585,50.0,70.0,56.0,96.141,,,0.5556,0.4444,,True,completed
127556_407_0,pkw,25954.0,25991.0,37.0,,193.442,18.0,18.0,19.0,24.728,,,0.4865,0.5135,,True,completed
163588_422_0,pkw,25893.0,25992.0,99.0,,431.844,53.0,53.0,46.0,67.955,,,0.5354,0.4646,,True,completed
108740_400_0,pkw,25891.0,25993.0,102.0,,435.133,49.0,49.0,53.0,73.292,,,0.4804,0.5196,,True,completed
125646_406_0,pkw,25960.0,25993.0,33.0,,200.586,11.0,11.0,22.0,20.143,,,0.3333,0.6667,,True,completed
138405_412_0,pkw,25971.0,25994.0,23.0,,186.991,0.0,1.0,22.0,13.394,,,0.0435,0.9565,,True,completed
141469_415_0,pkw,25895.0,25995.0,100.0,,437.523,53.0,53.0,47.0,67.67,,,0.53,0.47,,True,completed
147033_416_0,pkw,25894.0,25995.0,101.0,,428.568,49.0,49.0,52.0,70.941,,,0.4851,0.5149,,True,completed
164052_422_0,pkw,25897.0,25996.0,99.0,,427.636,52.0,52.0,47.0,67.596,,,0.5253,0.4747,,True,completed
168843_425_0,pkw,25897.0,25998.0,101.0,,438.427,48.0,48.0,53.0,69.494,,,0.4752,0.5248,,True,completed
187954_433_0,pkw,25900.0,26001.0,101.0,,438.605,45.0,45.0,56.0,68.046,,,0.4455,0.5545,,True,completed
153369_420_0,pkw,25901.0,26003.0,102.0,,430.81,47.0,47.0,55.0,66.588,,,0.4608,0.5392,,True,completed
159229_421_0,pkw,25950.0,26012.0,62.0,,432.262,16.0,16.0,46.0,23.21,,,0.2581,0.7419,,True,completed
200404_437_0,pkw,25957.0,26012.0,55.0,,436.439,13.0,13.0,42.0,20.398,,,0.2364,0.7636,,True,completed
140141_414_0,pkw,25946.0,26013.0,67.0,,442.114,27.0,27.0,40.0,33.141,,,0.403,0.597,,True,completed
95643_394_0,pkw,25966.0,26013.0,47.0,,428.177,5.0,5.0,42.0,13.283,,,0.1064,0.8936,,True,completed
158101_421_0,pkw,25963.0,26014.0,51.0,,435.606,8.0,8.0,43.0,15.681,,,0.1569,0.8431,,True,completed
149484_417_0,pkw,25957.0,26018.0,61.0,,450.343,14.0,14.0,47.0,26.093,,,0.2295,0.7705,,True,completed
146411_416_0,pkw,25964.0,26020.0,56.0,,444.465,10.0,10.0,46.0,21.453,,,0.1786,0.8214,,True,completed
139104_413_0,pkw,25950.0,26024.0,74.0,,446.718,21.0,21.0,53.0,30.484,,,0.2838,0.7162,,True,completed
91248_391_0,pkw,25994.0,26029.0,35.0,,458.809,0.0,0.0,35.0,2.556,,,0.0,1.0,,True,completed
112780_402_0,pkw,25991.0,26031.0,40.0,,465.92,0.0,0.0,40.0,2.061,,,0.0,1.0,,True,completed
163833_422_0,pkw,25931.0,26031.0,100.0,,435.115,49.0,49.0,51.0,70.935,,,0.49,0.51,,True,completed
173974_427_0,pkw,25982.0,26031.0,49.0,,203.292,24.0,24.0,25.0,36.579,,,0.4898,0.5102,,True,completed
109862_401_0,pkw,25994.0,26032.0,38.0,,189.515,18.0,18.0,20.0,27.82,,,0.4737,0.5263,,True,completed
128887_408_0,pkw,26002.0,26034.0,32.0,,194.516,11.0,11.0,21.0,20.723,,,0.3438,0.6562,,True,completed
110198_401_0,pkw,25934.0,26036.0,102.0,,436.378,46.0,46.0,56.0,69.163,,,0.451,0.549,,True,completed
141272_415_0,pkw,26011.0,26036.0,25.0,,188.225,0.0,0.0,25.0,16.233,,,0.0,1.0,,True,completed
115085_403_0,pkw,25937.0,26037.0,100.0,,428.232,45.0,45.0,55.0,70.527,,,0.45,0.55,,True,completed
83512_390_0,pkw,25932.0,26038.0,106.0,,431.756,51.0,51.0,55.0,67.916,,,0.4811,0.5189,,True,completed
152995_419_0,pkw,25940.0,26041.0,101.0,,434.816,45.0,45.0,56.0,65.937,,,0.4455,0.5545,,True,completed
123860_406_0,pkw,25999.0,26042.0,43.0,,194.762,17.0,17.0,26.0,32.059,,,0.3953,0.6047,,True,completed
147762_416_0,pkw,25936.0,26042.0,106.0,,426.925,49.0,49.0,57.0,75.677,,,0.4623,0.5377,,True,completed
172178_426_0,pkw,25934.0,26042.0,108.0,,431.382,48.0,48.0,60.0,67.568,,,0.4444,0.5556,,True,completed
110628_401_0,pkw,25939.0,26046.0,107.0,,434.939,47.0,47.0,60.0,66.647,,,0.4393,0.5607,,True,completed
111336_401_0,pkw,25966.0,26051.0,85.0,,446.74,37.0,37.0,48.0,53.294,,,0.4353,0.5647,,True,completed
102001_396_0,pkw,25974.0,26053.0,79.0,,438.658,30.0,30.0,49.0,52.09,,,0.3797,0.6203,,True,completed
118911_405_0,pkw,25968.0,26054.0,86.0,,452.989,38.0,38.0,48.0,53.248,,,0.4419,0.5581,,True,completed
107998_400_0,pkw,25970.0,26055.0,85.0,,444.833,35.0,35.0,50.0,54.035,,,0.4118,0.5882,,True,completed
131869_410_0,pkw,25972.0,26068.0,96.0,,428.131,51.0,51.0,45.0,69.973,,,0.5312,0.4688,,True,completed
127805_407_0,pkw,26027.0,26071.0,44.0,,198.684,21.0,21.0,23.0,31.629,,,0.4773,0.5227,,True,completed
147231_416_0,pkw,25973.0,26071.0,98.0,,438.601,53.0,53.0,45.0,67.678,,,0.5408,0.4592,,True,completed
152391_419_0,pkw,25974.0,26071.0,97.0,,434.659,50.0,50.0,47.0,69.606,,,0.5155,0.4845,,True,completed
110138_401_0,pkw,26037.0,26073.0,36.0,,193.199,13.0,13.0,23.0,27.123,,,0.3611,0.6389,,True,completed
119604_405_0,pkw,26041.0,26075.0,34.0,,193.705,12.0,12.0,22.0,22.692,,,0.3529,0.6471,,True,completed
148337_417_0,pkw,26039.0,26077.0,38.0,,201.013,11.0,11.0,27.0,26.111,,,0.2895,0.7105,,True,completed
80499_388_0,pkw,25976.0,26077.0,101.0,,434.783,50.0,50.0,51.0,68.553,,,0.495,0.505,,True,completed
165160_423_0,pkw,25975.0,26078.0,103.0,,435.018,52.0,52.0,51.0,66.564,,,0.5049,0.4951,,True,completed
100734_396_0,pkw,25978.0,26079.0,101.0,,436.639,49.0,49.0,52.0,68.394,,,0.4851,0.5149,,True,completed
192205_435_0,pkw,25977.0,26079.0,102.0,,427.201,50.0,50.0,52.0,69.993,,,0.4902,0.5098,,True,completed
156856_421_0,pkw,26064.0,26080.0,16.0,,173.017,0.0,0.0,16.0,4.419,,,0.0,1.0,,True,completed
110659_401_0,pkw,25982.0,26081.0,99.0,,437.425,46.0,46.0,53.0,66.174,,,0.4646,0.5354,,True,completed
82214_389_0,pkw,25979.0,26081.0,102.0,,432.9,48.0,48.0,54.0,70.427,,,0.4706,0.5294,,True,completed
130651_409_0,pkw,25980.0,26088.0,108.0,,444.791,56.0,56.0,52.0,79.675,,,0.5185,0.4815,,True,completed
137931_412_0,pkw,25986.0,26091.0,105.0,,453.299,55.0,55.0,50.0,75.312,,,0.5238,0.4762,,True,completed
124749_406_0,pkw,25989.0,26095.0,106.0,,445.901,52.0,52.0,54.0,73.55,,,0.4906,0.5094,,True,completed
147371_416_0,pkw,26013.0,26095.0,82.0,,446.497,33.0,34.0,48.0,53.923,,,0.4146,0.5854,,True,completed
135055_411_0,pkw,26003.0,26097.0,94.0,,445.686,43.0,44.0,50.0,61.393,,,0.4681,0.5319,,True,completed
104503_397_0,pkw,25990.0,26110.0,120.0,,437.264,56.0,72.0,48.0,91.571,,,0.6,0.4,,True,completed
157808_421_0,pkw,26098.0,26110.0,12.0,,185.628,0.0,0.0,12.0,0.23,,,0.0,1.0,,True,completed
137355_412_0,pkw,26087.0,26111.0,24.0,,200.272,4.0,4.0,20.0,13.491,,,0.1667,0.8333,,True,completed
160420_421_0,pkw,26092.0,26113.0,21.0,,197.566,0.0,0.0,21.0,8.589,,,0.0,1.0,,True,completed
128717_408_0,pkw,26086.0,26114.0,28.0,,188.047,1.0,2.0,26.0,17.118,,,0.0714,0.9286,,True,completed
99177_396_0,pkw,26011.0,26115.0,104.0,,438.224,53.0,53.0,51.0,69.308,,,0.5096,0.4904,,True,completed
120720_405_0,pkw,26013.0,26116.0,103.0,,437.709,54.0,54.0,49.0,69.835,,,0.5243,0.4757,,True,completed
172984_426_0,pkw,26090.0,26116.0,26.0,,191.297,0.0,0.0,26.0,12.696,,,0.0,1.0,,True,completed
127709_407_0,pkw,26103.0,26118.0,15.0,,191.674,0.0,0.0,15.0,3.714,,,0.0,1.0,,True,completed
195693_436_0,pkw,26014.0,26118.0,104.0,,429.122,50.0,50.0,54.0,67.881,,,0.4808,0.5192,,True,completed
110876_401_0,pkw,26015.0,26119.0,104.0,,433.045,51.0,51.0,53.0,69.116,,,0.4904,0.5096,,True,completed
163719_422_0,pkw,26107.0,26119.0,12.0,,181.085,0.0,0.0,12.0,1.965,,,0.0,1.0,,True,completed
190202_434_0,pkw,26016.0,26120.0,104.0,,432.754,49.0,49.0,55.0,68.092,,,0.4712,0.5288,,True,completed
147117_416_0,pkw,26109.0,26121.0,12.0,,191.978,0.0,0.0,12.0,3.067,,,0.0,1.0,,True,completed
155932_420_0,pkw,26017.0,26122.0,105.0,,438.433,49.0,49.0,56.0,68.874,,,0.4667,0.5333,,True,completed
164943_423_0,pkw,26019.0,26127.0,108.0,,433.073,46.0,48.0,60.0,66.883,,,0.4444,0.5556,,True,completed
129239_408_0,pkw,26019.0,26128.0,109.0,,452.177,55.0,55.0,54.0,81.446,,,0.5046,0.4954,,True,completed
185926_432_0,pkw,26071.0,26129.0,58.0,,423.883,26.0,26.0,32.0,32.944,,,0.4483,0.5517,,True,completed
198554_436_0,pkw,26090.0,26131.0,41.0,,434.471,0.0,0.0,41.0,7.064,,,0.0,1.0,,True,completed
131381_410_0,pkw,26024.0,26132.0,108.0,,452.86,51.0,51.0,57.0,77.625,,,0.4722,0.5278,,True,completed
198762_436_0,pkw,26095.0,26132.0,37.0,,429.97,0.0,0.0,37.0,2.661,,,0.0,1.0,,True,completed
114290_402_0,pkw,26029.0,26135.0,106.0,,446.66,49.0,49.0,57.0,74.049,,,0.4623,0.5377,,True,completed
142839_415_0,pkw,26046.0,26135.0,89.0,,446.958,37.0,38.0,51.0,59.297,,,0.427,0.573,,True,completed
155258_420_0,pkw,26052.0,26137.0,85.0,,156.706,55.0,55.0,30.0,75.633,,,0.6471,0.3529,,True,completed
104991_398_0,pkw,26019.0,26153.0,134.0,,429.745,55.0,79.0,55.0,101.104,,,0.5896,0.4104,,True,completed
107750_400_0,pkw,26023.0,26154.0,131.0,,436.037,53.0,76.0,55.0,97.33,,,0.5802,0.4198,,True,completed
165168_423_0,pkw,26054.0,26155.0,101.0,,431.95,53.0,53.0,48.0,69.007,,,0.5248,0.4752,,True,completed
112364_401_0,pkw,26056.0,26158.0,102.0,,427.199,51.0,51.0,51.0,67.808,,,0.5,0.5,,True,completed
147039_416_0,pkw,26055.0,26159.0,104.0,,433.645,53.0,53.0,51.0,73.956,,,0.5096,0.4904,,True,completed
184959_431_0,pkw,26058.0,26161.0,103.0,,435.05,51.0,51.0,52.0,67.6,,,0.4951,0.5049,,True,completed
182215_431_0,pkw,26151.0,26163.0,12.0,,167.999,0.0,0.0,12.0,0.462,,,0.0,1.0,,True,completed
174745_427_0,pkw,26061.0,26167.0,106.0,,430.391,49.0,49.0,57.0,66.258,,,0.4623,0.5377,,True,completed
179915_430_0,pkw,26128.0,26170.0,42.0,,425.092,2.0,2.0,40.0,8.314,,,0.0476,0.9524,,True,completed
180053_430_0,pkw,26141.0,26174.0,33.0,,429.258,0.0,0.0,33.0,1.39,,,0.0,1.0,,True,completed
143722_416_0,pkw,26137.0,26175.0,38.0,,433.673,0.0,0.0,38.0,1.689,,,0.0,1.0,,True,completed
141374_415_0,pkw,26144.0,26176.0,32.0,,425.524,0.0,0.0,32.0,1.929,,,0.0,1.0,,True,completed
123353_406_0,pkw,26094.0,26181.0,87.0,,161.107,50.0,50.0,37.0,76.719,,,0.5747,0.4253,,True,completed
175059_428_0,pkw,26099.0,26189.0,90.0,,167.905,48.0,48.0,42.0,76.813,,,0.5333,0.4667,,True,completed
151525_419_0,pkw,26132.0,26190.0,58.0,,159.64,25.0,25.0,33.0,46.519,,,0.431,0.569,,True,completed
154087_420_0,pkw,26150.0,26190.0,40.0,,187.412,22.0,22.0,18.0,30.05,,,0.55,0.45,,True,completed
143271_415_0,pkw,26092.0,26191.0,99.0,,430.378,53.0,53.0,46.0,69.23,,,0.5354,0.4646,,True,completed
162087_421_0,pkw,26153.0,26192.0,39.0,,191.58,20.0,20.0,19.0,27.765,,,0.5128,0.4872,,True,completed
143450_415_0,pkw,26057.0,26193.0,136.0,,429.025,56.0,81.0,55.0,102.973,,,0.5956,0.4044,,True,completed
196432_436_0,pkw,26094.0,26193.0,99.0,,437.732,52.0,52.0,47.0,70.281,,,0.5253,0.4747,,True,completed
91928_392_0,pkw,26154.0,26193.0,39.0,,198.973,17.0,17.0,22.0,28.415,,,0.4359,0.5641,,True,completed
144735_416_0,pkw,26156.0,26194.0,38.0,,189.819,17.0,17.0,21.0,28.463,,,0.4474,0.5526,,True,completed
167635_425_0,pkw,26154.0,26194.0,40.0,,195.09,19.0,19.0,21.0,28.519,,,0.475,0.525,,True,completed
118760_405_0,pkw,26059.0,26196.0,137.0,,436.163,55.0,79.0,58.0,103.033,,,0.5766,0.4234,,True,completed
144596_416_0,pkw,26156.0,26196.0,40.0,,198.861,16.0,16.0,24.0,28.822,,,0.4,0.6,,True,completed
175861_428_0,pkw,26165.0,26196.0,31.0,,201.645,7.0,8.0,23.0,19.362,,,0.2581,0.7419,,True,completed
157226_421_0,pkw,26096.0,26197.0,101.0,,428.61,49.0,49.0,52.0,68.28,,,0.4851,0.5149,,True,completed
168951_425_0,pkw,26092.0,26197.0,105.0,,428.89,53.0,53.0,52.0,71.688,,,0.5048,0.4952,,True,completed
172508_426_0,pkw,26168.0,26197.0,29.0,,194.17,6.0,6.0,23.0,17.296,,,0.2069,0.7931,,True,completed
82141_389_0,pkw,26165.0,26197.0,32.0,,171.583,8.0,8.0,24.0,20.345,,,0.25,0.75,,True,completed
183293_431_0,pkw,26133.0,26199.0,66.0,,435.553,23.0,23.0,43.0,35.526,,,0.3485,0.6515,,True,completed
120336_405_0,pkw,26173.0,26200.0,27.0,,172.397,1.0,1.0,26.0,12.792,,,0.037,0.963,,True,completed
183604_431_0,pkw,26096.0,26200.0,104.0,,426.108,49.0,49.0,55.0,77.615,,,0.4712,0.5288,,True,completed
147619_416_0,pkw,26099.0,26201.0,102.0,,434.232,49.0,49.0,53.0,66.986,,,0.4804,0.5196,,True,completed
150909_418_0,pkw,26175.0,26202.0,27.0,,177.506,0.0,0.0,27.0,15.579,,,0.0,1.0,,True,completed
185000_431_0,pkw,26186.0,26203.0,17.0,,169.317,0.0,0.0,17.0,7.779,,,0.0,1.0,,True,completed
121160_405_0,pkw,26192.0,26206.0,14.0,,179.462,0.0,0.0,14.0,1.034,,,0.0,1.0,,True,completed
132635_410_0,pkw,26148.0,26211.0,63.0,,432.877,24.0,24.0,39.0,30.072,,,0.381,0.619,,True,completed
186295_432_0,pkw,26168.0,26211.0,43.0,,457.423,6.0,6.0,37.0,15.425,,,0.1395,0.8605,,True,completed
193009_435_0,pkw,26164.0,26211.0,47.0,,153.324,27.0,27.0,20.0,38.013,,,0.5745,0.4255,,True,completed
132991_410_0,pkw,26162.0,26213.0,51.0,,437.168,13.0,13.0,38.0,23.002,,,0.2549,0.7451,,True,completed
144456_416_0,pkw,26164.0,26213.0,49.0,,435.377,5.0,5.0,44.0,13.411,,,0.102,0.898,,True,completed
174836_427_0,pkw,26173.0,26214.0,41.0,,426.999,3.0,3.0,38.0,11.635,,,0.0732,0.9268,,True,completed
209386_441_0,pkw,26169.0,26214.0,45.0,,429.227,6.0,6.0,39.0,13.392,,,0.1333,0.8667,,True,completed
144203_416_0,pkw,26175.0,26216.0,41.0,,433.342,2.0,2.0,39.0,9.031,,,0.0488,0.9512,,True,completed
194750_436_0,pkw,26171.0,26217.0,46.0,,435.549,0.0,0.0,46.0,9.204,,,0.0,1.0,,True,completed
114624_403_0,pkw,26134.0,26222.0,88.0,,165.8,50.0,50.0,38.0,75.747,,,0.5682,0.4318,,True,completed
193955_435_0,pkw,26137.0,26224.0,87.0,,165.038,48.0,48.0,39.0,75.942,,,0.5517,0.4483,,True,completed
145576_416_0,pkw,26174.0,26225.0,51.0,,156.444,20.0,20.0,31.0,42.013,,,0.3922,0.6078,,True,completed
188921_434_0,pkw,26176.0,26227.0,51.0,,157.63,19.0,19.0,32.0,37.932,,,0.3725,0.6275,,True,completed
95064_393_0,pkw,26178.0,26230.0,52.0,,162.806,18.0,18.0,34.0,41.561,,,0.3462,0.6538,,True,completed
196852_436_0,pkw,26186.0,26231.0,45.0,,195.742,24.0,24.0,21.0,32.83,,,0.5333,0.4667,,True,completed
115245_403_0,pkw,26220.0,26232.0,12.0,,185.435,0.0,0.0,12.0,0.561,,,0.0,1.0,,True,completed
137750_412_0,pkw,26196.0,26232.0,36.0,,188.361,13.0,13.0,23.0,25.116,,,0.3611,0.6389,,True,completed
137942_412_0,pkw,26199.0,26233.0,34.0,,199.662,12.0,12.0,22.0,22.982,,,0.3529,0.6471,,True,completed
119795_405_0,pkw,26205.0,26234.0,29.0,,186.907,5.0,5.0,24.0,20.238,,,0.1724,0.8276,,True,completed
138028_412_0,pkw,26211.0,26234.0,23.0,,197.278,0.0,1.0,22.0,12.712,,,0.0435,0.9565,,True,completed
106576_399_0,pkw,26225.0,26235.0,10.0,,197.035,0.0,0.0,10.0,0.333,,,0.0,1.0,,True,completed
155346_420_0,pkw,26217.0,26235.0,18.0,,187.726,0.0,0.0,18.0,6.24,,,0.0,1.0,,True,completed
78744_387_0,pkw,26223.0,26235.0,12.0,,181.444,0.0,0.0,12.0,0.403,,,0.0,1.0,,True,completed
140506_414_0,pkw,26214.0,26236.0,22.0,,191.03,0.0,0.0,22.0,10.515,,,0.0,1.0,,True,completed
125309_406_0,pkw,26219.0,26237.0,18.0,,197.079,0.0,0.0,18.0,7.281,,,0.0,1.0,,True,completed
130863_409_0,pkw,26217.0,26238.0,21.0,,196.658,0.0,1.0,20.0,9.101,,,0.0476,0.9524,,True,completed
201408_438_0,pkw,26190.0,26250.0,60.0,,428.06,23.0,23.0,37.0,30.399,,,0.3833,0.6167,,True,completed
117166_404_0,pkw,26221.0,26252.0,31.0,,430.2,0.0,0.0,31.0,2.322,,,0.0,1.0,,True,completed
131968_410_0,pkw,26207.0,26252.0,45.0,,432.857,6.0,6.0,39.0,15.214,,,0.1333,0.8667,,True,completed
195072_436_0,pkw,26219.0,26254.0,35.0,,435.995,0.0,0.0,35.0,4.134,,,0.0,1.0,,True,completed
84251_390_0,pkw,26219.0,26254.0,35.0,,425.297,0.0,1.0,34.0,4.988,,,0.0286,0.9714,,True,completed
153702_420_0,pkw,26219.0,26258.0,39.0,,452.782,4.0,4.0,35.0,11.619,,,0.1026,0.8974,,True,completed
146365_416_0,pkw,26180.0,26261.0,81.0,,169.57,38.0,38.0,43.0,69.653,,,0.4691,0.5309,,True,completed
75906_386_0,pkw,26187.0,26261.0,74.0,,495.116,26.0,26.0,48.0,38.925,,,0.3514,0.6486,,True,completed
190126_434_0,pkw,26183.0,26263.0,80.0,,158.009,35.0,35.0,45.0,67.731,,,0.4375,0.5625,,True,completed
122769_406_0,pkw,26185.0,26265.0,80.0,,166.611,32.0,32.0,48.0,68.472,,,0.4,0.6,,True,completed
128898_408_0,pkw,26189.0,26266.0,77.0,,158.216,32.0,32.0,45.0,66.679,,,0.4156,0.5844,,True,completed
184170_431_0,pkw,26216.0,26268.0,52.0,,159.684,15.0,15.0,37.0,40.75,,,0.2885,0.7115,,True,completed
132053_410_0,pkw,26221.0,26271.0,50.0,,191.577,29.0,29.0,21.0,38.848,,,0.58,0.42,,True,completed
174068_427_0,pkw,26237.0,26271.0,34.0,,181.035,14.0,14.0,20.0,23.701,,,0.4118,0.5882,,True,completed
151977_419_0,pkw,26220.0,26272.0,52.0,,200.722,28.0,28.0,24.0,41.872,,,0.5385,0.4615,,True,completed
158704_421_0,pkw,26230.0,26272.0,42.0,,189.873,22.0,22.0,20.0,31.643,,,0.5238,0.4762,,True,completed
120918_405_0,pkw,26223.0,26273.0,50.0,,188.138,28.0,28.0,22.0,38.275,,,0.56,0.44,,True,completed
138869_413_0,pkw,26223.0,26273.0,50.0,,192.756,27.0,27.0,23.0,40.315,,,0.54,0.46,,True,completed
160045_421_0,pkw,26225.0,26274.0,49.0,,183.772,26.0,26.0,23.0,39.208,,,0.5306,0.4694,,True,completed
113977_402_0,pkw,26225.0,26275.0,50.0,,188.682,27.0,27.0,23.0,37.69,,,0.54,0.46,,True,completed
179847_430_0,pkw,26227.0,26276.0,49.0,,171.88,25.0,25.0,24.0,39.332,,,0.5102,0.4898,,True,completed
66799_380_0,pkw,26227.0,26277.0,50.0,,199.342,27.0,27.0,23.0,39.094,,,0.54,0.46,,True,completed
160613_421_0,pkw,26229.0,26279.0,50.0,,177.562,24.0,24.0,26.0,36.605,,,0.48,0.52,,True,completed
195114_436_0,pkw,26248.0,26290.0,42.0,,430.843,5.0,5.0,37.0,10.485,,,0.119,0.881,,True,completed
141693_415_0,pkw,26223.0,26291.0,68.0,,441.177,20.0,20.0,48.0,27.054,,,0.2941,0.7059,,True,completed
205411_440_0,pkw,26264.0,26291.0,27.0,,154.267,9.0,9.0,18.0,16.304,,,0.3333,0.6667,,True,completed
210154_441_0,pkw,26258.0,26292.0,34.0,,436.826,0.0,0.0,34.0,3.284,,,0.0,1.0,,True,completed
194948_436_0,pkw,26238.0,26293.0,55.0,,445.945,16.0,16.0,39.0,26.599,,,0.2909,0.7091,,True,completed
209977_441_0,pkw,26263.0,26293.0,30.0,,427.9,0.0,0.0,30.0,2.1,,,0.0,1.0,,True,completed
165285_423_0,pkw,26246.0,26294.0,48.0,,438.112,11.0,11.0,37.0,20.35,,,0.2292,0.7708,,True,completed
175859_428_0,pkw,26253.0,26295.0,42.0,,428.681,4.0,4.0,38.0,12.691,,,0.0952,0.9048,,True,completed
173174_427_0,pkw,26255.0,26297.0,42.0,,436.688,1.0,1.0,41.0,9.131,,,0.0238,0.9762,,True,completed
123020_406_0,pkw,26218.0,26303.0,85.0,,159.362,36.0,36.0,49.0,72.297,,,0.4235,0.5765,,True,completed
175678_428_0,pkw,26226.0,26305.0,79.0,,163.542,36.0,36.0,43.0,66.403,,,0.4557,0.5443,,True,completed
153999_420_0,pkw,26228.0,26306.0,78.0,,155.261,33.0,33.0,45.0,66.992,,,0.4231,0.5769,,True,completed
154682_420_0,pkw,26231.0,26308.0,77.0,,163.338,31.0,31.0,46.0,66.796,,,0.4026,0.5974,,True,completed
157524_421_0,pkw,26229.0,26311.0,82.0,,194.406,54.0,54.0,28.0,70.488,,,0.6585,0.3415,,True,completed
161366_421_0,pkw,26231.0,26311.0,80.0,,186.879,49.0,49.0,31.0,69.999,,,0.6125,0.3875,,True,completed
166403_424_0,pkw,26301.0,26312.0,11.0,,184.783,0.0,0.0,11.0,0.249,,,0.0,1.0,,True,completed
140904_414_0,pkw,26231.0,26313.0,82.0,,198.862,50.0,50.0,32.0,68.427,,,0.6098,0.3902,,True,completed
159876_421_0,pkw,26237.0,26314.0,77.0,,191.176,45.0,45.0,32.0,66.771,,,0.5844,0.4156,,True,completed
164859_422_0,pkw,26233.0,26314.0,81.0,,202.946,47.0,47.0,34.0,69.211,,,0.5802,0.4198,,True,completed
152190_419_0,pkw,26234.0,26315.0,81.0,,168.827,46.0,46.0,35.0,70.541,,,0.5679,0.4321,,True,completed
174976_428_0,pkw,26240.0,26316.0,76.0,,199.004,44.0,44.0,32.0,65.405,,,0.5789,0.4211,,True,completed
134487_411_0,pkw,26237.0,26317.0,80.0,,166.897,46.0,46.0,34.0,69.406,,,0.575,0.425,,True,completed
148073_417_0,pkw,26256.0,26317.0,61.0,,189.722,28.0,29.0,32.0,49.81,,,0.4754,0.5246,,True,completed
158001_421_0,pkw,26239.0,26319.0,80.0,,171.973,45.0,45.0,35.0,68.964,,,0.5625,0.4375,,True,completed
168247_425_0,pkw,26250.0,26321.0,71.0,,177.729,35.0,36.0,35.0,59.178,,,0.507,0.493,,True,completed
169310_425_0,pkw,26271.0,26322.0,51.0,,167.898,22.0,22.0,29.0,39.732,,,0.4314,0.5686,,True,completed
168278_425_0,pkw,26266.0,26330.0,64.0,,434.938,28.0,28.0,36.0,33.498,,,0.4375,0.5625,,True,completed
176788_429_0,pkw,26259.0,26330.0,71.0,,430.93,29.0,29.0,42.0,42.725,,,0.4085,0.5915,,True,completed
165304_423_0,pkw,26264.0,26333.0,69.0,,431.859,24.0,24.0,45.0,31.931,,,0.3478,0.6522,,True,completed
170962_426_0,pkw,26272.0,26333.0,61.0,,429.95,15.0,15.0,46.0,22.421,,,0.2459,0.7541,,True,completed
208014_441_0,pkw,26277.0,26334.0,57.0,,435.082,9.0,9.0,48.0,18.633,,,0.1579,0.8421,,True,completed
209865_441_0,pkw,26280.0,26336.0,56.0,,442.22,9.0,9.0,47.0,21.017,,,0.1607,0.8393,,True,completed
198014_436_0,pkw,26296.0,26337.0,41.0,,464.724,0.0,0.0,41.0,6.787,,,0.0,1.0,,True,completed
198956_436_0,pkw,26299.0,26338.0,39.0,,452.517,0.0,0.0,39.0,12.734,,,0.0,1.0,,True,completed
113502_402_0,pkw,26254.0,26339.0,85.0,,169.958,41.0,41.0,44.0,74.328,,,0.4824,0.5176,,True,completed
120397_405_0,pkw,26257.0,26340.0,83.0,,156.8,37.0,37.0,46.0,74.503,,,0.4458,0.5542,,True,completed
120972_405_0,pkw,26265.0,26342.0,77.0,,163.371,33.0,33.0,44.0,65.237,,,0.4286,0.5714,,True,completed
185736_432_0,pkw,26267.0,26343.0,76.0,,155.154,31.0,31.0,45.0,65.798,,,0.4079,0.5921,,True,completed
178124_430_0,pkw,26270.0,26345.0,75.0,,159.713,31.0,31.0,44.0,62.74,,,0.4133,0.5867,,True,completed
149395_417_0,pkw,26293.0,26347.0,54.0,,168.399,17.0,17.0,37.0,42.477,,,0.3148,0.6852,,True,completed
173017_426_0,pkw,26297.0,26350.0,53.0,,168.014,15.0,15.0,38.0,41.75,,,0.283,0.717,,True,completed
199507_437_0,pkw,26257.0,26352.0,95.0,,193.719,50.0,51.0,44.0,84.431,,,0.5368,0.4632,,True,completed
161953_421_0,pkw,26277.0,26353.0,76.0,,191.224,43.0,43.0,33.0,62.466,,,0.5658,0.4342,,True,completed
99791_396_0,pkw,26319.0,26353.0,34.0,,194.52,12.0,12.0,22.0,21.655,,,0.3529,0.6471,,True,completed
162342_421_0,pkw,26275.0,26354.0,79.0,,196.866,47.0,47.0,32.0,67.988,,,0.5949,0.4051,,True,completed
164124_422_0,pkw,26330.0,26354.0,24.0,,150.046,3.0,3.0,21.0,15.33,,,0.125,0.875,,True,completed
142019_415_0,pkw,26279.0,26355.0,76.0,,199.983,41.0,41.0,35.0,64.908,,,0.5395,0.4605,,True,completed
97664_395_0,pkw,26328.0,26355.0,27.0,,192.493,4.0,4.0,23.0,12.682,,,0.1481,0.8519,,True,completed
138350_412_0,pkw,26285.0,26356.0,71.0,,194.313,37.0,38.0,33.0,59.905,,,0.5352,0.4648,,True,completed
155654_420_0,pkw,26290.0,26356.0,66.0,,189.38,30.0,30.0,36.0,53.878,,,0.4545,0.5455,,True,completed
118113_405_0,pkw,26332.0,26357.0,25.0,,193.361,1.0,1.0,24.0,10.663,,,0.04,0.96,,True,completed
173762_427_0,pkw,26294.0,26357.0,63.0,,169.584,27.0,27.0,36.0,51.859,,,0.4286,0.5714,,True,completed
180186_430_0,pkw,26338.0,26358.0,20.0,,185.144,0.0,0.0,20.0,9.189,,,0.0,1.0,,True,completed
188437_433_0,pkw,26288.0,26358.0,70.0,,201.483,37.0,37.0,33.0,57.982,,,0.5286,0.4714,,True,completed
89293_391_0,pkw,26296.0,26359.0,63.0,,173.554,27.0,27.0,36.0,52.273,,,0.4286,0.5714,,True,completed
88667_391_0,pkw,26260.0,26370.0,110.0,,443.321,52.0,52.0,58.0,79.353,,,0.4727,0.5273,,True,completed
155659_420_0,pkw,26318.0,26371.0,53.0,,431.178,7.0,8.0,45.0,15.748,,,0.1509,0.8491,,True,completed
156933_421_0,pkw,26327.0,26371.0,44.0,,436.99,7.0,7.0,37.0,14.261,,,0.1591,0.8409,,True,completed
152154_419_0,pkw,26337.0,26376.0,39.0,,427.987,0.0,0.0,39.0,4.563,,,0.0,1.0,,True,completed
187305_433_0,pkw,26331.0,26376.0,45.0,,442.401,0.0,0.0,45.0,2.836,,,0.0,1.0,,True,completed
206972_441_0,pkw,26334.0,26376.0,42.0,,463.916,0.0,0.0,42.0,10.833,,,0.0,1.0,,True,completed
173628_427_0,pkw,26306.0,26383.0,77.0,,167.327,37.0,37.0,40.0,65.839,,,0.4805,0.5195,,True,completed
118404_405_0,pkw,26322.0,26384.0,62.0,,461.101,15.0,15.0,47.0,28.548,,,0.2419,0.7581,,True,completed
186127_432_0,pkw,26309.0,26384.0,75.0,,154.05,35.0,35.0,40.0,65.468,,,0.4667,0.5333,,True,completed
201617_438_0,pkw,26333.0,26386.0,53.0,,164.654,21.0,21.0,32.0,42.721,,,0.3962,0.6038,,True,completed
173550_427_0,pkw,26338.0,26387.0,49.0,,157.092,19.0,19.0,30.0,39.458,,,0.3878,0.6122,,True,completed
78694_387_0,pkw,26336.0,26388.0,52.0,,463.706,3.0,3.0,49.0,16.149,,,0.0577,0.9423,,True,completed
97909_395_0,pkw,26361.0,26389.0,28.0,,425.153,0.0,0.0,28.0,0.91,,,0.0,1.0,,True,completed
107161_400_0,pkw,26371.0,26391.0,20.0,,191.102,1.0,1.0,19.0,8.536,,,0.05,0.95,,True,completed
168315_425_0,pkw,26300.0,26391.0,91.0,,189.903,50.0,50.0,41.0,80.743,,,0.5495,0.4505,,True,completed
186005_432_0,pkw,26293.0,26391.0,98.0,,199.092,60.0,60.0,38.0,86.752,,,0.6122,0.3878,,True,completed
152256_419_0,pkw,26295.0,26392.0,97.0,,186.652,59.0,59.0,38.0,86.903,,,0.6082,0.3918,,True,completed
195063_436_0,pkw,26302.0,26393.0,91.0,,197.241,48.0,48.0,43.0,78.906,,,0.5275,0.4725,,True,completed
182027_431_0,pkw,26297.0,26394.0,97.0,,187.5,56.0,56.0,41.0,86.894,,,0.5773,0.4227,,True,completed
195766_436_0,pkw,26304.0,26394.0,90.0,,188.709,47.0,47.0,43.0,79.313,,,0.5222,0.4778,,True,completed
194383_436_0,pkw,26310.0,26396.0,86.0,,198.703,44.0,44.0,42.0,76.15,,,0.5116,0.4884,,True,completed
130655_409_0,pkw,26321.0,26397.0,76.0,,186.047,37.0,37.0,39.0,64.827,,,0.4868,0.5132,,True,completed
181741_431_0,pkw,26302.0,26397.0,95.0,,198.595,51.0,51.0,44.0,82.455,,,0.5368,0.4632,,True,completed
167177_425_0,pkw,26324.0,26399.0,75.0,,192.7,38.0,38.0,37.0,63.983,,,0.5067,0.4933,,True,completed
168218_425_0,pkw,26326.0,26400.0,74.0,,166.613,37.0,37.0,37.0,64.437,,,0.5,0.5,,True,completed
184915_431_0,pkw,26328.0,26403.0,75.0,,177.332,36.0,36.0,39.0,62.943,,,0.48,0.52,,True,completed
196515_436_0,pkw,26342.0,26404.0,62.0,,168.145,26.0,27.0,35.0,52.821,,,0.4355,0.5645,,True,completed
157880_421_0,pkw,26347.0,26411.0,64.0,,436.963,22.0,22.0,42.0,32.116,,,0.3438,0.6562,,True,completed
98702_395_0,pkw,26384.0,26411.0,27.0,,140.523,8.0,9.0,18.0,16.793,,,0.3333,0.6667,,True,completed
207870_441_0,pkw,26384.0,26412.0,28.0,,432.896,0.0,0.0,28.0,0.996,,,0.0,1.0,,True,completed
146877_416_0,pkw,26349.0,26413.0,64.0,,443.578,21.0,21.0,43.0,32.211,,,0.3281,0.6719,,True,completed
115471_403_0,pkw,26350.0,26414.0,64.0,,435.912,21.0,21.0,43.0,34.558,,,0.3281,0.6719,,True,completed
82166_389_0,pkw,26385.0,26415.0,30.0,,422.362,0.0,0.0,30.0,2.632,,,0.0,1.0,,True,completed
191059_435_0,pkw,26363.0,26416.0,53.0,,444.672,12.0,12.0,41.0,20.534,,,0.2264,0.7736,,True,completed
94386_393_0,pkw,26380.0,26417.0,37.0,,436.112,0.0,0.0,37.0,5.671,,,0.0,1.0,,True,completed
187756_433_0,pkw,26342.0,26423.0,81.0,,166.382,47.0,47.0,34.0,69.012,,,0.5802,0.4198,,True,completed
87651_391_0,pkw,26344.0,26425.0,81.0,,165.231,43.0,43.0,38.0,67.944,,,0.5309,0.4691,,True,completed
182242_431_0,pkw,26346.0,26426.0,80.0,,153.903,41.0,41.0,39.0,70.91,,,0.5125,0.4875,,True,completed
203685_439_0,pkw,26349.0,26428.0,79.0,,162.73,39.0,39.0,40.0,67.791,,,0.4937,0.5063,,True,completed
160151_421_0,pkw,26390.0,26431.0,41.0,,200.695,19.0,19.0,22.0,30.082,,,0.4634,0.5366,,True,completed
196636_436_0,pkw,26306.0,26431.0,125.0,,197.256,74.0,80.0,45.0,114.63,,,0.64,0.36,,True,completed
165758_423_0,pkw,26389.0,26433.0,44.0,,196.013,17.0,17.0,27.0,32.777,,,0.3864,0.6136,,True,completed
168584_425_0,pkw,26309.0,26433.0,124.0,,203.217,72.0,78.0,46.0,111.802,,,0.629,0.371,,True,completed
169701_426_0,pkw,26385.0,26434.0,49.0,,187.802,20.0,20.0,29.0,38.691,,,0.4082,0.5918,,True,completed
193929_435_0,pkw,26321.0,26434.0,113.0,,192.197,69.0,71.0,42.0,102.804,,,0.6283,0.3717,,True,completed
173046_427_0,pkw,26405.0,26436.0,31.0,,194.908,6.0,7.0,24.0,20.932,,,0.2258,0.7742,,True,completed
185401_432_0,pkw,26368.0,26436.0,68.0,,437.59,26.0,26.0,42.0,32.693,,,0.3824,0.6176,,True,completed
191859_435_0,pkw,26416.0,26436.0,20.0,,200.033,0.0,1.0,19.0,9.772,,,0.05,0.95,,True,completed
156189_420_0,pkw,26429.0,26440.0,11.0,,202.803,0.0,0.0,11.0,0.327,,,0.0,1.0,,True,completed
173015_426_0,pkw,26431.0,26442.0,11.0,,170.394,0.0,0.0,11.0,0.461,,,0.0,1.0,,True,completed
149975_417_0,pkw,26433.0,26443.0,10.0,,186.245,0.0,0.0,10.0,0.337,,,0.0,1.0,,True,completed
165876_424_0,pkw,26435.0,26447.0,12.0,,174.704,0.0,0.0,12.0,1.471,,,0.0,1.0,,True,completed
131058_409_0,pkw,26438.0,26449.0,11.0,,144.464,0.0,0.0,11.0,0.78,,,0.0,1.0,,True,completed
145141_416_0,pkw,26382.0,26450.0,68.0,,432.881,25.0,25.0,43.0,41.079,,,0.3676,0.6324,,True,completed
130643_409_0,pkw,26440.0,26451.0,11.0,,142.62,0.0,0.0,11.0,0.706,,,0.0,1.0,,True,completed
158141_421_0,pkw,26395.0,26452.0,57.0,,442.064,13.0,13.0,44.0,22.045,,,0.2281,0.7719,,True,completed
53404_371_0,pkw,26401.0,26452.0,51.0,,429.811,8.0,8.0,43.0,18.578,,,0.1569,0.8431,,True,completed
178553_430_0,pkw,26397.0,26453.0,56.0,,431.414,13.0,13.0,43.0,24.514,,,0.2321,0.7679,,True,completed
142215_415_0,pkw,26399.0,26455.0,56.0,,440.949,13.0,13.0,43.0,23.921,,,0.2321,0.7679,,True,completed
178534_430_0,pkw,26416.0,26456.0,40.0,,431.049,0.0,0.0,40.0,5.505,,,0.0,1.0,,True,completed
104234_397_0,pkw,26427.0,26457.0,30.0,,448.636,0.0,0.0,30.0,1.95,,,0.0,1.0,,True,completed
182895_431_0,pkw,26378.0,26459.0,81.0,,164.914,41.0,41.0,40.0,71.868,,,0.5062,0.4938,,True,completed
161985_421_0,pkw,26381.0,26460.0,79.0,,156.193,39.0,39.0,40.0,67.97,,,0.4937,0.5063,,True,completed
137478_412_0,pkw,26426.0,26462.0,36.0,,463.505,0.0,0.0,36.0,1.863,,,0.0,1.0,,True,completed
181532_431_0,pkw,26390.0,26462.0,72.0,,159.976,32.0,33.0,39.0,60.058,,,0.4583,0.5417,,True,completed
172772_426_0,pkw,26409.0,26464.0,55.0,,169.879,20.0,20.0,35.0,43.256,,,0.3636,0.6364,,True,completed
174028_427_0,pkw,26430.0,26465.0,35.0,,160.746,9.0,10.0,25.0,23.673,,,0.2857,0.7143,,True,completed
200602_437_0,pkw,26432.0,26466.0,34.0,,455.671,0.0,0.0,34.0,2.361,,,0.0,1.0,,True,completed
92274_392_0,pkw,26436.0,26470.0,34.0,,180.575,17.0,17.0,17.0,22.818,,,0.5,0.5,,True,completed
116224_404_0,pkw,26425.0,26471.0,46.0,,196.182,26.0,26.0,20.0,34.995,,,0.5652,0.4348,,True,completed
164320_422_0,pkw,26441.0,26471.0,30.0,,190.147,9.0,9.0,21.0,17.958,,,0.3,0.7,,True,completed
179055_430_0,pkw,26437.0,26471.0,34.0,,201.527,14.0,14.0,20.0,23.022,,,0.4118,0.5882,,True,completed
118434_405_0,pkw,26439.0,26473.0,34.0,,176.082,14.0,14.0,20.0,21.45,,,0.4118,0.5882,,True,completed
145696_416_0,pkw,26427.0,26473.0,46.0,,197.386,25.0,25.0,21.0,34.35,,,0.5435,0.4565,,True,completed
177207_429_0,pkw,26441.0,26474.0,33.0,,188.575,13.0,13.0,20.0,22.357,,,0.3939,0.6061,,True,completed
185227_432_0,pkw,26434.0,26475.0,41.0,,201.687,20.0,20.0,21.0,30.123,,,0.4878,0.5122,,True,completed
186289_432_0,pkw,26442.0,26475.0,33.0,,172.782,11.0,11.0,22.0,22.514,,,0.3333,0.6667,,True,completed
169383_426_0,pkw,26435.0,26476.0,41.0,,189.098,17.0,17.0,24.0,29.839,,,0.4146,0.5854,,True,completed
115123_403_0,pkw,26444.0,26477.0,33.0,,195.487,10.0,10.0,23.0,21.798,,,0.303,0.697,,True,completed
157367_421_0,pkw,26437.0,26478.0,41.0,,202.43,16.0,16.0,25.0,31.1,,,0.3902,0.6098,,True,completed
168011_425_0,pkw,26445.0,26478.0,33.0,,172.559,9.0,9.0,24.0,22.477,,,0.2727,0.7273,,True,completed
171071_426_0,pkw,26430.0,26490.0,60.0,,426.294,16.0,16.0,44.0,27.702,,,0.2667,0.7333,,True,completed
185869_432_0,pkw,26422.0,26490.0,68.0,,443.423,26.0,26.0,42.0,35.288,,,0.3824,0.6176,,True,completed
97861_395_0,pkw,26425.0,26492.0,67.0,,439.229,24.0,24.0,43.0,31.693,,,0.3582,0.6418,,True,completed
194747_436_0,pkw,26442.0,26494.0,52.0,,445.046,11.0,11.0,41.0,20.519,,,0.2115,0.7885,,True,completed
197106_436_0,pkw,26449.0,26495.0,46.0,,436.635,5.0,5.0,41.0,11.433,,,0.1087,0.8913,,True,completed
211311_442_0,pkw,26444.0,26495.0,51.0,,436.477,11.0,11.0,40.0,23.626,,,0.2157,0.7843,,True,completed
68057_381_0,pkw,26434.0,26495.0,61.0,,462.626,9.0,9.0,52.0,17.469,,,0.1475,0.8525,,True,completed
186205_432_0,pkw,26481.0,26510.0,29.0,,185.779,11.0,11.0,18.0,19.286,,,0.3793,0.6207,,True,completed
167945_425_0,pkw,26444.0,26511.0,67.0,,199.937,33.0,33.0,34.0,57.559,,,0.4925,0.5075,,True,completed
186423_432_0,pkw,26475.0,26511.0,36.0,,190.942,16.0,16.0,20.0,24.745,,,0.4444,0.5556,,True,completed
83577_390_0,pkw,26440.0,26511.0,71.0,,192.213,42.0,42.0,29.0,61.165,,,0.5915,0.4085,,True,completed
201635_438_0,pkw,26449.0,26512.0,63.0,,190.988,32.0,32.0,31.0,52.624,,,0.5079,0.4921,,True,completed
123979_406_0,pkw,26442.0,26513.0,71.0,,196.776,41.0,41.0,30.0,62.054,,,0.5775,0.4225,,True,completed
158192_421_0,pkw,26451.0,26514.0,63.0,,167.041,31.0,31.0,32.0,52.671,,,0.4921,0.5079,,True,completed
159102_421_0,pkw,26446.0,26515.0,69.0,,198.279,38.0,38.0,31.0,57.633,,,0.5507,0.4493,,True,completed
180573_430_0,pkw,26453.0,26517.0,64.0,,188.737,28.0,28.0,36.0,53.82,,,0.4375,0.5625,,True,completed
83716_390_0,pkw,26455.0,26517.0,62.0,,202.643,30.0,31.0,31.0,51.745,,,0.5,0.5,,True,completed
177265_429_0,pkw,26461.0,26519.0,58.0,,199.352,23.0,24.0,34.0,48.528,,,0.4138,0.5862,,True,completed
161516_421_0,pkw,26481.0,26520.0,39.0,,187.229,14.0,14.0,25.0,28.137,,,0.359,0.641,,True,completed
172220_426_0,pkw,26484.0,26521.0,37.0,,166.486,13.0,13.0,24.0,26.223,,,0.3514,0.6486,,True,completed
173602_427_0,pkw,26470.0,26530.0,60.0,,437.214,16.0,16.0,44.0,25.124,,,0.2667,0.7333,,True,completed
179115_430_0,pkw,26472.0,26532.0,60.0,,427.643,15.0,15.0,45.0,22.681,,,0.25,0.75,,True,completed
155212_420_0,pkw,26474.0,26533.0,59.0,,442.092,15.0,15.0,44.0,26.295,,,0.2542,0.7458,,True,completed
204221_440_0,pkw,26476.0,26535.0,59.0,,439.532,13.0,13.0,46.0,30.053,,,0.2203,0.7797,,True,completed
144043_416_0,pkw,26478.0,26536.0,58.0,,429.261,13.0,13.0,45.0,29.239,,,0.2241,0.7759,,True,completed
198106_436_0,pkw,26529.0,26540.0,11.0,,158.491,0.0,0.0,11.0,0.683,,,0.0,1.0,,True,completed
172041_426_0,pkw,26475.0,26541.0,66.0,,450.715,21.0,21.0,45.0,36.17,,,0.3182,0.6818,,True,completed
94331_393_0,pkw,26492.0,26549.0,57.0,,427.922,22.0,22.0,35.0,29.765,,,0.386,0.614,,True,completed
131090_409_0,pkw,26516.0,26551.0,35.0,,426.254,0.0,1.0,34.0,7.437,,,0.0286,0.9714,,True,completed
169788_426_0,pkw,26476.0,26551.0,75.0,,195.925,45.0,45.0,30.0,63.539,,,0.6,0.4,,True,completed
104840_398_0,pkw,26497.0,26552.0,55.0,,428.563,15.0,15.0,40.0,24.088,,,0.2727,0.7273,,True,completed
139036_413_0,pkw,26534.0,26552.0,18.0,,186.445,0.0,1.0,17.0,7.667,,,0.0556,0.9444,,True,completed
163326_422_0,pkw,26479.0,26552.0,73.0,,202.05,37.0,37.0,36.0,59.425,,,0.5068,0.4932,,True,completed
184714_431_0,pkw,26538.0,26554.0,16.0,,192.241,0.0,0.0,16.0,6.283,,,0.0,1.0,,True,completed
186999_432_0,pkw,26537.0,26554.0,17.0,,195.597,0.0,0.0,17.0,5.991,,,0.0,1.0,,True,completed
191303_435_0,pkw,26523.0,26554.0,31.0,,436.533,0.0,0.0,31.0,2.863,,,0.0,1.0,,True,completed
166993_424_0,pkw,26535.0,26555.0,20.0,,172.655,0.0,1.0,19.0,4.897,,,0.05,0.95,,True,completed
196360_436_0,pkw,26540.0,26555.0,15.0,,185.016,0.0,0.0,15.0,5.119,,,0.0,1.0,,True,completed
151154_418_0,pkw,26540.0,26557.0,17.0,,196.357,0.0,0.0,17.0,7.148,,,0.0,1.0,,True,completed
153330_420_0,pkw,26523.0,26559.0,36.0,,428.741,0.0,0.0,36.0,2.117,,,0.0,1.0,,True,completed
74794_385_0,pkw,26517.0,26559.0,42.0,,184.789,18.0,18.0,24.0,30.713,,,0.4286,0.5714,,True,completed
119139_405_0,pkw,26483.0,26563.0,80.0,,695.093,11.0,11.0,69.0,25.977,,,0.1375,0.8625,,True,completed
181090_431_0,pkw,26491.0,26570.0,79.0,,439.953,35.0,35.0,44.0,48.577,,,0.443,0.557,,True,completed
195823_436_0,pkw,26482.0,26571.0,89.0,,430.871,36.0,36.0,53.0,51.316,,,0.4045,0.5955,,True,completed
40062_360_0,pkw,26493.0,26572.0,79.0,,442.736,29.0,29.0,50.0,45.221,,,0.3671,0.6329,,True,completed
164467_422_0,pkw,26495.0,26573.0,78.0,,432.597,29.0,29.0,49.0,46.104,,,0.3718,0.6282,,True,completed
115512_403_0,pkw,26497.0,26575.0,78.0,,441.349,28.0,28.0,50.0,45.585,,,0.359,0.641,,True,completed
159128_421_0,pkw,26544.0,26576.0,32.0,,440.328,0.0,0.0,32.0,2.288,,,0.0,1.0,,True,completed
190104_434_0,pkw,26523.0,26576.0,53.0,,448.59,7.0,7.0,46.0,21.485,,,0.1321,0.8679,,True,completed
146478_416_0,pkw,26505.0,26577.0,72.0,,441.144,23.0,23.0,49.0,41.171,,,0.3194,0.6806,,True,completed
123108_406_0,pkw,26565.0,26591.0,26.0,,190.461,6.0,6.0,20.0,15.6,,,0.2308,0.7692,,True,completed
176845_429_0,pkw,26567.0,26591.0,24.0,,194.284,6.0,6.0,18.0,12.827,,,0.25,0.75,,True,completed
206714_440_0,pkw,26540.0,26591.0,51.0,,438.47,13.0,13.0,38.0,21.026,,,0.2549,0.7451,,True,completed
130204_409_0,pkw,26571.0,26592.0,21.0,,181.547,3.0,3.0,18.0,10.36,,,0.1429,0.8571,,True,completed
155883_420_0,pkw,26572.0,26593.0,21.0,,193.522,0.0,0.0,21.0,8.287,,,0.0,1.0,,True,completed
181870_431_0,pkw,26573.0,26594.0,21.0,,182.14,1.0,1.0,20.0,9.535,,,0.0476,0.9524,,True,completed
196109_436_0,pkw,26569.0,26594.0,25.0,,201.303,0.0,1.0,24.0,11.066,,,0.04,0.96,,True,completed
154448_420_0,pkw,26578.0,26595.0,17.0,,202.002,0.0,0.0,17.0,4.62,,,0.0,1.0,,True,completed
148973_417_0,pkw,26579.0,26597.0,18.0,,194.781,0.0,0.0,18.0,7.862,,,0.0,1.0,,True,completed
178950_430_0,pkw,26527.0,26601.0,74.0,,430.873,25.0,25.0,49.0,32.561,,,0.3378,0.6622,,True,completed
139710_413_0,pkw,26590.0,26602.0,12.0,,176.78,0.0,0.0,12.0,0.604,,,0.0,1.0,,True,completed
178506_430_0,pkw,26582.0,26609.0,27.0,,185.99,0.0,0.0,27.0,14.801,,,0.0,1.0,,True,completed
74484_385_0,pkw,26511.0,26610.0,99.0,,428.894,52.0,52.0,47.0,69.655,,,0.5253,0.4747,,True,completed
203991_439_0,pkw,26515.0,26612.0,97.0,,433.69,47.0,47.0,50.0,61.242,,,0.4845,0.5155,,True,completed
169233_425_0,pkw,26586.0,26613.0,27.0,,145.314,7.0,7.0,20.0,17.281,,,0.2593,0.7407,,True,completed
120811_405_0,pkw,26589.0,26614.0,25.0,,136.935,5.0,5.0,20.0,17.096,,,0.2,0.8,,True,completed
155067_420_0,pkw,26524.0,26614.0,90.0,,441.36,43.0,43.0,47.0,63.37,,,0.4778,0.5222,,True,completed
171964_426_0,pkw,26547.0,26615.0,68.0,,444.411,25.0,25.0,43.0,32.522,,,0.3676,0.6324,,True,completed
192872_435_0,pkw,26530.0,26615.0,85.0,,431.368,38.0,38.0,47.0,55.287,,,0.4471,0.5529,,True,completed
202246_438_0,pkw,26600.0,26615.0,15.0,,167.809,0.0,0.0,15.0,3.061,,,0.0,1.0,,True,completed
155483_420_0,pkw,26568.0,26616.0,48.0,,449.087,9.0,9.0,39.0,19.851,,,0.1875,0.8125,,True,completed
143401_415_0,pkw,26532.0,26617.0,85.0,,436.123,34.0,34.0,51.0,50.975,,,0.4,0.6,,True,completed
153284_420_0,pkw,26576.0,26617.0,41.0,,450.714,0.0,0.0,41.0,7.199,,,0.0,1.0,,True,completed
218594_446_0,pkw,26612.0,26617.0,5.0,,68.364,0.0,0.0,5.0,0.706,,,0.0,1.0,,True,completed
109546_401_0,pkw,26574.0,26618.0,44.0,,446.871,4.0,4.0,40.0,17.568,,,0.0909,0.9091,,True,completed
143358_415_0,pkw,26575.0,26621.0,46.0,,458.728,2.0,2.0,44.0,18.176,,,0.0435,0.9565,,True,completed
126929_407_0,pkw,26562.0,26622.0,60.0,,457.757,13.0,13.0,47.0,26.084,,,0.2167,0.7833,,True,completed
114840_403_0,pkw,26578.0,26625.0,47.0,,460.637,1.0,1.0,46.0,18.008,,,0.0213,0.9787,,True,completed
116773_404_0,pkw,26576.0,26626.0,50.0,,464.834,2.0,2.0,48.0,15.521,,,0.04,0.96,,True,completed
144022_416_0,pkw,26581.0,26626.0,45.0,,452.991,1.0,1.0,44.0,19.159,,,0.0222,0.9778,,True,completed
185990_432_0,pkw,26586.0,26631.0,45.0,,190.871,27.0,27.0,18.0,34.327,,,0.6,0.4,,True,completed
194226_436_0,pkw,26583.0,26631.0,48.0,,198.855,29.0,30.0,18.0,36.207,,,0.625,0.375,,True,completed
201047_437_0,pkw,26598.0,26631.0,33.0,,191.538,14.0,14.0,19.0,21.089,,,0.4242,0.5758,,True,completed
159252_421_0,pkw,26600.0,26633.0,33.0,,200.102,14.0,14.0,19.0,21.523,,,0.4242,0.5758,,True,completed
172669_426_0,pkw,26593.0,26633.0,40.0,,192.882,16.0,17.0,23.0,29.241,,,0.425,0.575,,True,completed
192379_435_0,pkw,26587.0,26633.0,46.0,,186.392,26.0,26.0,20.0,32.404,,,0.5652,0.4348,,True,completed
206443_440_0,pkw,26580.0,26633.0,53.0,,437.807,13.0,13.0,40.0,21.36,,,0.2453,0.7547,,True,completed
202023_438_0,pkw,26603.0,26634.0,31.0,,167.169,11.0,11.0,20.0,20.865,,,0.3548,0.6452,,True,completed
175306_428_0,pkw,26584.0,26635.0,51.0,,407.051,13.0,13.0,38.0,25.336,,,0.2549,0.7451,,True,completed
157327_421_0,pkw,26598.0,26636.0,38.0,,192.26,13.0,13.0,25.0,26.025,,,0.3421,0.6579,,True,completed
177075_429_0,pkw,26602.0,26636.0,34.0,,192.794,10.0,10.0,24.0,21.244,,,0.2941,0.7059,,True,completed
154418_420_0,pkw,26609.0,26638.0,29.0,,201.24,5.0,5.0,24.0,18.227,,,0.1724,0.8276,,True,completed
172588_426_0,pkw,26605.0,26638.0,33.0,,192.562,10.0,10.0,23.0,22.046,,,0.303,0.697,,True,completed
199832_437_0,pkw,26612.0,26639.0,27.0,,187.357,3.0,3.0,24.0,14.788,,,0.1111,0.8889,,True,completed
102516_396_0,pkw,26599.0,26642.0,43.0,,194.447,17.0,17.0,26.0,31.522,,,0.3953,0.6047,,True,completed
198317_436_0,pkw,26600.0,26645.0,45.0,,394.306,2.0,2.0,43.0,14.276,,,0.0444,0.9556,,True,completed
120913_405_0,pkw,26533.0,26650.0,117.0,,429.999,60.0,60.0,57.0,85.43,,,0.5128,0.4872,,True,completed
179661_430_0,pkw,26596.0,26652.0,56.0,,444.104,15.0,15.0,41.0,27.421,,,0.2679,0.7321,,True,completed
61393_376_0,pkw,26537.0,26652.0,115.0,,435.696,58.0,58.0,57.0,85.852,,,0.5043,0.4957,,True,completed
190451_434_0,pkw,26618.0,26654.0,36.0,,434.027,0.0,0.0,36.0,1.892,,,0.0,1.0,,True,completed
69734_381_0,pkw,26595.0,26654.0,59.0,,465.033,6.0,6.0,53.0,15.812,,,0.1017,0.8983,,True,completed
98108_395_0,pkw,26542.0,26654.0,112.0,,446.411,54.0,54.0,58.0,80.139,,,0.4821,0.5179,,True,completed
95554_394_0,pkw,26544.0,26655.0,111.0,,432.086,51.0,51.0,60.0,80.218,,,0.4595,0.5405,,True,completed
172308_426_0,pkw,26546.0,26657.0,111.0,,439.166,50.0,50.0,61.0,76.908,,,0.4505,0.5495,,True,completed
85301_390_0,pkw,26584.0,26662.0,78.0,,456.745,22.0,22.0,56.0,46.837,,,0.2821,0.7179,,True,completed
181130_431_0,pkw,26593.0,26667.0,74.0,,675.038,6.0,6.0,68.0,21.005,,,0.0811,0.9189,,True,completed
178981_430_0,pkw,26618.0,26671.0,53.0,,193.775,24.0,24.0,29.0,42.513,,,0.4528,0.5472,,True,completed
199461_437_0,pkw,26609.0,26671.0,62.0,,197.687,33.0,33.0,29.0,50.755,,,0.5323,0.4677,,True,completed
92127_392_0,pkw,26641.0,26671.0,30.0,,400.25,0.0,0.0,30.0,3.888,,,0.0,1.0,,True,completed
180862_431_0,pkw,26614.0,26672.0,58.0,,189.883,27.0,27.0,31.0,47.584,,,0.4655,0.5345,,True,completed
168129_425_0,pkw,26620.0,26673.0,53.0,,190.976,22.0,22.0,31.0,41.607,,,0.4151,0.5849,,True,completed
141719_415_0,pkw,26616.0,26674.0,58.0,,193.821,25.0,25.0,33.0,47.065,,,0.431,0.569,,True,completed
154330_420_0,pkw,26622.0,26675.0,53.0,,199.635,22.0,22.0,31.0,42.407,,,0.4151,0.5849,,True,completed
137018_412_0,pkw,26618.0,26676.0,58.0,,189.014,24.0,24.0,34.0,46.01,,,0.4138,0.5862,,True,completed
194257_436_0,pkw,26624.0,26676.0,52.0,,186.227,22.0,22.0,30.0,40.654,,,0.4231,0.5769,,True,completed
126538_407_0,pkw,26620.0,26678.0,58.0,,198.189,23.0,23.0,35.0,47.753,,,0.3966,0.6034,,True,completed
212753_443_0,pkw,26627.0,26678.0,51.0,,195.854,22.0,22.0,29.0,41.333,,,0.4314,0.5686,,True,completed
199575_437_0,pkw,26649.0,26680.0,31.0,,401.37,0.0,0.0,31.0,2.719,,,0.0,1.0,,True,completed
119240_405_0,pkw,26548.0,26690.0,142.0,,429.027,71.0,75.0,67.0,115.903,,,0.5282,0.4718,,True,completed
145383_416_0,pkw,26623.0,26690.0,67.0,,425.409,28.0,28.0,39.0,35.941,,,0.4179,0.5821,,True,completed
202009_438_0,pkw,26558.0,26692.0,134.0,,437.638,69.0,69.0,65.0,109.424,,,0.5149,0.4851,,True,completed
155263_420_0,pkw,26560.0,26694.0,134.0,,445.314,67.0,67.0,67.0,104.546,,,0.5,0.5,,True,completed
214686_445_0,pkw,26627.0,26694.0,67.0,,429.016,16.0,16.0,51.0,24.965,,,0.2388,0.7612,,True,completed
163242_422_0,pkw,26562.0,26695.0,133.0,,433.684,65.0,65.0,68.0,105.027,,,0.4887,0.5113,,True,completed
186090_432_0,pkw,26639.0,26696.0,57.0,,433.653,14.0,14.0,43.0,25.419,,,0.2456,0.7544,,True,completed
168981_425_0,pkw,26570.0,26697.0,127.0,,442.326,64.0,64.0,63.0,99.014,,,0.5039,0.4961,,True,completed
205417_440_0,pkw,26645.0,26697.0,52.0,,425.906,6.0,6.0,46.0,16.59,,,0.1154,0.8846,,True,completed
137134_412_0,pkw,26647.0,26711.0,64.0,,399.428,28.0,28.0,36.0,37.805,,,0.4375,0.5625,,True,completed
184195_431_0,pkw,26661.0,26711.0,50.0,,359.824,14.0,14.0,36.0,24.907,,,0.28,0.72,,True,completed
196735_436_0,pkw,26643.0,26711.0,68.0,,201.843,39.0,40.0,28.0,57.513,,,0.5882,0.4118,,True,completed
202497_438_0,pkw,26646.0,26711.0,65.0,,200.528,34.0,35.0,30.0,54.649,,,0.5385,0.4615,,True,completed
189897_434_0,pkw,26653.0,26712.0,59.0,,187.363,30.0,30.0,29.0,47.946,,,0.5085,0.4915,,True,completed
208082_441_0,pkw,26649.0,26713.0,64.0,,197.102,33.0,33.0,31.0,51.642,,,0.5156,0.4844,,True,completed
229091_450_0,pkw,26667.0,26713.0,46.0,,411.337,6.0,6.0,40.0,22.964,,,0.1304,0.8696,,True,completed
147570_416_0,pkw,26662.0,26714.0,52.0,,185.595,25.0,25.0,27.0,41.441,,,0.4808,0.5192,,True,completed
201858_438_0,pkw,26693.0,26714.0,21.0,,145.432,2.0,2.0,19.0,10.896,,,0.0952,0.9048,,True,completed
190771_435_0,pkw,26658.0,26715.0,57.0,,200.684,25.0,26.0,31.0,45.43,,,0.4561,0.5439,,True,completed
212161_442_0,pkw,26674.0,26715.0,41.0,,408.506,4.0,4.0,37.0,16.762,,,0.0976,0.9024,,True,completed
132886_410_0,pkw,26672.0,26717.0,45.0,,193.592,22.0,22.0,23.0,34.326,,,0.4889,0.5111,,True,completed
165167_423_0,pkw,26678.0,26717.0,39.0,,391.443,0.0,0.0,39.0,15.204,,,0.0,1.0,,True,completed
142599_415_0,pkw,26665.0,26718.0,53.0,,192.321,23.0,23.0,30.0,43.205,,,0.434,0.566,,True,completed
209956_441_0,pkw,26664.0,26722.0,58.0,,402.882,14.0,14.0,44.0,31.645,,,0.2414,0.7586,,True,completed
159997_421_0,pkw,26572.0,26730.0,158.0,,433.236,71.0,88.0,70.0,130.705,,,0.557,0.443,,True,completed
153114_420_0,pkw,26575.0,26732.0,157.0,,438.015,69.0,84.0,73.0,119.15,,,0.535,0.465,,True,completed
172886_426_0,pkw,26577.0,26734.0,157.0,,444.548,68.0,80.0,77.0,131.276,,,0.5096,0.4904,,True,completed
135176_411_0,pkw,26587.0,26735.0,148.0,,434.711,66.0,76.0,72.0,117.238,,,0.5135,0.4865,,True,completed
122646_406_0,pkw,26589.0,26737.0,148.0,,444.375,65.0,78.0,70.0,118.816,,,0.527,0.473,,True,completed
99677_396_0,pkw,26674.0,26737.0,63.0,,452.485,20.0,20.0,43.0,33.13,,,0.3175,0.6825,,True,completed
116252_404_0,pkw,26670.0,26739.0,69.0,,448.103,22.0,22.0,47.0,34.55,,,0.3188,0.6812,,True,completed
150684_418_0,pkw,26681.0,26739.0,58.0,,431.652,12.0,12.0,46.0,27.853,,,0.2069,0.7931,,True,completed
85004_390_0,pkw,26664.0,26740.0,76.0,,462.142,21.0,21.0,55.0,32.586,,,0.2763,0.7237,,True,completed
211811_442_0,pkw,26672.0,26742.0,70.0,,678.958,6.0,6.0,64.0,24.78,,,0.0857,0.9143,,True,completed
183790_431_0,pkw,26676.0,26743.0,67.0,,670.704,0.0,0.0,67.0,22.829,,,0.0,1.0,,True,completed
189721_434_0,pkw,26692.0,26747.0,55.0,,668.188,0.0,0.0,55.0,10.43,,,0.0,1.0,,True,completed
206270_440_0,pkw,26690.0,26749.0,59.0,,361.429,20.0,20.0,39.0,28.205,,,0.339,0.661,,True,completed
101049_396_0,pkw,26679.0,26751.0,72.0,,188.368,44.0,44.0,28.0,60.581,,,0.6111,0.3889,,True,completed
185866_432_0,pkw,26696.0,26752.0,56.0,,393.441,17.0,17.0,39.0,32.717,,,0.3036,0.6964,,True,completed
141030_414_0,pkw,26693.0,26753.0,60.0,,200.333,29.0,29.0,31.0,49.401,,,0.4833,0.5167,,True,completed
169567_426_0,pkw,26701.0,26753.0,52.0,,432.141,11.0,11.0,41.0,19.357,,,0.2115,0.7885,,True,completed
127789_407_0,pkw,26704.0,26754.0,50.0,,402.607,10.0,10.0,40.0,25.64,,,0.2,0.8,,True,completed
76361_386_0,pkw,26716.0,26754.0,38.0,,191.216,15.0,16.0,22.0,27.996,,,0.4211,0.5789,,True,completed
136672_411_0,pkw,26723.0,26756.0,33.0,,187.683,10.0,10.0,23.0,21.859,,,0.303,0.697,,True,completed
173429_427_0,pkw,26706.0,26756.0,50.0,,434.518,7.0,7.0,43.0,16.229,,,0.14,0.86,,True,completed
234991_451_0,pkw,26720.0,26756.0,36.0,,397.205,0.0,0.0,36.0,3.019,,,0.0,1.0,,True,completed
204094_439_0,pkw,26698.0,26760.0,62.0,,392.952,19.0,19.0,43.0,35.561,,,0.3065,0.6935,,True,completed
165006_423_0,pkw,26701.0,26763.0,62.0,,406.763,15.0,15.0,47.0,34.511,,,0.2419,0.7581,,True,completed
181512_431_0,pkw,26706.0,26764.0,58.0,,398.262,12.0,12.0,46.0,33.133,,,0.2069,0.7931,,True,completed
192573_435_0,pkw,26712.0,26766.0,54.0,,402.392,6.0,6.0,48.0,24.832,,,0.1111,0.8889,,True,completed
183279_431_0,pkw,26714.0,26769.0,55.0,,406.102,7.0,7.0,48.0,26.355,,,0.1273,0.8727,,True,completed
199704_437_0,pkw,26677.0,26769.0,92.0,,444.491,45.0,45.0,47.0,62.635,,,0.4891,0.5109,,True,completed
126395_407_0,pkw,26603.0,26770.0,167.0,,430.45,70.0,91.0,76.0,137.698,,,0.5449,0.4551,,True,completed
155549_420_0,pkw,26684.0,26770.0,86.0,,431.209,39.0,39.0,47.0,56.888,,,0.4535,0.5465,,True,completed
162502_422_0,pkw,26681.0,26770.0,89.0,,450.498,44.0,44.0,45.0,60.998,,,0.4944,0.5056,,True,completed
122410_406_0,pkw,26690.0,26772.0,82.0,,433.928,36.0,36.0,46.0,50.27,,,0.439,0.561,,True,completed
168558_425_0,pkw,26605.0,26772.0,167.0,,434.442,65.0,86.0,81.0,133.869,,,0.515,0.485,,True,completed
181412_431_0,pkw,26610.0,26774.0,164.0,,444.26,65.0,85.0,79.0,130.724,,,0.5183,0.4817,,True,completed
194707_436_0,pkw,26692.0,26774.0,82.0,,430.313,32.0,32.0,50.0,49.342,,,0.3902,0.6098,,True,completed
133105_410_0,pkw,26683.0,26775.0,92.0,,446.682,41.0,41.0,51.0,59.985,,,0.4457,0.5543,,True,completed
186689_432_0,pkw,26688.0,26776.0,88.0,,449.613,36.0,36.0,52.0,57.52,,,0.4091,0.5909,,True,completed
211553_442_0,pkw,26694.0,26776.0,82.0,,436.993,32.0,32.0,50.0,55.877,,,0.3902,0.6098,,True,completed
214993_445_0,pkw,26631.0,26776.0,145.0,,446.518,62.0,66.0,79.0,117.407,,,0.4552,0.5448,,True,completed
124332_406_0,pkw,26696.0,26777.0,81.0,,429.28,29.0,29.0,52.0,52.579,,,0.358,0.642,,True,completed
191612_435_0,pkw,26746.0,26789.0,43.0,,429.26,7.0,7.0,36.0,14.824,,,0.1628,0.8372,,True,completed
193510_435_0,pkw,26732.0,26791.0,59.0,,191.221,33.0,33.0,26.0,48.648,,,0.5593,0.4407,,True,completed
155897_420_0,pkw,26735.0,26792.0,57.0,,183.047,29.0,29.0,28.0,47.757,,,0.5088,0.4912,,True,completed
167910_425_0,pkw,26750.0,26794.0,44.0,,429.232,3.0,3.0,41.0,10.461,,,0.0682,0.9318,,True,completed
155279_420_0,pkw,26745.0,26795.0,50.0,,201.881,25.0,25.0,25.0,38.027,,,0.5,0.5,,True,completed
159086_421_0,pkw,26766.0,26796.0,30.0,,439.038,0.0,0.0,30.0,1.05,,,0.0,1.0,,True,completed
187195_433_0,pkw,26757.0,26796.0,39.0,,190.767,14.0,15.0,24.0,28.914,,,0.3846,0.6154,,True,completed
192452_435_0,pkw,26764.0,26798.0,34.0,,432.547,0.0,0.0,34.0,2.63,,,0.0,1.0,,True,completed
202707_439_0,pkw,26756.0,26798.0,42.0,,430.025,0.0,1.0,41.0,5.464,,,0.0238,0.9762,,True,completed
114619_403_0,pkw,26723.0,26800.0,77.0,,393.706,25.0,25.0,52.0,53.185,,,0.3247,0.6753,,True,completed
166951_424_0,pkw,26726.0,26802.0,76.0,,397.63,24.0,24.0,52.0,50.479,,,0.3158,0.6842,,True,completed
169627_426_0,pkw,26729.0,26805.0,76.0,,393.798,25.0,25.0,51.0,52.989,,,0.3289,0.6711,,True,completed
151053_418_0,pkw,26690.0,26808.0,118.0,,439.578,55.0,64.0,54.0,91.011,,,0.5424,0.4576,,True,completed
220505_447_0,pkw,26743.0,26809.0,66.0,,398.857,20.0,20.0,46.0,39.251,,,0.303,0.697,,True,completed
103034_397_0,pkw,26696.0,26811.0,115.0,,431.077,53.0,53.0,62.0,81.28,,,0.4609,0.5391,,True,completed
71443_383_0,pkw,26633.0,26811.0,178.0,,445.651,72.0,93.0,85.0,142.42,,,0.5225,0.4775,,True,completed
157683_421_0,pkw,26635.0,26812.0,177.0,,436.416,70.0,90.0,87.0,143.754,,,0.5085,0.4915,,True,completed
160692_421_0,pkw,26695.0,26812.0,117.0,,444.75,51.0,59.0,58.0,86.522,,,0.5043,0.4957,,True,completed
182832_431_0,pkw,26690.0,26813.0,123.0,,427.868,50.0,53.0,70.0,86.194,,,0.4309,0.5691,,True,completed
190466_434_0,pkw,26637.0,26814.0,177.0,,444.633,67.0,86.0,91.0,146.085,,,0.4859,0.5141,,True,completed
208939_441_0,pkw,26688.0,26815.0,127.0,,432.788,50.0,58.0,69.0,95.738,,,0.4567,0.5433,,True,completed
157491_421_0,pkw,26641.0,26816.0,175.0,,444.014,65.0,85.0,90.0,141.072,,,0.4857,0.5143,,True,completed
182185_431_0,pkw,26707.0,26816.0,109.0,,425.128,48.0,48.0,61.0,78.474,,,0.4404,0.5596,,True,completed
185014_431_0,pkw,26698.0,26818.0,120.0,,450.638,51.0,56.0,64.0,85.017,,,0.4667,0.5333,,True,completed
200836_437_0,pkw,26709.0,26818.0,109.0,,450.569,48.0,48.0,61.0,76.777,,,0.4404,0.5596,,True,completed
196884_436_0,pkw,26703.0,26819.0,116.0,,453.402,47.0,52.0,64.0,83.608,,,0.4483,0.5517,,True,completed
123465_406_0,pkw,26700.0,26821.0,121.0,,446.338,50.0,55.0,66.0,84.489,,,0.4545,0.5455,,True,completed
137085_412_0,pkw,26745.0,26827.0,82.0,,674.166,10.0,10.0,72.0,37.379,,,0.122,0.878,,True,completed
189975_434_0,pkw,26733.0,26827.0,94.0,,669.549,21.0,21.0,73.0,42.414,,,0.2234,0.7766,,True,completed
141293_415_0,pkw,26797.0,26831.0,34.0,,195.313,15.0,15.0,19.0,24.154,,,0.4412,0.5588,,True,completed
166525_424_0,pkw,26768.0,26832.0,64.0,,431.405,26.0,26.0,38.0,32.904,,,0.4062,0.5938,,True,completed
194522_436_0,pkw,26800.0,26833.0,33.0,,201.395,13.0,13.0,20.0,22.535,,,0.3939,0.6061,,True,completed
175425_428_0,pkw,26805.0,26834.0,29.0,,166.756,7.0,7.0,22.0,19.119,,,0.2414,0.7586,,True,completed
169718_426_0,pkw,26773.0,26835.0,62.0,,435.788,19.0,19.0,43.0,27.452,,,0.3065,0.6935,,True,completed
198484_436_0,pkw,26809.0,26836.0,27.0,,196.127,5.0,5.0,22.0,17.346,,,0.1852,0.8148,,True,completed
215436_445_0,pkw,26781.0,26836.0,55.0,,436.871,10.0,11.0,44.0,21.179,,,0.2,0.8,,True,completed
191999_435_0,pkw,26748.0,26842.0,94.0,,409.084,36.0,36.0,58.0,66.418,,,0.383,0.617,,True,completed
212455_443_0,pkw,26757.0,26843.0,86.0,,399.26,30.0,30.0,56.0,59.638,,,0.3488,0.6512,,True,completed
182162_431_0,pkw,26712.0,26850.0,138.0,,424.318,71.0,73.0,65.0,108.025,,,0.529,0.471,,True,completed
206619_440_0,pkw,26643.0,26850.0,207.0,,430.276,73.0,112.0,95.0,173.625,,,0.5411,0.4589,,True,completed
116480_404_0,pkw,26710.0,26852.0,142.0,,429.393,68.0,71.0,71.0,110.395,,,0.5,0.5,,True,completed
161240_421_0,pkw,26708.0,26852.0,144.0,,452.418,50.0,72.0,72.0,113.751,,,0.5,0.5,,True,completed
88877_391_0,pkw,26648.0,26852.0,204.0,,439.873,72.0,112.0,92.0,174.219,,,0.549,0.451,,True,completed
156877_421_0,pkw,26650.0,26854.0,204.0,,445.757,67.0,108.0,96.0,171.499,,,0.5294,0.4706,,True,completed
175971_428_0,pkw,26720.0,26854.0,134.0,,442.147,48.0,68.0,66.0,102.826,,,0.5075,0.4925,,True,completed
196620_436_0,pkw,26705.0,26854.0,149.0,,448.336,51.0,78.0,71.0,113.342,,,0.5235,0.4765,,True,completed
197962_436_0,pkw,26712.0,26855.0,143.0,,430.842,66.0,71.0,72.0,104.66,,,0.4965,0.5035,,True,completed
214628_444_0,pkw,26666.0,26855.0,189.0,,431.923,67.0,100.0,89.0,154.539,,,0.5291,0.4709,,True,completed
178677_430_0,pkw,26743.0,26857.0,114.0,,433.94,52.0,52.0,62.0,84.1,,,0.4561,0.5439,,True,completed
190330_434_0,pkw,26725.0,26857.0,132.0,,446.829,48.0,68.0,64.0,98.957,,,0.5152,0.4848,,True,completed
204162_439_0,pkw,26668.0,26857.0,189.0,,441.739,67.0,99.0,90.0,158.733,,,0.5238,0.4762,,True,completed
172890_426_0,pkw,26756.0,26858.0,102.0,,426.101,45.0,45.0,57.0,72.322,,,0.4412,0.5588,,True,completed
159356_421_0,pkw,26727.0,26860.0,133.0,,449.587,47.0,66.0,67.0,98.738,,,0.4962,0.5038,,True,completed
194810_436_0,pkw,26843.0,26871.0,28.0,,178.454,8.0,8.0,20.0,16.137,,,0.2857,0.7143,,True,completed
170713_426_0,pkw,26813.0,26877.0,64.0,,434.108,20.0,20.0,44.0,27.274,,,0.3125,0.6875,,True,completed
216529_445_0,pkw,26868.0,26880.0,12.0,,178.546,0.0,0.0,12.0,0.445,,,0.0,1.0,,True,completed
123117_406_0,pkw,26671.0,26890.0,219.0,,433.609,73.0,123.0,96.0,191.331,,,0.5616,0.4384,,True,completed
156181_420_0,pkw,26774.0,26891.0,117.0,,429.311,56.0,56.0,61.0,81.866,,,0.4786,0.5214,,True,completed
155886_420_0,pkw,26673.0,26893.0,220.0,,438.452,68.0,119.0,101.0,189.896,,,0.5409,0.4591,,True,completed
188297_433_0,pkw,26778.0,26893.0,115.0,,432.169,53.0,53.0,62.0,84.334,,,0.4609,0.5391,,True,completed
175062_428_0,pkw,26840.0,26894.0,54.0,,671.538,0.0,0.0,54.0,7.842,,,0.0,1.0,,True,completed
147632_416_0,pkw,26780.0,26895.0,115.0,,436.145,50.0,50.0,65.0,83.583,,,0.4348,0.5652,,True,completed
214401_444_0,pkw,26675.0,26895.0,220.0,,446.366,66.0,116.0,104.0,189.488,,,0.5273,0.4727,,True,completed
141566_415_0,pkw,26786.0,26896.0,110.0,,428.146,47.0,47.0,63.0,79.302,,,0.4273,0.5727,,True,completed
174566_427_0,pkw,26730.0,26896.0,166.0,,448.107,48.0,90.0,76.0,128.991,,,0.5422,0.4578,,True,completed
188593_434_0,pkw,26677.0,26896.0,219.0,,435.298,66.0,115.0,104.0,189.391,,,0.5251,0.4749,,True,completed
191154_435_0,pkw,26845.0,26896.0,51.0,,678.974,0.0,0.0,51.0,8.244,,,0.0,1.0,,True,completed
171430_426_0,pkw,26737.0,26898.0,161.0,,451.587,47.0,87.0,74.0,126.296,,,0.5404,0.4596,,True,completed
207739_441_0,pkw,26761.0,26899.0,138.0,,451.6,46.0,68.0,70.0,103.232,,,0.4928,0.5072,,True,completed
167028_424_0,pkw,26847.0,26900.0,53.0,,670.048,0.0,0.0,53.0,4.945,,,0.0,1.0,,True,completed
121000_405_0,pkw,26850.0,26902.0,52.0,,676.385,0.0,0.0,52.0,8.999,,,0.0,1.0,,True,completed
202599_439_0,pkw,26763.0,26903.0,140.0,,449.62,45.0,67.0,73.0,100.963,,,0.4786,0.5214,,True,completed
134028_411_0,pkw,26766.0,26905.0,139.0,,452.527,43.0,64.0,75.0,101.578,,,0.4604,0.5396,,True,completed
210474_441_0,pkw,26876.0,26911.0,35.0,,200.934,16.0,16.0,19.0,25.09,,,0.4571,0.5429,,True,completed
187712_433_0,pkw,26883.0,26912.0,29.0,,188.063,6.0,6.0,23.0,18.181,,,0.2069,0.7931,,True,completed
194757_436_0,pkw,26852.0,26912.0,60.0,,680.802,0.0,0.0,60.0,5.073,,,0.0,1.0,,True,completed
210786_442_0,pkw,26852.0,26913.0,61.0,,436.574,22.0,22.0,39.0,28.945,,,0.3607,0.6393,,True,completed
128880_408_0,pkw,26898.0,26914.0,16.0,,195.597,0.0,1.0,15.0,5.669,,,0.0625,0.9375,,True,completed
154050_420_0,pkw,26884.0,26917.0,33.0,,431.641,0.0,0.0,33.0,1.347,,,0.0,1.0,,True,completed
212566_443_0,pkw,26864.0,26924.0,60.0,,406.44,16.0,16.0,44.0,34.128,,,0.2667,0.7333,,True,completed
199431_437_0,pkw,26679.0,26930.0,251.0,,431.402,72.0,139.0,112.0,220.0,,,0.5538,0.4462,,True,completed
210113_441_0,pkw,26805.0,26930.0,125.0,,436.575,68.0,68.0,57.0,94.343,,,0.544,0.456,,True,completed
110984_401_0,pkw,26682.0,26932.0,250.0,,441.976,69.0,138.0,112.0,219.766,,,0.552,0.448,,True,completed
155322_420_0,pkw,26769.0,26932.0,163.0,,453.59,48.0,92.0,71.0,130.388,,,0.5644,0.4356,,True,completed
178732_430_0,pkw,26808.0,26932.0,124.0,,428.816,66.0,66.0,58.0,92.485,,,0.5323,0.4677,,True,completed
170018_426_0,pkw,26684.0,26934.0,250.0,,444.925,66.0,135.0,115.0,219.174,,,0.54,0.46,,True,completed
198123_436_0,pkw,26803.0,26934.0,131.0,,444.59,46.0,66.0,65.0,99.836,,,0.5038,0.4962,,True,completed
207244_441_0,pkw,26686.0,26935.0,249.0,,434.147,67.0,138.0,111.0,219.562,,,0.5542,0.4458,,True,completed
139806_413_0,pkw,26807.0,26936.0,129.0,,428.513,58.0,58.0,71.0,85.146,,,0.4496,0.5504,,True,completed
160263_421_0,pkw,26805.0,26937.0,132.0,,450.203,47.0,66.0,66.0,100.077,,,0.5,0.5,,True,completed
195523_436_0,pkw,26692.0,26937.0,245.0,,438.049,65.0,125.0,120.0,212.536,,,0.5102,0.4898,,True,completed
206637_440_0,pkw,26800.0,26937.0,137.0,,449.858,48.0,69.0,68.0,99.873,,,0.5036,0.4964,,True,completed
95804_394_0,pkw,26840.0,26938.0,98.0,,430.326,40.0,40.0,58.0,62.166,,,0.4082,0.5918,,True,completed
106515_399_0,pkw,26807.0,26939.0,132.0,,448.225,45.0,64.0,68.0,99.786,,,0.4848,0.5152,,True,completed
154737_420_0,pkw,26854.0,26939.0,85.0,,678.581,20.0,20.0,65.0,38.527,,,0.2353,0.7647,,True,completed
122002_406_0,pkw,26846.0,26940.0,94.0,,434.512,39.0,39.0,55.0,62.095,,,0.4149,0.5851,,True,completed
101804_396_0,pkw,26857.0,26941.0,84.0,,673.685,19.0,19.0,65.0,36.922,,,0.2262,0.7738,,True,completed
213502_444_0,pkw,26909.0,26945.0,36.0,,162.252,12.0,13.0,23.0,26.243,,,0.3611,0.6389,,True,completed
110934_401_0,pkw,26859.0,26946.0,87.0,,681.092,17.0,17.0,70.0,34.548,,,0.1954,0.8046,,True,completed
154918_420_0,pkw,26902.0,26949.0,47.0,,427.262,12.0,12.0,35.0,19.455,,,0.2553,0.7447,,True,completed
131229_409_0,pkw,26896.0,26951.0,55.0,,434.948,18.0,18.0,37.0,23.937,,,0.3273,0.6727,,True,completed
163484_422_0,pkw,26924.0,26951.0,27.0,,171.514,6.0,6.0,21.0,13.707,,,0.2222,0.7778,,True,completed
161064_421_0,pkw,26927.0,26953.0,26.0,,191.902,5.0,5.0,21.0,14.12,,,0.1923,0.8077,,True,completed
159074_421_0,pkw,26919.0,26955.0,36.0,,434.189,0.0,1.0,35.0,4.926,,,0.0278,0.9722,,True,completed
72437_384_0,pkw,26936.0,26955.0,19.0,,193.398,0.0,1.0,18.0,9.014,,,0.0526,0.9474,,True,completed
139390_413_0,pkw,26905.0,26958.0,53.0,,432.928,6.0,7.0,46.0,16.084,,,0.1321,0.8679,,True,completed
163968_422_0,pkw,26941.0,26958.0,17.0,,177.136,0.0,0.0,17.0,2.443,,,0.0,1.0,,True,completed
232267_451_0,pkw,26924.0,26964.0,40.0,,424.488,4.0,4.0,36.0,12.157,,,0.1,0.9,,True,completed
170886_426_0,pkw,26849.0,26970.0,121.0,,431.48,65.0,65.0,56.0,89.072,,,0.5372,0.4628,,True,completed
196643_436_0,pkw,26694.0,26970.0,276.0,,431.449,72.0,145.0,131.0,246.897,,,0.5254,0.4746,,True,completed
133941_411_0,pkw,26859.0,26971.0,112.0,,423.4,54.0,54.0,58.0,82.491,,,0.4821,0.5179,,True,completed
108941_400_0,pkw,26698.0,26972.0,274.0,,440.29,71.0,145.0,129.0,242.703,,,0.5292,0.4708,,True,completed
126682_407_0,pkw,26811.0,26972.0,161.0,,451.169,49.0,89.0,72.0,128.765,,,0.5528,0.4472,,True,completed
157721_421_0,pkw,26840.0,26972.0,132.0,,442.374,48.0,69.0,63.0,102.557,,,0.5227,0.4773,,True,completed
208367_441_0,pkw,26700.0,26973.0,273.0,,430.718,70.0,143.0,130.0,244.049,,,0.5238,0.4762,,True,completed
180060_430_0,pkw,26845.0,26974.0,129.0,,446.781,46.0,66.0,63.0,101.64,,,0.5116,0.4884,,True,completed
95956_394_0,pkw,26861.0,26974.0,113.0,,430.315,52.0,52.0,61.0,79.42,,,0.4602,0.5398,,True,completed
198226_436_0,pkw,26702.0,26975.0,273.0,,439.082,67.0,139.0,134.0,244.573,,,0.5092,0.4908,,True,completed
173161_427_0,pkw,26843.0,26976.0,133.0,,452.09,46.0,66.0,67.0,100.715,,,0.4962,0.5038,,True,completed
134334_411_0,pkw,26704.0,26977.0,273.0,,431.775,64.0,138.0,135.0,236.499,,,0.5055,0.4945,,True,completed
203534_439_0,pkw,26881.0,26983.0,102.0,,428.156,46.0,46.0,56.0,74.238,,,0.451,0.549,,True,completed
208970_441_0,pkw,26865.0,26983.0,118.0,,455.811,49.0,49.0,69.0,82.432,,,0.4153,0.5847,,True,completed
241064_452_0,pkw,26954.0,26989.0,35.0,,157.625,11.0,11.0,24.0,24.235,,,0.3143,0.6857,,True,completed
163834_422_0,pkw,26956.0,26991.0,35.0,,163.387,7.0,7.0,28.0,25.492,,,0.2,0.8,,True,completed
132666_410_0,pkw,26946.0,26993.0,47.0,,189.145,27.0,27.0,20.0,36.404,,,0.5745,0.4255,,True,completed
159582_421_0,pkw,26932.0,26993.0,61.0,,428.503,21.0,21.0,40.0,28.19,,,0.3443,0.6557,,True,completed
198716_436_0,pkw,26928.0,26994.0,66.0,,438.985,26.0,26.0,40.0,32.519,,,0.3939,0.6061,,True,completed
196189_436_0,pkw,26938.0,26995.0,57.0,,435.366,15.0,15.0,42.0,25.421,,,0.2632,0.7368,,True,completed
196663_436_0,pkw,26948.0,26995.0,47.0,,193.787,26.0,26.0,21.0,36.812,,,0.5532,0.4468,,True,completed
175142_428_0,pkw,26956.0,26997.0,41.0,,197.203,15.0,16.0,25.0,31.582,,,0.3902,0.6098,,True,completed
181724_431_0,pkw,26934.0,26997.0,63.0,,430.704,20.0,20.0,43.0,27.653,,,0.3175,0.6825,,True,completed
160192_421_0,pkw,26951.0,26999.0,48.0,,428.151,2.0,3.0,45.0,12.339,,,0.0625,0.9375,,True,completed
113797_402_0,pkw,26937.0,27000.0,63.0,,438.925,17.0,17.0,46.0,26.07,,,0.2698,0.7302,,True,completed
211678_442_0,pkw,26964.0,27001.0,37.0,,432.416,0.0,0.0,37.0,5.419,,,0.0,1.0,,True,completed
163067_422_0,pkw,26883.0,27010.0,127.0,,431.852,69.0,69.0,58.0,97.694,,,0.5433,0.4567,,True,completed
208574_441_0,pkw,26707.0,27011.0,304.0,,441.593,72.0,162.0,142.0,271.846,,,0.5329,0.4671,,True,completed
237623_451_0,pkw,26907.0,27011.0,104.0,,423.973,46.0,46.0,58.0,73.886,,,0.4423,0.5577,,True,completed
176125_428_0,pkw,26848.0,27012.0,164.0,,449.598,53.0,94.0,70.0,131.84,,,0.5732,0.4268,,True,completed
202155_438_0,pkw,26851.0,27012.0,161.0,,443.97,53.0,94.0,67.0,130.835,,,0.5839,0.4161,,True,completed
164904_423_0,pkw,26725.0,27013.0,288.0,,444.643,69.0,159.0,129.0,255.189,,,0.5521,0.4479,,True,completed
180063_430_0,pkw,26880.0,27013.0,133.0,,440.756,51.0,71.0,62.0,105.088,,,0.5338,0.4662,,True,completed
243360_452_0,pkw,26909.0,27014.0,105.0,,434.86,45.0,45.0,60.0,71.926,,,0.4286,0.5714,,True,completed
85432_390_0,pkw,26732.0,27014.0,282.0,,435.578,66.0,147.0,135.0,254.641,,,0.5213,0.4787,,True,completed
170798_426_0,pkw,26734.0,27016.0,282.0,,445.279,64.0,145.0,137.0,252.168,,,0.5142,0.4858,,True,completed
227412_450_0,pkw,26915.0,27016.0,101.0,,428.286,43.0,43.0,58.0,64.953,,,0.4257,0.5743,,True,completed
194474_436_0,pkw,26883.0,27019.0,136.0,,445.12,50.0,70.0,66.0,101.594,,,0.5147,0.4853,,True,completed
117057_404_0,pkw,26961.0,27020.0,59.0,,673.124,3.0,3.0,56.0,15.408,,,0.0508,0.9492,,True,completed
246556_455_0,pkw,26981.0,27022.0,41.0,,163.798,17.0,17.0,24.0,29.995,,,0.4146,0.5854,,True,completed
80266_388_0,pkw,26967.0,27025.0,58.0,,676.935,0.0,0.0,58.0,7.71,,,0.0,1.0,,True,completed
164638_422_0,pkw,26961.0,27031.0,70.0,,189.201,42.0,42.0,28.0,58.127,,,0.6,0.4,,True,completed
139333_413_0,pkw,26971.0,27032.0,61.0,,429.765,22.0,22.0,39.0,29.746,,,0.3607,0.6393,,True,completed
170536_426_0,pkw,26963.0,27032.0,69.0,,170.879,39.0,39.0,30.0,59.083,,,0.5652,0.4348,,True,completed
178338_430_0,pkw,26968.0,27034.0,66.0,,437.095,26.0,26.0,40.0,32.906,,,0.3939,0.6061,,True,completed
181651_431_0,pkw,26968.0,27034.0,66.0,,189.455,35.0,35.0,31.0,54.828,,,0.5303,0.4697,,True,completed
232545_451_0,pkw,26978.0,27034.0,56.0,,437.247,14.0,15.0,41.0,26.489,,,0.2679,0.7321,,True,completed
148517_417_0,pkw,26978.0,27035.0,57.0,,428.956,13.0,14.0,43.0,25.32,,,0.2456,0.7544,,True,completed
210323_441_0,pkw,26970.0,27036.0,66.0,,198.757,33.0,33.0,33.0,54.451,,,0.5,0.5,,True,completed
214606_444_0,pkw,26972.0,27037.0,65.0,,189.047,31.0,31.0,34.0,54.102,,,0.4769,0.5231,,True,completed
188043_433_0,pkw,26737.0,27050.0,313.0,,430.972,73.0,177.0,136.0,282.646,,,0.5655,0.4345,,True,completed
166496_424_0,pkw,26885.0,27051.0,166.0,,452.872,54.0,97.0,69.0,135.301,,,0.5843,0.4157,,True,completed
217911_446_0,pkw,26913.0,27051.0,138.0,,432.194,68.0,70.0,68.0,101.411,,,0.5072,0.4928,,True,completed
160346_421_0,pkw,26887.0,27052.0,165.0,,451.827,52.0,94.0,71.0,135.189,,,0.5697,0.4303,,True,completed
181649_431_0,pkw,26743.0,27052.0,309.0,,439.857,72.0,164.0,145.0,276.081,,,0.5307,0.4693,,True,completed
169017_425_0,pkw,26917.0,27053.0,136.0,,436.354,67.0,69.0,67.0,100.083,,,0.5074,0.4926,,True,completed
199254_437_0,pkw,26809.0,27053.0,244.0,,432.234,71.0,131.0,113.0,213.936,,,0.5369,0.4631,,True,completed
220192_447_0,pkw,26928.0,27054.0,126.0,,430.34,66.0,66.0,60.0,90.602,,,0.5238,0.4762,,True,completed
210539_441_0,pkw,26812.0,27055.0,243.0,,432.96,66.0,123.0,120.0,211.413,,,0.5062,0.4938,,True,completed
162885_422_0,pkw,26920.0,27056.0,136.0,,443.23,50.0,71.0,65.0,105.406,,,0.5221,0.4779,,True,completed
181759_431_0,pkw,26891.0,27056.0,165.0,,446.261,52.0,91.0,74.0,132.109,,,0.5515,0.4485,,True,completed
196579_436_0,pkw,26815.0,27057.0,242.0,,442.766,64.0,121.0,121.0,209.053,,,0.5,0.5,,True,completed
185414_432_0,pkw,26934.0,27058.0,124.0,,459.509,58.0,58.0,66.0,89.507,,,0.4677,0.5323,,True,completed
86811_391_0,pkw,26923.0,27058.0,135.0,,453.154,50.0,70.0,65.0,107.109,,,0.5185,0.4815,,True,completed
210566_441_0,pkw,26941.0,27060.0,119.0,,458.128,51.0,51.0,68.0,81.686,,,0.4286,0.5714,,True,completed
108921_400_0,pkw,26959.0,27061.0,102.0,,450.549,44.0,44.0,58.0,70.046,,,0.4314,0.5686,,True,completed
211449_442_0,pkw,27036.0,27071.0,35.0,,427.398,0.0,0.0,35.0,2.275,,,0.0,1.0,,True,completed
216812_446_0,pkw,26977.0,27071.0,94.0,,199.636,54.0,54.0,40.0,83.052,,,0.5745,0.4255,,True,completed
191882_435_0,pkw,26982.0,27072.0,90.0,,170.013,47.0,47.0,43.0,80.598,,,0.5222,0.4778,,True,completed
209806_441_0,pkw,26987.0,27074.0,87.0,,191.78,47.0,47.0,40.0,77.806,,,0.5402,0.4598,,True,completed
173301_427_0,pkw,26992.0,27077.0,85.0,,188.197,43.0,43.0,42.0,74.459,,,0.5059,0.4941,,True,completed
192098_435_0,pkw,26989.0,27077.0,88.0,,175.539,45.0,45.0,43.0,76.006,,,0.5114,0.4886,,True,completed
153986_420_0,pkw,26925.0,27089.0,164.0,,441.403,53.0,95.0,69.0,134.931,,,0.5793,0.4207,,True,completed
140723_414_0,pkw,26843.0,27090.0,247.0,,429.93,72.0,137.0,110.0,214.104,,,0.5547,0.4453,,True,completed
209415_441_0,pkw,26961.0,27090.0,129.0,,426.505,69.0,70.0,59.0,99.59,,,0.5426,0.4574,,True,completed
157832_421_0,pkw,26859.0,27092.0,233.0,,435.658,70.0,125.0,108.0,198.033,,,0.5365,0.4635,,True,completed
193423_435_0,pkw,27078.0,27092.0,14.0,,146.406,0.0,1.0,13.0,3.061,,,0.0714,0.9286,,True,completed
234642_451_0,pkw,26977.0,27092.0,115.0,,424.859,57.0,57.0,58.0,84.373,,,0.4957,0.5043,,True,completed
159817_421_0,pkw,26864.0,27094.0,230.0,,446.738,67.0,127.0,103.0,203.058,,,0.5522,0.4478,,True,completed
204936_440_0,pkw,27038.0,27094.0,56.0,,426.065,15.0,16.0,40.0,25.911,,,0.2857,0.7143,,True,completed
120342_405_0,pkw,26866.0,27095.0,229.0,,436.71,66.0,123.0,106.0,195.747,,,0.5371,0.4629,,True,completed
120762_405_0,pkw,26963.0,27096.0,133.0,,428.537,65.0,66.0,67.0,103.537,,,0.4962,0.5038,,True,completed
93088_392_0,pkw,26931.0,27096.0,165.0,,443.061,47.0,87.0,78.0,132.111,,,0.5273,0.4727,,True,completed
126262_407_0,pkw,27040.0,27098.0,58.0,,464.878,13.0,13.0,45.0,28.26,,,0.2241,0.7759,,True,completed
172767_426_0,pkw,26927.0,27098.0,171.0,,451.657,48.0,92.0,79.0,133.693,,,0.538,0.462,,True,completed
173131_427_0,pkw,26964.0,27098.0,134.0,,450.331,45.0,67.0,67.0,105.115,,,0.5,0.5,,True,completed
121822_406_0,pkw,27072.0,27100.0,28.0,,155.422,7.0,7.0,21.0,18.284,,,0.25,0.75,,True,completed
133168_410_0,pkw,26961.0,27100.0,139.0,,447.319,46.0,67.0,72.0,103.373,,,0.482,0.518,,True,completed
140825_414_0,pkw,27084.0,27102.0,18.0,,153.653,2.0,2.0,16.0,8.997,,,0.1111,0.8889,,True,completed
87716_391_0,pkw,27088.0,27104.0,16.0,,158.866,0.0,0.0,16.0,4.395,,,0.0,1.0,,True,completed
227362_450_0,pkw,27094.0,27106.0,12.0,,160.597,0.0,0.0,12.0,0.735,,,0.0,1.0,,True,completed
117603_404_0,pkw,27099.0,27109.0,10.0,,181.958,0.0,0.0,10.0,0.775,,,0.0,1.0,,True,completed
207293_441_0,pkw,27096.0,27109.0,13.0,,152.54,0.0,0.0,13.0,3.319,,,0.0,1.0,,True,completed
146107_416_0,pkw,27050.0,27112.0,62.0,,435.693,24.0,24.0,38.0,30.632,,,0.3871,0.6129,,True,completed
114809_403_0,pkw,27004.0,27113.0,109.0,,196.715,69.0,70.0,39.0,98.344,,,0.6422,0.3578,,True,completed
170350_426_0,pkw,27007.0,27115.0,108.0,,195.177,66.0,66.0,42.0,97.401,,,0.6111,0.3889,,True,completed
141728_415_0,pkw,27010.0,27117.0,107.0,,175.175,62.0,62.0,45.0,94.692,,,0.5794,0.4206,,True,completed
163022_422_0,pkw,27026.0,27118.0,92.0,,198.019,49.0,49.0,43.0,82.256,,,0.5326,0.4674,,True,completed
174195_427_0,pkw,27028.0,27120.0,92.0,,173.695,47.0,47.0,45.0,79.392,,,0.5109,0.4891,,True,completed
170927_426_0,pkw,27031.0,27121.0,90.0,,195.248,47.0,47.0,43.0,80.525,,,0.5222,0.4778,,True,completed
187528_433_0,pkw,27040.0,27123.0,83.0,,199.426,42.0,42.0,41.0,72.272,,,0.506,0.494,,True,completed
164329_422_0,pkw,27088.0,27129.0,41.0,,427.478,0.0,0.0,41.0,3.523,,,0.0,1.0,,True,completed
119542_405_0,pkw,27111.0,27130.0,19.0,,240.157,0.0,0.0,19.0,0.823,,,0.0,1.0,,True,completed
229922_450_0,pkw,26966.0,27130.0,164.0,,437.627,71.0,90.0,74.0,128.371,,,0.5488,0.4512,,True,completed
154637_420_0,pkw,27001.0,27132.0,131.0,,442.985,47.0,68.0,63.0,103.076,,,0.5191,0.4809,,True,completed
216790_446_0,pkw,26975.0,27132.0,157.0,,444.696,69.0,86.0,71.0,122.354,,,0.5478,0.4522,,True,completed
217758_446_0,pkw,26985.0,27133.0,148.0,,434.647,69.0,79.0,69.0,117.04,,,0.5338,0.4662,,True,completed
98170_395_0,pkw,26966.0,27133.0,167.0,,450.029,48.0,91.0,76.0,133.509,,,0.5449,0.4551,,True,completed
139115_413_0,pkw,27117.0,27134.0,17.0,,248.874,0.0,0.0,17.0,0.506,,,0.0,1.0,,True,completed
153308_420_0,pkw,26969.0,27134.0,165.0,,441.963,45.0,89.0,76.0,132.38,,,0.5394,0.4606,,True,completed
171107_426_0,pkw,27117.0,27134.0,17.0,,158.8,0.0,0.0,17.0,8.491,,,0.0,1.0,,True,completed
201205_438_0,pkw,27036.0,27135.0,99.0,,437.764,45.0,46.0,53.0,69.654,,,0.4646,0.5354,,True,completed
174449_427_0,pkw,27004.0,27136.0,132.0,,442.007,45.0,66.0,66.0,100.846,,,0.5,0.5,,True,completed
182808_431_0,pkw,27119.0,27136.0,17.0,,168.797,0.0,0.0,17.0,7.388,,,0.0,1.0,,True,completed
184032_431_0,pkw,27039.0,27136.0,97.0,,429.419,45.0,45.0,52.0,66.976,,,0.4639,0.5361,,True,completed
179071_430_0,pkw,27120.0,27137.0,17.0,,155.132,0.0,0.0,17.0,7.347,,,0.0,1.0,,True,completed
168384_425_0,pkw,27007.0,27139.0,132.0,,447.207,42.0,64.0,68.0,99.702,,,0.4848,0.5152,,True,completed
127605_407_0,pkw,27136.0,27150.0,14.0,,168.829,0.0,0.0,14.0,3.763,,,0.0,1.0,,True,completed
190778_435_0,pkw,27043.0,27153.0,110.0,,201.638,63.0,63.0,47.0,99.026,,,0.5727,0.4273,,True,completed
156205_420_0,pkw,27045.0,27154.0,109.0,,193.339,58.0,58.0,51.0,98.428,,,0.5321,0.4679,,True,completed
67327_380_0,pkw,27107.0,27154.0,47.0,,189.278,24.0,24.0,23.0,31.608,,,0.5106,0.4894,,True,completed
185184_432_0,pkw,27051.0,27157.0,106.0,,172.653,57.0,57.0,49.0,94.536,,,0.5377,0.4623,,True,completed
195513_436_0,pkw,27048.0,27158.0,110.0,,193.569,60.0,60.0,50.0,99.341,,,0.5455,0.4545,,True,completed
79749_387_0,pkw,27155.0,27167.0,12.0,,180.69,0.0,0.0,12.0,1.515,,,0.0,1.0,,True,completed
129789_409_0,pkw,27009.0,27169.0,160.0,,441.193,53.0,92.0,68.0,131.081,,,0.575,0.425,,True,completed
246126_454_0,pkw,27082.0,27170.0,88.0,,435.963,34.0,34.0,54.0,49.878,,,0.3864,0.6136,,True,completed
118972_405_0,pkw,27041.0,27171.0,130.0,,444.567,51.0,69.0,61.0,100.874,,,0.5308,0.4692,,True,completed
93058_392_0,pkw,27113.0,27171.0,58.0,,432.001,18.0,18.0,40.0,25.764,,,0.3103,0.6897,,True,completed
166016_424_0,pkw,27113.0,27172.0,59.0,,429.934,18.0,18.0,41.0,26.057,,,0.3051,0.6949,,True,completed
173222_427_0,pkw,27046.0,27172.0,126.0,,452.996,49.0,65.0,61.0,99.907,,,0.5159,0.4841,,True,completed
228492_450_0,pkw,27117.0,27173.0,56.0,,437.188,14.0,14.0,42.0,24.961,,,0.25,0.75,,True,completed
212294_442_0,pkw,27121.0,27177.0,56.0,,681.647,0.0,0.0,56.0,9.87,,,0.0,1.0,,True,completed
240182_452_0,pkw,27043.0,27178.0,135.0,,444.361,48.0,65.0,70.0,99.485,,,0.4815,0.5185,,True,completed
124915_406_0,pkw,27149.0,27179.0,30.0,,169.263,9.0,9.0,21.0,18.697,,,0.3,0.7,,True,completed
218208_446_0,pkw,27127.0,27179.0,52.0,,669.469,0.0,0.0,52.0,4.87,,,0.0,1.0,,True,completed
142058_415_0,pkw,27048.0,27180.0,132.0,,450.188,45.0,63.0,69.0,98.938,,,0.4773,0.5227,,True,completed
205657_440_0,pkw,27164.0,27182.0,18.0,,156.024,0.0,0.0,18.0,7.415,,,0.0,1.0,,True,completed
111547_401_0,pkw,27115.0,27185.0,70.0,,457.493,16.0,16.0,54.0,28.39,,,0.2286,0.7714,,True,completed
106222_399_0,pkw,27173.0,27186.0,13.0,,168.306,0.0,0.0,13.0,1.0,,,0.0,1.0,,True,completed
209914_441_0,pkw,27081.0,27191.0,110.0,,193.807,66.0,66.0,44.0,98.489,,,0.6,0.4,,True,completed
241202_452_0,pkw,27152.0,27191.0,39.0,,184.25,21.0,21.0,18.0,26.601,,,0.5385,0.4615,,True,completed
138080_412_0,pkw,27161.0,27192.0,31.0,,435.452,0.0,0.0,31.0,1.861,,,0.0,1.0,,True,completed
206794_441_0,pkw,27084.0,27193.0,109.0,,186.244,64.0,64.0,45.0,99.952,,,0.5872,0.4128,,True,completed
195383_436_0,pkw,27086.0,27195.0,109.0,,186.856,62.0,62.0,47.0,99.278,,,0.5688,0.4312,,True,completed
144759_416_0,pkw,27153.0,27196.0,43.0,,427.275,0.0,0.0,43.0,6.98,,,0.0,1.0,,True,completed
167409_425_0,pkw,27088.0,27196.0,108.0,,169.776,62.0,62.0,46.0,96.757,,,0.5741,0.4259,,True,completed
176927_429_0,pkw,27091.0,27198.0,107.0,,174.889,60.0,60.0,47.0,96.664,,,0.5607,0.4393,,True,completed
109219_400_0,pkw,27157.0,27199.0,42.0,,429.812,1.0,2.0,40.0,13.854,,,0.0476,0.9524,,True,completed
81537_389_0,pkw,27122.0,27200.0,78.0,,171.754,39.0,39.0,39.0,66.11,,,0.5,0.5,,True,completed
175826_428_0,pkw,27125.0,27203.0,78.0,,175.697,37.0,37.0,41.0,63.593,,,0.4744,0.5256,,True,completed
171735_426_0,pkw,27127.0,27205.0,78.0,,178.882,39.0,39.0,39.0,63.397,,,0.5,0.5,,True,completed
134619_411_0,pkw,27052.0,27210.0,158.0,,454.004,50.0,87.0,71.0,128.534,,,0.5506,0.4494,,True,completed
131415_410_0,pkw,27170.0,27212.0,42.0,,145.258,24.0,24.0,18.0,32.112,,,0.5714,0.4286,,True,completed
238855_451_0,pkw,27187.0,27214.0,27.0,,138.412,7.0,8.0,19.0,18.176,,,0.2963,0.7037,,True,completed
202533_438_0,pkw,27080.0,27216.0,136.0,,444.566,48.0,68.0,68.0,101.188,,,0.5,0.5,,True,completed
247422_455_0,pkw,27200.0,27216.0,16.0,,148.755,0.0,1.0,15.0,7.253,,,0.0625,0.9375,,True,completed
184360_431_0,pkw,27085.0,27218.0,133.0,,453.881,46.0,65.0,68.0,100.055,,,0.4887,0.5113,,True,completed
133174_410_0,pkw,27088.0,27219.0,131.0,,445.815,45.0,63.0,68.0,101.199,,,0.4809,0.5191,,True,completed
178502_430_0,pkw,27184.0,27219.0,35.0,,102.336,14.0,14.0,21.0,26.466,,,0.4,0.6,,True,completed
204631_440_0,pkw,27083.0,27219.0,136.0,,451.907,48.0,67.0,69.0,100.082,,,0.4926,0.5074,,True,completed
218754_446_0,pkw,27180.0,27220.0,40.0,,153.725,16.0,16.0,24.0,29.891,,,0.4,0.6,,True,completed
212264_442_0,pkw,27186.0,27224.0,38.0,,168.062,11.0,11.0,27.0,26.923,,,0.2895,0.7105,,True,completed
210570_441_0,pkw,27191.0,27226.0,35.0,,165.541,9.0,9.0,26.0,25.021,,,0.2571,0.7429,,True,completed
203334_439_0,pkw,27200.0,27228.0,28.0,,163.284,0.0,1.0,27.0,16.816,,,0.0357,0.9643,,True,completed
217944_446_0,pkw,27186.0,27228.0,42.0,,355.994,8.0,8.0,34.0,16.354,,,0.1905,0.8095,,True,completed
183969_431_0,pkw,27168.0,27230.0,62.0,,435.484,25.0,25.0,37.0,33.886,,,0.4032,0.5968,,True,completed
243650_453_0,pkw,27198.0,27231.0,33.0,,399.863,0.0,0.0,33.0,9.116,,,0.0,1.0,,True,completed
137789_412_0,pkw,27176.0,27232.0,56.0,,432.155,16.0,16.0,40.0,25.139,,,0.2857,0.7143,,True,completed
233726_451_0,pkw,27129.0,27232.0,103.0,,199.81,57.0,57.0,46.0,92.327,,,0.5534,0.4466,,True,completed
217045_446_0,pkw,27196.0,27235.0,39.0,,401.54,0.0,0.0,39.0,12.901,,,0.0,1.0,,True,completed
204511_440_0,pkw,27222.0,27236.0,14.0,,194.203,0.0,0.0,14.0,0.502,,,0.0,1.0,,True,completed
212001_442_0,pkw,27131.0,27238.0,107.0,,174.058,55.0,55.0,52.0,92.723,,,0.514,0.486,,True,completed
175230_428_0,pkw,27134.0,27240.0,106.0,,175.476,53.0,53.0,53.0,94.194,,,0.5,0.5,,True,completed
163068_422_0,pkw,27137.0,27241.0,104.0,,167.459,53.0,53.0,51.0,94.043,,,0.5096,0.4904,,True,completed
172295_426_0,pkw,27161.0,27243.0,82.0,,169.793,38.0,38.0,44.0,69.373,,,0.4634,0.5366,,True,completed
135186_411_0,pkw,27164.0,27246.0,82.0,,201.541,37.0,37.0,45.0,70.036,,,0.4512,0.5488,,True,completed
217993_446_0,pkw,27167.0,27248.0,81.0,,174.701,37.0,37.0,44.0,70.33,,,0.4568,0.5432,,True,completed
249401_456_0,pkw,27185.0,27250.0,65.0,,429.872,28.0,28.0,37.0,33.889,,,0.4308,0.5692,,True,completed
121408_406_0,pkw,27091.0,27251.0,160.0,,445.521,50.0,90.0,70.0,129.475,,,0.5625,0.4375,,True,completed
161173_421_0,pkw,27229.0,27254.0,25.0,,148.249,3.0,4.0,21.0,16.025,,,0.16,0.84,,True,completed
162954_422_0,pkw,27120.0,27255.0,135.0,,441.954,48.0,68.0,67.0,101.124,,,0.5037,0.4963,,True,completed
237305_451_0,pkw,27233.0,27256.0,23.0,,151.071,2.0,2.0,21.0,12.178,,,0.087,0.913,,True,completed
186834_432_0,pkw,27123.0,27257.0,134.0,,446.732,46.0,65.0,69.0,101.465,,,0.4851,0.5149,,True,completed
211867_442_0,pkw,27239.0,27257.0,18.0,,138.771,0.0,0.0,18.0,8.095,,,0.0,1.0,,True,completed
93191_392_0,pkw,27214.0,27258.0,44.0,,458.669,0.0,0.0,44.0,7.919,,,0.0,1.0,,True,completed
168307_425_0,pkw,27125.0,27259.0,134.0,,446.249,46.0,65.0,69.0,100.073,,,0.4851,0.5149,,True,completed
205143_440_0,pkw,27227.0,27259.0,32.0,,164.906,6.0,7.0,25.0,20.307,,,0.2188,0.7812,,True,completed
203962_439_0,pkw,27128.0,27260.0,132.0,,449.948,45.0,63.0,69.0,99.025,,,0.4773,0.5227,,True,completed
139411_413_0,pkw,27251.0,27265.0,14.0,,164.273,0.0,0.0,14.0,2.971,,,0.0,1.0,,True,completed
157509_421_0,pkw,27254.0,27266.0,12.0,,153.735,0.0,0.0,12.0,2.099,,,0.0,1.0,,True,completed
210898_442_0,pkw,27175.0,27272.0,97.0,,202.548,53.0,54.0,43.0,85.425,,,0.5567,0.4433,,True,completed
195280_436_0,pkw,27205.0,27273.0,68.0,,438.641,29.0,29.0,39.0,38.136,,,0.4265,0.5735,,True,completed
148683_417_0,pkw,27202.0,27274.0,72.0,,198.585,34.0,34.0,38.0,60.21,,,0.4722,0.5278,,True,completed
148670_417_0,pkw,27204.0,27275.0,71.0,,196.893,33.0,33.0,38.0,58.457,,,0.4648,0.5352,,True,completed
204753_440_0,pkw,27206.0,27277.0,71.0,,187.172,32.0,32.0,39.0,61.284,,,0.4507,0.5493,,True,completed
85102_390_0,pkw,27208.0,27277.0,69.0,,438.102,24.0,24.0,45.0,34.299,,,0.3478,0.6522,,True,completed
223047_449_0,pkw,27208.0,27279.0,71.0,,195.481,31.0,31.0,40.0,60.422,,,0.4366,0.5634,,True,completed
158397_421_0,pkw,27235.0,27281.0,46.0,,437.791,0.0,0.0,46.0,14.382,,,0.0,1.0,,True,completed
225112_449_0,pkw,27161.0,27290.0,129.0,,448.075,52.0,70.0,59.0,101.086,,,0.5426,0.4574,,True,completed
220226_447_0,pkw,27131.0,27291.0,160.0,,444.262,50.0,90.0,70.0,127.969,,,0.5625,0.4375,,True,completed
194552_436_0,pkw,27258.0,27292.0,34.0,,148.216,17.0,17.0,17.0,24.544,,,0.5,0.5,,True,completed
241134_452_0,pkw,27163.0,27293.0,130.0,,449.265,49.0,67.0,63.0,100.165,,,0.5154,0.4846,,True,completed
153655_420_0,pkw,27266.0,27294.0,28.0,,153.123,9.0,10.0,18.0,16.492,,,0.3571,0.6429,,True,completed
143018_415_0,pkw,27270.0,27295.0,25.0,,141.392,7.0,7.0,18.0,16.187,,,0.28,0.72,,True,completed
175010_428_0,pkw,27165.0,27296.0,131.0,,452.208,47.0,66.0,65.0,99.343,,,0.5038,0.4962,,True,completed
153599_420_0,pkw,27168.0,27297.0,129.0,,448.072,47.0,66.0,63.0,98.43,,,0.5116,0.4884,,True,completed
169613_426_0,pkw,27273.0,27297.0,24.0,,144.302,4.0,4.0,20.0,13.19,,,0.1667,0.8333,,True,completed
115923_403_0,pkw,27289.0,27301.0,12.0,,157.322,0.0,0.0,12.0,1.012,,,0.0,1.0,,True,completed
109609_401_0,pkw,27270.0,27310.0,40.0,,180.003,21.0,21.0,19.0,30.155,,,0.525,0.475,,True,completed
105828_399_0,pkw,27275.0,27311.0,36.0,,185.095,15.0,15.0,21.0,25.469,,,0.4167,0.5833,,True,completed
227724_450_0,pkw,27216.0,27311.0,95.0,,199.277,53.0,54.0,41.0,84.14,,,0.5684,0.4316,,True,completed
239386_451_0,pkw,27243.0,27311.0,68.0,,427.093,27.0,27.0,41.0,37.893,,,0.3971,0.6029,,True,completed
179278_430_0,pkw,27218.0,27313.0,95.0,,202.217,51.0,52.0,43.0,82.269,,,0.5474,0.4526,,True,completed
246396_454_0,pkw,27257.0,27313.0,56.0,,398.779,16.0,16.0,40.0,30.019,,,0.2857,0.7143,,True,completed
95613_394_0,pkw,27281.0,27313.0,32.0,,191.359,11.0,11.0,21.0,20.222,,,0.3438,0.6562,,True,completed
206967_441_0,pkw,27203.0,27315.0,112.0,,197.816,64.0,66.0,46.0,98.898,,,0.5893,0.4107,,True,completed
215363_445_0,pkw,27222.0,27315.0,93.0,,186.215,47.0,47.0,46.0,82.711,,,0.5054,0.4946,,True,completed
211213_442_0,pkw,27273.0,27316.0,43.0,,189.981,20.0,20.0,23.0,31.329,,,0.4651,0.5349,,True,completed
237504_451_0,pkw,27258.0,27317.0,59.0,,435.8,16.0,16.0,43.0,24.508,,,0.2712,0.7288,,True,completed
120871_405_0,pkw,27255.0,27318.0,63.0,,438.891,18.0,18.0,45.0,25.25,,,0.2857,0.7143,,True,completed
165546_423_0,pkw,27280.0,27318.0,38.0,,202.792,13.0,14.0,24.0,27.477,,,0.3684,0.6316,,True,completed
203236_439_0,pkw,27275.0,27318.0,43.0,,200.32,17.0,17.0,26.0,31.832,,,0.3953,0.6047,,True,completed
237346_451_0,pkw,27261.0,27318.0,57.0,,427.672,14.0,14.0,43.0,28.324,,,0.2456,0.7544,,True,completed
194926_436_0,pkw,27271.0,27330.0,59.0,,427.061,20.0,20.0,39.0,29.298,,,0.339,0.661,,True,completed
198026_436_0,pkw,27284.0,27330.0,46.0,,435.659,11.0,11.0,35.0,17.103,,,0.2391,0.7609,,True,completed
207710_441_0,pkw,27171.0,27330.0,159.0,,450.199,53.0,91.0,68.0,129.014,,,0.5723,0.4277,,True,completed
221457_448_0,pkw,27275.0,27330.0,55.0,,144.219,29.0,29.0,26.0,44.423,,,0.5273,0.4727,,True,completed
153826_420_0,pkw,27288.0,27332.0,44.0,,431.337,4.0,4.0,40.0,12.453,,,0.0909,0.9091,,True,completed
228707_450_0,pkw,27277.0,27332.0,55.0,,139.175,28.0,28.0,27.0,46.57,,,0.5091,0.4909,,True,completed
124545_406_0,pkw,27279.0,27333.0,54.0,,428.822,6.0,6.0,48.0,13.97,,,0.1111,0.8889,,True,completed
109216_400_0,pkw,27206.0,27334.0,128.0,,439.468,47.0,67.0,61.0,99.271,,,0.5234,0.4766,,True,completed
183836_431_0,pkw,27290.0,27334.0,44.0,,442.652,3.0,3.0,41.0,10.652,,,0.0682,0.9318,,True,completed
209092_441_0,pkw,27279.0,27334.0,55.0,,141.223,26.0,26.0,29.0,43.353,,,0.4727,0.5273,,True,completed
175329_428_0,pkw,27200.0,27335.0,135.0,,448.429,47.0,68.0,67.0,101.163,,,0.5037,0.4963,,True,completed
238525_451_0,pkw,27281.0,27336.0,55.0,,147.247,25.0,25.0,30.0,45.106,,,0.4545,0.5455,,True,completed
151629_419_0,pkw,27298.0,27337.0,39.0,,436.938,0.0,0.0,39.0,2.024,,,0.0,1.0,,True,completed
173926_427_0,pkw,27296.0,27337.0,41.0,,137.136,20.0,20.0,21.0,32.557,,,0.4878,0.5122,,True,completed
251382_457_0,pkw,27301.0,27342.0,41.0,,154.403,14.0,14.0,27.0,29.229,,,0.3415,0.6585,,True,completed
224986_449_0,pkw,27335.0,27348.0,13.0,,183.677,0.0,0.0,13.0,1.793,,,0.0,1.0,,True,completed
225810_450_0,pkw,27311.0,27351.0,40.0,,457.595,0.0,0.0,40.0,2.333,,,0.0,1.0,,True,completed
213386_443_0,pkw,27292.0,27354.0,62.0,,431.376,19.0,19.0,43.0,28.864,,,0.3065,0.6935,,True,completed
166231_424_0,pkw,27309.0,27367.0,58.0,,434.005,9.0,10.0,48.0,21.574,,,0.1724,0.8276,,True,completed
159954_421_0,pkw,27368.0,27390.0,22.0,,188.282,3.0,3.0,19.0,11.456,,,0.1364,0.8636,,True,completed
143392_415_0,pkw,27350.0,27391.0,41.0,,191.833,21.0,21.0,20.0,30.421,,,0.5122,0.4878,,True,completed
262299_462_0,pkw,27348.0,27391.0,43.0,,182.278,24.0,24.0,19.0,31.271,,,0.5581,0.4419,,True,completed
166051_424_0,pkw,27358.0,27392.0,34.0,,177.307,14.0,14.0,20.0,24.795,,,0.4118,0.5882,,True,completed
209678_441_0,pkw,27381.0,27392.0,11.0,,195.455,0.0,0.0,11.0,1.191,,,0.0,1.0,,True,completed
177390_429_0,pkw,27356.0,27393.0,37.0,,183.099,17.0,17.0,20.0,27.408,,,0.4595,0.5405,,True,completed
195428_436_0,pkw,27383.0,27394.0,11.0,,189.516,0.0,0.0,11.0,0.262,,,0.0,1.0,,True,completed
159714_421_0,pkw,27361.0,27395.0,34.0,,193.933,15.0,15.0,19.0,23.21,,,0.4412,0.5588,,True,completed
244106_453_0,pkw,27347.0,27396.0,49.0,,403.98,11.0,11.0,38.0,20.719,,,0.2245,0.7755,,True,completed
118713_405_0,pkw,27365.0,27401.0,36.0,,192.139,9.0,9.0,27.0,22.71,,,0.25,0.75,,True,completed
214568_444_0,pkw,27388.0,27403.0,15.0,,199.825,0.0,0.0,15.0,3.265,,,0.0,1.0,,True,completed
81887_389_0,pkw,27347.0,27410.0,63.0,,429.855,26.0,26.0,37.0,31.277,,,0.4127,0.5873,,True,completed
231849_451_0,pkw,27388.0,27417.0,29.0,,455.513,0.0,0.0,29.0,1.708,,,0.0,1.0,,True,completed
118194_405_0,pkw,27365.0,27421.0,56.0,,466.385,11.0,11.0,45.0,21.579,,,0.1964,0.8036,,True,completed
263940_462_0,pkw,27411.0,27430.0,19.0,,179.269,2.0,2.0,17.0,9.465,,,0.1053,0.8947,,True,completed
160161_421_0,pkw,27389.0,27431.0,42.0,,201.773,23.0,23.0,19.0,29.89,,,0.5476,0.4524,,True,completed
163530_422_0,pkw,27390.0,27431.0,41.0,,202.081,22.0,22.0,19.0,29.737,,,0.5366,0.4634,,True,completed
212875_443_0,pkw,27416.0,27431.0,15.0,,180.322,0.0,0.0,15.0,4.278,,,0.0,1.0,,True,completed
180904_431_0,pkw,27418.0,27432.0,14.0,,187.478,0.0,0.0,14.0,4.185,,,0.0,1.0,,True,completed
133399_410_0,pkw,27421.0,27434.0,13.0,,193.776,0.0,0.0,13.0,1.081,,,0.0,1.0,,True,completed
160491_421_0,pkw,27398.0,27436.0,38.0,,193.556,11.0,11.0,27.0,25.818,,,0.2895,0.7105,,True,completed
220524_447_0,pkw,27422.0,27456.0,34.0,,426.388,0.0,0.0,34.0,1.676,,,0.0,1.0,,True,completed
91291_391_0,pkw,27427.0,27464.0,37.0,,448.448,0.0,0.0,37.0,2.238,,,0.0,1.0,,True,completed
184609_431_0,pkw,27432.0,27466.0,34.0,,459.852,0.0,0.0,34.0,4.057,,,0.0,1.0,,True,completed
138640_413_0,pkw,27428.0,27471.0,43.0,,194.959,26.0,26.0,17.0,33.234,,,0.6047,0.3953,,True,completed
149711_417_0,pkw,27454.0,27471.0,17.0,,203.4,0.0,1.0,16.0,5.985,,,0.0588,0.9412,,True,completed
174228_427_0,pkw,27447.0,27471.0,24.0,,203.3,6.0,6.0,18.0,12.936,,,0.25,0.75,,True,completed
152118_419_0,pkw,27436.0,27472.0,36.0,,193.898,15.0,15.0,21.0,24.701,,,0.4167,0.5833,,True,completed
121157_405_0,pkw,27446.0,27473.0,27.0,,185.124,7.0,7.0,20.0,17.105,,,0.2593,0.7407,,True,completed
258346_461_0,pkw,27443.0,27473.0,30.0,,193.801,11.0,11.0,19.0,19.273,,,0.3667,0.6333,,True,completed
169194_425_0,pkw,27452.0,27474.0,22.0,,184.154,3.0,3.0,19.0,10.512,,,0.1364,0.8636,,True,completed
113757_402_0,pkw,27455.0,27475.0,20.0,,190.16,0.0,0.0,20.0,9.367,,,0.0,1.0,,True,completed
159038_421_0,pkw,27458.0,27476.0,18.0,,190.493,0.0,0.0,18.0,5.805,,,0.0,1.0,,True,completed
200684_437_0,pkw,27461.0,27478.0,17.0,,197.072,0.0,0.0,17.0,4.04,,,0.0,1.0,,True,completed
173842_427_0,pkw,27443.0,27480.0,37.0,,192.559,13.0,13.0,24.0,26.933,,,0.3514,0.6486,,True,completed
201382_438_0,pkw,27469.0,27482.0,13.0,,199.524,0.0,0.0,13.0,4.061,,,0.0,1.0,,True,completed
161073_421_0,pkw,27444.0,27493.0,49.0,,429.838,9.0,9.0,40.0,17.196,,,0.1837,0.8163,,True,completed
159873_421_0,pkw,27454.0,27494.0,40.0,,437.174,1.0,1.0,39.0,12.791,,,0.025,0.975,,True,completed
160005_421_0,pkw,27438.0,27495.0,57.0,,458.139,13.0,13.0,44.0,24.86,,,0.2281,0.7719,,True,completed
209549_441_0,pkw,27457.0,27496.0,39.0,,448.224,0.0,0.0,39.0,5.338,,,0.0,1.0,,True,completed
119029_405_0,pkw,27465.0,27510.0,45.0,,185.476,26.0,26.0,19.0,33.774,,,0.5778,0.4222,,True,completed
95221_394_0,pkw,27476.0,27511.0,35.0,,194.035,14.0,14.0,21.0,23.938,,,0.4,0.6,,True,completed
241929_452_0,pkw,27475.0,27512.0,37.0,,456.48,0.0,0.0,37.0,3.295,,,0.0,1.0,,True,completed
120846_405_0,pkw,27479.0,27513.0,34.0,,197.956,14.0,14.0,20.0,22.876,,,0.4118,0.5882,,True,completed
238424_451_0,pkw,27482.0,27513.0,31.0,,196.367,10.0,10.0,21.0,19.784,,,0.3226,0.6774,,True,completed
223349_449_0,pkw,27493.0,27514.0,21.0,,185.196,2.0,2.0,19.0,9.398,,,0.0952,0.9048,,True,completed
198513_436_0,pkw,27495.0,27515.0,20.0,,197.32,0.0,0.0,20.0,7.66,,,0.0,1.0,,True,completed
210696_442_0,pkw,27501.0,27516.0,15.0,,193.194,0.0,0.0,15.0,4.684,,,0.0,1.0,,True,completed
151708_419_0,pkw,27478.0,27520.0,42.0,,192.513,17.0,17.0,25.0,31.352,,,0.4048,0.5952,,True,completed
202624_439_0,pkw,27475.0,27530.0,55.0,,428.835,14.0,14.0,41.0,20.735,,,0.2545,0.7455,,True,completed
232974_451_0,pkw,27486.0,27531.0,45.0,,432.841,9.0,9.0,36.0,17.382,,,0.2,0.8,,True,completed
150873_418_0,pkw,27522.0,27532.0,10.0,,139.307,0.0,0.0,10.0,1.694,,,0.0,1.0,,True,completed
191928_435_0,pkw,27482.0,27532.0,50.0,,461.596,10.0,10.0,40.0,18.435,,,0.2,0.8,,True,completed
109427_401_0,pkw,27488.0,27533.0,45.0,,429.011,0.0,0.0,45.0,7.795,,,0.0,1.0,,True,completed
243777_453_0,pkw,27492.0,27533.0,41.0,,438.066,0.0,0.0,41.0,12.206,,,0.0,1.0,,True,completed
190108_434_0,pkw,27498.0,27535.0,37.0,,433.932,0.0,0.0,37.0,7.72,,,0.0,1.0,,True,completed
196690_436_0,pkw,27530.0,27540.0,10.0,,151.646,0.0,0.0,10.0,0.647,,,0.0,1.0,,True,completed
223106_449_0,pkw,27533.0,27544.0,11.0,,165.241,0.0,0.0,11.0,0.865,,,0.0,1.0,,True,completed
118326_405_0,pkw,27506.0,27551.0,45.0,,182.461,28.0,28.0,17.0,35.176,,,0.6222,0.3778,,True,completed
164701_422_0,pkw,27510.0,27551.0,41.0,,192.36,22.0,22.0,19.0,30.04,,,0.5366,0.4634,,True,completed
168092_425_0,pkw,27510.0,27551.0,41.0,,190.518,20.0,20.0,21.0,29.891,,,0.4878,0.5122,,True,completed
108364_400_0,pkw,27509.0,27553.0,44.0,,194.704,20.0,20.0,24.0,32.385,,,0.4545,0.5455,,True,completed
203626_439_0,pkw,27507.0,27553.0,46.0,,188.996,28.0,28.0,18.0,34.697,,,0.6087,0.3913,,True,completed
234989_451_0,pkw,27512.0,27554.0,42.0,,180.128,22.0,22.0,20.0,32.357,,,0.5238,0.4762,,True,completed
264264_463_0,pkw,27494.0,27554.0,60.0,,363.428,20.0,20.0,40.0,36.357,,,0.3333,0.6667,,True,completed
113765_402_0,pkw,27522.0,27555.0,33.0,,184.652,14.0,14.0,19.0,22.679,,,0.4242,0.5758,,True,completed
90524_391_0,pkw,27538.0,27556.0,18.0,,189.775,0.0,0.0,18.0,6.864,,,0.0,1.0,,True,completed
221232_448_0,pkw,27543.0,27557.0,14.0,,185.559,0.0,0.0,14.0,2.669,,,0.0,1.0,,True,completed
241905_452_0,pkw,27544.0,27558.0,14.0,,196.538,0.0,0.0,14.0,2.403,,,0.0,1.0,,True,completed
238345_451_0,pkw,27548.0,27561.0,13.0,,191.024,0.0,0.0,13.0,0.565,,,0.0,1.0,,True,completed
100271_396_0,pkw,27554.0,27566.0,12.0,,181.982,0.0,0.0,12.0,0.527,,,0.0,1.0,,True,completed
187455_433_0,pkw,27529.0,27570.0,41.0,,143.36,24.0,24.0,17.0,32.089,,,0.5854,0.4146,,True,completed
191252_435_0,pkw,27505.0,27570.0,65.0,,431.806,28.0,28.0,37.0,33.862,,,0.4308,0.5692,,True,completed
96554_395_0,pkw,27521.0,27570.0,49.0,,432.434,10.0,10.0,39.0,18.027,,,0.2041,0.7959,,True,completed
129232_408_0,pkw,27519.0,27572.0,53.0,,429.722,12.0,12.0,41.0,20.687,,,0.2264,0.7736,,True,completed
186446_432_0,pkw,27531.0,27572.0,41.0,,145.961,23.0,23.0,18.0,31.307,,,0.561,0.439,,True,completed
146055_416_0,pkw,27524.0,27574.0,50.0,,446.065,8.0,8.0,42.0,15.156,,,0.16,0.84,,True,completed
179543_430_0,pkw,27545.0,27574.0,29.0,,152.474,9.0,10.0,19.0,18.566,,,0.3448,0.6552,,True,completed
195112_436_0,pkw,27531.0,27575.0,44.0,,435.31,4.0,4.0,40.0,14.155,,,0.0909,0.9091,,True,completed
156605_420_0,pkw,27537.0,27578.0,41.0,,164.929,19.0,19.0,22.0,29.187,,,0.4634,0.5366,,True,completed
225840_450_0,pkw,27539.0,27579.0,40.0,,151.517,16.0,16.0,24.0,29.913,,,0.4,0.6,,True,completed
108657_400_0,pkw,27541.0,27581.0,40.0,,160.41,16.0,16.0,24.0,28.553,,,0.4,0.6,,True,completed
119154_405_0,pkw,27542.0,27583.0,41.0,,167.941,13.0,13.0,28.0,29.763,,,0.3171,0.6829,,True,completed
255204_459_0,pkw,27546.0,27584.0,38.0,,159.55,11.0,11.0,27.0,27.772,,,0.2895,0.7105,,True,completed
191095_435_0,pkw,27548.0,27586.0,38.0,,168.574,9.0,9.0,29.0,26.966,,,0.2368,0.7632,,True,completed
192264_435_0,pkw,27551.0,27587.0,36.0,,157.219,8.0,8.0,28.0,25.691,,,0.2222,0.7778,,True,completed
240889_452_0,pkw,27576.0,27588.0,12.0,,192.075,0.0,0.0,12.0,2.104,,,0.0,1.0,,True,completed
211923_442_0,pkw,27579.0,27590.0,11.0,,189.502,0.0,0.0,11.0,0.407,,,0.0,1.0,,True,completed
227710_450_0,pkw,27577.0,27590.0,13.0,,198.872,0.0,0.0,13.0,1.112,,,0.0,1.0,,True,completed
199938_437_0,pkw,27582.0,27593.0,11.0,,198.402,0.0,0.0,11.0,0.319,,,0.0,1.0,,True,completed
235084_451_0,pkw,27584.0,27595.0,11.0,,190.156,0.0,0.0,11.0,0.308,,,0.0,1.0,,True,completed
245164_454_0,pkw,27584.0,27597.0,13.0,,195.034,0.0,0.0,13.0,1.392,,,0.0,1.0,,True,completed
199552_437_0,pkw,27567.0,27599.0,32.0,,179.362,9.0,9.0,23.0,21.27,,,0.2812,0.7188,,True,completed
192959_435_0,pkw,27551.0,27611.0,60.0,,439.677,18.0,18.0,42.0,27.741,,,0.3,0.7,,True,completed
97744_395_0,pkw,27556.0,27611.0,55.0,,429.507,12.0,12.0,43.0,22.437,,,0.2182,0.7818,,True,completed
234426_451_0,pkw,27563.0,27613.0,50.0,,433.184,10.0,10.0,40.0,18.722,,,0.2,0.8,,True,completed
250910_457_0,pkw,27553.0,27613.0,60.0,,446.765,18.0,18.0,42.0,33.069,,,0.3,0.7,,True,completed
203421_439_0,pkw,27559.0,27614.0,55.0,,437.312,14.0,14.0,41.0,27.189,,,0.2545,0.7455,,True,completed
228656_450_0,pkw,27572.0,27615.0,43.0,,428.394,2.0,2.0,41.0,11.669,,,0.0465,0.9535,,True,completed
243602_453_0,pkw,27574.0,27615.0,41.0,,426.67,0.0,0.0,41.0,6.244,,,0.0,1.0,,True,completed
179939_430_0,pkw,27583.0,27617.0,34.0,,433.134,0.0,0.0,34.0,5.145,,,0.0,1.0,,True,completed
235632_451_0,pkw,27553.0,27623.0,70.0,,156.98,32.0,32.0,38.0,60.797,,,0.4571,0.5429,,True,completed
189908_434_0,pkw,27555.0,27625.0,70.0,,165.503,30.0,30.0,40.0,58.495,,,0.4286,0.5714,,True,completed
118317_405_0,pkw,27571.0,27626.0,55.0,,156.008,21.0,21.0,34.0,45.166,,,0.3818,0.6182,,True,completed
196403_436_0,pkw,27575.0,27628.0,53.0,,157.12,20.0,20.0,33.0,41.935,,,0.3774,0.6226,,True,completed
194955_436_0,pkw,27586.0,27630.0,44.0,,186.752,27.0,27.0,17.0,32.717,,,0.6136,0.3864,,True,completed
144828_416_0,pkw,27590.0,27632.0,42.0,,201.392,22.0,22.0,20.0,31.049,,,0.5238,0.4762,,True,completed
198488_436_0,pkw,27593.0,27632.0,39.0,,187.094,19.0,19.0,20.0,26.6,,,0.4872,0.5128,,True,completed
141959_415_0,pkw,27587.0,27633.0,46.0,,199.199,25.0,25.0,21.0,31.78,,,0.5435,0.4565,,True,completed
203061_439_0,pkw,27594.0,27634.0,40.0,,185.765,17.0,17.0,23.0,30.397,,,0.425,0.575,,True,completed
158244_421_0,pkw,27589.0,27635.0,46.0,,199.354,24.0,24.0,22.0,31.181,,,0.5217,0.4783,,True,completed
209347_441_0,pkw,27592.0,27635.0,43.0,,198.127,20.0,20.0,23.0,31.559,,,0.4651,0.5349,,True,completed
171608_426_0,pkw,27596.0,27636.0,40.0,,188.324,17.0,17.0,23.0,28.986,,,0.425,0.575,,True,completed
181872_431_0,pkw,27601.0,27637.0,36.0,,202.826,12.0,12.0,24.0,25.228,,,0.3333,0.6667,,True,completed
213025_443_0,pkw,27608.0,27638.0,30.0,,197.244,6.0,7.0,23.0,17.998,,,0.2333,0.7667,,True,completed
83081_390_0,pkw,27597.0,27641.0,44.0,,189.991,20.0,20.0,24.0,33.842,,,0.4545,0.5455,,True,completed
118134_405_0,pkw,27599.0,27643.0,44.0,,189.225,18.0,18.0,26.0,31.782,,,0.4091,0.5909,,True,completed
116829_404_0,pkw,27601.0,27644.0,43.0,,181.884,16.0,16.0,27.0,32.124,,,0.3721,0.6279,,True,completed
86506_391_0,pkw,27603.0,27646.0,43.0,,192.099,16.0,16.0,27.0,32.772,,,0.3721,0.6279,,True,completed
243625_453_0,pkw,27585.0,27650.0,65.0,,435.488,29.0,29.0,36.0,35.307,,,0.4462,0.5538,,True,completed
163330_422_0,pkw,27583.0,27651.0,68.0,,440.663,28.0,28.0,40.0,35.444,,,0.4118,0.5882,,True,completed
210369_441_0,pkw,27600.0,27652.0,52.0,,434.054,12.0,12.0,40.0,19.051,,,0.2308,0.7692,,True,completed
246679_455_0,pkw,27586.0,27653.0,67.0,,440.821,22.0,22.0,45.0,32.391,,,0.3284,0.6716,,True,completed
161303_421_0,pkw,27622.0,27655.0,33.0,,425.199,0.0,1.0,32.0,4.513,,,0.0303,0.9697,,True,completed
172307_426_0,pkw,27602.0,27657.0,55.0,,434.958,0.0,0.0,55.0,8.656,,,0.0,1.0,,True,completed
197410_436_0,pkw,27611.0,27665.0,54.0,,183.838,18.0,18.0,36.0,44.613,,,0.3333,0.6667,,True,completed
124484_406_0,pkw,27582.0,27667.0,85.0,,164.085,43.0,43.0,42.0,73.652,,,0.5059,0.4941,,True,completed
247351_455_0,pkw,27584.0,27668.0,84.0,,155.204,39.0,39.0,45.0,74.357,,,0.4643,0.5357,,True,completed
179003_430_0,pkw,27586.0,27670.0,84.0,,159.862,35.0,35.0,49.0,73.143,,,0.4167,0.5833,,True,completed
184890_431_0,pkw,27615.0,27671.0,56.0,,191.633,26.0,26.0,30.0,43.355,,,0.4643,0.5357,,True,completed
165528_423_0,pkw,27590.0,27672.0,82.0,,168.934,33.0,33.0,49.0,72.266,,,0.4024,0.5976,,True,completed
168639_425_0,pkw,27622.0,27673.0,51.0,,198.093,25.0,25.0,26.0,38.857,,,0.4902,0.5098,,True,completed
217057_446_0,pkw,27658.0,27673.0,15.0,,138.942,0.0,0.0,15.0,5.285,,,0.0,1.0,,True,completed
159141_421_0,pkw,27612.0,27674.0,62.0,,189.051,30.0,31.0,31.0,51.171,,,0.5,0.5,,True,completed
178643_430_0,pkw,27626.0,27674.0,48.0,,191.098,24.0,24.0,24.0,37.055,,,0.5,0.5,,True,completed
256203_460_0,pkw,27607.0,27674.0,67.0,,399.061,32.0,33.0,34.0,40.058,,,0.4925,0.5075,,True,completed
142005_415_0,pkw,27660.0,27675.0,15.0,,138.663,0.0,0.0,15.0,6.352,,,0.0,1.0,,True,completed
180843_431_0,pkw,27634.0,27676.0,42.0,,196.265,20.0,20.0,22.0,31.777,,,0.4762,0.5238,,True,completed
224285_449_0,pkw,27621.0,27676.0,55.0,,193.519,28.0,28.0,27.0,43.735,,,0.5091,0.4909,,True,completed
153791_420_0,pkw,27623.0,27678.0,55.0,,192.883,26.0,26.0,29.0,43.921,,,0.4727,0.5273,,True,completed
204325_440_0,pkw,27638.0,27683.0,45.0,,192.929,18.0,18.0,27.0,34.653,,,0.4,0.6,,True,completed
234986_451_0,pkw,27645.0,27685.0,40.0,,190.599,12.0,12.0,28.0,26.566,,,0.3,0.7,,True,completed
243434_452_0,pkw,27647.0,27686.0,39.0,,182.32,10.0,10.0,29.0,29.19,,,0.2564,0.7436,,True,completed
141916_415_0,pkw,27637.0,27690.0,53.0,,431.447,15.0,15.0,38.0,21.717,,,0.283,0.717,,True,completed
200661_437_0,pkw,27630.0,27691.0,61.0,,434.894,21.0,21.0,40.0,28.204,,,0.3443,0.6557,,True,completed
107922_400_0,pkw,27639.0,27692.0,53.0,,429.023,12.0,12.0,41.0,21.482,,,0.2264,0.7736,,True,completed
180172_430_0,pkw,27632.0,27692.0,60.0,,434.294,19.0,19.0,41.0,33.501,,,0.3167,0.6833,,True,completed
207900_441_0,pkw,27635.0,27694.0,59.0,,438.255,19.0,19.0,40.0,30.047,,,0.322,0.678,,True,completed
212251_442_0,pkw,27642.0,27694.0,52.0,,436.506,12.0,12.0,40.0,23.118,,,0.2308,0.7692,,True,completed
167003_424_0,pkw,27649.0,27696.0,47.0,,429.892,2.0,2.0,45.0,10.79,,,0.0426,0.9574,,True,completed
195696_436_0,pkw,27645.0,27696.0,51.0,,436.943,11.0,11.0,40.0,20.332,,,0.2157,0.7843,,True,completed
250949_457_0,pkw,27660.0,27696.0,36.0,,429.344,0.0,0.0,36.0,6.114,,,0.0,1.0,,True,completed
128376_408_0,pkw,27593.0,27701.0,108.0,,161.455,50.0,54.0,54.0,96.809,,,0.5,0.5,,True,completed
233874_451_0,pkw,27613.0,27704.0,91.0,,166.278,40.0,40.0,51.0,79.028,,,0.4396,0.5604,,True,completed
270606_465_0,pkw,27625.0,27705.0,80.0,,157.067,35.0,35.0,45.0,70.194,,,0.4375,0.5625,,True,completed
239972_452_0,pkw,27630.0,27707.0,77.0,,164.282,33.0,33.0,44.0,65.295,,,0.4286,0.5714,,True,completed
177151_429_0,pkw,27633.0,27708.0,75.0,,155.302,29.0,29.0,46.0,66.463,,,0.3867,0.6133,,True,completed
234904_451_0,pkw,27662.0,27708.0,46.0,,138.939,27.0,27.0,19.0,36.992,,,0.587,0.413,,True,completed
168899_425_0,pkw,27637.0,27711.0,74.0,,199.548,47.0,47.0,27.0,61.922,,,0.6351,0.3649,,True,completed
136424_411_0,pkw,27645.0,27712.0,67.0,,188.234,39.0,39.0,28.0,57.543,,,0.5821,0.4179,,True,completed
235176_451_0,pkw,27630.0,27712.0,82.0,,196.527,52.0,52.0,30.0,71.116,,,0.6341,0.3659,,True,completed
266204_464_0,pkw,27638.0,27714.0,76.0,,201.795,42.0,43.0,33.0,64.671,,,0.5658,0.4342,,True,completed
204034_439_0,pkw,27649.0,27715.0,66.0,,188.484,33.0,33.0,33.0,54.33,,,0.5,0.5,,True,completed
158340_421_0,pkw,27649.0,27720.0,71.0,,191.139,35.0,35.0,36.0,58.954,,,0.493,0.507,,True,completed
82661_389_0,pkw,27651.0,27722.0,71.0,,189.082,33.0,33.0,38.0,60.723,,,0.4648,0.5352,,True,completed
142312_415_0,pkw,27652.0,27725.0,73.0,,183.485,30.0,30.0,43.0,60.765,,,0.411,0.589,,True,completed
179815_430_0,pkw,27654.0,27727.0,73.0,,193.596,25.0,25.0,48.0,62.716,,,0.3425,0.6575,,True,completed
201027_437_0,pkw,27682.0,27730.0,48.0,,436.478,8.0,8.0,40.0,15.97,,,0.1667,0.8333,,True,completed
227841_450_0,pkw,27661.0,27731.0,70.0,,439.99,26.0,26.0,44.0,45.367,,,0.3714,0.6286,,True,completed
189864_434_0,pkw,27667.0,27732.0,65.0,,430.716,26.0,26.0,39.0,37.83,,,0.4,0.6,,True,completed
216082_445_0,pkw,27697.0,27734.0,37.0,,431.676,0.0,0.0,37.0,7.67,,,0.0,1.0,,True,completed
219229_446_0,pkw,27688.0,27734.0,46.0,,455.025,0.0,0.0,46.0,9.21,,,0.0,1.0,,True,completed
216370_445_0,pkw,27691.0,27736.0,45.0,,457.438,0.0,0.0,45.0,8.947,,,0.0,1.0,,True,completed
245045_453_0,pkw,27703.0,27736.0,33.0,,435.059,0.0,0.0,33.0,3.063,,,0.0,1.0,,True,completed
238249_451_0,pkw,27652.0,27742.0,90.0,,160.24,38.0,38.0,52.0,79.41,,,0.4222,0.5778,,True,completed
157882_421_0,pkw,27655.0,27744.0,89.0,,168.703,37.0,37.0,52.0,77.117,,,0.4157,0.5843,,True,completed
266025_464_0,pkw,27641.0,27745.0,104.0,,673.278,28.0,28.0,76.0,54.211,,,0.2692,0.7308,,True,completed
231790_451_0,pkw,27664.0,27746.0,82.0,,166.596,34.0,34.0,48.0,70.398,,,0.4146,0.5854,,True,completed
252222_457_0,pkw,27669.0,27747.0,78.0,,157.25,31.0,31.0,47.0,67.693,,,0.3974,0.6026,,True,completed
209414_441_0,pkw,27718.0,27750.0,32.0,,432.285,0.0,0.0,32.0,1.464,,,0.0,1.0,,True,completed
220709_447_0,pkw,27733.0,27750.0,17.0,,202.509,0.0,0.0,17.0,4.695,,,0.0,1.0,,True,completed
148428_417_0,pkw,27656.0,27752.0,96.0,,192.929,43.0,43.0,53.0,83.863,,,0.4479,0.5521,,True,completed
197127_436_0,pkw,27665.0,27753.0,88.0,,181.513,32.0,32.0,56.0,79.526,,,0.3636,0.6364,,True,completed
198556_436_0,pkw,27667.0,27755.0,88.0,,177.935,31.0,31.0,57.0,77.983,,,0.3523,0.6477,,True,completed
122055_406_0,pkw,27669.0,27757.0,88.0,,181.061,38.0,38.0,50.0,79.015,,,0.4318,0.5682,,True,completed
188278_433_0,pkw,27675.0,27760.0,85.0,,192.972,41.0,41.0,44.0,73.749,,,0.4824,0.5176,,True,completed
265895_464_0,pkw,27720.0,27770.0,50.0,,433.348,9.0,9.0,41.0,18.284,,,0.18,0.82,,True,completed
244405_453_0,pkw,27707.0,27771.0,64.0,,431.456,20.0,20.0,44.0,35.616,,,0.3125,0.6875,,True,completed
247971_455_0,pkw,27705.0,27771.0,66.0,,434.02,21.0,21.0,45.0,28.985,,,0.3182,0.6818,,True,completed
233343_451_0,pkw,27732.0,27772.0,40.0,,426.417,3.0,3.0,37.0,10.354,,,0.075,0.925,,True,completed
138857_413_0,pkw,27736.0,27773.0,37.0,,424.044,0.0,0.0,37.0,6.23,,,0.0,1.0,,True,completed
267402_464_0,pkw,27709.0,27773.0,64.0,,431.766,20.0,20.0,44.0,33.57,,,0.3125,0.6875,,True,completed
220359_447_0,pkw,27741.0,27775.0,34.0,,428.199,0.0,0.0,34.0,2.234,,,0.0,1.0,,True,completed
259106_461_0,pkw,27727.0,27775.0,48.0,,441.415,9.0,9.0,39.0,17.997,,,0.1875,0.8125,,True,completed
263211_462_0,pkw,27744.0,27777.0,33.0,,435.07,0.0,0.0,33.0,4.923,,,0.0,1.0,,True,completed
219903_447_0,pkw,27739.0,27778.0,39.0,,426.541,0.0,0.0,39.0,1.915,,,0.0,1.0,,True,completed
148137_417_0,pkw,27672.0,27779.0,107.0,,459.152,44.0,44.0,63.0,76.296,,,0.4112,0.5888,,True,completed
198727_436_0,pkw,27662.0,27779.0,117.0,,459.133,34.0,34.0,83.0,77.902,,,0.2906,0.7094,,True,completed
131469_410_0,pkw,27678.0,27781.0,103.0,,456.123,40.0,40.0,63.0,73.225,,,0.3883,0.6117,,True,completed
260830_461_0,pkw,27694.0,27784.0,90.0,,166.115,46.0,46.0,44.0,78.978,,,0.5111,0.4889,,True,completed
107911_400_0,pkw,27697.0,27787.0,90.0,,170.444,43.0,43.0,47.0,76.204,,,0.4778,0.5222,,True,completed
136371_411_0,pkw,27706.0,27788.0,82.0,,161.382,43.0,43.0,39.0,71.749,,,0.5244,0.4756,,True,completed
268789_465_0,pkw,27774.0,27789.0,15.0,,195.837,0.0,0.0,15.0,4.485,,,0.0,1.0,,True,completed
103910_397_0,pkw,27682.0,27790.0,108.0,,466.037,40.0,40.0,68.0,70.01,,,0.3704,0.6296,,True,completed
202020_438_0,pkw,27708.0,27790.0,82.0,,159.369,40.0,40.0,42.0,70.764,,,0.4878,0.5122,,True,completed
204768_440_0,pkw,27688.0,27791.0,103.0,,464.527,40.0,40.0,63.0,66.617,,,0.3883,0.6117,,True,completed
179963_430_0,pkw,27747.0,27810.0,63.0,,424.445,26.0,26.0,37.0,33.071,,,0.4127,0.5873,,True,completed
110504_401_0,pkw,27742.0,27811.0,69.0,,436.599,25.0,25.0,44.0,40.985,,,0.3623,0.6377,,True,completed
175141_428_0,pkw,27749.0,27812.0,63.0,,428.198,23.0,23.0,40.0,31.723,,,0.3651,0.6349,,True,completed
206544_440_0,pkw,27746.0,27812.0,66.0,,427.482,26.0,26.0,40.0,35.004,,,0.3939,0.6061,,True,completed
120014_405_0,pkw,27755.0,27814.0,59.0,,432.57,19.0,19.0,40.0,27.703,,,0.322,0.678,,True,completed
213302_443_0,pkw,27751.0,27814.0,63.0,,429.607,21.0,21.0,42.0,31.78,,,0.3333,0.6667,,True,completed
238908_451_0,pkw,27760.0,27815.0,55.0,,424.153,18.0,18.0,37.0,27.504,,,0.3273,0.6727,,True,completed
203697_439_0,pkw,27753.0,27816.0,63.0,,439.508,20.0,20.0,43.0,32.832,,,0.3175,0.6825,,True,completed
202100_438_0,pkw,27765.0,27817.0,52.0,,426.908,10.0,10.0,42.0,19.363,,,0.1923,0.8077,,True,completed
211205_442_0,pkw,27766.0,27820.0,54.0,,456.38,8.0,8.0,46.0,16.662,,,0.1481,0.8519,,True,completed
182295_431_0,pkw,27769.0,27822.0,53.0,,464.308,7.0,7.0,46.0,17.89,,,0.1321,0.8679,,True,completed
209919_441_0,pkw,27711.0,27824.0,113.0,,164.426,54.0,60.0,53.0,102.849,,,0.531,0.469,,True,completed
154920_420_0,pkw,27731.0,27825.0,94.0,,153.002,46.0,46.0,48.0,84.396,,,0.4894,0.5106,,True,completed
170077_426_0,pkw,27734.0,27827.0,93.0,,164.127,42.0,42.0,51.0,83.711,,,0.4516,0.5484,,True,completed
143000_415_0,pkw,27745.0,27829.0,84.0,,163.898,38.0,38.0,46.0,72.282,,,0.4524,0.5476,,True,completed
140435_414_0,pkw,27796.0,27831.0,35.0,,194.559,16.0,16.0,19.0,23.785,,,0.4571,0.5429,,True,completed
196961_436_0,pkw,27797.0,27832.0,35.0,,197.795,15.0,15.0,20.0,21.423,,,0.4286,0.5714,,True,completed
134094_411_0,pkw,27811.0,27833.0,22.0,,187.241,0.0,1.0,21.0,11.874,,,0.0455,0.9545,,True,completed
157354_421_0,pkw,27804.0,27833.0,29.0,,193.467,5.0,5.0,24.0,16.227,,,0.1724,0.8276,,True,completed
244628_453_0,pkw,27817.0,27835.0,18.0,,197.305,0.0,0.0,18.0,7.368,,,0.0,1.0,,True,completed
241723_452_0,pkw,27815.0,27836.0,21.0,,200.08,0.0,0.0,21.0,5.014,,,0.0,1.0,,True,completed
142640_415_0,pkw,27821.0,27837.0,16.0,,191.685,0.0,0.0,16.0,7.101,,,0.0,1.0,,True,completed
192037_435_0,pkw,27756.0,27850.0,94.0,,431.025,49.0,49.0,45.0,66.347,,,0.5213,0.4787,,True,completed
208046_441_0,pkw,27774.0,27850.0,76.0,,425.264,29.0,29.0,47.0,45.479,,,0.3816,0.6184,,True,completed
252867_458_0,pkw,27758.0,27852.0,94.0,,440.741,46.0,46.0,48.0,64.117,,,0.4894,0.5106,,True,completed
118292_405_0,pkw,27842.0,27853.0,11.0,,144.517,0.0,0.0,11.0,0.798,,,0.0,1.0,,True,completed
193845_435_0,pkw,27769.0,27854.0,85.0,,446.312,38.0,38.0,47.0,54.91,,,0.4471,0.5529,,True,completed
225137_449_0,pkw,27771.0,27855.0,84.0,,433.166,36.0,36.0,48.0,52.903,,,0.4286,0.5714,,True,completed
85760_390_0,pkw,27844.0,27855.0,11.0,,154.64,0.0,0.0,11.0,1.334,,,0.0,1.0,,True,completed
216121_445_0,pkw,27787.0,27856.0,69.0,,462.88,22.0,22.0,47.0,40.884,,,0.3188,0.6812,,True,completed
223231_449_0,pkw,27788.0,27856.0,68.0,,431.139,21.0,21.0,47.0,42.496,,,0.3088,0.6912,,True,completed
184237_431_0,pkw,27773.0,27857.0,84.0,,445.201,34.0,34.0,50.0,55.99,,,0.4048,0.5952,,True,completed
261734_461_0,pkw,27784.0,27859.0,75.0,,436.243,20.0,20.0,55.0,39.239,,,0.2667,0.7333,,True,completed
196263_436_0,pkw,27829.0,27864.0,35.0,,461.855,0.0,0.0,35.0,1.521,,,0.0,1.0,,True,completed
219025_446_0,pkw,27792.0,27865.0,73.0,,161.077,37.0,38.0,35.0,61.664,,,0.5205,0.4795,,True,completed
219770_447_0,pkw,27823.0,27870.0,47.0,,188.129,29.0,30.0,17.0,37.543,,,0.6383,0.3617,,True,completed
196953_436_0,pkw,27827.0,27871.0,44.0,,198.618,26.0,26.0,18.0,32.753,,,0.5909,0.4091,,True,completed
188890_434_0,pkw,27829.0,27872.0,43.0,,192.069,23.0,23.0,20.0,31.251,,,0.5349,0.4651,,True,completed
191823_435_0,pkw,27836.0,27873.0,37.0,,196.664,13.0,14.0,23.0,24.804,,,0.3784,0.6216,,True,completed
215445_445_0,pkw,27849.0,27874.0,25.0,,188.413,2.0,3.0,22.0,16.107,,,0.12,0.88,,True,completed
240674_452_0,pkw,27841.0,27874.0,33.0,,201.652,8.0,9.0,24.0,21.219,,,0.2727,0.7273,,True,completed
149367_417_0,pkw,27851.0,27876.0,25.0,,193.005,0.0,0.0,25.0,13.293,,,0.0,1.0,,True,completed
212053_442_0,pkw,27839.0,27876.0,37.0,,430.354,0.0,0.0,37.0,2.079,,,0.0,1.0,,True,completed
166906_424_0,pkw,27856.0,27877.0,21.0,,190.768,0.0,0.0,21.0,9.458,,,0.0,1.0,,True,completed
262023_461_0,pkw,27844.0,27877.0,33.0,,177.362,7.0,7.0,26.0,22.179,,,0.2121,0.7879,,True,completed
245459_454_0,pkw,27860.0,27878.0,18.0,,200.366,0.0,0.0,18.0,7.082,,,0.0,1.0,,True,completed
200401_437_0,pkw,27862.0,27879.0,17.0,,199.299,0.0,0.0,17.0,4.219,,,0.0,1.0,,True,completed
114529_402_0,pkw,27870.0,27883.0,13.0,,174.375,0.0,0.0,13.0,1.06,,,0.0,1.0,,True,completed
238407_451_0,pkw,27792.0,27890.0,98.0,,424.467,45.0,45.0,53.0,67.835,,,0.4592,0.5408,,True,completed
77659_386_0,pkw,27774.0,27891.0,117.0,,443.281,57.0,57.0,60.0,82.661,,,0.4872,0.5128,,True,completed
179656_430_0,pkw,27801.0,27892.0,91.0,,434.002,43.0,43.0,48.0,61.759,,,0.4725,0.5275,,True,completed
198676_436_0,pkw,27776.0,27892.0,116.0,,435.066,56.0,56.0,60.0,89.293,,,0.4828,0.5172,,True,completed
231519_451_0,pkw,27786.0,27894.0,108.0,,439.595,48.0,48.0,60.0,72.023,,,0.4444,0.5556,,True,completed
237810_451_0,pkw,27805.0,27894.0,89.0,,436.089,39.0,39.0,50.0,58.71,,,0.4382,0.5618,,True,completed
141260_415_0,pkw,27794.0,27896.0,102.0,,442.592,45.0,45.0,57.0,67.445,,,0.4412,0.5588,,True,completed
180849_431_0,pkw,27796.0,27897.0,101.0,,432.618,45.0,45.0,56.0,68.236,,,0.4455,0.5545,,True,completed
269546_465_0,pkw,27812.0,27898.0,86.0,,457.546,33.0,33.0,53.0,55.396,,,0.3837,0.6163,,True,completed
190180_434_0,pkw,27889.0,27908.0,19.0,,139.71,2.0,2.0,17.0,9.61,,,0.1053,0.8947,,True,completed
109459_401_0,pkw,27874.0,27911.0,37.0,,200.629,19.0,19.0,18.0,25.714,,,0.5135,0.4865,,True,completed
211632_442_0,pkw,27872.0,27911.0,39.0,,199.32,20.0,20.0,19.0,28.836,,,0.5128,0.4872,,True,completed
150838_418_0,pkw,27895.0,27912.0,17.0,,185.11,0.0,0.0,17.0,6.728,,,0.0,1.0,,True,completed
163322_422_0,pkw,27881.0,27913.0,32.0,,196.42,7.0,8.0,24.0,20.504,,,0.25,0.75,,True,completed
112564_401_0,pkw,27900.0,27914.0,14.0,,190.97,0.0,0.0,14.0,2.586,,,0.0,1.0,,True,completed
261319_461_0,pkw,27883.0,27914.0,31.0,,201.676,9.0,9.0,22.0,20.75,,,0.2903,0.7097,,True,completed
212613_443_0,pkw,27878.0,27917.0,39.0,,177.566,15.0,15.0,24.0,26.603,,,0.3846,0.6154,,True,completed
144378_416_0,pkw,27879.0,27919.0,40.0,,194.414,16.0,16.0,24.0,28.53,,,0.4,0.6,,True,completed
235489_451_0,pkw,27888.0,27920.0,32.0,,183.018,7.0,7.0,25.0,21.521,,,0.2188,0.7812,,True,completed
248908_456_0,pkw,27897.0,27922.0,25.0,,188.378,0.0,0.0,25.0,13.982,,,0.0,1.0,,True,completed
184591_431_0,pkw,27817.0,27930.0,113.0,,425.893,58.0,58.0,55.0,82.042,,,0.5133,0.4867,,True,completed
236097_451_0,pkw,27804.0,27930.0,126.0,,446.085,69.0,69.0,57.0,92.49,,,0.5476,0.4524,,True,completed
210990_442_0,pkw,27807.0,27932.0,125.0,,431.606,67.0,67.0,58.0,95.593,,,0.536,0.464,,True,completed
262726_462_0,pkw,27817.0,27933.0,116.0,,433.694,52.0,52.0,64.0,80.988,,,0.4483,0.5517,,True,completed
213088_443_0,pkw,27809.0,27934.0,125.0,,435.564,67.0,67.0,58.0,95.193,,,0.536,0.464,,True,completed
248573_456_0,pkw,27827.0,27935.0,108.0,,425.219,48.0,48.0,60.0,79.068,,,0.4444,0.5556,,True,completed
131349_410_0,pkw,27811.0,27936.0,125.0,,434.933,64.0,64.0,61.0,90.932,,,0.512,0.488,,True,completed
241913_452_0,pkw,27886.0,27943.0,57.0,,464.025,8.0,8.0,49.0,19.689,,,0.1404,0.8596,,True,completed
230168_450_0,pkw,27913.0,27950.0,37.0,,186.479,19.0,19.0,18.0,28.076,,,0.5135,0.4865,,True,completed
210089_441_0,pkw,27823.0,27951.0,128.0,,691.055,49.0,52.0,76.0,82.815,,,0.4062,0.5938,,True,completed
54426_371_0,pkw,27928.0,27951.0,23.0,,195.624,4.0,4.0,19.0,13.264,,,0.1739,0.8261,,True,completed
110772_401_0,pkw,27920.0,27953.0,33.0,,200.034,10.0,10.0,23.0,21.354,,,0.303,0.697,,True,completed
198494_436_0,pkw,27927.0,27953.0,26.0,,192.369,4.0,4.0,22.0,13.494,,,0.1538,0.8462,,True,completed
218049_446_0,pkw,27922.0,27954.0,32.0,,187.15,7.0,7.0,25.0,20.365,,,0.2188,0.7812,,True,completed
165327_423_0,pkw,27832.0,27957.0,125.0,,697.104,45.0,45.0,80.0,76.99,,,0.36,0.64,,True,completed
222452_448_0,pkw,27834.0,27959.0,125.0,,699.029,44.0,44.0,81.0,76.052,,,0.352,0.648,,True,completed
233479_451_0,pkw,27813.0,27970.0,157.0,,446.78,73.0,92.0,65.0,124.29,,,0.586,0.414,,True,completed
241894_452_0,pkw,27847.0,27970.0,123.0,,425.848,67.0,67.0,56.0,92.706,,,0.5447,0.4553,,True,completed
190075_434_0,pkw,27850.0,27972.0,122.0,,426.723,64.0,64.0,58.0,91.783,,,0.5246,0.4754,,True,completed
232421_451_0,pkw,27815.0,27972.0,157.0,,437.019,71.0,88.0,69.0,129.709,,,0.5605,0.4395,,True,completed
244285_453_0,pkw,27819.0,27973.0,154.0,,428.551,71.0,87.0,67.0,126.15,,,0.5649,0.4351,,True,completed
213498_444_0,pkw,27852.0,27974.0,122.0,,426.983,61.0,61.0,61.0,90.22,,,0.5,0.5,,True,completed
218695_446_0,pkw,27821.0,27975.0,154.0,,437.578,67.0,82.0,72.0,124.558,,,0.5325,0.4675,,True,completed
180378_430_0,pkw,27823.0,27976.0,153.0,,430.21,66.0,80.0,73.0,122.992,,,0.5229,0.4771,,True,completed
264022_463_0,pkw,27864.0,27976.0,112.0,,431.235,49.0,49.0,63.0,79.879,,,0.4375,0.5625,,True,completed
118864_405_0,pkw,27867.0,27978.0,111.0,,431.522,47.0,47.0,64.0,77.37,,,0.4234,0.5766,,True,completed
225089_449_0,pkw,27957.0,27991.0,34.0,,190.862,15.0,15.0,19.0,22.703,,,0.4412,0.5588,,True,completed
164980_423_0,pkw,27985.0,27996.0,11.0,,192.303,0.0,0.0,11.0,0.262,,,0.0,1.0,,True,completed
262601_462_0,pkw,27835.0,28010.0,175.0,,439.844,72.0,98.0,77.0,149.614,,,0.56,0.44,,True,completed
226991_450_0,pkw,27891.0,28011.0,120.0,,434.067,62.0,62.0,58.0,84.5,,,0.5167,0.4833,,True,completed
183959_431_0,pkw,27843.0,28012.0,169.0,,444.973,72.0,92.0,77.0,139.074,,,0.5444,0.4556,,True,completed
98961_396_0,pkw,27849.0,28013.0,164.0,,434.521,67.0,87.0,77.0,129.979,,,0.5305,0.4695,,True,completed
248160_455_0,pkw,27937.0,28014.0,77.0,,435.052,30.0,30.0,47.0,47.199,,,0.3896,0.6104,,True,completed
215528_445_0,pkw,27854.0,28015.0,161.0,,445.788,66.0,87.0,74.0,131.805,,,0.5404,0.4596,,True,completed
193139_435_0,pkw,27856.0,28016.0,160.0,,437.094,65.0,85.0,75.0,129.583,,,0.5312,0.4688,,True,completed
183954_431_0,pkw,27911.0,28032.0,121.0,,694.618,46.0,46.0,75.0,70.643,,,0.3802,0.6198,,True,completed
152741_419_0,pkw,27947.0,28035.0,88.0,,704.067,23.0,23.0,65.0,40.39,,,0.2614,0.7386,,True,completed
231031_450_0,pkw,27874.0,28050.0,176.0,,439.031,70.0,95.0,81.0,141.669,,,0.5398,0.4602,,True,completed
243275_452_0,pkw,27881.0,28052.0,171.0,,445.177,68.0,88.0,83.0,142.515,,,0.5146,0.4854,,True,completed
250378_456_0,pkw,27887.0,28053.0,166.0,,427.762,68.0,88.0,78.0,139.348,,,0.5301,0.4699,,True,completed
259376_461_0,pkw,27897.0,28056.0,159.0,,446.125,65.0,83.0,76.0,127.904,,,0.522,0.478,,True,completed
255723_460_0,pkw,27900.0,28057.0,157.0,,433.832,63.0,80.0,77.0,127.468,,,0.5096,0.4904,,True,completed
235200_451_0,pkw,28030.0,28071.0,41.0,,194.731,23.0,23.0,18.0,29.179,,,0.561,0.439,,True,completed
246710_455_0,pkw,28032.0,28071.0,39.0,,186.582,19.0,19.0,20.0,28.42,,,0.4872,0.5128,,True,completed
212453_443_0,pkw,28036.0,28073.0,37.0,,194.482,17.0,17.0,20.0,26.785,,,0.4595,0.5405,,True,completed
260867_461_0,pkw,28032.0,28073.0,41.0,,192.956,21.0,21.0,20.0,28.419,,,0.5122,0.4878,,True,completed
223553_449_0,pkw,28040.0,28075.0,35.0,,195.656,10.0,10.0,25.0,23.313,,,0.2857,0.7143,,True,completed
223854_449_0,pkw,28038.0,28075.0,37.0,,178.283,17.0,17.0,20.0,25.157,,,0.4595,0.5405,,True,completed
270405_465_0,pkw,28043.0,28076.0,33.0,,196.134,10.0,10.0,23.0,22.392,,,0.303,0.697,,True,completed
174994_428_0,pkw,28045.0,28077.0,32.0,,172.292,8.0,8.0,24.0,21.013,,,0.25,0.75,,True,completed
262563_462_0,pkw,28047.0,28081.0,34.0,,173.264,7.0,7.0,27.0,19.508,,,0.2059,0.7941,,True,completed
185436_432_0,pkw,28051.0,28083.0,32.0,,178.49,7.0,7.0,25.0,21.659,,,0.2188,0.7812,,True,completed
178886_430_0,pkw,28055.0,28084.0,29.0,,170.719,4.0,4.0,25.0,16.439,,,0.1379,0.8621,,True,completed
216920_446_0,pkw,28039.0,28090.0,51.0,,434.639,16.0,16.0,35.0,23.473,,,0.3137,0.6863,,True,completed
254314_459_0,pkw,27910.0,28090.0,180.0,,433.006,70.0,94.0,86.0,146.23,,,0.5222,0.4778,,True,completed
135934_411_0,pkw,27925.0,28092.0,167.0,,441.674,66.0,86.0,81.0,133.056,,,0.515,0.485,,True,completed
274349_467_0,pkw,28046.0,28092.0,46.0,,432.002,6.0,6.0,40.0,15.066,,,0.1304,0.8696,,True,completed
204235_440_0,pkw,27928.0,28093.0,165.0,,431.45,66.0,85.0,80.0,135.045,,,0.5152,0.4848,,True,completed
124843_406_0,pkw,28045.0,28095.0,50.0,,444.253,8.0,8.0,42.0,21.043,,,0.16,0.84,,True,completed
239308_451_0,pkw,27935.0,28095.0,160.0,,432.066,66.0,86.0,74.0,129.065,,,0.5375,0.4625,,True,completed
227464_450_0,pkw,28092.0,28102.0,10.0,,154.293,0.0,0.0,10.0,0.719,,,0.0,1.0,,True,completed
175166_428_0,pkw,28079.0,28111.0,32.0,,186.311,13.0,13.0,19.0,20.881,,,0.4062,0.5938,,True,completed
247873_455_0,pkw,28062.0,28111.0,49.0,,198.53,20.0,20.0,29.0,38.343,,,0.4082,0.5918,,True,completed
243994_453_0,pkw,28071.0,28112.0,41.0,,184.698,19.0,19.0,22.0,30.939,,,0.4634,0.5366,,True,completed
120613_405_0,pkw,28048.0,28113.0,65.0,,703.482,6.0,6.0,59.0,18.495,,,0.0923,0.9077,,True,completed
169791_426_0,pkw,28059.0,28114.0,55.0,,187.406,25.0,25.0,30.0,44.374,,,0.4545,0.5455,,True,completed
234102_451_0,pkw,28072.0,28114.0,42.0,,192.371,18.0,18.0,24.0,31.843,,,0.4286,0.5714,,True,completed
186635_432_0,pkw,28074.0,28116.0,42.0,,197.895,17.0,17.0,25.0,29.908,,,0.4048,0.5952,,True,completed
188229_433_0,pkw,28078.0,28117.0,39.0,,189.596,14.0,14.0,25.0,28.019,,,0.359,0.641,,True,completed
200207_437_0,pkw,28051.0,28117.0,66.0,,702.461,4.0,4.0,62.0,14.249,,,0.0606,0.9394,,True,completed
239610_451_0,pkw,28092.0,28118.0,26.0,,169.751,2.0,3.0,23.0,15.921,,,0.1154,0.8846,,True,completed
144723_416_0,pkw,28053.0,28122.0,69.0,,704.274,1.0,1.0,68.0,11.036,,,0.0145,0.9855,,True,completed
159488_421_0,pkw,28055.0,28122.0,67.0,,696.045,1.0,1.0,66.0,11.761,,,0.0149,0.9851,,True,completed
255757_460_0,pkw,28117.0,28127.0,10.0,,149.123,0.0,0.0,10.0,0.797,,,0.0,1.0,,True,completed
213148_443_0,pkw,28048.0,28130.0,82.0,,444.405,35.0,35.0,47.0,51.058,,,0.4268,0.5732,,True,completed
246348_454_0,pkw,28057.0,28130.0,73.0,,433.245,23.0,23.0,50.0,43.146,,,0.3151,0.6849,,True,completed
274043_467_0,pkw,27944.0,28130.0,186.0,,434.335,74.0,111.0,75.0,155.353,,,0.5968,0.4032,,True,completed
269667_465_0,pkw,27946.0,28132.0,186.0,,436.762,70.0,106.0,80.0,153.429,,,0.5699,0.4301,,True,completed
206926_441_0,pkw,28061.0,28133.0,72.0,,459.861,23.0,23.0,49.0,42.378,,,0.3194,0.6806,,True,completed
190724_435_0,pkw,28054.0,28134.0,80.0,,450.983,28.0,28.0,52.0,47.252,,,0.35,0.65,,True,completed
216447_445_0,pkw,28068.0,28134.0,66.0,,449.731,23.0,23.0,43.0,38.522,,,0.3485,0.6515,,True,completed
78515_387_0,pkw,27950.0,28134.0,184.0,,443.404,69.0,101.0,83.0,150.083,,,0.5489,0.4511,,True,completed
270659_466_0,pkw,27952.0,28135.0,183.0,,435.652,67.0,99.0,84.0,153.464,,,0.541,0.459,,True,completed
213750_444_0,pkw,28070.0,28136.0,66.0,,452.182,22.0,22.0,44.0,32.889,,,0.3333,0.6667,,True,completed
251062_457_0,pkw,28074.0,28136.0,62.0,,426.451,21.0,21.0,41.0,35.453,,,0.3387,0.6613,,True,completed
252528_458_0,pkw,28061.0,28137.0,76.0,,447.241,24.0,24.0,52.0,43.847,,,0.3158,0.6842,,True,completed
262168_462_0,pkw,27957.0,28137.0,180.0,,436.922,65.0,95.0,85.0,148.745,,,0.5278,0.4722,,True,completed
112058_401_0,pkw,28066.0,28144.0,78.0,,453.797,24.0,24.0,54.0,39.798,,,0.3077,0.6923,,True,completed
217155_446_0,pkw,28097.0,28144.0,47.0,,168.661,25.0,25.0,22.0,34.708,,,0.5319,0.4681,,True,completed
177303_429_0,pkw,28103.0,28145.0,42.0,,160.171,16.0,16.0,26.0,31.926,,,0.381,0.619,,True,completed
205604_440_0,pkw,28106.0,28147.0,41.0,,159.503,15.0,15.0,26.0,28.796,,,0.3659,0.6341,,True,completed
138457_412_0,pkw,28108.0,28149.0,41.0,,168.31,14.0,14.0,27.0,29.554,,,0.3415,0.6585,,True,completed
113553_402_0,pkw,28097.0,28151.0,54.0,,188.06,26.0,27.0,27.0,45.4,,,0.5,0.5,,True,completed
142017_415_0,pkw,28127.0,28151.0,24.0,,180.639,5.0,5.0,19.0,13.761,,,0.2083,0.7917,,True,completed
184328_431_0,pkw,28117.0,28153.0,36.0,,195.914,12.0,13.0,23.0,25.414,,,0.3611,0.6389,,True,completed
224883_449_0,pkw,28085.0,28170.0,85.0,,431.852,43.0,43.0,42.0,55.076,,,0.5059,0.4941,,True,completed
251011_457_0,pkw,27959.0,28170.0,211.0,,436.902,70.0,116.0,95.0,181.318,,,0.5498,0.4502,,True,completed
98552_395_0,pkw,28076.0,28170.0,94.0,,449.614,49.0,49.0,45.0,65.777,,,0.5213,0.4787,,True,completed
158820_421_0,pkw,28068.0,28172.0,104.0,,445.954,51.0,51.0,53.0,71.432,,,0.4904,0.5096,,True,completed
183196_431_0,pkw,27961.0,28172.0,211.0,,430.808,67.0,112.0,99.0,185.535,,,0.5308,0.4692,,True,completed
211385_442_0,pkw,28082.0,28172.0,90.0,,427.096,38.0,38.0,52.0,58.411,,,0.4222,0.5778,,True,completed
250236_456_0,pkw,27989.0,28174.0,185.0,,435.169,67.0,102.0,83.0,156.209,,,0.5514,0.4486,,True,completed
253740_458_0,pkw,27991.0,28176.0,185.0,,431.611,65.0,97.0,88.0,153.45,,,0.5243,0.4757,,True,completed
138014_412_0,pkw,28131.0,28177.0,46.0,,452.865,2.0,2.0,44.0,14.463,,,0.0435,0.9565,,True,completed
277699_469_0,pkw,28119.0,28181.0,62.0,,155.838,29.0,30.0,32.0,50.832,,,0.4839,0.5161,,True,completed
143800_416_0,pkw,28103.0,28183.0,80.0,,463.221,26.0,26.0,54.0,52.633,,,0.325,0.675,,True,completed
158601_421_0,pkw,28105.0,28184.0,79.0,,454.154,25.0,25.0,54.0,50.029,,,0.3165,0.6835,,True,completed
197584_436_0,pkw,28128.0,28184.0,56.0,,448.765,2.0,3.0,53.0,13.792,,,0.0536,0.9464,,True,completed
229282_450_0,pkw,28148.0,28191.0,43.0,,190.727,24.0,24.0,19.0,33.126,,,0.5581,0.4419,,True,completed
192060_435_0,pkw,28155.0,28193.0,38.0,,191.793,15.0,15.0,23.0,24.557,,,0.3947,0.6053,,True,completed
169529_426_0,pkw,28163.0,28196.0,33.0,,194.528,9.0,9.0,24.0,21.428,,,0.2727,0.7273,,True,completed
283267_472_0,pkw,28164.0,28203.0,39.0,,428.254,0.0,0.0,39.0,1.766,,,0.0,1.0,,True,completed
115406_403_0,pkw,28134.0,28211.0,77.0,,452.998,30.0,30.0,47.0,46.13,,,0.3896,0.6104,,True,completed
194444_436_0,pkw,28110.0,28211.0,101.0,,436.501,47.0,47.0,54.0,64.899,,,0.4653,0.5347,,True,completed
243617_453_0,pkw,27993.0,28211.0,218.0,,442.237,70.0,121.0,97.0,182.201,,,0.555,0.445,,True,completed
226344_450_0,pkw,27996.0,28212.0,216.0,,433.443,69.0,119.0,97.0,189.933,,,0.5509,0.4491,,True,completed
205117_440_0,pkw,28140.0,28213.0,73.0,,445.851,27.0,27.0,46.0,43.995,,,0.3699,0.6301,,True,completed
162223_421_0,pkw,27998.0,28214.0,216.0,,436.861,67.0,117.0,99.0,183.974,,,0.5417,0.4583,,True,completed
265964_464_0,pkw,28136.0,28215.0,79.0,,452.971,28.0,28.0,51.0,44.993,,,0.3544,0.6456,,True,completed
202005_438_0,pkw,28144.0,28216.0,72.0,,444.388,25.0,25.0,47.0,41.155,,,0.3472,0.6528,,True,completed
208005_441_0,pkw,28000.0,28216.0,216.0,,444.929,65.0,115.0,101.0,187.41,,,0.5324,0.4676,,True,completed
157483_421_0,pkw,28146.0,28217.0,71.0,,452.672,25.0,25.0,46.0,41.522,,,0.3521,0.6479,,True,completed
237039_451_0,pkw,28002.0,28217.0,215.0,,433.68,64.0,112.0,103.0,182.906,,,0.5209,0.4791,,True,completed
237875_451_0,pkw,28122.0,28221.0,99.0,,455.659,43.0,43.0,56.0,66.35,,,0.4343,0.5657,,True,completed
248501_456_0,pkw,28124.0,28223.0,99.0,,459.563,38.0,38.0,61.0,67.314,,,0.3838,0.6162,,True,completed
189371_434_0,pkw,28126.0,28224.0,98.0,,450.133,37.0,37.0,61.0,68.765,,,0.3776,0.6224,,True,completed
128389_408_0,pkw,28217.0,28230.0,13.0,,195.23,0.0,0.0,13.0,0.98,,,0.0,1.0,,True,completed
243343_452_0,pkw,28203.0,28231.0,28.0,,197.317,9.0,9.0,19.0,17.245,,,0.3214,0.6786,,True,completed
153149_420_0,pkw,28197.0,28232.0,35.0,,431.462,0.0,0.0,35.0,1.727,,,0.0,1.0,,True,completed
164516_422_0,pkw,28220.0,28232.0,12.0,,190.234,0.0,0.0,12.0,0.993,,,0.0,1.0,,True,completed
192641_435_0,pkw,28205.0,28232.0,27.0,,187.079,5.0,6.0,21.0,16.441,,,0.2222,0.7778,,True,completed
193036_435_0,pkw,28222.0,28233.0,11.0,,180.063,0.0,0.0,11.0,0.86,,,0.0,1.0,,True,completed
214099_444_0,pkw,28203.0,28233.0,30.0,,432.076,0.0,0.0,30.0,1.295,,,0.0,1.0,,True,completed
136022_411_0,pkw,28193.0,28234.0,41.0,,432.578,1.0,1.0,40.0,6.932,,,0.0244,0.9756,,True,completed
102374_396_0,pkw,28224.0,28236.0,12.0,,143.233,0.0,0.0,12.0,0.562,,,0.0,1.0,,True,completed
138188_412_0,pkw,28224.0,28236.0,12.0,,185.075,0.0,0.0,12.0,0.427,,,0.0,1.0,,True,completed
270722_466_0,pkw,28199.0,28236.0,37.0,,433.793,0.0,0.0,37.0,4.129,,,0.0,1.0,,True,completed
233560_451_0,pkw,28128.0,28250.0,122.0,,434.066,59.0,59.0,63.0,92.351,,,0.4836,0.5164,,True,completed
247391_455_0,pkw,28004.0,28250.0,246.0,,430.362,72.0,136.0,110.0,217.789,,,0.5528,0.4472,,True,completed
171784_426_0,pkw,28006.0,28252.0,246.0,,438.754,68.0,131.0,115.0,214.179,,,0.5325,0.4675,,True,completed
201038_437_0,pkw,28149.0,28252.0,103.0,,450.179,51.0,51.0,52.0,70.2,,,0.4951,0.5049,,True,completed
240250_452_0,pkw,28133.0,28252.0,119.0,,436.358,53.0,53.0,66.0,88.248,,,0.4454,0.5546,,True,completed
235273_451_0,pkw,28008.0,28253.0,245.0,,428.345,67.0,130.0,115.0,215.123,,,0.5306,0.4694,,True,completed
186001_432_0,pkw,28153.0,28254.0,101.0,,440.59,47.0,47.0,54.0,70.096,,,0.4653,0.5347,,True,completed
221545_448_0,pkw,28151.0,28255.0,104.0,,448.298,48.0,48.0,56.0,70.159,,,0.4615,0.5385,,True,completed
228790_450_0,pkw,28010.0,28255.0,245.0,,431.364,65.0,127.0,118.0,213.131,,,0.5184,0.4816,,True,completed
183270_431_0,pkw,28031.0,28257.0,226.0,,440.893,63.0,118.0,108.0,194.612,,,0.5221,0.4779,,True,completed
193777_435_0,pkw,28157.0,28258.0,101.0,,445.228,46.0,46.0,55.0,67.616,,,0.4554,0.5446,,True,completed
230732_450_0,pkw,28162.0,28260.0,98.0,,453.692,44.0,44.0,54.0,67.246,,,0.449,0.551,,True,completed
180268_430_0,pkw,28210.0,28262.0,52.0,,466.668,2.0,2.0,50.0,13.2,,,0.0385,0.9615,,True,completed
224682_449_0,pkw,28147.0,28262.0,115.0,,425.112,41.0,41.0,74.0,83.188,,,0.3565,0.6435,,True,completed
251309_457_0,pkw,28138.0,28262.0,124.0,,459.246,49.0,49.0,75.0,88.49,,,0.3952,0.6048,,True,completed
244321_453_0,pkw,28215.0,28263.0,48.0,,459.172,0.0,0.0,48.0,11.457,,,0.0,1.0,,True,completed
269181_465_0,pkw,28211.0,28270.0,59.0,,427.082,24.0,24.0,35.0,29.328,,,0.4068,0.5932,,True,completed
241031_452_0,pkw,28244.0,28272.0,28.0,,195.418,8.0,8.0,20.0,15.232,,,0.2857,0.7143,,True,completed
156507_420_0,pkw,28214.0,28273.0,59.0,,436.122,21.0,21.0,38.0,28.365,,,0.3559,0.6441,,True,completed
285558_474_0,pkw,28237.0,28275.0,38.0,,438.71,0.0,1.0,37.0,7.622,,,0.0263,0.9737,,True,completed
289688_477_0,pkw,28241.0,28276.0,35.0,,430.155,0.0,1.0,34.0,7.497,,,0.0286,0.9714,,True,completed
209839_441_0,pkw,28207.0,28277.0,70.0,,430.272,25.0,25.0,45.0,33.005,,,0.3571,0.6429,,True,completed
243431_452_0,pkw,28216.0,28278.0,62.0,,430.657,19.0,19.0,43.0,30.68,,,0.3065,0.6935,,True,completed
177103_429_0,pkw,28212.0,28279.0,67.0,,437.19,21.0,21.0,46.0,35.978,,,0.3134,0.6866,,True,completed
222821_448_0,pkw,28172.0,28286.0,114.0,,440.826,57.0,64.0,50.0,88.057,,,0.5614,0.4386,,True,completed
204088_439_0,pkw,28034.0,28290.0,256.0,,433.641,69.0,139.0,117.0,227.814,,,0.543,0.457,,True,completed
228010_450_0,pkw,28166.0,28291.0,125.0,,432.015,57.0,57.0,68.0,90.171,,,0.456,0.544,,True,completed
161686_421_0,pkw,28189.0,28292.0,103.0,,441.585,49.0,49.0,54.0,71.84,,,0.4757,0.5243,,True,completed
240589_452_0,pkw,28263.0,28292.0,29.0,,142.453,9.0,9.0,20.0,19.595,,,0.3103,0.6897,,True,completed
270102_465_0,pkw,28036.0,28292.0,256.0,,441.489,67.0,140.0,116.0,230.506,,,0.5469,0.4531,,True,completed
185690_432_0,pkw,28170.0,28293.0,123.0,,436.505,54.0,54.0,69.0,89.874,,,0.439,0.561,,True,completed
211579_442_0,pkw,28039.0,28294.0,255.0,,441.884,65.0,141.0,114.0,222.894,,,0.5529,0.4471,,True,completed
177898_430_0,pkw,28041.0,28295.0,254.0,,429.215,65.0,134.0,120.0,226.592,,,0.5276,0.4724,,True,completed
241118_452_0,pkw,28043.0,28297.0,254.0,,436.075,64.0,135.0,119.0,227.888,,,0.5315,0.4685,,True,completed
168779_425_0,pkw,28176.0,28299.0,123.0,,453.362,48.0,48.0,75.0,88.735,,,0.3902,0.6098,,True,completed
153510_420_0,pkw,28190.0,28300.0,110.0,,431.857,40.0,40.0,70.0,78.177,,,0.3636,0.6364,,True,completed
207751_441_0,pkw,28289.0,28306.0,17.0,,156.3,0.0,0.0,17.0,6.263,,,0.0,1.0,,True,completed
146134_416_0,pkw,28285.0,28311.0,26.0,,199.556,7.0,7.0,19.0,13.818,,,0.2692,0.7308,,True,completed
269273_465_0,pkw,28279.0,28311.0,32.0,,196.555,14.0,14.0,18.0,21.98,,,0.4375,0.5625,,True,completed
265825_464_0,pkw,28283.0,28313.0,30.0,,202.596,6.0,6.0,24.0,17.215,,,0.2,0.8,,True,completed
106740_399_0,pkw,28293.0,28314.0,21.0,,184.79,0.0,0.0,21.0,11.443,,,0.0,1.0,,True,completed
212076_442_0,pkw,28259.0,28314.0,55.0,,434.642,14.0,14.0,41.0,21.62,,,0.2545,0.7455,,True,completed
263319_462_0,pkw,28286.0,28314.0,28.0,,190.133,6.0,6.0,22.0,16.721,,,0.2143,0.7857,,True,completed
132229_410_0,pkw,28270.0,28315.0,45.0,,436.872,2.0,3.0,42.0,13.058,,,0.0667,0.9333,,True,completed
209686_441_0,pkw,28301.0,28316.0,15.0,,196.52,0.0,0.0,15.0,5.928,,,0.0,1.0,,True,completed
224664_449_0,pkw,28257.0,28317.0,60.0,,431.567,16.0,16.0,44.0,22.922,,,0.2667,0.7333,,True,completed
120205_405_0,pkw,28272.0,28319.0,47.0,,431.234,1.0,1.0,46.0,11.8,,,0.0213,0.9787,,True,completed
232786_451_0,pkw,28195.0,28330.0,135.0,,426.644,67.0,67.0,68.0,99.379,,,0.4963,0.5037,,True,completed
242389_452_0,pkw,28046.0,28330.0,284.0,,431.936,70.0,157.0,127.0,253.572,,,0.5528,0.4472,,True,completed
244056_453_0,pkw,28281.0,28330.0,49.0,,443.881,13.0,13.0,36.0,20.696,,,0.2653,0.7347,,True,completed
268385_465_0,pkw,28048.0,28332.0,284.0,,440.986,69.0,157.0,127.0,252.545,,,0.5528,0.4472,,True,completed
237469_451_0,pkw,28050.0,28334.0,284.0,,445.422,67.0,153.0,131.0,254.145,,,0.5387,0.4613,,True,completed
238695_451_0,pkw,28288.0,28334.0,46.0,,448.859,5.0,5.0,41.0,17.101,,,0.1087,0.8913,,True,completed
203186_439_0,pkw,28052.0,28335.0,283.0,,431.95,65.0,148.0,135.0,252.33,,,0.523,0.477,,True,completed
177745_430_0,pkw,28291.0,28337.0,46.0,,452.565,3.0,3.0,43.0,15.948,,,0.0652,0.9348,,True,completed
185099_432_0,pkw,28072.0,28337.0,265.0,,442.947,62.0,132.0,133.0,234.055,,,0.4981,0.5019,,True,completed
223379_449_0,pkw,28314.0,28338.0,24.0,,151.935,1.0,1.0,23.0,14.082,,,0.0417,0.9583,,True,completed
251039_457_0,pkw,28217.0,28342.0,125.0,,452.089,59.0,59.0,66.0,94.312,,,0.472,0.528,,True,completed
254616_459_0,pkw,28319.0,28343.0,24.0,,166.324,1.0,1.0,23.0,14.346,,,0.0417,0.9583,,True,completed
117127_404_0,pkw,28220.0,28344.0,124.0,,446.955,57.0,57.0,67.0,95.443,,,0.4597,0.5403,,True,completed
166643_424_0,pkw,28237.0,28346.0,109.0,,450.96,50.0,50.0,59.0,76.302,,,0.4587,0.5413,,True,completed
250663_456_0,pkw,28241.0,28348.0,107.0,,457.972,46.0,46.0,61.0,76.365,,,0.4299,0.5701,,True,completed
274645_467_0,pkw,28310.0,28349.0,39.0,,354.571,2.0,2.0,37.0,12.822,,,0.0513,0.9487,,True,completed
274709_467_0,pkw,28330.0,28351.0,21.0,,187.168,2.0,2.0,19.0,11.099,,,0.0952,0.9048,,True,completed
227886_450_0,pkw,28304.0,28353.0,49.0,,433.725,10.0,10.0,39.0,16.961,,,0.2041,0.7959,,True,completed
275618_468_0,pkw,28332.0,28353.0,21.0,,186.43,1.0,1.0,20.0,12.277,,,0.0476,0.9524,,True,completed
75163_386_0,pkw,28310.0,28354.0,44.0,,433.026,3.0,3.0,41.0,12.946,,,0.0682,0.9318,,True,completed
238318_451_0,pkw,28315.0,28355.0,40.0,,425.245,0.0,0.0,40.0,13.635,,,0.0,1.0,,True,completed
219724_447_0,pkw,28302.0,28356.0,54.0,,437.551,11.0,11.0,43.0,18.361,,,0.2037,0.7963,,True,completed
81814_389_0,pkw,28305.0,28357.0,52.0,,429.756,10.0,10.0,42.0,19.64,,,0.1923,0.8077,,True,completed
253347_458_0,pkw,28312.0,28358.0,46.0,,436.201,0.0,1.0,45.0,12.906,,,0.0217,0.9783,,True,completed
206378_440_0,pkw,28321.0,28363.0,42.0,,429.401,0.0,0.0,42.0,6.175,,,0.0,1.0,,True,completed
127493_407_0,pkw,28079.0,28370.0,291.0,,442.092,70.0,161.0,130.0,263.952,,,0.5533,0.4467,,True,completed
141639_415_0,pkw,28296.0,28370.0,74.0,,444.225,26.0,26.0,48.0,43.79,,,0.3514,0.6486,,True,completed
277750_469_0,pkw,28262.0,28370.0,108.0,,429.054,45.0,45.0,63.0,77.195,,,0.4167,0.5833,,True,completed
120533_405_0,pkw,28335.0,28371.0,36.0,,462.891,0.0,0.0,36.0,8.324,,,0.0,1.0,,True,completed
238062_451_0,pkw,28084.0,28372.0,288.0,,442.631,68.0,156.0,132.0,252.386,,,0.5417,0.4583,,True,completed
260001_461_0,pkw,28298.0,28372.0,74.0,,450.446,25.0,25.0,49.0,44.149,,,0.3378,0.6622,,True,completed
259707_461_0,pkw,28090.0,28373.0,283.0,,432.841,66.0,153.0,130.0,254.181,,,0.5406,0.4594,,True,completed
226520_450_0,pkw,28096.0,28375.0,279.0,,437.496,66.0,149.0,130.0,247.054,,,0.5341,0.4659,,True,completed
100634_396_0,pkw,28107.0,28376.0,269.0,,429.273,64.0,138.0,131.0,239.798,,,0.513,0.487,,True,completed
169086_425_0,pkw,28304.0,28376.0,72.0,,450.157,24.0,24.0,48.0,41.572,,,0.3333,0.6667,,True,completed
214892_445_0,pkw,28302.0,28376.0,74.0,,452.574,24.0,24.0,50.0,40.558,,,0.3243,0.6757,,True,completed
162803_422_0,pkw,28354.0,28377.0,23.0,,146.42,3.0,3.0,20.0,11.989,,,0.1304,0.8696,,True,completed
273435_466_0,pkw,28306.0,28378.0,72.0,,448.931,23.0,23.0,49.0,41.06,,,0.3194,0.6806,,True,completed
258714_461_0,pkw,28266.0,28384.0,118.0,,460.444,48.0,48.0,70.0,85.185,,,0.4068,0.5932,,True,completed
198061_436_0,pkw,28357.0,28391.0,34.0,,201.822,16.0,16.0,18.0,24.45,,,0.4706,0.5294,,True,completed
272079_466_0,pkw,28345.0,28391.0,46.0,,409.369,7.0,7.0,39.0,17.293,,,0.1522,0.8478,,True,completed
274220_467_0,pkw,28335.0,28392.0,57.0,,427.361,19.0,19.0,38.0,25.379,,,0.3333,0.6667,,True,completed
270291_465_0,pkw,28358.0,28393.0,35.0,,195.875,10.0,10.0,25.0,21.718,,,0.2857,0.7143,,True,completed
144547_416_0,pkw,28325.0,28395.0,70.0,,435.067,27.0,27.0,43.0,35.967,,,0.3857,0.6143,,True,completed
237644_451_0,pkw,28375.0,28395.0,20.0,,202.259,0.0,1.0,19.0,8.904,,,0.05,0.95,,True,completed
99139_396_0,pkw,28338.0,28395.0,57.0,,435.84,17.0,17.0,40.0,24.257,,,0.2982,0.7018,,True,completed
251226_457_0,pkw,28339.0,28397.0,58.0,,436.349,14.0,14.0,44.0,23.462,,,0.2414,0.7586,,True,completed
143117_415_0,pkw,28352.0,28398.0,46.0,,430.119,3.0,4.0,42.0,12.934,,,0.087,0.913,,True,completed
260340_461_0,pkw,28348.0,28402.0,54.0,,429.563,7.0,8.0,46.0,15.423,,,0.1481,0.8519,,True,completed
250322_456_0,pkw,28363.0,28404.0,41.0,,437.936,0.0,0.0,41.0,3.614,,,0.0,1.0,,True,completed
170152_426_0,pkw,28352.0,28406.0,54.0,,437.37,4.0,4.0,50.0,13.407,,,0.0741,0.9259,,True,completed
240148_452_0,pkw,28312.0,28410.0,98.0,,443.338,47.0,47.0,51.0,69.86,,,0.4796,0.5204,,True,completed
267784_465_0,pkw,28112.0,28411.0,299.0,,438.386,71.0,160.0,139.0,264.489,,,0.5351,0.4649,,True,completed
260221_461_0,pkw,28130.0,28412.0,282.0,,428.854,69.0,154.0,128.0,254.653,,,0.5461,0.4539,,True,completed
217016_446_0,pkw,28315.0,28413.0,98.0,,443.781,45.0,45.0,53.0,68.177,,,0.4592,0.5408,,True,completed
241599_452_0,pkw,28132.0,28414.0,282.0,,433.702,65.0,148.0,134.0,248.745,,,0.5248,0.4752,,True,completed
109174_400_0,pkw,28375.0,28415.0,40.0,,135.93,21.0,21.0,19.0,31.195,,,0.525,0.475,,True,completed
196786_436_0,pkw,28323.0,28416.0,93.0,,445.772,41.0,41.0,52.0,61.91,,,0.4409,0.5591,,True,completed
273407_466_0,pkw,28135.0,28416.0,281.0,,444.544,65.0,146.0,135.0,250.371,,,0.5196,0.4804,,True,completed
180968_431_0,pkw,28171.0,28417.0,246.0,,435.922,65.0,130.0,116.0,219.167,,,0.5285,0.4715,,True,completed
245027_453_0,pkw,28325.0,28419.0,94.0,,445.11,39.0,39.0,55.0,61.665,,,0.4149,0.5851,,True,completed
207277_441_0,pkw,28380.0,28420.0,40.0,,155.139,16.0,16.0,24.0,29.436,,,0.4,0.6,,True,completed
235218_451_0,pkw,28310.0,28420.0,110.0,,451.082,48.0,48.0,62.0,68.69,,,0.4364,0.5636,,True,completed
277666_469_0,pkw,28367.0,28430.0,63.0,,429.763,26.0,26.0,37.0,34.609,,,0.4127,0.5873,,True,completed
274061_467_0,pkw,28406.0,28431.0,25.0,,188.854,7.0,7.0,18.0,12.561,,,0.28,0.72,,True,completed
183233_431_0,pkw,28372.0,28432.0,60.0,,426.102,22.0,22.0,38.0,31.998,,,0.3667,0.6333,,True,completed
240015_452_0,pkw,28421.0,28433.0,12.0,,194.755,0.0,0.0,12.0,1.767,,,0.0,1.0,,True,completed
139595_413_0,pkw,28369.0,28434.0,65.0,,430.546,24.0,24.0,41.0,31.451,,,0.3692,0.6308,,True,completed
198636_436_0,pkw,28377.0,28436.0,59.0,,435.625,18.0,18.0,41.0,27.563,,,0.3051,0.6949,,True,completed
245482_454_0,pkw,28372.0,28437.0,65.0,,434.03,22.0,22.0,43.0,30.807,,,0.3385,0.6615,,True,completed
87483_391_0,pkw,28425.0,28437.0,12.0,,190.391,0.0,0.0,12.0,0.389,,,0.0,1.0,,True,completed
273089_466_0,pkw,28399.0,28440.0,41.0,,175.193,17.0,17.0,24.0,29.544,,,0.4146,0.5854,,True,completed
226009_450_0,pkw,28388.0,28441.0,53.0,,430.43,8.0,9.0,44.0,19.476,,,0.1698,0.8302,,True,completed
217238_446_0,pkw,28373.0,28444.0,71.0,,435.214,21.0,21.0,50.0,30.588,,,0.2958,0.7042,,True,completed
165863_424_0,pkw,28328.0,28451.0,123.0,,449.833,49.0,64.0,59.0,91.518,,,0.5203,0.4797,,True,completed
198097_436_0,pkw,28173.0,28451.0,278.0,,434.578,71.0,152.0,126.0,252.143,,,0.5468,0.4532,,True,completed
206948_441_0,pkw,28349.0,28452.0,103.0,,446.709,47.0,47.0,56.0,73.075,,,0.4563,0.5437,,True,completed
236914_451_0,pkw,28177.0,28453.0,276.0,,441.458,68.0,144.0,132.0,246.397,,,0.5217,0.4783,,True,completed
282984_472_0,pkw,28408.0,28453.0,45.0,,442.944,3.0,4.0,41.0,15.88,,,0.0889,0.9111,,True,completed
122475_406_0,pkw,28193.0,28454.0,261.0,,431.839,68.0,137.0,124.0,231.564,,,0.5249,0.4751,,True,completed
175195_428_0,pkw,28407.0,28455.0,48.0,,464.549,5.0,5.0,43.0,13.753,,,0.1042,0.8958,,True,completed
179708_430_0,pkw,28409.0,28455.0,46.0,,137.777,24.0,24.0,22.0,37.468,,,0.5217,0.4783,,True,completed
259614_461_0,pkw,28197.0,28456.0,259.0,,439.124,66.0,136.0,123.0,226.74,,,0.5251,0.4749,,True,completed
223164_449_0,pkw,28395.0,28457.0,62.0,,154.274,33.0,33.0,29.0,51.487,,,0.5323,0.4677,,True,completed
261765_461_0,pkw,28413.0,28459.0,46.0,,443.649,1.0,1.0,45.0,11.392,,,0.0217,0.9783,,True,completed
140549_414_0,pkw,28449.0,28472.0,23.0,,199.996,2.0,2.0,21.0,12.06,,,0.087,0.913,,True,completed
221062_448_0,pkw,28392.0,28472.0,80.0,,428.572,35.0,36.0,44.0,49.417,,,0.45,0.55,,True,completed
244831_453_0,pkw,28434.0,28472.0,38.0,,194.063,16.0,16.0,22.0,24.203,,,0.4211,0.5789,,True,completed
257226_460_0,pkw,28434.0,28473.0,39.0,,398.036,0.0,0.0,39.0,9.705,,,0.0,1.0,,True,completed
274394_467_0,pkw,28445.0,28473.0,28.0,,187.089,8.0,8.0,20.0,18.527,,,0.2857,0.7143,,True,completed
234716_451_0,pkw,28400.0,28475.0,75.0,,438.997,27.0,27.0,48.0,42.555,,,0.36,0.64,,True,completed
219097_446_0,pkw,28395.0,28476.0,81.0,,434.285,32.0,32.0,49.0,45.233,,,0.3951,0.6049,,True,completed
282723_472_0,pkw,28443.0,28476.0,33.0,,411.378,0.0,0.0,33.0,3.579,,,0.0,1.0,,True,completed
185249_432_0,pkw,28405.0,28478.0,73.0,,437.713,25.0,25.0,48.0,38.769,,,0.3425,0.6575,,True,completed
273064_466_0,pkw,28417.0,28478.0,61.0,,407.406,19.0,19.0,42.0,32.458,,,0.3115,0.6885,,True,completed
252235_457_0,pkw,28438.0,28479.0,41.0,,184.641,15.0,15.0,26.0,30.735,,,0.3659,0.6341,,True,completed
260663_461_0,pkw,28443.0,28479.0,36.0,,175.84,12.0,12.0,24.0,25.211,,,0.3333,0.6667,,True,completed
275670_468_0,pkw,28413.0,28479.0,66.0,,429.559,23.0,23.0,43.0,36.429,,,0.3485,0.6515,,True,completed
283127_472_0,pkw,28397.0,28479.0,82.0,,426.7,30.0,30.0,52.0,51.094,,,0.3659,0.6341,,True,completed
205082_440_0,pkw,28447.0,28481.0,34.0,,176.32,8.0,8.0,26.0,22.195,,,0.2353,0.7647,,True,completed
268263_465_0,pkw,28450.0,28481.0,31.0,,405.732,0.0,0.0,31.0,4.276,,,0.0,1.0,,True,completed
111032_401_0,pkw,28444.0,28488.0,44.0,,448.665,8.0,8.0,36.0,16.273,,,0.1818,0.8182,,True,completed
272033_466_0,pkw,28199.0,28491.0,292.0,,445.369,68.0,156.0,136.0,263.432,,,0.5342,0.4658,,True,completed
143945_416_0,pkw,28218.0,28492.0,274.0,,431.703,68.0,147.0,127.0,240.62,,,0.5365,0.4635,,True,completed
166507_424_0,pkw,28233.0,28494.0,261.0,,439.742,66.0,134.0,127.0,230.052,,,0.5134,0.4866,,True,completed
257421_460_0,pkw,28431.0,28494.0,63.0,,137.499,34.0,34.0,29.0,53.625,,,0.5397,0.4603,,True,completed
183679_431_0,pkw,28442.0,28496.0,54.0,,145.643,26.0,26.0,28.0,43.849,,,0.4815,0.5185,,True,completed
189906_434_0,pkw,28235.0,28496.0,261.0,,445.154,65.0,135.0,126.0,228.289,,,0.5172,0.4828,,True,completed
190487_434_0,pkw,28412.0,28496.0,84.0,,155.389,54.0,54.0,30.0,74.591,,,0.6429,0.3571,,True,completed
243333_452_0,pkw,28237.0,28497.0,260.0,,435.472,64.0,131.0,129.0,232.315,,,0.5038,0.4962,,True,completed
261015_461_0,pkw,28469.0,28511.0,42.0,,185.65,24.0,24.0,18.0,31.466,,,0.5714,0.4286,,True,completed
277242_469_0,pkw,28445.0,28511.0,66.0,,398.526,28.0,28.0,38.0,42.87,,,0.4242,0.5758,,True,completed
210631_442_0,pkw,28402.0,28512.0,110.0,,430.342,55.0,56.0,54.0,78.608,,,0.5091,0.4909,,True,completed
277320_469_0,pkw,28464.0,28512.0,48.0,,407.316,10.0,10.0,38.0,23.098,,,0.2083,0.7917,,True,completed
193108_435_0,pkw,28499.0,28513.0,14.0,,189.039,0.0,0.0,14.0,3.695,,,0.0,1.0,,True,completed
234190_451_0,pkw,28417.0,28514.0,97.0,,436.832,49.0,49.0,48.0,64.271,,,0.5052,0.4948,,True,completed
279691_470_0,pkw,28504.0,28515.0,11.0,,186.334,0.0,0.0,11.0,0.63,,,0.0,1.0,,True,completed
264934_463_0,pkw,28426.0,28516.0,90.0,,430.588,38.0,39.0,51.0,56.441,,,0.4333,0.5667,,True,completed
238737_451_0,pkw,28415.0,28518.0,103.0,,431.687,52.0,52.0,51.0,73.276,,,0.5049,0.4951,,True,completed
239457_451_0,pkw,28420.0,28521.0,101.0,,438.934,47.0,48.0,53.0,69.242,,,0.4752,0.5248,,True,completed
280500_471_0,pkw,28239.0,28530.0,291.0,,431.139,69.0,151.0,140.0,261.766,,,0.5189,0.4811,,True,completed
144781_416_0,pkw,28488.0,28532.0,44.0,,446.676,4.0,4.0,40.0,16.544,,,0.0909,0.9091,,True,completed
198650_436_0,pkw,28251.0,28532.0,281.0,,439.696,67.0,150.0,131.0,253.578,,,0.5338,0.4662,,True,completed
141828_415_0,pkw,28462.0,28534.0,72.0,,153.617,45.0,45.0,27.0,61.457,,,0.625,0.375,,True,completed
252459_458_0,pkw,28259.0,28534.0,275.0,,430.116,67.0,142.0,133.0,247.501,,,0.5164,0.4836,,True,completed
279534_470_0,pkw,28478.0,28535.0,57.0,,137.876,30.0,31.0,26.0,47.497,,,0.5439,0.4561,,True,completed
119889_405_0,pkw,28264.0,28536.0,272.0,,438.461,66.0,137.0,135.0,239.879,,,0.5037,0.4963,,True,completed
246226_454_0,pkw,28490.0,28536.0,46.0,,442.745,3.0,3.0,43.0,15.904,,,0.0652,0.9348,,True,completed
136857_411_0,pkw,28451.0,28538.0,87.0,,156.448,48.0,48.0,39.0,76.443,,,0.5517,0.4483,,True,completed
210748_442_0,pkw,28482.0,28538.0,56.0,,146.54,29.0,29.0,27.0,43.553,,,0.5179,0.4821,,True,completed
169648_426_0,pkw,28485.0,28539.0,54.0,,448.078,5.0,6.0,48.0,16.021,,,0.1111,0.8889,,True,completed
110587_401_0,pkw,28518.0,28551.0,33.0,,201.604,11.0,11.0,22.0,22.778,,,0.3333,0.6667,,True,completed
178414_430_0,pkw,28521.0,28552.0,31.0,,186.922,8.0,8.0,23.0,21.484,,,0.2581,0.7419,,True,completed
226436_450_0,pkw,28453.0,28552.0,99.0,,432.062,52.0,52.0,47.0,67.972,,,0.5253,0.4747,,True,completed
104899_398_0,pkw,28529.0,28554.0,25.0,,193.288,2.0,2.0,23.0,13.902,,,0.08,0.92,,True,completed
252693_458_0,pkw,28429.0,28554.0,125.0,,433.939,51.0,64.0,61.0,90.969,,,0.512,0.488,,True,completed
259136_461_0,pkw,28459.0,28554.0,95.0,,438.712,50.0,50.0,45.0,66.209,,,0.5263,0.4737,,True,completed
241082_452_0,pkw,28439.0,28557.0,118.0,,438.597,49.0,55.0,63.0,83.043,,,0.4661,0.5339,,True,completed
210588_441_0,pkw,28540.0,28558.0,18.0,,170.467,0.0,1.0,17.0,3.8,,,0.0556,0.9444,,True,completed
237662_451_0,pkw,28543.0,28558.0,15.0,,189.62,0.0,0.0,15.0,3.904,,,0.0,1.0,,True,completed
277465_469_0,pkw,28514.0,28560.0,46.0,,406.758,5.0,5.0,41.0,18.159,,,0.1087,0.8913,,True,completed
220942_447_0,pkw,28547.0,28561.0,14.0,,185.149,0.0,0.0,14.0,3.326,,,0.0,1.0,,True,completed
261183_461_0,pkw,28489.0,28562.0,73.0,,428.959,24.0,24.0,49.0,40.316,,,0.3288,0.6712,,True,completed
250018_456_0,pkw,28549.0,28563.0,14.0,,194.403,0.0,0.0,14.0,2.524,,,0.0,1.0,,True,completed
238336_451_0,pkw,28267.0,28570.0,303.0,,437.935,72.0,162.0,141.0,271.51,,,0.5347,0.4653,,True,completed
260408_461_0,pkw,28492.0,28570.0,78.0,,140.84,52.0,52.0,26.0,68.56,,,0.6667,0.3333,,True,completed
195396_436_0,pkw,28494.0,28571.0,77.0,,442.972,28.0,28.0,49.0,47.709,,,0.3636,0.6364,,True,completed
256684_460_0,pkw,28270.0,28572.0,302.0,,441.627,71.0,156.0,146.0,269.389,,,0.5166,0.4834,,True,completed
252410_458_0,pkw,28272.0,28573.0,301.0,,430.101,70.0,152.0,149.0,268.377,,,0.505,0.495,,True,completed
253861_459_0,pkw,28495.0,28574.0,79.0,,441.765,28.0,28.0,51.0,48.731,,,0.3544,0.6456,,True,completed
246686_455_0,pkw,28278.0,28575.0,297.0,,440.251,67.0,151.0,146.0,270.061,,,0.5084,0.4916,,True,completed
187042_432_0,pkw,28497.0,28576.0,79.0,,448.78,26.0,26.0,53.0,50.57,,,0.3291,0.6709,,True,completed
276708_468_0,pkw,28408.0,28576.0,168.0,,430.553,68.0,90.0,78.0,136.996,,,0.5357,0.4643,,True,completed
218915_446_0,pkw,28492.0,28578.0,86.0,,445.695,31.0,31.0,55.0,46.96,,,0.3605,0.6395,,True,completed
270525_465_0,pkw,28537.0,28589.0,52.0,,434.839,17.0,17.0,35.0,23.909,,,0.3269,0.6731,,True,completed
159963_421_0,pkw,28547.0,28590.0,43.0,,185.948,25.0,25.0,18.0,32.815,,,0.5814,0.4186,,True,completed
177680_430_0,pkw,28537.0,28590.0,53.0,,425.753,13.0,14.0,39.0,26.346,,,0.2642,0.7358,,True,completed
157359_421_0,pkw,28552.0,28591.0,39.0,,187.496,19.0,19.0,20.0,26.553,,,0.4872,0.5128,,True,completed
149947_417_0,pkw,28578.0,28593.0,15.0,,188.976,0.0,0.0,15.0,4.523,,,0.0,1.0,,True,completed
174918_427_0,pkw,28579.0,28593.0,14.0,,196.985,0.0,0.0,14.0,2.753,,,0.0,1.0,,True,completed
175533_428_0,pkw,28585.0,28596.0,11.0,,178.294,0.0,0.0,11.0,0.752,,,0.0,1.0,,True,completed
216822_446_0,pkw,28582.0,28597.0,15.0,,191.639,0.0,0.0,15.0,4.621,,,0.0,1.0,,True,completed
241394_452_0,pkw,28578.0,28597.0,19.0,,172.284,0.0,1.0,18.0,6.113,,,0.0526,0.9474,,True,completed
280794_471_0,pkw,28596.0,28608.0,12.0,,152.783,0.0,0.0,12.0,2.46,,,0.0,1.0,,True,completed
221860_448_0,pkw,28503.0,28615.0,112.0,,450.128,54.0,54.0,58.0,75.517,,,0.4821,0.5179,,True,completed
140690_414_0,pkw,28509.0,28616.0,107.0,,448.053,51.0,51.0,56.0,74.373,,,0.4766,0.5234,,True,completed
75563_386_0,pkw,28523.0,28617.0,94.0,,441.0,43.0,43.0,51.0,66.08,,,0.4574,0.5426,,True,completed
134733_411_0,pkw,28506.0,28618.0,112.0,,445.381,53.0,53.0,59.0,74.499,,,0.4732,0.5268,,True,completed
152370_419_0,pkw,28512.0,28619.0,107.0,,447.89,49.0,49.0,58.0,79.246,,,0.4579,0.5421,,True,completed
148835_417_0,pkw,28608.0,28631.0,23.0,,187.528,4.0,4.0,19.0,11.435,,,0.1739,0.8261,,True,completed
213851_444_0,pkw,28610.0,28631.0,21.0,,190.592,0.0,0.0,21.0,10.623,,,0.0,1.0,,True,completed
229126_450_0,pkw,28602.0,28631.0,29.0,,196.363,10.0,10.0,19.0,17.655,,,0.3448,0.6552,,True,completed
178689_430_0,pkw,28612.0,28633.0,21.0,,197.292,1.0,1.0,20.0,11.001,,,0.0476,0.9524,,True,completed
181432_431_0,pkw,28616.0,28633.0,17.0,,181.457,0.0,0.0,17.0,6.583,,,0.0,1.0,,True,completed
188487_433_0,pkw,28622.0,28634.0,12.0,,185.887,0.0,0.0,12.0,1.469,,,0.0,1.0,,True,completed
177905_430_0,pkw,28612.0,28637.0,25.0,,191.551,0.0,1.0,24.0,12.35,,,0.04,0.96,,True,completed
207390_441_0,pkw,28620.0,28639.0,19.0,,199.331,0.0,0.0,19.0,6.997,,,0.0,1.0,,True,completed
154706_420_0,pkw,28526.0,28650.0,124.0,,447.861,51.0,66.0,58.0,93.398,,,0.5323,0.4677,,True,completed
169513_426_0,pkw,28612.0,28650.0,38.0,,434.678,1.0,1.0,37.0,8.483,,,0.0263,0.9737,,True,completed
118698_405_0,pkw,28531.0,28653.0,122.0,,441.703,49.0,61.0,61.0,90.125,,,0.5,0.5,,True,completed
204473_440_0,pkw,28534.0,28654.0,120.0,,443.469,48.0,59.0,61.0,89.058,,,0.4917,0.5083,,True,completed
204241_440_0,pkw,28619.0,28656.0,37.0,,160.186,16.0,16.0,21.0,26.395,,,0.4324,0.5676,,True,completed
200235_437_0,pkw,28639.0,28657.0,18.0,,148.185,0.0,0.0,18.0,7.939,,,0.0,1.0,,True,completed
109284_400_0,pkw,28539.0,28658.0,119.0,,446.452,46.0,54.0,65.0,87.956,,,0.4538,0.5462,,True,completed
120822_405_0,pkw,28536.0,28660.0,124.0,,443.799,48.0,57.0,67.0,87.97,,,0.4597,0.5403,,True,completed
246942_455_0,pkw,28638.0,28665.0,27.0,,155.578,0.0,0.0,27.0,15.573,,,0.0,1.0,,True,completed
174556_427_0,pkw,28627.0,28670.0,43.0,,186.0,26.0,26.0,17.0,32.581,,,0.6047,0.3953,,True,completed
164332_422_0,pkw,28628.0,28671.0,43.0,,183.247,24.0,24.0,19.0,32.862,,,0.5581,0.4419,,True,completed
170276_426_0,pkw,28627.0,28672.0,45.0,,431.808,8.0,8.0,37.0,15.242,,,0.1778,0.8222,,True,completed
167883_425_0,pkw,28629.0,28673.0,44.0,,201.989,24.0,24.0,20.0,31.673,,,0.5455,0.4545,,True,completed
187196_433_0,pkw,28632.0,28674.0,42.0,,192.362,22.0,22.0,20.0,30.543,,,0.5238,0.4762,,True,completed
258498_461_0,pkw,28625.0,28674.0,49.0,,433.526,9.0,9.0,40.0,22.973,,,0.1837,0.8163,,True,completed
263548_462_0,pkw,28637.0,28675.0,38.0,,423.008,0.0,0.0,38.0,12.017,,,0.0,1.0,,True,completed
193673_435_0,pkw,28634.0,28676.0,42.0,,194.334,20.0,20.0,22.0,30.508,,,0.4762,0.5238,,True,completed
222401_448_0,pkw,28624.0,28676.0,52.0,,428.604,9.0,9.0,43.0,15.903,,,0.1731,0.8269,,True,completed
215313_445_0,pkw,28637.0,28678.0,41.0,,202.303,18.0,18.0,23.0,28.713,,,0.439,0.561,,True,completed
95711_394_0,pkw,28641.0,28679.0,38.0,,199.285,14.0,14.0,24.0,26.554,,,0.3684,0.6316,,True,completed
241303_452_0,pkw,28634.0,28680.0,46.0,,433.034,0.0,1.0,45.0,10.31,,,0.0217,0.9783,,True,completed
122299_406_0,pkw,28635.0,28683.0,48.0,,432.186,0.0,1.0,47.0,13.547,,,0.0208,0.9792,,True,completed
273641_466_0,pkw,28641.0,28690.0,49.0,,139.892,26.0,26.0,23.0,40.004,,,0.5306,0.4694,,True,completed
161070_421_0,pkw,28561.0,28691.0,130.0,,448.527,50.0,69.0,61.0,102.584,,,0.5308,0.4692,,True,completed
268829_465_0,pkw,28644.0,28692.0,48.0,,146.584,26.0,26.0,22.0,38.283,,,0.5417,0.4583,,True,completed
82062_389_0,pkw,28653.0,28692.0,39.0,,102.597,22.0,22.0,17.0,30.453,,,0.5641,0.4359,,True,completed
267732_465_0,pkw,28545.0,28693.0,148.0,,443.204,50.0,80.0,68.0,114.027,,,0.5405,0.4595,,True,completed
174411_427_0,pkw,28549.0,28695.0,146.0,,444.248,47.0,75.0,71.0,111.789,,,0.5137,0.4863,,True,completed
147621_416_0,pkw,28566.0,28699.0,133.0,,450.395,44.0,64.0,69.0,100.495,,,0.4812,0.5188,,True,completed
238211_451_0,pkw,28563.0,28701.0,138.0,,443.899,46.0,67.0,71.0,101.242,,,0.4855,0.5145,,True,completed
246477_455_0,pkw,28646.0,28710.0,64.0,,430.146,24.0,24.0,40.0,35.018,,,0.375,0.625,,True,completed
296641_481_0,pkw,28678.0,28710.0,32.0,,362.387,0.0,0.0,32.0,9.105,,,0.0,1.0,,True,completed
107596_400_0,pkw,28693.0,28711.0,18.0,,195.375,0.0,0.0,18.0,7.651,,,0.0,1.0,,True,completed
97220_395_0,pkw,28648.0,28711.0,63.0,,423.859,23.0,23.0,40.0,37.053,,,0.3651,0.6349,,True,completed
128388_408_0,pkw,28640.0,28712.0,72.0,,196.271,38.0,38.0,34.0,56.571,,,0.5278,0.4722,,True,completed
238223_451_0,pkw,28698.0,28713.0,15.0,,182.099,0.0,0.0,15.0,5.883,,,0.0,1.0,,True,completed
159521_421_0,pkw,28645.0,28714.0,69.0,,201.927,37.0,37.0,32.0,58.284,,,0.5362,0.4638,,True,completed
110838_401_0,pkw,28702.0,28715.0,13.0,,189.5,0.0,0.0,13.0,2.274,,,0.0,1.0,,True,completed
193501_435_0,pkw,28649.0,28715.0,66.0,,191.932,33.0,33.0,33.0,55.441,,,0.5,0.5,,True,completed
186627_432_0,pkw,28650.0,28717.0,67.0,,193.918,28.0,28.0,39.0,55.111,,,0.4179,0.5821,,True,completed
262090_462_0,pkw,28646.0,28717.0,71.0,,427.348,25.0,25.0,46.0,37.713,,,0.3521,0.6479,,True,completed
242357_452_0,pkw,28652.0,28718.0,66.0,,203.07,31.0,31.0,35.0,54.212,,,0.4697,0.5303,,True,completed
220308_447_0,pkw,28600.0,28728.0,128.0,,438.87,53.0,68.0,60.0,103.027,,,0.5312,0.4688,,True,completed
257544_460_0,pkw,28569.0,28730.0,161.0,,443.541,51.0,88.0,73.0,131.308,,,0.5466,0.4534,,True,completed
189053_434_0,pkw,28688.0,28731.0,43.0,,452.414,3.0,3.0,40.0,11.104,,,0.0698,0.9302,,True,completed
140503_414_0,pkw,28686.0,28733.0,47.0,,442.716,0.0,0.0,47.0,3.156,,,0.0,1.0,,True,completed
292028_479_0,pkw,28605.0,28735.0,130.0,,447.838,48.0,67.0,63.0,100.199,,,0.5154,0.4846,,True,completed
200667_437_0,pkw,28696.0,28736.0,40.0,,445.302,0.0,0.0,40.0,2.214,,,0.0,1.0,,True,completed
211492_442_0,pkw,28602.0,28736.0,134.0,,445.925,46.0,66.0,68.0,101.547,,,0.4925,0.5075,,True,completed
85879_391_0,pkw,28694.0,28740.0,46.0,,464.74,0.0,0.0,46.0,4.278,,,0.0,1.0,,True,completed
201697_438_0,pkw,28720.0,28748.0,28.0,,140.815,12.0,12.0,16.0,18.919,,,0.4286,0.5714,,True,completed
191519_435_0,pkw,28722.0,28750.0,28.0,,143.83,12.0,12.0,16.0,18.931,,,0.4286,0.5714,,True,completed
211771_442_0,pkw,28656.0,28750.0,94.0,,185.758,54.0,55.0,39.0,83.534,,,0.5851,0.4149,,True,completed
141290_415_0,pkw,28725.0,28751.0,26.0,,185.37,6.0,6.0,20.0,16.18,,,0.2308,0.7692,,True,completed
134495_411_0,pkw,28733.0,28752.0,19.0,,148.906,2.0,2.0,17.0,9.09,,,0.1053,0.8947,,True,completed
188168_433_0,pkw,28666.0,28753.0,87.0,,189.722,43.0,43.0,44.0,76.67,,,0.4943,0.5057,,True,completed
233666_451_0,pkw,28730.0,28753.0,23.0,,194.723,3.0,3.0,20.0,12.479,,,0.1304,0.8696,,True,completed
233677_451_0,pkw,28736.0,28753.0,17.0,,141.095,0.0,0.0,17.0,7.886,,,0.0,1.0,,True,completed
154939_420_0,pkw,28671.0,28755.0,84.0,,187.444,41.0,41.0,43.0,74.487,,,0.4881,0.5119,,True,completed
228744_450_0,pkw,28740.0,28756.0,16.0,,195.91,0.0,0.0,16.0,4.88,,,0.0,1.0,,True,completed
176159_429_0,pkw,28680.0,28757.0,77.0,,194.238,44.0,44.0,33.0,65.399,,,0.5714,0.4286,,True,completed
132573_410_0,pkw,28665.0,28761.0,96.0,,201.622,48.0,48.0,48.0,84.247,,,0.5,0.5,,True,completed
164264_422_0,pkw,28733.0,28775.0,42.0,,446.63,2.0,2.0,40.0,10.587,,,0.0476,0.9524,,True,completed
273300_466_0,pkw,28763.0,28775.0,12.0,,146.65,0.0,0.0,12.0,0.945,,,0.0,1.0,,True,completed
209482_441_0,pkw,28754.0,28776.0,22.0,,159.443,1.0,1.0,21.0,11.046,,,0.0455,0.9545,,True,completed
252054_457_0,pkw,28611.0,28776.0,165.0,,450.005,52.0,92.0,73.0,129.698,,,0.5576,0.4424,,True,completed
265524_463_0,pkw,28766.0,28776.0,10.0,,137.475,0.0,0.0,10.0,1.717,,,0.0,1.0,,True,completed
123193_406_0,pkw,28647.0,28777.0,130.0,,442.523,50.0,70.0,60.0,103.355,,,0.5385,0.4615,,True,completed
143726_416_0,pkw,28607.0,28777.0,170.0,,452.761,55.0,95.0,75.0,131.711,,,0.5588,0.4412,,True,completed
161562_421_0,pkw,28643.0,28778.0,135.0,,444.548,51.0,72.0,63.0,102.641,,,0.5333,0.4667,,True,completed
276894_469_0,pkw,28756.0,28778.0,22.0,,160.898,0.0,0.0,22.0,12.399,,,0.0,1.0,,True,completed
212428_443_0,pkw,28742.0,28779.0,37.0,,463.028,1.0,1.0,36.0,9.694,,,0.027,0.973,,True,completed
272087_466_0,pkw,28761.0,28780.0,19.0,,167.122,0.0,0.0,19.0,7.103,,,0.0,1.0,,True,completed
181664_431_0,pkw,28766.0,28781.0,15.0,,157.107,0.0,0.0,15.0,5.757,,,0.0,1.0,,True,completed
196090_436_0,pkw,28645.0,28783.0,138.0,,453.471,50.0,71.0,67.0,98.713,,,0.5145,0.4855,,True,completed
245399_454_0,pkw,28768.0,28783.0,15.0,,165.225,0.0,0.0,15.0,4.409,,,0.0,1.0,,True,completed
127187_407_0,pkw,28685.0,28791.0,106.0,,189.785,69.0,69.0,37.0,93.152,,,0.6509,0.3491,,True,completed
226950_450_0,pkw,28669.0,28791.0,122.0,,202.63,72.0,75.0,47.0,111.353,,,0.6148,0.3852,,True,completed
256913_460_0,pkw,28701.0,28794.0,93.0,,203.34,53.0,54.0,39.0,79.573,,,0.5806,0.4194,,True,completed
183935_431_0,pkw,28749.0,28795.0,46.0,,430.02,5.0,5.0,41.0,10.818,,,0.1087,0.8913,,True,completed
192203_435_0,pkw,28704.0,28795.0,91.0,,194.696,52.0,52.0,39.0,80.513,,,0.5714,0.4286,,True,completed
238898_451_0,pkw,28706.0,28796.0,90.0,,186.392,48.0,48.0,42.0,79.757,,,0.5333,0.4667,,True,completed
151101_418_0,pkw,28751.0,28797.0,46.0,,438.266,3.0,3.0,43.0,8.472,,,0.0652,0.9348,,True,completed
155024_420_0,pkw,28712.0,28798.0,86.0,,190.732,45.0,45.0,41.0,72.565,,,0.5233,0.4767,,True,completed
178461_430_0,pkw,28717.0,28798.0,81.0,,189.44,43.0,43.0,38.0,71.482,,,0.5309,0.4691,,True,completed
124522_406_0,pkw,28769.0,,31.0,,73.612,12.0,13.0,18.0,27.406,,,0.4194,0.5806,,False,on_map_at_end
124717_406_0,pkw,28785.0,,15.0,,28.585,9.0,8.0,7.0,12.996,,,0.5333,0.4667,,False,on_map_at_end
125267_406_0,pkw,28673.0,,127.0,,325.961,61.0,74.0,53.0,108.847,,,0.5827,0.4173,,False,on_map_at_end
149318_417_0,pkw,28740.0,,60.0,,73.73,32.0,32.0,28.0,56.349,,,0.5333,0.4667,,False,on_map_at_end
157794_421_0,pkw,28776.0,,24.0,,45.988,18.0,17.0,7.0,20.554,,,0.7083,0.2917,,False,on_map_at_end
162933_422_0,pkw,28799.0,,1.0,,2.049,0.0,0.0,1.0,0.863,,,0.0,1.0,,False,on_map_at_end
167277_425_0,pkw,28696.0,,104.0,,203.616,59.0,60.0,44.0,89.117,,,0.5769,0.4231,,False,on_map_at_end
168076_425_0,pkw,28703.0,,97.0,,91.169,61.0,60.0,37.0,92.25,,,0.6186,0.3814,,False,on_map_at_end
169474_426_0,pkw,28734.0,,66.0,,79.553,39.0,39.0,27.0,62.131,,,0.5909,0.4091,,False,on_map_at_end
194505_436_0,pkw,28774.0,,26.0,,51.789,20.0,19.0,7.0,22.36,,,0.7308,0.2692,,False,on_map_at_end
202861_439_0,pkw,28796.0,,4.0,,10.617,0.0,1.0,3.0,3.236,,,0.25,0.75,,False,on_map_at_end
209434_441_0,pkw,28777.0,,23.0,,67.267,6.0,7.0,16.0,19.505,,,0.3043,0.6957,,False,on_map_at_end
210132_441_0,pkw,28771.0,,29.0,,67.779,9.0,10.0,19.0,25.696,,,0.3448,0.6552,,False,on_map_at_end
210408_441_0,pkw,28723.0,,77.0,,91.169,51.0,50.0,27.0,71.865,,,0.6494,0.3506,,False,on_map_at_end
217173_446_0,pkw,28781.0,,19.0,,40.187,12.0,11.0,8.0,15.842,,,0.5789,0.4211,,False,on_map_at_end
219862_447_0,pkw,28787.0,,13.0,,22.783,6.0,5.0,8.0,11.371,,,0.3846,0.6154,,False,on_map_at_end
225702_450_0,pkw,28714.0,,86.0,,85.368,49.0,48.0,38.0,82.069,,,0.5581,0.4419,,False,on_map_at_end
227471_450_0,pkw,28781.0,,19.0,,33.452,7.0,7.0,12.0,17.267,,,0.3684,0.6316,,False,on_map_at_end
237260_451_0,pkw,28774.0,,26.0,,61.018,9.0,9.0,17.0,23.099,,,0.3462,0.6538,,False,on_map_at_end
245940_454_0,pkw,28783.0,,17.0,,34.386,9.0,8.0,9.0,14.811,,,0.4706,0.5294,,False,on_map_at_end
249950_456_0,pkw,28683.0,,117.0,,284.099,60.0,68.0,49.0,100.265,,,0.5812,0.4188,,False,on_map_at_end
251407_457_0,pkw,28777.0,,23.0,,53.131,7.0,7.0,16.0,20.032,,,0.3043,0.6957,,False,on_map_at_end
253859_459_0,pkw,28779.0,,21.0,,45.001,7.0,7.0,14.0,18.477,,,0.3333,0.6667,,False,on_map_at_end
255224_459_0,pkw,28779.0,,21.0,,40.187,16.0,15.0,6.0,17.367,,,0.7143,0.2857,,False,on_map_at_end
255631_460_0,pkw,28789.0,,11.0,,16.979,4.0,3.0,8.0,9.617,,,0.2727,0.7273,,False,on_map_at_end
262958_462_0,pkw,28727.0,,73.0,,79.564,43.0,43.0,30.0,69.067,,,0.589,0.411,,False,on_map_at_end
292024_479_0,pkw,28779.0,,21.0,,45.988,14.0,13.0,8.0,17.547,,,0.619,0.381,,False,on_map_at_end
293474_480_0,pkw,28729.0,,71.0,,85.368,44.0,43.0,28.0,66.423,,,0.6056,0.3944,,False,on_map_at_end
85101_390_0,pkw,28690.0,,110.0,,258.489,62.0,66.0,44.0,94.933,,,0.6,0.4,,False,on_map_at_end
90263_391_0,pkw,28772.0,,28.0,,51.789,22.0,21.0,7.0,24.378,,,0.75,0.25,,False,on_map_at_end
