vehicle_id,vehicle_type,enter_time_s,departure_time_s,travel_time_s,route_distance_m,distance_traveled_m,accumulated_waiting_time_s,custom_wait_s,moving_time_s,time_loss_s,free_flow_time_s,delay_s,waiting_fraction,moving_fraction,schedule_efficiency,completed_trip,trip_status
151372_418_0,pkw,25208.0,25241.0,33.0,,403.899,0.0,0.0,33.0,4.511,,,0.0,1.0,,True,completed
124779_406_0,pkw,25206.0,25253.0,47.0,,168.955,27.0,27.0,20.0,36.153,,,0.5745,0.4255,,True,completed
123965_406_0,pkw,25219.0,25257.0,38.0,,430.997,0.0,0.0,38.0,1.739,,,0.0,1.0,,True,completed
91582_392_0,pkw,25219.0,25258.0,39.0,,454.195,0.0,0.0,39.0,3.152,,,0.0,1.0,,True,completed
98305_395_0,pkw,25212.0,25261.0,49.0,,153.857,24.0,24.0,25.0,38.038,,,0.4898,0.5102,,True,completed
102535_396_0,pkw,25219.0,25263.0,44.0,,158.874,19.0,19.0,25.0,33.456,,,0.4318,0.5682,,True,completed
147209_416_0,pkw,25221.0,25265.0,44.0,,166.617,16.0,16.0,28.0,32.374,,,0.3636,0.6364,,True,completed
102501_396_0,pkw,25245.0,25271.0,26.0,,195.774,7.0,7.0,19.0,15.178,,,0.2692,0.7308,,True,completed
113509_402_0,pkw,25249.0,25272.0,23.0,,167.597,4.0,4.0,19.0,13.54,,,0.1739,0.8261,,True,completed
121258_405_0,pkw,25241.0,25272.0,31.0,,201.412,11.0,11.0,20.0,20.075,,,0.3548,0.6452,,True,completed
126742_407_0,pkw,25243.0,25273.0,30.0,,191.769,9.0,9.0,21.0,18.658,,,0.3,0.7,,True,completed
102630_396_0,pkw,25253.0,25274.0,21.0,,201.907,0.0,0.0,21.0,10.463,,,0.0,1.0,,True,completed
120663_405_0,pkw,25247.0,25275.0,28.0,,192.18,6.0,6.0,22.0,14.156,,,0.2143,0.7857,,True,completed
122194_406_0,pkw,25256.0,25275.0,19.0,,186.206,0.0,0.0,19.0,9.979,,,0.0,1.0,,True,completed
125613_406_0,pkw,25259.0,25277.0,18.0,,189.447,0.0,0.0,18.0,6.38,,,0.0,1.0,,True,completed
130147_409_0,pkw,25252.0,25277.0,25.0,,201.769,1.0,1.0,24.0,12.897,,,0.04,0.96,,True,completed
122376_406_0,pkw,25255.0,25278.0,23.0,,193.531,0.0,0.0,23.0,11.762,,,0.0,1.0,,True,completed
149029_417_0,pkw,25237.0,25282.0,45.0,,188.968,20.0,20.0,25.0,32.697,,,0.4444,0.5556,,True,completed
160150_421_0,pkw,25221.0,25291.0,70.0,,446.844,28.0,28.0,42.0,39.212,,,0.4,0.6,,True,completed
162814_422_0,pkw,25234.0,25292.0,58.0,,432.502,23.0,23.0,35.0,32.415,,,0.3966,0.6034,,True,completed
115444_403_0,pkw,25295.0,25305.0,10.0,,158.191,0.0,0.0,10.0,0.759,,,0.0,1.0,,True,completed
128446_408_0,pkw,25274.0,25310.0,36.0,,464.442,0.0,0.0,36.0,4.64,,,0.0,1.0,,True,completed
148629_417_0,pkw,25285.0,25311.0,26.0,,187.231,8.0,8.0,18.0,14.172,,,0.3077,0.6923,,True,completed
133955_411_0,pkw,25261.0,25312.0,51.0,,194.183,28.0,28.0,23.0,40.504,,,0.549,0.451,,True,completed
135103_411_0,pkw,25257.0,25312.0,55.0,,186.483,26.0,26.0,29.0,45.108,,,0.4727,0.5273,,True,completed
120275_405_0,pkw,25263.0,25314.0,51.0,,194.264,26.0,26.0,25.0,40.925,,,0.5098,0.4902,,True,completed
152958_419_0,pkw,25259.0,25314.0,55.0,,190.754,25.0,25.0,30.0,43.269,,,0.4545,0.5455,,True,completed
129253_408_0,pkw,25261.0,25316.0,55.0,,201.197,24.0,24.0,31.0,43.807,,,0.4364,0.5636,,True,completed
135201_411_0,pkw,25265.0,25317.0,52.0,,185.247,24.0,24.0,28.0,42.082,,,0.4615,0.5385,,True,completed
86189_391_0,pkw,25267.0,25317.0,50.0,,183.089,24.0,24.0,26.0,40.572,,,0.48,0.52,,True,completed
134807_411_0,pkw,25265.0,25318.0,53.0,,195.466,24.0,24.0,29.0,41.498,,,0.4528,0.5472,,True,completed
130602_409_0,pkw,25269.0,25331.0,62.0,,429.133,13.0,14.0,48.0,23.637,,,0.2258,0.7742,,True,completed
136082_411_0,pkw,25278.0,25332.0,54.0,,440.534,10.0,10.0,44.0,20.039,,,0.1852,0.8148,,True,completed
83516_390_0,pkw,25276.0,25332.0,56.0,,462.56,17.0,17.0,39.0,27.339,,,0.3036,0.6964,,True,completed
113303_402_0,pkw,25284.0,25333.0,49.0,,446.042,10.0,10.0,39.0,20.278,,,0.2041,0.7959,,True,completed
85818_390_0,pkw,25281.0,25334.0,53.0,,438.937,4.0,4.0,49.0,13.309,,,0.0755,0.9245,,True,completed
86583_391_0,pkw,25290.0,25336.0,46.0,,437.935,0.0,0.0,46.0,6.368,,,0.0,1.0,,True,completed
137244_412_0,pkw,25296.0,25338.0,42.0,,435.317,0.0,0.0,42.0,2.342,,,0.0,1.0,,True,completed
103540_397_0,pkw,25301.0,25343.0,42.0,,166.697,19.0,19.0,23.0,31.482,,,0.4524,0.5476,,True,completed
129519_408_0,pkw,25269.0,25350.0,81.0,,189.583,47.0,47.0,34.0,71.165,,,0.5802,0.4198,,True,completed
57065_374_0,pkw,25267.0,25351.0,84.0,,191.159,52.0,52.0,32.0,74.35,,,0.619,0.381,,True,completed
82015_389_0,pkw,25271.0,25352.0,81.0,,185.305,47.0,47.0,34.0,71.072,,,0.5802,0.4198,,True,completed
135431_411_0,pkw,25273.0,25353.0,80.0,,195.006,51.0,51.0,29.0,68.673,,,0.6375,0.3625,,True,completed
136204_411_0,pkw,25273.0,25355.0,82.0,,193.75,46.0,46.0,36.0,67.706,,,0.561,0.439,,True,completed
146814_416_0,pkw,25275.0,25355.0,80.0,,203.431,49.0,49.0,31.0,68.144,,,0.6125,0.3875,,True,completed
118286_405_0,pkw,25277.0,25356.0,79.0,,190.918,46.0,46.0,33.0,67.022,,,0.5823,0.4177,,True,completed
125316_406_0,pkw,25275.0,25357.0,82.0,,196.501,46.0,46.0,36.0,69.654,,,0.561,0.439,,True,completed
162096_421_0,pkw,25307.0,25361.0,54.0,,402.435,14.0,14.0,40.0,30.036,,,0.2593,0.7407,,True,completed
175147_428_0,pkw,25325.0,25363.0,38.0,,402.575,0.0,0.0,38.0,12.219,,,0.0,1.0,,True,completed
120878_405_0,pkw,25292.0,25370.0,78.0,,434.195,30.0,30.0,48.0,44.147,,,0.3846,0.6154,,True,completed
142412_415_0,pkw,25308.0,25370.0,62.0,,435.76,24.0,24.0,38.0,33.173,,,0.3871,0.6129,,True,completed
138220_412_0,pkw,25310.0,25372.0,62.0,,429.881,20.0,20.0,42.0,27.711,,,0.3226,0.6774,,True,completed
85922_391_0,pkw,25294.0,25373.0,79.0,,444.736,29.0,29.0,50.0,49.71,,,0.3671,0.6329,,True,completed
118963_405_0,pkw,25305.0,25374.0,69.0,,436.022,29.0,29.0,40.0,40.361,,,0.4203,0.5797,,True,completed
167799_425_0,pkw,25328.0,25374.0,46.0,,433.869,6.0,6.0,40.0,13.169,,,0.1304,0.8696,,True,completed
130372_409_0,pkw,25330.0,25376.0,46.0,,452.465,5.0,5.0,41.0,19.747,,,0.1087,0.8913,,True,completed
136152_411_0,pkw,25314.0,25376.0,62.0,,442.927,17.0,17.0,45.0,26.539,,,0.2742,0.7258,,True,completed
122154_406_0,pkw,25338.0,25377.0,39.0,,428.353,0.0,0.0,39.0,6.138,,,0.0,1.0,,True,completed
104806_398_0,pkw,25332.0,25378.0,46.0,,450.862,3.0,3.0,43.0,15.064,,,0.0652,0.9348,,True,completed
150753_418_0,pkw,25352.0,25386.0,34.0,,460.681,0.0,0.0,34.0,2.133,,,0.0,1.0,,True,completed
146536_416_0,pkw,25279.0,25391.0,112.0,,201.292,73.0,75.0,37.0,101.208,,,0.6696,0.3304,,True,completed
110905_401_0,pkw,25281.0,25392.0,111.0,,191.388,72.0,74.0,37.0,100.845,,,0.6667,0.3333,,True,completed
134435_411_0,pkw,25277.0,25392.0,115.0,,202.247,71.0,73.0,42.0,103.313,,,0.6348,0.3652,,True,completed
108236_400_0,pkw,25279.0,25393.0,114.0,,192.731,70.0,72.0,42.0,102.417,,,0.6316,0.3684,,True,completed
94647_393_0,pkw,25283.0,25394.0,111.0,,195.072,69.0,71.0,40.0,101.597,,,0.6396,0.3604,,True,completed
118931_405_0,pkw,25281.0,25395.0,114.0,,201.302,69.0,71.0,43.0,102.529,,,0.6228,0.3772,,True,completed
139731_413_0,pkw,25285.0,25396.0,111.0,,199.049,67.0,70.0,41.0,100.156,,,0.6306,0.3694,,True,completed
157203_421_0,pkw,25285.0,25396.0,111.0,,188.479,67.0,69.0,42.0,100.351,,,0.6216,0.3784,,True,completed
137559_412_0,pkw,25287.0,25397.0,110.0,,191.038,66.0,68.0,42.0,99.245,,,0.6182,0.3818,,True,completed
106268_399_0,pkw,25287.0,25398.0,111.0,,197.088,65.0,66.0,45.0,100.077,,,0.5946,0.4054,,True,completed
161721_421_0,pkw,25338.0,25401.0,63.0,,396.953,19.0,19.0,44.0,34.483,,,0.3016,0.6984,,True,completed
121091_405_0,pkw,25346.0,25410.0,64.0,,436.292,21.0,21.0,43.0,30.917,,,0.3281,0.6719,,True,completed
135138_411_0,pkw,25350.0,25410.0,60.0,,426.93,18.0,18.0,42.0,29.323,,,0.3,0.7,,True,completed
169772_426_0,pkw,25348.0,25412.0,64.0,,429.941,21.0,21.0,43.0,35.458,,,0.3281,0.6719,,True,completed
114183_402_0,pkw,25360.0,25414.0,54.0,,440.617,18.0,18.0,36.0,28.656,,,0.3333,0.6667,,True,completed
148536_417_0,pkw,25362.0,25414.0,52.0,,455.05,6.0,6.0,46.0,15.78,,,0.1154,0.8846,,True,completed
167170_425_0,pkw,25365.0,25414.0,49.0,,428.076,5.0,5.0,44.0,21.977,,,0.102,0.898,,True,completed
120618_405_0,pkw,25364.0,25415.0,51.0,,431.807,14.0,14.0,37.0,24.804,,,0.2745,0.7255,,True,completed
137508_412_0,pkw,25368.0,25417.0,49.0,,440.339,8.0,8.0,41.0,17.495,,,0.1633,0.8367,,True,completed
165043_423_0,pkw,25367.0,25419.0,52.0,,461.513,5.0,5.0,47.0,19.156,,,0.0962,0.9038,,True,completed
133688_411_0,pkw,25290.0,25431.0,141.0,,197.424,71.0,94.0,47.0,130.928,,,0.6667,0.3333,,True,completed
149973_417_0,pkw,25345.0,25431.0,86.0,,197.701,51.0,51.0,35.0,74.946,,,0.593,0.407,,True,completed
99716_396_0,pkw,25352.0,25433.0,81.0,,200.712,50.0,50.0,31.0,67.424,,,0.6173,0.3827,,True,completed
127662_407_0,pkw,25345.0,25434.0,89.0,,199.739,49.0,49.0,40.0,76.152,,,0.5506,0.4494,,True,completed
133819_411_0,pkw,25348.0,25434.0,86.0,,189.97,49.0,49.0,37.0,75.491,,,0.5698,0.4302,,True,completed
161963_421_0,pkw,25353.0,25434.0,81.0,,187.9,47.0,47.0,34.0,70.911,,,0.5802,0.4198,,True,completed
140822_414_0,pkw,25360.0,25436.0,76.0,,197.109,43.0,43.0,33.0,65.132,,,0.5658,0.4342,,True,completed
121429_406_0,pkw,25363.0,25437.0,74.0,,188.807,41.0,41.0,33.0,62.655,,,0.5541,0.4459,,True,completed
146948_416_0,pkw,25355.0,25439.0,84.0,,203.134,47.0,47.0,37.0,69.646,,,0.5595,0.4405,,True,completed
163503_422_0,pkw,25376.0,25450.0,74.0,,427.011,31.0,31.0,43.0,44.827,,,0.4189,0.5811,,True,completed
173487_427_0,pkw,25370.0,25450.0,80.0,,442.106,34.0,34.0,46.0,49.251,,,0.425,0.575,,True,completed
115620_403_0,pkw,25378.0,25451.0,73.0,,422.875,28.0,28.0,45.0,45.673,,,0.3836,0.6164,,True,completed
162547_422_0,pkw,25372.0,25452.0,80.0,,435.132,34.0,34.0,46.0,48.626,,,0.425,0.575,,True,completed
127513_407_0,pkw,25379.0,25453.0,74.0,,422.201,26.0,26.0,48.0,46.824,,,0.3514,0.6486,,True,completed
171810_426_0,pkw,25374.0,25454.0,80.0,,439.025,31.0,31.0,49.0,53.999,,,0.3875,0.6125,,True,completed
119040_405_0,pkw,25387.0,25456.0,69.0,,436.595,25.0,25.0,44.0,38.785,,,0.3623,0.6377,,True,completed
84424_390_0,pkw,25381.0,25457.0,76.0,,435.928,25.0,25.0,51.0,44.584,,,0.3289,0.6711,,True,completed
95948_394_0,pkw,25377.0,25457.0,80.0,,432.811,26.0,26.0,54.0,40.421,,,0.325,0.675,,True,completed
163150_422_0,pkw,25394.0,25458.0,64.0,,459.154,24.0,24.0,40.0,33.032,,,0.375,0.625,,True,completed
105238_398_0,pkw,25395.0,25459.0,64.0,,445.737,22.0,22.0,42.0,34.337,,,0.3438,0.6562,,True,completed
109585_401_0,pkw,25366.0,25470.0,104.0,,186.375,68.0,68.0,36.0,93.335,,,0.6538,0.3462,,True,completed
154120_420_0,pkw,25361.0,25470.0,109.0,,188.919,72.0,72.0,37.0,99.807,,,0.6606,0.3394,,True,completed
129330_408_0,pkw,25434.0,25471.0,37.0,,186.887,18.0,18.0,19.0,26.31,,,0.4865,0.5135,,True,completed
154290_420_0,pkw,25432.0,25471.0,39.0,,196.691,20.0,20.0,19.0,28.08,,,0.5128,0.4872,,True,completed
101928_396_0,pkw,25369.0,25472.0,103.0,,185.811,63.0,63.0,40.0,93.095,,,0.6117,0.3883,,True,completed
153635_420_0,pkw,25461.0,25473.0,12.0,,192.203,0.0,0.0,12.0,0.85,,,0.0,1.0,,True,completed
161648_421_0,pkw,25365.0,25473.0,108.0,,188.14,70.0,70.0,38.0,97.927,,,0.6481,0.3519,,True,completed
155579_420_0,pkw,25371.0,25474.0,103.0,,195.971,60.0,60.0,43.0,92.14,,,0.5825,0.4175,,True,completed
117534_404_0,pkw,25373.0,25476.0,103.0,,200.991,60.0,60.0,43.0,92.087,,,0.5825,0.4175,,True,completed
104556_397_0,pkw,25371.0,25477.0,106.0,,172.753,66.0,66.0,40.0,95.441,,,0.6226,0.3774,,True,completed
134511_411_0,pkw,25363.0,25477.0,114.0,,202.273,67.0,72.0,42.0,104.245,,,0.6316,0.3684,,True,completed
111249_401_0,pkw,25367.0,25478.0,111.0,,193.749,66.0,67.0,44.0,99.529,,,0.6036,0.3964,,True,completed
117148_404_0,pkw,25376.0,25478.0,102.0,,201.741,59.0,59.0,43.0,89.537,,,0.5784,0.4216,,True,completed
137320_412_0,pkw,25415.0,25479.0,64.0,,395.34,19.0,19.0,45.0,38.866,,,0.2969,0.7031,,True,completed
125385_406_0,pkw,25374.0,25480.0,106.0,,200.059,62.0,62.0,44.0,94.205,,,0.5849,0.4151,,True,completed
93126_392_0,pkw,25376.0,25481.0,105.0,,191.985,61.0,61.0,44.0,94.965,,,0.581,0.419,,True,completed
120308_405_0,pkw,25400.0,25482.0,82.0,,184.19,45.0,45.0,37.0,72.557,,,0.5488,0.4512,,True,completed
113625_402_0,pkw,25403.0,25484.0,81.0,,195.538,44.0,44.0,37.0,70.489,,,0.5432,0.4568,,True,completed
139126_413_0,pkw,25405.0,25486.0,81.0,,176.702,43.0,43.0,38.0,68.344,,,0.5309,0.4691,,True,completed
100057_396_0,pkw,25385.0,25491.0,106.0,,440.719,49.0,49.0,57.0,70.564,,,0.4623,0.5377,,True,completed
139080_413_0,pkw,25398.0,25491.0,93.0,,432.686,45.0,45.0,48.0,59.344,,,0.4839,0.5161,,True,completed
141862_415_0,pkw,25412.0,25492.0,80.0,,425.418,31.0,31.0,49.0,48.497,,,0.3875,0.6125,,True,completed
92315_392_0,pkw,25389.0,25492.0,103.0,,431.053,47.0,47.0,56.0,71.397,,,0.4563,0.5437,,True,completed
149846_417_0,pkw,25400.0,25494.0,94.0,,433.614,44.0,44.0,50.0,64.943,,,0.4681,0.5319,,True,completed
114134_402_0,pkw,25414.0,25495.0,81.0,,448.064,29.0,29.0,52.0,49.465,,,0.358,0.642,,True,completed
100926_396_0,pkw,25402.0,25496.0,94.0,,445.157,42.0,42.0,52.0,66.143,,,0.4468,0.5532,,True,completed
176093_428_0,pkw,25418.0,25496.0,78.0,,433.965,27.0,27.0,51.0,51.504,,,0.3462,0.6538,,True,completed
145157_416_0,pkw,25411.0,25497.0,86.0,,436.72,35.0,35.0,51.0,55.336,,,0.407,0.593,,True,completed
116804_404_0,pkw,25412.0,25510.0,98.0,,187.917,62.0,63.0,35.0,86.696,,,0.6429,0.3571,,True,completed
145855_416_0,pkw,25470.0,25511.0,41.0,,196.001,22.0,22.0,19.0,31.613,,,0.5366,0.4634,,True,completed
161689_421_0,pkw,25468.0,25512.0,44.0,,410.405,4.0,4.0,40.0,14.378,,,0.0909,0.9091,,True,completed
100928_396_0,pkw,25473.0,25513.0,40.0,,399.788,0.0,0.0,40.0,10.229,,,0.0,1.0,,True,completed
144491_416_0,pkw,25418.0,25513.0,95.0,,196.999,55.0,55.0,40.0,81.391,,,0.5789,0.4211,,True,completed
164382_422_0,pkw,25470.0,25513.0,43.0,,404.125,3.0,3.0,40.0,16.247,,,0.0698,0.9302,,True,completed
107932_400_0,pkw,25427.0,25514.0,87.0,,188.142,48.0,48.0,39.0,77.94,,,0.5517,0.4483,,True,completed
154948_420_0,pkw,25505.0,25515.0,10.0,,181.272,0.0,0.0,10.0,0.316,,,0.0,1.0,,True,completed
145391_416_0,pkw,25467.0,25516.0,49.0,,195.193,24.0,24.0,25.0,38.162,,,0.4898,0.5102,,True,completed
159287_421_0,pkw,25504.0,25516.0,12.0,,183.512,0.0,0.0,12.0,0.43,,,0.0,1.0,,True,completed
102805_396_0,pkw,25471.0,25518.0,47.0,,198.515,23.0,23.0,24.0,36.447,,,0.4894,0.5106,,True,completed
140041_414_0,pkw,25408.0,25521.0,113.0,,199.862,63.0,68.0,45.0,102.266,,,0.6018,0.3982,,True,completed
106883_399_0,pkw,25411.0,25522.0,111.0,,189.051,62.0,65.0,46.0,99.167,,,0.5856,0.4144,,True,completed
114601_403_0,pkw,25440.0,25524.0,84.0,,197.772,43.0,43.0,41.0,73.074,,,0.5119,0.4881,,True,completed
148479_417_0,pkw,25442.0,25525.0,83.0,,184.8,42.0,42.0,41.0,72.736,,,0.506,0.494,,True,completed
106784_399_0,pkw,25445.0,25527.0,82.0,,191.83,38.0,38.0,44.0,70.724,,,0.4634,0.5366,,True,completed
149073_417_0,pkw,25479.0,25528.0,49.0,,168.331,16.0,16.0,33.0,37.625,,,0.3265,0.6735,,True,completed
121964_406_0,pkw,25420.0,25531.0,111.0,,441.138,48.0,48.0,63.0,70.808,,,0.4324,0.5676,,True,completed
121832_406_0,pkw,25429.0,25532.0,103.0,,427.509,46.0,46.0,57.0,69.396,,,0.4466,0.5534,,True,completed
97739_395_0,pkw,25426.0,25533.0,107.0,,432.957,51.0,51.0,56.0,75.402,,,0.4766,0.5234,,True,completed
104968_398_0,pkw,25444.0,25534.0,90.0,,432.987,40.0,40.0,50.0,57.022,,,0.4444,0.5556,,True,completed
117960_404_0,pkw,25434.0,25535.0,101.0,,450.889,48.0,48.0,53.0,70.916,,,0.4752,0.5248,,True,completed
129025_408_0,pkw,25457.0,25536.0,79.0,,432.318,25.0,25.0,54.0,42.76,,,0.3165,0.6835,,True,completed
129413_408_0,pkw,25460.0,25538.0,78.0,,435.771,22.0,22.0,56.0,48.117,,,0.2821,0.7179,,True,completed
131495_410_0,pkw,25445.0,25539.0,94.0,,462.497,41.0,41.0,53.0,62.909,,,0.4362,0.5638,,True,completed
89629_391_0,pkw,25447.0,25540.0,93.0,,452.192,42.0,42.0,51.0,66.307,,,0.4516,0.5484,,True,completed
138516_412_0,pkw,25455.0,25542.0,87.0,,460.582,34.0,34.0,53.0,55.369,,,0.3908,0.6092,,True,completed
101974_396_0,pkw,25457.0,25543.0,86.0,,451.363,33.0,33.0,53.0,56.455,,,0.3837,0.6163,,True,completed
119004_405_0,pkw,25480.0,25551.0,71.0,,192.346,40.0,41.0,30.0,60.999,,,0.5775,0.4225,,True,completed
175864_428_0,pkw,25491.0,25551.0,60.0,,392.361,24.0,24.0,36.0,35.715,,,0.4,0.6,,True,completed
95692_394_0,pkw,25511.0,25552.0,41.0,,193.805,20.0,20.0,21.0,30.318,,,0.4878,0.5122,,True,completed
160712_421_0,pkw,25515.0,25553.0,38.0,,186.76,17.0,17.0,21.0,29.007,,,0.4474,0.5526,,True,completed
159698_421_0,pkw,25494.0,25554.0,60.0,,410.18,18.0,18.0,42.0,37.629,,,0.3,0.7,,True,completed
163672_422_0,pkw,25502.0,25555.0,53.0,,395.542,14.0,14.0,39.0,30.115,,,0.2642,0.7358,,True,completed
183802_431_0,pkw,25499.0,25555.0,56.0,,401.32,15.0,15.0,41.0,31.063,,,0.2679,0.7321,,True,completed
139907_414_0,pkw,25536.0,25557.0,21.0,,190.609,1.0,1.0,20.0,11.897,,,0.0476,0.9524,,True,completed
95319_394_0,pkw,25514.0,25557.0,43.0,,398.455,3.0,3.0,40.0,13.879,,,0.0698,0.9302,,True,completed
110033_401_0,pkw,25482.0,25558.0,76.0,,195.403,34.0,34.0,42.0,64.596,,,0.4474,0.5526,,True,completed
119623_405_0,pkw,25436.0,25558.0,122.0,,701.068,46.0,46.0,76.0,67.465,,,0.377,0.623,,True,completed
164286_422_0,pkw,25517.0,25559.0,42.0,,400.59,1.0,1.0,41.0,13.191,,,0.0238,0.9762,,True,completed
130797_409_0,pkw,25484.0,25560.0,76.0,,190.465,32.0,32.0,44.0,64.216,,,0.4211,0.5789,,True,completed
134042_411_0,pkw,25519.0,25561.0,42.0,,400.789,0.0,0.0,42.0,7.196,,,0.0,1.0,,True,completed
126718_407_0,pkw,25486.0,25562.0,76.0,,191.323,27.0,27.0,49.0,65.338,,,0.3553,0.6447,,True,completed
99939_396_0,pkw,25526.0,25563.0,37.0,,409.182,0.0,0.0,37.0,9.138,,,0.0,1.0,,True,completed
137917_412_0,pkw,25531.0,25564.0,33.0,,401.53,0.0,0.0,33.0,8.821,,,0.0,1.0,,True,completed
126424_407_0,pkw,25488.0,25565.0,77.0,,203.116,27.0,27.0,50.0,63.931,,,0.3506,0.6494,,True,completed
124133_406_0,pkw,25459.0,25570.0,111.0,,428.906,54.0,54.0,57.0,78.336,,,0.4865,0.5135,,True,completed
125917_406_0,pkw,25548.0,25570.0,22.0,,136.773,5.0,5.0,17.0,12.666,,,0.2273,0.7727,,True,completed
146065_416_0,pkw,25483.0,25570.0,87.0,,441.397,38.0,38.0,49.0,59.767,,,0.4368,0.5632,,True,completed
148120_417_0,pkw,25462.0,25570.0,108.0,,441.05,48.0,48.0,60.0,78.429,,,0.4444,0.5556,,True,completed
140819_414_0,pkw,25464.0,25572.0,108.0,,429.958,46.0,46.0,62.0,72.969,,,0.4259,0.5741,,True,completed
75513_386_0,pkw,25466.0,25573.0,107.0,,439.252,46.0,46.0,61.0,78.019,,,0.4299,0.5701,,True,completed
67983_381_0,pkw,25461.0,25574.0,113.0,,448.832,49.0,49.0,64.0,86.096,,,0.4336,0.5664,,True,completed
140123_414_0,pkw,25468.0,25575.0,107.0,,443.425,45.0,45.0,62.0,76.804,,,0.4206,0.5794,,True,completed
156366_420_0,pkw,25464.0,25575.0,111.0,,430.138,51.0,51.0,60.0,80.672,,,0.4595,0.5405,,True,completed
129661_409_0,pkw,25490.0,25576.0,86.0,,447.781,33.0,33.0,53.0,53.52,,,0.3837,0.6163,,True,completed
119953_405_0,pkw,25492.0,25577.0,85.0,,448.588,31.0,31.0,54.0,53.632,,,0.3647,0.6353,,True,completed
95712_394_0,pkw,25472.0,25577.0,105.0,,444.647,46.0,46.0,59.0,68.592,,,0.4381,0.5619,,True,completed
97374_395_0,pkw,25469.0,25578.0,109.0,,464.474,44.0,44.0,65.0,76.628,,,0.4037,0.5963,,True,completed
136669_411_0,pkw,25567.0,25579.0,12.0,,167.005,0.0,0.0,12.0,1.053,,,0.0,1.0,,True,completed
80745_388_0,pkw,25533.0,25590.0,57.0,,674.692,0.0,0.0,57.0,4.289,,,0.0,1.0,,True,completed
124728_406_0,pkw,25492.0,25591.0,99.0,,195.454,47.0,47.0,52.0,88.383,,,0.4747,0.5253,,True,completed
137952_412_0,pkw,25494.0,25593.0,99.0,,203.33,43.0,43.0,56.0,87.83,,,0.4343,0.5657,,True,completed
116532_404_0,pkw,25580.0,25594.0,14.0,,184.92,0.0,0.0,14.0,2.758,,,0.0,1.0,,True,completed
153383_420_0,pkw,25496.0,25594.0,98.0,,187.957,42.0,42.0,56.0,87.455,,,0.4286,0.5714,,True,completed
126197_407_0,pkw,25498.0,25595.0,97.0,,184.597,53.0,53.0,44.0,87.846,,,0.5464,0.4536,,True,completed
148199_417_0,pkw,25529.0,25596.0,67.0,,198.679,28.0,29.0,38.0,56.168,,,0.4328,0.5672,,True,completed
113597_402_0,pkw,25536.0,25597.0,61.0,,175.534,22.0,22.0,39.0,49.786,,,0.3607,0.6393,,True,completed
131095_409_0,pkw,25533.0,25598.0,65.0,,201.942,32.0,33.0,32.0,53.583,,,0.5077,0.4923,,True,completed
164112_422_0,pkw,25546.0,25605.0,59.0,,409.739,15.0,15.0,44.0,32.093,,,0.2542,0.7458,,True,completed
151094_418_0,pkw,25558.0,25607.0,49.0,,407.728,5.0,5.0,44.0,19.542,,,0.102,0.898,,True,completed
110527_401_0,pkw,25474.0,25610.0,136.0,,436.019,70.0,70.0,66.0,102.931,,,0.5147,0.4853,,True,completed
184119_431_0,pkw,25583.0,25611.0,28.0,,145.429,12.0,12.0,16.0,18.357,,,0.4286,0.5714,,True,completed
123765_406_0,pkw,25495.0,25613.0,118.0,,444.101,52.0,59.0,59.0,84.528,,,0.5,0.5,,True,completed
142878_415_0,pkw,25478.0,25613.0,135.0,,436.383,68.0,70.0,65.0,102.595,,,0.5185,0.4815,,True,completed
118661_405_0,pkw,25481.0,25614.0,133.0,,436.473,68.0,69.0,64.0,92.279,,,0.5188,0.4812,,True,completed
61354_376_0,pkw,25487.0,25614.0,127.0,,440.745,67.0,67.0,60.0,97.53,,,0.5276,0.4724,,True,completed
121971_406_0,pkw,25489.0,25615.0,126.0,,430.787,64.0,64.0,62.0,97.383,,,0.5079,0.4921,,True,completed
130240_409_0,pkw,25497.0,25615.0,118.0,,450.29,52.0,58.0,60.0,84.9,,,0.4915,0.5085,,True,completed
131147_409_0,pkw,25500.0,25617.0,117.0,,449.885,51.0,56.0,61.0,83.244,,,0.4786,0.5214,,True,completed
139795_413_0,pkw,25493.0,25617.0,124.0,,438.362,63.0,63.0,61.0,92.084,,,0.5081,0.4919,,True,completed
162490_421_0,pkw,25485.0,25621.0,136.0,,458.434,63.0,72.0,64.0,105.614,,,0.5294,0.4706,,True,completed
80409_388_0,pkw,25490.0,25621.0,131.0,,422.712,60.0,68.0,63.0,103.177,,,0.5191,0.4809,,True,completed
135845_411_0,pkw,25544.0,25624.0,80.0,,681.188,18.0,18.0,62.0,35.339,,,0.225,0.775,,True,completed
144457_416_0,pkw,25535.0,25624.0,89.0,,675.082,24.0,24.0,65.0,37.462,,,0.2697,0.7303,,True,completed
73311_385_0,pkw,25573.0,25629.0,56.0,,460.811,5.0,5.0,51.0,24.796,,,0.0893,0.9107,,True,completed
102993_397_0,pkw,25586.0,25631.0,45.0,,185.855,21.0,21.0,24.0,33.19,,,0.4667,0.5333,,True,completed
130601_409_0,pkw,25615.0,25632.0,17.0,,192.251,0.0,0.0,17.0,4.869,,,0.0,1.0,,True,completed
135158_411_0,pkw,25588.0,25633.0,45.0,,191.451,18.0,18.0,27.0,33.866,,,0.4,0.6,,True,completed
157011_421_0,pkw,25564.0,25637.0,73.0,,404.489,26.0,26.0,47.0,46.776,,,0.3562,0.6438,,True,completed
115551_403_0,pkw,25606.0,25638.0,32.0,,192.58,8.0,8.0,24.0,21.982,,,0.25,0.75,,True,completed
147215_416_0,pkw,25604.0,25638.0,34.0,,438.073,0.0,0.0,34.0,1.606,,,0.0,1.0,,True,completed
171718_426_0,pkw,25554.0,25638.0,84.0,,392.965,25.0,25.0,59.0,57.18,,,0.2976,0.7024,,True,completed
163004_422_0,pkw,25629.0,25641.0,12.0,,169.587,0.0,0.0,12.0,0.502,,,0.0,1.0,,True,completed
137007_411_0,pkw,25565.0,25643.0,78.0,,407.268,25.0,25.0,53.0,47.202,,,0.3205,0.6795,,True,completed
157569_421_0,pkw,25568.0,25645.0,77.0,,407.165,20.0,20.0,57.0,42.884,,,0.2597,0.7403,,True,completed
120597_405_0,pkw,25573.0,25646.0,73.0,,399.4,15.0,15.0,58.0,45.206,,,0.2055,0.7945,,True,completed
136398_411_0,pkw,25495.0,25650.0,155.0,,437.263,69.0,90.0,65.0,126.288,,,0.5806,0.4194,,True,completed
126858_407_0,pkw,25599.0,25651.0,52.0,,446.844,13.0,13.0,39.0,21.227,,,0.25,0.75,,True,completed
128533_408_0,pkw,25497.0,25651.0,154.0,,432.94,72.0,87.0,67.0,121.503,,,0.5649,0.4351,,True,completed
151757_419_0,pkw,25612.0,25651.0,39.0,,448.822,0.0,1.0,38.0,10.193,,,0.0256,0.9744,,True,completed
136800_411_0,pkw,25619.0,25652.0,33.0,,146.941,13.0,14.0,19.0,24.396,,,0.4242,0.5758,,True,completed
98410_395_0,pkw,25501.0,25652.0,151.0,,432.041,68.0,81.0,70.0,119.912,,,0.5364,0.4636,,True,completed
100304_396_0,pkw,25503.0,25653.0,150.0,,423.191,65.0,78.0,72.0,121.882,,,0.52,0.48,,True,completed
145219_416_0,pkw,25501.0,25653.0,152.0,,430.218,71.0,85.0,67.0,121.619,,,0.5592,0.4408,,True,completed
149660_417_0,pkw,25628.0,25654.0,26.0,,153.421,6.0,6.0,20.0,15.68,,,0.2308,0.7692,,True,completed
133024_410_0,pkw,25507.0,25655.0,148.0,,432.828,68.0,78.0,70.0,116.199,,,0.527,0.473,,True,completed
96309_394_0,pkw,25508.0,25655.0,147.0,,423.874,64.0,74.0,73.0,117.408,,,0.5034,0.4966,,True,completed
144494_416_0,pkw,25631.0,25656.0,25.0,,147.284,5.0,5.0,20.0,14.15,,,0.2,0.8,,True,completed
150442_418_0,pkw,25519.0,25656.0,137.0,,433.101,66.0,67.0,70.0,104.647,,,0.4891,0.5109,,True,completed
126699_407_0,pkw,25633.0,25657.0,24.0,,138.24,5.0,5.0,19.0,14.123,,,0.2083,0.7917,,True,completed
154066_420_0,pkw,25592.0,25660.0,68.0,,458.999,16.0,16.0,52.0,36.252,,,0.2353,0.7647,,True,completed
129962_409_0,pkw,25623.0,25661.0,38.0,,154.104,17.0,17.0,21.0,28.705,,,0.4474,0.5526,,True,completed
129729_409_0,pkw,25571.0,25664.0,93.0,,673.383,18.0,18.0,75.0,42.745,,,0.1935,0.8065,,True,completed
153000_419_0,pkw,25636.0,25665.0,29.0,,170.106,5.0,6.0,23.0,19.612,,,0.2069,0.7931,,True,completed
183244_431_0,pkw,25639.0,25666.0,27.0,,155.237,5.0,5.0,22.0,16.347,,,0.1852,0.8148,,True,completed
183534_431_0,pkw,25642.0,25668.0,26.0,,161.335,4.0,4.0,22.0,14.648,,,0.1538,0.8462,,True,completed
121463_406_0,pkw,25611.0,25669.0,58.0,,435.509,24.0,24.0,34.0,30.195,,,0.4138,0.5862,,True,completed
130800_409_0,pkw,25603.0,25671.0,68.0,,185.645,35.0,35.0,33.0,59.149,,,0.5147,0.4853,,True,completed
136839_411_0,pkw,25627.0,25671.0,44.0,,196.983,24.0,24.0,20.0,31.608,,,0.5455,0.4545,,True,completed
83429_390_0,pkw,25609.0,25671.0,62.0,,182.494,32.0,32.0,30.0,52.373,,,0.5161,0.4839,,True,completed
133712_411_0,pkw,25581.0,25673.0,92.0,,403.252,38.0,38.0,54.0,62.324,,,0.413,0.587,,True,completed
118825_405_0,pkw,25585.0,25675.0,90.0,,399.918,31.0,31.0,59.0,58.881,,,0.3444,0.6556,,True,completed
155751_420_0,pkw,25595.0,25677.0,82.0,,409.44,18.0,18.0,64.0,53.581,,,0.2195,0.7805,,True,completed
129792_409_0,pkw,25592.0,25679.0,87.0,,408.384,28.0,28.0,59.0,56.59,,,0.3218,0.6782,,True,completed
127353_407_0,pkw,25593.0,25681.0,88.0,,393.972,23.0,23.0,65.0,61.293,,,0.2614,0.7386,,True,completed
123239_406_0,pkw,25606.0,25684.0,78.0,,393.043,21.0,21.0,57.0,53.871,,,0.2692,0.7308,,True,completed
153446_420_0,pkw,25625.0,25684.0,59.0,,429.819,13.0,13.0,46.0,27.416,,,0.2203,0.7797,,True,completed
171615_426_0,pkw,25521.0,25690.0,169.0,,438.24,72.0,93.0,76.0,138.057,,,0.5503,0.4497,,True,completed
111580_401_0,pkw,25640.0,25692.0,52.0,,450.993,9.0,10.0,42.0,21.296,,,0.1923,0.8077,,True,completed
117253_404_0,pkw,25523.0,25692.0,169.0,,437.933,67.0,87.0,82.0,137.133,,,0.5148,0.4852,,True,completed
172151_426_0,pkw,25523.0,25692.0,169.0,,427.755,72.0,92.0,77.0,142.411,,,0.5444,0.4556,,True,completed
132695_410_0,pkw,25646.0,25693.0,47.0,,454.01,8.0,8.0,39.0,17.472,,,0.1702,0.8298,,True,completed
81559_389_0,pkw,25538.0,25693.0,155.0,,425.799,69.0,89.0,66.0,126.512,,,0.5742,0.4258,,True,completed
153290_420_0,pkw,25541.0,25694.0,153.0,,444.259,68.0,83.0,70.0,123.468,,,0.5425,0.4575,,True,completed
128339_408_0,pkw,25543.0,25695.0,152.0,,431.792,66.0,80.0,72.0,122.062,,,0.5263,0.4737,,True,completed
115970_403_0,pkw,25651.0,25696.0,45.0,,441.725,6.0,6.0,39.0,16.032,,,0.1333,0.8667,,True,completed
119325_405_0,pkw,25562.0,25697.0,135.0,,443.455,64.0,67.0,68.0,104.874,,,0.4963,0.5037,,True,completed
172050_426_0,pkw,25654.0,25697.0,43.0,,143.829,23.0,23.0,20.0,33.093,,,0.5349,0.4651,,True,completed
115533_403_0,pkw,25644.0,25700.0,56.0,,158.088,25.0,25.0,31.0,45.743,,,0.4464,0.5536,,True,completed
168358_425_0,pkw,25540.0,25700.0,160.0,,457.227,60.0,83.0,77.0,128.476,,,0.5188,0.4812,,True,completed
145229_416_0,pkw,25649.0,25702.0,53.0,,444.445,6.0,6.0,47.0,14.868,,,0.1132,0.8868,,True,completed
162832_422_0,pkw,25647.0,25702.0,55.0,,160.445,23.0,23.0,32.0,43.567,,,0.4182,0.5818,,True,completed
84905_390_0,pkw,25649.0,25704.0,55.0,,168.057,21.0,21.0,34.0,44.974,,,0.3818,0.6182,,True,completed
142911_415_0,pkw,25583.0,25706.0,123.0,,675.592,37.0,37.0,86.0,66.981,,,0.3008,0.6992,,True,completed
172599_426_0,pkw,25608.0,25707.0,99.0,,673.854,19.0,19.0,80.0,55.493,,,0.1919,0.8081,,True,completed
140984_414_0,pkw,25669.0,25711.0,42.0,,197.918,20.0,20.0,22.0,30.097,,,0.4762,0.5238,,True,completed
185399_432_0,pkw,25621.0,25712.0,91.0,,359.748,32.0,32.0,59.0,67.258,,,0.3516,0.6484,,True,completed
149663_417_0,pkw,25671.0,25713.0,42.0,,199.012,20.0,20.0,22.0,28.987,,,0.4762,0.5238,,True,completed
111352_401_0,pkw,25696.0,25714.0,18.0,,197.586,0.0,1.0,17.0,7.702,,,0.0556,0.9444,,True,completed
145875_416_0,pkw,25645.0,25715.0,70.0,,438.8,26.0,26.0,44.0,36.758,,,0.3714,0.6286,,True,completed
134481_411_0,pkw,25604.0,25716.0,112.0,,403.604,42.0,42.0,70.0,87.264,,,0.375,0.625,,True,completed
148932_417_0,pkw,25650.0,25716.0,66.0,,429.873,26.0,26.0,40.0,34.608,,,0.3939,0.6061,,True,completed
67430_381_0,pkw,25640.0,25716.0,76.0,,398.451,26.0,26.0,50.0,46.885,,,0.3421,0.6579,,True,completed
168568_425_0,pkw,25617.0,25717.0,100.0,,394.667,38.0,38.0,62.0,76.154,,,0.38,0.62,,True,completed
183577_431_0,pkw,25642.0,25717.0,75.0,,438.911,27.0,27.0,48.0,37.688,,,0.36,0.64,,True,completed
160711_421_0,pkw,25652.0,25718.0,66.0,,434.751,25.0,25.0,41.0,34.591,,,0.3788,0.6212,,True,completed
143002_415_0,pkw,25614.0,25719.0,105.0,,404.181,40.0,40.0,65.0,80.615,,,0.381,0.619,,True,completed
132718_410_0,pkw,25676.0,25725.0,49.0,,405.336,6.0,6.0,43.0,21.941,,,0.1224,0.8776,,True,completed
132148_410_0,pkw,25686.0,25729.0,43.0,,394.741,3.0,3.0,40.0,19.764,,,0.0698,0.9302,,True,completed
136394_411_0,pkw,25666.0,25729.0,63.0,,442.347,25.0,25.0,38.0,36.828,,,0.3968,0.6032,,True,completed
163382_422_0,pkw,25575.0,25730.0,155.0,,429.239,71.0,88.0,67.0,126.988,,,0.5677,0.4323,,True,completed
151628_419_0,pkw,25537.0,25731.0,194.0,,435.143,73.0,110.0,84.0,158.036,,,0.567,0.433,,True,completed
149870_417_0,pkw,25577.0,25732.0,155.0,,428.976,68.0,84.0,71.0,127.145,,,0.5419,0.4581,,True,completed
107063_400_0,pkw,25660.0,25733.0,73.0,,442.969,27.0,28.0,45.0,39.402,,,0.3836,0.6164,,True,completed
137953_412_0,pkw,25549.0,25733.0,184.0,,428.63,69.0,98.0,86.0,147.055,,,0.5326,0.4674,,True,completed
150141_417_0,pkw,25589.0,25734.0,145.0,,436.183,65.0,72.0,73.0,118.504,,,0.4966,0.5034,,True,completed
125962_406_0,pkw,25554.0,25735.0,181.0,,433.266,66.0,94.0,87.0,145.809,,,0.5193,0.4807,,True,completed
129342_408_0,pkw,25692.0,25735.0,43.0,,139.87,25.0,25.0,18.0,32.703,,,0.5814,0.4186,,True,completed
160485_421_0,pkw,25702.0,25735.0,33.0,,444.359,0.0,0.0,33.0,4.394,,,0.0,1.0,,True,completed
81109_389_0,pkw,25699.0,25735.0,36.0,,450.043,0.0,0.0,36.0,6.954,,,0.0,1.0,,True,completed
106037_399_0,pkw,25563.0,25736.0,173.0,,425.956,67.0,97.0,76.0,144.809,,,0.5607,0.4393,,True,completed
167353_425_0,pkw,25603.0,25736.0,133.0,,443.561,64.0,65.0,68.0,103.286,,,0.4887,0.5113,,True,completed
122916_406_0,pkw,25606.0,25738.0,132.0,,443.459,64.0,66.0,66.0,95.389,,,0.5,0.5,,True,completed
145336_416_0,pkw,25599.0,25738.0,139.0,,432.41,64.0,70.0,69.0,109.75,,,0.5036,0.4964,,True,completed
74935_386_0,pkw,25723.0,25738.0,15.0,,234.808,0.0,0.0,15.0,0.807,,,0.0,1.0,,True,completed
156946_421_0,pkw,25610.0,25740.0,130.0,,680.672,40.0,44.0,86.0,84.817,,,0.3385,0.6615,,True,completed
136077_411_0,pkw,25612.0,25744.0,132.0,,456.808,36.0,55.0,77.0,98.678,,,0.4167,0.5833,,True,completed
142128_415_0,pkw,25678.0,25744.0,66.0,,169.601,26.0,27.0,39.0,54.725,,,0.4091,0.5909,,True,completed
100992_396_0,pkw,25619.0,25745.0,126.0,,462.954,39.0,50.0,76.0,94.407,,,0.3968,0.6032,,True,completed
159332_421_0,pkw,25637.0,25746.0,109.0,,457.773,44.0,45.0,64.0,82.095,,,0.4128,0.5872,,True,completed
172273_426_0,pkw,25687.0,25746.0,59.0,,160.976,22.0,22.0,37.0,48.582,,,0.3729,0.6271,,True,completed
137699_412_0,pkw,25707.0,25750.0,43.0,,185.614,25.0,25.0,18.0,32.323,,,0.5814,0.4186,,True,completed
106720_399_0,pkw,25705.0,25751.0,46.0,,195.879,26.0,26.0,20.0,33.41,,,0.5652,0.4348,,True,completed
139035_413_0,pkw,25717.0,25751.0,34.0,,186.851,15.0,15.0,19.0,24.089,,,0.4412,0.5588,,True,completed
79851_387_0,pkw,25723.0,25752.0,29.0,,196.452,5.0,6.0,23.0,18.731,,,0.2069,0.7931,,True,completed
145274_416_0,pkw,25708.0,25753.0,45.0,,198.603,25.0,25.0,20.0,32.686,,,0.5556,0.4444,,True,completed
173616_427_0,pkw,25657.0,25754.0,97.0,,431.119,49.0,49.0,48.0,62.953,,,0.5052,0.4948,,True,completed
154816_420_0,pkw,25737.0,25755.0,18.0,,187.266,0.0,1.0,17.0,7.112,,,0.0556,0.9444,,True,completed
161200_421_0,pkw,25669.0,25756.0,87.0,,436.978,36.0,37.0,50.0,57.488,,,0.4253,0.5747,,True,completed
169028_425_0,pkw,25661.0,25756.0,95.0,,435.632,39.0,39.0,56.0,59.199,,,0.4105,0.5895,,True,completed
142600_415_0,pkw,25659.0,25758.0,99.0,,437.406,39.0,39.0,60.0,62.677,,,0.3939,0.6061,,True,completed
171772_426_0,pkw,25682.0,25758.0,76.0,,436.286,26.0,26.0,50.0,41.403,,,0.3421,0.6579,,True,completed
101521_396_0,pkw,25650.0,25759.0,109.0,,194.537,58.0,63.0,46.0,94.842,,,0.578,0.422,,True,completed
138240_412_0,pkw,25684.0,25759.0,75.0,,428.584,24.0,24.0,51.0,45.847,,,0.32,0.68,,True,completed
164298_422_0,pkw,25666.0,25759.0,93.0,,428.934,35.0,35.0,58.0,63.601,,,0.3763,0.6237,,True,completed
144175_416_0,pkw,25707.0,25760.0,53.0,,395.647,9.0,9.0,44.0,22.723,,,0.1698,0.8302,,True,completed
131253_409_0,pkw,25653.0,25762.0,109.0,,190.775,53.0,57.0,52.0,98.396,,,0.5229,0.4771,,True,completed
129132_408_0,pkw,25655.0,25763.0,108.0,,181.682,52.0,54.0,54.0,98.018,,,0.5,0.5,,True,completed
103722_397_0,pkw,25678.0,25765.0,87.0,,188.62,37.0,37.0,50.0,74.546,,,0.4253,0.5747,,True,completed
123398_406_0,pkw,25687.0,25767.0,80.0,,195.783,34.0,34.0,46.0,70.04,,,0.425,0.575,,True,completed
152517_419_0,pkw,25608.0,25770.0,162.0,,436.203,70.0,91.0,71.0,133.7,,,0.5617,0.4383,,True,completed
102219_396_0,pkw,25616.0,25771.0,155.0,,436.878,70.0,86.0,69.0,120.026,,,0.5548,0.4452,,True,completed
111993_401_0,pkw,25701.0,25772.0,71.0,,152.746,45.0,45.0,26.0,58.928,,,0.6338,0.3662,,True,completed
115445_403_0,pkw,25619.0,25772.0,153.0,,433.269,68.0,82.0,71.0,119.279,,,0.5359,0.4641,,True,completed
146142_416_0,pkw,25711.0,25773.0,62.0,,139.671,35.0,36.0,26.0,52.162,,,0.5806,0.4194,,True,completed
117915_404_0,pkw,25621.0,25774.0,153.0,,434.505,64.0,78.0,75.0,119.36,,,0.5098,0.4902,,True,completed
128382_408_0,pkw,25716.0,25775.0,59.0,,447.639,14.0,14.0,45.0,27.081,,,0.2373,0.7627,,True,completed
160004_421_0,pkw,25714.0,25775.0,61.0,,148.243,35.0,35.0,26.0,53.443,,,0.5738,0.4262,,True,completed
130024_409_0,pkw,25732.0,25776.0,44.0,,137.15,25.0,25.0,19.0,34.757,,,0.5682,0.4318,,True,completed
148994_417_0,pkw,25623.0,25776.0,153.0,,443.341,63.0,75.0,78.0,123.642,,,0.4902,0.5098,,True,completed
91826_392_0,pkw,25732.0,25776.0,44.0,,450.556,0.0,1.0,43.0,13.458,,,0.0227,0.9773,,True,completed
131143_409_0,pkw,25735.0,25777.0,42.0,,452.751,0.0,0.0,42.0,12.666,,,0.0,1.0,,True,completed
139583_413_0,pkw,25625.0,25777.0,152.0,,432.098,64.0,76.0,76.0,123.269,,,0.5,0.5,,True,completed
107400_400_0,pkw,25643.0,25779.0,136.0,,457.551,41.0,67.0,69.0,105.767,,,0.4926,0.5074,,True,completed
141027_414_0,pkw,25715.0,25780.0,65.0,,153.228,29.0,30.0,35.0,54.161,,,0.4615,0.5385,,True,completed
145487_416_0,pkw,25640.0,25783.0,143.0,,462.637,40.0,70.0,73.0,103.153,,,0.4895,0.5105,,True,completed
149887_417_0,pkw,25618.0,25787.0,169.0,,450.163,62.0,89.0,80.0,135.402,,,0.5266,0.4734,,True,completed
159995_421_0,pkw,25653.0,25788.0,135.0,,436.329,60.0,69.0,66.0,104.873,,,0.5111,0.4889,,True,completed
156748_421_0,pkw,25670.0,25791.0,121.0,,453.832,55.0,55.0,66.0,87.094,,,0.4545,0.5455,,True,completed
165592_423_0,pkw,25698.0,25791.0,93.0,,437.816,46.0,46.0,47.0,62.976,,,0.4946,0.5054,,True,completed
136792_411_0,pkw,25741.0,25792.0,51.0,,197.95,26.0,26.0,25.0,40.446,,,0.5098,0.4902,,True,completed
154752_420_0,pkw,25708.0,25792.0,84.0,,427.216,32.0,33.0,51.0,55.646,,,0.3929,0.6071,,True,completed
171227_426_0,pkw,25746.0,25794.0,48.0,,193.793,27.0,27.0,21.0,36.555,,,0.5625,0.4375,,True,completed
153784_420_0,pkw,25745.0,25795.0,50.0,,198.279,24.0,24.0,26.0,37.369,,,0.48,0.52,,True,completed
109448_401_0,pkw,25752.0,25796.0,44.0,,188.411,22.0,22.0,22.0,33.204,,,0.5,0.5,,True,completed
130570_409_0,pkw,25771.0,25796.0,25.0,,202.125,2.0,3.0,22.0,13.729,,,0.12,0.88,,True,completed
156448_420_0,pkw,25706.0,25796.0,90.0,,428.618,34.0,35.0,55.0,53.515,,,0.3889,0.6111,,True,completed
99386_396_0,pkw,25692.0,25801.0,109.0,,184.904,59.0,62.0,47.0,98.236,,,0.5688,0.4312,,True,completed
145192_416_0,pkw,25723.0,25803.0,80.0,,182.736,35.0,35.0,45.0,69.323,,,0.4375,0.5625,,True,completed
138827_413_0,pkw,25736.0,25804.0,68.0,,429.326,21.0,21.0,47.0,35.03,,,0.3088,0.6912,,True,completed
159733_421_0,pkw,25728.0,25805.0,77.0,,188.316,33.0,33.0,44.0,65.55,,,0.4286,0.5714,,True,completed
85853_391_0,pkw,25739.0,25809.0,70.0,,446.102,27.0,27.0,43.0,40.772,,,0.3857,0.6143,,True,completed
152845_419_0,pkw,25632.0,25810.0,178.0,,433.545,69.0,97.0,81.0,148.062,,,0.5449,0.4551,,True,completed
98476_395_0,pkw,25734.0,25811.0,77.0,,154.919,51.0,51.0,26.0,68.284,,,0.6623,0.3377,,True,completed
115499_403_0,pkw,25634.0,25812.0,178.0,,435.603,68.0,94.0,84.0,148.403,,,0.5281,0.4719,,True,completed
141742_415_0,pkw,25728.0,25813.0,85.0,,431.63,27.0,27.0,58.0,48.539,,,0.3176,0.6824,,True,completed
158154_421_0,pkw,25651.0,25814.0,163.0,,445.818,64.0,84.0,79.0,132.02,,,0.5153,0.4847,,True,completed
173889_427_0,pkw,25749.0,25814.0,65.0,,430.663,17.0,17.0,48.0,32.187,,,0.2615,0.7385,,True,completed
130627_409_0,pkw,25664.0,25815.0,151.0,,431.331,61.0,74.0,77.0,121.06,,,0.4901,0.5099,,True,completed
112443_401_0,pkw,25743.0,25817.0,74.0,,453.41,26.0,26.0,48.0,39.604,,,0.3514,0.6486,,True,completed
122032_406_0,pkw,25668.0,25817.0,149.0,,434.262,62.0,75.0,74.0,120.617,,,0.5034,0.4966,,True,completed
172682_426_0,pkw,25740.0,25820.0,80.0,,151.493,46.0,46.0,34.0,69.801,,,0.575,0.425,,True,completed
145534_416_0,pkw,25744.0,25824.0,80.0,,153.664,43.0,43.0,37.0,69.472,,,0.5375,0.4625,,True,completed
90782_391_0,pkw,25730.0,25826.0,96.0,,464.749,30.0,30.0,66.0,65.046,,,0.3125,0.6875,,True,completed
139001_413_0,pkw,25764.0,25831.0,67.0,,187.844,38.0,39.0,28.0,56.707,,,0.5821,0.4179,,True,completed
161062_421_0,pkw,25732.0,25834.0,102.0,,460.989,27.0,27.0,75.0,65.243,,,0.2647,0.7353,,True,completed
148872_417_0,pkw,25738.0,25835.0,97.0,,430.687,45.0,45.0,52.0,65.187,,,0.4639,0.5361,,True,completed
163598_422_0,pkw,25758.0,25835.0,77.0,,181.202,34.0,34.0,43.0,66.392,,,0.4416,0.5584,,True,completed
145735_416_0,pkw,25738.0,25836.0,98.0,,435.935,47.0,47.0,51.0,65.211,,,0.4796,0.5204,,True,completed
123430_406_0,pkw,25761.0,25837.0,76.0,,187.007,34.0,34.0,42.0,65.801,,,0.4474,0.5526,,True,completed
160223_421_0,pkw,25753.0,25838.0,85.0,,436.97,35.0,36.0,49.0,53.754,,,0.4235,0.5765,,True,completed
164009_422_0,pkw,25740.0,25838.0,98.0,,430.196,46.0,46.0,52.0,64.208,,,0.4694,0.5306,,True,completed
138541_412_0,pkw,25742.0,25841.0,99.0,,429.483,45.0,45.0,54.0,70.038,,,0.4545,0.5455,,True,completed
167388_425_0,pkw,25670.0,25851.0,181.0,,443.613,68.0,94.0,87.0,145.469,,,0.5193,0.4807,,True,completed
172104_426_0,pkw,25772.0,25851.0,79.0,,146.82,53.0,53.0,26.0,67.971,,,0.6709,0.3291,,True,completed
147412_416_0,pkw,25672.0,25853.0,181.0,,442.288,65.0,90.0,91.0,147.344,,,0.4972,0.5028,,True,completed
160050_421_0,pkw,25734.0,25853.0,119.0,,457.636,33.0,44.0,75.0,86.908,,,0.3697,0.6303,,True,completed
147206_416_0,pkw,25694.0,25854.0,160.0,,431.369,66.0,84.0,76.0,128.453,,,0.525,0.475,,True,completed
114202_402_0,pkw,25707.0,25856.0,149.0,,441.214,62.0,73.0,76.0,118.724,,,0.4899,0.5101,,True,completed
156076_420_0,pkw,25755.0,25856.0,101.0,,461.435,31.0,31.0,70.0,67.241,,,0.3069,0.6931,,True,completed
193213_435_0,pkw,25814.0,25859.0,45.0,,155.374,18.0,18.0,27.0,35.132,,,0.4,0.6,,True,completed
182289_431_0,pkw,25816.0,25861.0,45.0,,159.11,18.0,18.0,27.0,34.936,,,0.4,0.6,,True,completed
85490_390_0,pkw,25820.0,25862.0,42.0,,151.208,17.0,17.0,25.0,32.301,,,0.4048,0.5952,,True,completed
127924_407_0,pkw,25759.0,25868.0,109.0,,431.271,48.0,53.0,56.0,83.405,,,0.4862,0.5138,,True,completed
148257_417_0,pkw,25827.0,25871.0,44.0,,187.958,26.0,26.0,18.0,34.279,,,0.5909,0.4091,,True,completed
160390_421_0,pkw,25772.0,25875.0,103.0,,425.889,46.0,46.0,57.0,70.299,,,0.4466,0.5534,,True,completed
155578_420_0,pkw,25774.0,25877.0,103.0,,433.855,44.0,44.0,59.0,70.302,,,0.4272,0.5728,,True,completed
155604_420_0,pkw,25776.0,25879.0,103.0,,438.062,44.0,44.0,59.0,70.706,,,0.4272,0.5728,,True,completed
142101_415_0,pkw,25779.0,25880.0,101.0,,429.832,42.0,42.0,59.0,72.663,,,0.4158,0.5842,,True,completed
148483_417_0,pkw,25774.0,25880.0,106.0,,431.881,52.0,52.0,54.0,67.656,,,0.4906,0.5094,,True,completed
178737_430_0,pkw,25781.0,25882.0,101.0,,436.292,48.0,48.0,53.0,69.599,,,0.4752,0.5248,,True,completed
97088_395_0,pkw,25776.0,25882.0,106.0,,437.549,49.0,49.0,57.0,73.452,,,0.4623,0.5377,,True,completed
165056_423_0,pkw,25778.0,25884.0,106.0,,438.224,49.0,49.0,57.0,69.058,,,0.4623,0.5377,,True,completed
175367_428_0,pkw,25717.0,25891.0,174.0,,445.815,70.0,90.0,84.0,143.069,,,0.5172,0.4828,,True,completed
91426_392_0,pkw,25722.0,25892.0,170.0,,435.019,67.0,88.0,82.0,140.079,,,0.5176,0.4824,,True,completed
156401_420_0,pkw,25724.0,25894.0,170.0,,443.622,64.0,84.0,86.0,144.708,,,0.4941,0.5059,,True,completed
158997_421_0,pkw,25853.0,25894.0,41.0,,166.816,21.0,21.0,20.0,30.337,,,0.5122,0.4878,,True,completed
150982_418_0,pkw,25751.0,25895.0,144.0,,431.968,62.0,70.0,74.0,114.23,,,0.4861,0.5139,,True,completed
86606_391_0,pkw,25756.0,25897.0,141.0,,443.81,60.0,62.0,79.0,111.511,,,0.4397,0.5603,,True,completed
131279_410_0,pkw,25825.0,25909.0,84.0,,432.968,38.0,38.0,46.0,55.809,,,0.4524,0.5476,,True,completed
182594_431_0,pkw,25862.0,25910.0,48.0,,393.864,13.0,13.0,35.0,21.734,,,0.2708,0.7292,,True,completed
186072_432_0,pkw,25812.0,25910.0,98.0,,427.918,52.0,52.0,46.0,69.708,,,0.5306,0.4694,,True,completed
174965_428_0,pkw,25814.0,25915.0,101.0,,426.282,50.0,50.0,51.0,68.906,,,0.495,0.505,,True,completed
162562_422_0,pkw,25855.0,25917.0,62.0,,428.202,19.0,19.0,43.0,30.048,,,0.3065,0.6935,,True,completed
164052_422_0,pkw,25857.0,25919.0,62.0,,433.66,18.0,18.0,44.0,29.866,,,0.2903,0.7097,,True,completed
182638_431_0,pkw,25889.0,25919.0,30.0,,390.193,0.0,0.0,30.0,5.109,,,0.0,1.0,,True,completed
174325_427_0,pkw,25818.0,25920.0,102.0,,425.889,49.0,49.0,53.0,72.09,,,0.4804,0.5196,,True,completed
176609_429_0,pkw,25816.0,25920.0,104.0,,428.72,49.0,49.0,55.0,68.579,,,0.4712,0.5288,,True,completed
130856_409_0,pkw,25808.0,25930.0,122.0,,436.926,66.0,66.0,56.0,95.413,,,0.541,0.459,,True,completed
81826_389_0,pkw,25860.0,25936.0,76.0,,148.203,51.0,51.0,25.0,65.498,,,0.6711,0.3289,,True,completed
158714_421_0,pkw,25866.0,25938.0,72.0,,158.83,41.0,41.0,31.0,61.506,,,0.5694,0.4306,,True,completed
198450_436_0,pkw,25824.0,25952.0,128.0,,431.636,54.0,78.0,50.0,97.042,,,0.6094,0.3906,,True,completed
132261_410_0,pkw,25858.0,25955.0,97.0,,433.509,46.0,46.0,51.0,61.943,,,0.4742,0.5258,,True,completed
111313_401_0,pkw,25854.0,25956.0,102.0,,431.819,53.0,53.0,49.0,69.032,,,0.5196,0.4804,,True,completed
108574_400_0,pkw,25945.0,25957.0,12.0,,188.629,0.0,0.0,12.0,0.399,,,0.0,1.0,,True,completed
137920_412_0,pkw,25856.0,25959.0,103.0,,436.73,51.0,51.0,52.0,68.333,,,0.4951,0.5049,,True,completed
141170_414_0,pkw,25858.0,25959.0,101.0,,430.54,43.0,43.0,58.0,64.347,,,0.4257,0.5743,,True,completed
168843_425_0,pkw,25861.0,25961.0,100.0,,434.325,42.0,42.0,58.0,70.159,,,0.42,0.58,,True,completed
141469_415_0,pkw,25863.0,25963.0,100.0,,437.075,42.0,42.0,58.0,62.308,,,0.42,0.58,,True,completed
163588_422_0,pkw,25862.0,25965.0,103.0,,432.415,47.0,47.0,56.0,65.379,,,0.4563,0.5437,,True,completed
105770_399_0,pkw,25892.0,25971.0,79.0,,147.663,50.0,50.0,29.0,69.581,,,0.6329,0.3671,,True,completed
108475_400_0,pkw,25942.0,25981.0,39.0,,452.345,0.0,0.0,39.0,1.945,,,0.0,1.0,,True,completed
132821_410_0,pkw,25937.0,25984.0,47.0,,460.364,4.0,4.0,43.0,13.259,,,0.0851,0.9149,,True,completed
125284_406_0,pkw,25892.0,25990.0,98.0,,428.253,50.0,50.0,48.0,69.555,,,0.5102,0.4898,,True,completed
127556_407_0,pkw,25954.0,25991.0,37.0,,192.486,16.0,16.0,21.0,26.99,,,0.4324,0.5676,,True,completed
125646_406_0,pkw,25960.0,25993.0,33.0,,193.485,11.0,11.0,22.0,22.645,,,0.3333,0.6667,,True,completed
147033_416_0,pkw,25895.0,25994.0,99.0,,429.466,48.0,48.0,51.0,67.186,,,0.4848,0.5152,,True,completed
115085_403_0,pkw,25897.0,25995.0,98.0,,437.956,48.0,48.0,50.0,70.907,,,0.4898,0.5102,,True,completed
138405_412_0,pkw,25972.0,25995.0,23.0,,200.902,0.0,0.0,23.0,10.61,,,0.0,1.0,,True,completed
147762_416_0,pkw,25899.0,25997.0,98.0,,437.169,46.0,46.0,52.0,68.656,,,0.4694,0.5306,,True,completed
108740_400_0,pkw,25894.0,25998.0,104.0,,431.692,48.0,48.0,56.0,68.502,,,0.4615,0.5385,,True,completed
110628_401_0,pkw,25933.0,25998.0,65.0,,427.517,23.0,23.0,42.0,36.294,,,0.3538,0.6462,,True,completed
153369_420_0,pkw,25899.0,26000.0,101.0,,433.053,46.0,46.0,55.0,71.798,,,0.4554,0.5446,,True,completed
187954_433_0,pkw,25897.0,26000.0,103.0,,438.675,48.0,48.0,55.0,74.169,,,0.466,0.534,,True,completed
158101_421_0,pkw,25963.0,26009.0,46.0,,422.658,12.0,12.0,34.0,19.313,,,0.2609,0.7391,,True,completed
139104_413_0,pkw,25950.0,26010.0,60.0,,447.952,24.0,24.0,36.0,32.094,,,0.4,0.6,,True,completed
159229_421_0,pkw,25950.0,26011.0,61.0,,436.708,18.0,18.0,43.0,26.036,,,0.2951,0.7049,,True,completed
200404_437_0,pkw,25957.0,26013.0,56.0,,429.572,13.0,13.0,43.0,20.352,,,0.2321,0.7679,,True,completed
140141_414_0,pkw,25946.0,26014.0,68.0,,446.392,25.0,25.0,43.0,32.855,,,0.3676,0.6324,,True,completed
95643_394_0,pkw,25966.0,26014.0,48.0,,437.167,1.0,1.0,47.0,8.086,,,0.0208,0.9792,,True,completed
146411_416_0,pkw,25964.0,26016.0,52.0,,443.137,10.0,10.0,42.0,21.371,,,0.1923,0.8077,,True,completed
149484_417_0,pkw,25957.0,26019.0,62.0,,453.13,14.0,14.0,48.0,25.722,,,0.2258,0.7742,,True,completed
112780_402_0,pkw,25991.0,26024.0,33.0,,464.989,0.0,0.0,33.0,1.226,,,0.0,1.0,,True,completed
91248_391_0,pkw,25994.0,26026.0,32.0,,454.486,0.0,0.0,32.0,1.452,,,0.0,1.0,,True,completed
83512_390_0,pkw,25906.0,26031.0,125.0,,436.296,51.0,76.0,49.0,94.932,,,0.608,0.392,,True,completed
172178_426_0,pkw,25935.0,26032.0,97.0,,435.782,50.0,50.0,47.0,66.2,,,0.5155,0.4845,,True,completed
173974_427_0,pkw,25982.0,26032.0,50.0,,201.205,28.0,28.0,22.0,35.817,,,0.56,0.44,,True,completed
109862_401_0,pkw,25994.0,26034.0,40.0,,201.881,17.0,17.0,23.0,29.561,,,0.425,0.575,,True,completed
152995_419_0,pkw,25937.0,26034.0,97.0,,438.173,48.0,48.0,49.0,65.887,,,0.4948,0.5052,,True,completed
128887_408_0,pkw,26002.0,26035.0,33.0,,186.413,9.0,10.0,23.0,21.762,,,0.303,0.697,,True,completed
147231_416_0,pkw,25939.0,26036.0,97.0,,436.249,48.0,48.0,49.0,65.409,,,0.4948,0.5052,,True,completed
141272_415_0,pkw,26011.0,26037.0,26.0,,193.715,3.0,3.0,23.0,14.758,,,0.1154,0.8846,,True,completed
165160_423_0,pkw,25941.0,26037.0,96.0,,427.865,46.0,46.0,50.0,69.234,,,0.4792,0.5208,,True,completed
100734_396_0,pkw,25972.0,26039.0,67.0,,434.04,23.0,23.0,44.0,37.157,,,0.3433,0.6567,,True,completed
163833_422_0,pkw,25934.0,26039.0,105.0,,430.068,50.0,50.0,55.0,67.922,,,0.4762,0.5238,,True,completed
110198_401_0,pkw,25936.0,26041.0,105.0,,437.871,49.0,49.0,56.0,71.839,,,0.4667,0.5333,,True,completed
123860_406_0,pkw,25999.0,26042.0,43.0,,187.469,20.0,20.0,23.0,33.341,,,0.4651,0.5349,,True,completed
80499_388_0,pkw,25970.0,26043.0,73.0,,432.04,27.0,27.0,46.0,38.414,,,0.3699,0.6301,,True,completed
131869_410_0,pkw,25938.0,26044.0,106.0,,433.151,48.0,48.0,58.0,67.756,,,0.4528,0.5472,,True,completed
111336_401_0,pkw,25966.0,26048.0,82.0,,440.967,38.0,38.0,44.0,54.536,,,0.4634,0.5366,,True,completed
107998_400_0,pkw,25970.0,26055.0,85.0,,451.971,36.0,36.0,49.0,53.226,,,0.4235,0.5765,,True,completed
118911_405_0,pkw,25968.0,26056.0,88.0,,447.309,37.0,37.0,51.0,53.028,,,0.4205,0.5795,,True,completed
102001_396_0,pkw,25974.0,26059.0,85.0,,443.148,33.0,33.0,52.0,50.114,,,0.3882,0.6118,,True,completed
130651_409_0,pkw,25980.0,26067.0,87.0,,449.365,27.0,27.0,60.0,45.479,,,0.3103,0.6897,,True,completed
127805_407_0,pkw,26027.0,26070.0,43.0,,185.685,22.0,22.0,21.0,33.21,,,0.5116,0.4884,,True,completed
110659_401_0,pkw,25974.0,26071.0,97.0,,434.913,50.0,50.0,47.0,67.155,,,0.5155,0.4845,,True,completed
110138_401_0,pkw,26037.0,26072.0,35.0,,185.668,14.0,14.0,21.0,24.603,,,0.4,0.6,,True,completed
152391_419_0,pkw,25976.0,26072.0,96.0,,433.405,47.0,47.0,49.0,67.143,,,0.4896,0.5104,,True,completed
148337_417_0,pkw,26039.0,26074.0,35.0,,192.023,12.0,13.0,22.0,25.206,,,0.3714,0.6286,,True,completed
192205_435_0,pkw,25972.0,26075.0,103.0,,431.496,52.0,52.0,51.0,68.445,,,0.5049,0.4951,,True,completed
195693_436_0,pkw,25978.0,26076.0,98.0,,426.368,45.0,45.0,53.0,65.994,,,0.4592,0.5408,,True,completed
119604_405_0,pkw,26042.0,26078.0,36.0,,194.0,11.0,11.0,25.0,23.644,,,0.3056,0.6944,,True,completed
190202_434_0,pkw,25981.0,26078.0,97.0,,432.689,45.0,45.0,52.0,68.992,,,0.4639,0.5361,,True,completed
104503_397_0,pkw,26014.0,26079.0,65.0,,424.51,22.0,22.0,43.0,38.639,,,0.3385,0.6615,,True,completed
156856_421_0,pkw,26064.0,26080.0,16.0,,170.306,0.0,0.0,16.0,3.17,,,0.0,1.0,,True,completed
82214_389_0,pkw,25975.0,26080.0,105.0,,436.002,51.0,51.0,54.0,67.067,,,0.4857,0.5143,,True,completed
155932_420_0,pkw,26012.0,26081.0,69.0,,430.09,23.0,23.0,46.0,38.519,,,0.3333,0.6667,,True,completed
110876_401_0,pkw,25979.0,26083.0,104.0,,426.728,47.0,47.0,57.0,70.908,,,0.4519,0.5481,,True,completed
99177_396_0,pkw,25977.0,26087.0,110.0,,435.013,47.0,49.0,61.0,66.678,,,0.4455,0.5545,,True,completed
124749_406_0,pkw,25989.0,26090.0,101.0,,450.589,49.0,49.0,52.0,72.924,,,0.4851,0.5149,,True,completed
135055_411_0,pkw,26004.0,26091.0,87.0,,441.472,38.0,38.0,49.0,59.966,,,0.4368,0.5632,,True,completed
137931_412_0,pkw,25986.0,26093.0,107.0,,452.297,52.0,52.0,55.0,72.423,,,0.486,0.514,,True,completed
155258_420_0,pkw,26020.0,26096.0,76.0,,164.881,46.0,46.0,30.0,65.179,,,0.6053,0.3947,,True,completed
147371_416_0,pkw,26013.0,26097.0,84.0,,446.831,29.0,29.0,55.0,51.86,,,0.3452,0.6548,,True,completed
129239_408_0,pkw,26019.0,26099.0,80.0,,444.978,24.0,24.0,56.0,46.725,,,0.3,0.7,,True,completed
157808_421_0,pkw,26098.0,26108.0,10.0,,184.768,0.0,0.0,10.0,0.247,,,0.0,1.0,,True,completed
128717_408_0,pkw,26086.0,26111.0,25.0,,198.759,7.0,7.0,18.0,13.684,,,0.28,0.72,,True,completed
120720_405_0,pkw,26014.0,26113.0,99.0,,430.487,48.0,48.0,51.0,66.206,,,0.4848,0.5152,,True,completed
164943_423_0,pkw,26016.0,26113.0,97.0,,436.106,48.0,48.0,49.0,65.094,,,0.4948,0.5052,,True,completed
172984_426_0,pkw,26090.0,26113.0,23.0,,199.951,3.0,3.0,20.0,12.807,,,0.1304,0.8696,,True,completed
107750_400_0,pkw,26018.0,26114.0,96.0,,428.025,47.0,47.0,49.0,67.831,,,0.4896,0.5104,,True,completed
104991_398_0,pkw,26016.0,26115.0,99.0,,436.381,46.0,46.0,53.0,66.463,,,0.4646,0.5354,,True,completed
160420_421_0,pkw,26092.0,26115.0,23.0,,201.196,1.0,1.0,22.0,9.942,,,0.0435,0.9565,,True,completed
165168_423_0,pkw,26018.0,26116.0,98.0,,432.43,45.0,45.0,53.0,67.852,,,0.4592,0.5408,,True,completed
137355_412_0,pkw,26087.0,26117.0,30.0,,197.815,6.0,7.0,23.0,15.836,,,0.2333,0.7667,,True,completed
127709_407_0,pkw,26103.0,26119.0,16.0,,182.9,0.0,0.0,16.0,4.488,,,0.0,1.0,,True,completed
147039_416_0,pkw,26022.0,26120.0,98.0,,437.898,44.0,44.0,54.0,64.87,,,0.449,0.551,,True,completed
143450_415_0,pkw,26053.0,26121.0,68.0,,428.48,23.0,23.0,45.0,35.49,,,0.3382,0.6618,,True,completed
163719_422_0,pkw,26107.0,26121.0,14.0,,191.282,0.0,0.0,14.0,3.088,,,0.0,1.0,,True,completed
112364_401_0,pkw,26020.0,26123.0,103.0,,435.138,44.0,44.0,59.0,65.674,,,0.4272,0.5728,,True,completed
147117_416_0,pkw,26109.0,26123.0,14.0,,193.112,0.0,0.0,14.0,1.08,,,0.0,1.0,,True,completed
131381_410_0,pkw,26024.0,26129.0,105.0,,453.287,49.0,49.0,56.0,75.794,,,0.4667,0.5333,,True,completed
185926_432_0,pkw,26071.0,26130.0,59.0,,428.69,19.0,19.0,40.0,27.545,,,0.322,0.678,,True,completed
198554_436_0,pkw,26090.0,26131.0,41.0,,436.414,0.0,0.0,41.0,8.273,,,0.0,1.0,,True,completed
114290_402_0,pkw,26029.0,26132.0,103.0,,448.467,49.0,49.0,54.0,72.137,,,0.4757,0.5243,,True,completed
198762_436_0,pkw,26095.0,26134.0,39.0,,431.035,0.0,0.0,39.0,2.249,,,0.0,1.0,,True,completed
142839_415_0,pkw,26046.0,26137.0,91.0,,452.078,36.0,37.0,54.0,57.322,,,0.4066,0.5934,,True,completed
123353_406_0,pkw,26092.0,26139.0,47.0,,155.761,25.0,25.0,22.0,37.498,,,0.5319,0.4681,,True,completed
175059_428_0,pkw,26094.0,26141.0,47.0,,166.569,23.0,23.0,24.0,37.834,,,0.4894,0.5106,,True,completed
151525_419_0,pkw,26097.0,26144.0,47.0,,165.847,24.0,24.0,23.0,34.594,,,0.5106,0.4894,,True,completed
114624_403_0,pkw,26099.0,26145.0,46.0,,157.783,24.0,24.0,22.0,36.017,,,0.5217,0.4783,,True,completed
193955_435_0,pkw,26132.0,26147.0,15.0,,166.263,0.0,0.0,15.0,4.769,,,0.0,1.0,,True,completed
118760_405_0,pkw,26055.0,26154.0,99.0,,438.078,51.0,51.0,48.0,65.28,,,0.5152,0.4848,,True,completed
184959_431_0,pkw,26053.0,26155.0,102.0,,432.718,52.0,52.0,50.0,67.034,,,0.5098,0.4902,,True,completed
168951_425_0,pkw,26055.0,26156.0,101.0,,427.503,50.0,50.0,51.0,70.185,,,0.495,0.505,,True,completed
174745_427_0,pkw,26057.0,26157.0,100.0,,429.989,47.0,47.0,53.0,65.023,,,0.47,0.53,,True,completed
196432_436_0,pkw,26057.0,26158.0,101.0,,434.747,47.0,47.0,54.0,72.372,,,0.4653,0.5347,,True,completed
157226_421_0,pkw,26059.0,26159.0,100.0,,427.588,47.0,47.0,53.0,70.209,,,0.47,0.53,,True,completed
143271_415_0,pkw,26059.0,26161.0,102.0,,433.143,47.0,47.0,55.0,64.434,,,0.4608,0.5392,,True,completed
183604_431_0,pkw,26062.0,26161.0,99.0,,434.198,44.0,44.0,55.0,70.673,,,0.4444,0.5556,,True,completed
183293_431_0,pkw,26092.0,26162.0,70.0,,426.668,23.0,23.0,47.0,39.842,,,0.3286,0.6714,,True,completed
182215_431_0,pkw,26151.0,26163.0,12.0,,170.738,0.0,0.0,12.0,0.382,,,0.0,1.0,,True,completed
147619_416_0,pkw,26062.0,26164.0,102.0,,429.583,47.0,47.0,55.0,65.175,,,0.4608,0.5392,,True,completed
143722_416_0,pkw,26137.0,26170.0,33.0,,430.427,0.0,0.0,33.0,1.452,,,0.0,1.0,,True,completed
179915_430_0,pkw,26128.0,26170.0,42.0,,431.792,5.0,5.0,37.0,12.459,,,0.119,0.881,,True,completed
180053_430_0,pkw,26141.0,26174.0,33.0,,436.887,0.0,0.0,33.0,1.406,,,0.0,1.0,,True,completed
193009_435_0,pkw,26164.0,26174.0,10.0,,146.746,0.0,0.0,10.0,0.704,,,0.0,1.0,,True,completed
145576_416_0,pkw,26135.0,26180.0,45.0,,155.962,24.0,24.0,21.0,33.961,,,0.5333,0.4667,,True,completed
188921_434_0,pkw,26138.0,26182.0,44.0,,158.632,21.0,21.0,23.0,34.066,,,0.4773,0.5227,,True,completed
95064_393_0,pkw,26140.0,26185.0,45.0,,165.671,17.0,17.0,28.0,32.967,,,0.3778,0.6222,,True,completed
146365_416_0,pkw,26141.0,26186.0,45.0,,157.127,17.0,17.0,28.0,35.281,,,0.3778,0.6222,,True,completed
190126_434_0,pkw,26143.0,26188.0,45.0,,161.853,16.0,16.0,29.0,32.623,,,0.3556,0.6444,,True,completed
154087_420_0,pkw,26150.0,26191.0,41.0,,197.977,22.0,22.0,19.0,30.927,,,0.5366,0.4634,,True,completed
144735_416_0,pkw,26154.0,26192.0,38.0,,201.404,18.0,18.0,20.0,27.309,,,0.4737,0.5263,,True,completed
144596_416_0,pkw,26156.0,26193.0,37.0,,189.242,17.0,17.0,20.0,27.722,,,0.4595,0.5405,,True,completed
162087_421_0,pkw,26153.0,26193.0,40.0,,195.279,20.0,20.0,20.0,29.25,,,0.5,0.5,,True,completed
167635_425_0,pkw,26154.0,26194.0,40.0,,185.151,19.0,19.0,21.0,29.512,,,0.475,0.525,,True,completed
91928_392_0,pkw,26155.0,26195.0,40.0,,197.369,17.0,17.0,23.0,28.587,,,0.425,0.575,,True,completed
175861_428_0,pkw,26165.0,26196.0,31.0,,185.609,8.0,9.0,22.0,21.388,,,0.2903,0.7097,,True,completed
82141_389_0,pkw,26165.0,26197.0,32.0,,170.728,6.0,7.0,25.0,18.551,,,0.2188,0.7812,,True,completed
120336_405_0,pkw,26173.0,26199.0,26.0,,175.881,1.0,1.0,25.0,15.24,,,0.0385,0.9615,,True,completed
150909_418_0,pkw,26175.0,26200.0,25.0,,167.644,0.0,0.0,25.0,14.948,,,0.0,1.0,,True,completed
185000_431_0,pkw,26186.0,26203.0,17.0,,178.863,0.0,0.0,17.0,3.64,,,0.0,1.0,,True,completed
121160_405_0,pkw,26192.0,26205.0,13.0,,176.715,0.0,0.0,13.0,0.586,,,0.0,1.0,,True,completed
132635_410_0,pkw,26148.0,26210.0,62.0,,427.001,23.0,23.0,39.0,30.135,,,0.371,0.629,,True,completed
141374_415_0,pkw,26144.0,26210.0,66.0,,428.437,29.0,30.0,36.0,34.118,,,0.4545,0.5455,,True,completed
132991_410_0,pkw,26162.0,26211.0,49.0,,433.486,14.0,14.0,35.0,20.98,,,0.2857,0.7143,,True,completed
186295_432_0,pkw,26168.0,26213.0,45.0,,445.879,8.0,8.0,37.0,17.088,,,0.1778,0.8222,,True,completed
144456_416_0,pkw,26164.0,26214.0,50.0,,437.326,10.0,10.0,40.0,18.694,,,0.2,0.8,,True,completed
194750_436_0,pkw,26171.0,26214.0,43.0,,424.955,3.0,3.0,40.0,11.047,,,0.0698,0.9302,,True,completed
174836_427_0,pkw,26173.0,26216.0,43.0,,427.959,3.0,3.0,40.0,11.832,,,0.0698,0.9302,,True,completed
209386_441_0,pkw,26169.0,26217.0,48.0,,434.061,2.0,2.0,46.0,8.895,,,0.0417,0.9583,,True,completed
122769_406_0,pkw,26144.0,26223.0,79.0,,165.924,36.0,36.0,43.0,68.659,,,0.4557,0.5443,,True,completed
128898_408_0,pkw,26146.0,26225.0,79.0,,169.638,35.0,35.0,44.0,68.463,,,0.443,0.557,,True,completed
184170_431_0,pkw,26148.0,26226.0,78.0,,159.408,32.0,32.0,46.0,68.915,,,0.4103,0.5897,,True,completed
123020_406_0,pkw,26151.0,26228.0,77.0,,162.962,31.0,31.0,46.0,67.068,,,0.4026,0.5974,,True,completed
115245_403_0,pkw,26220.0,26231.0,11.0,,179.239,0.0,0.0,11.0,1.032,,,0.0,1.0,,True,completed
172508_426_0,pkw,26168.0,26231.0,63.0,,201.69,35.0,35.0,28.0,49.921,,,0.5556,0.4444,,True,completed
196852_436_0,pkw,26186.0,26231.0,45.0,,199.927,19.0,19.0,26.0,33.914,,,0.4222,0.5778,,True,completed
137750_412_0,pkw,26196.0,26232.0,36.0,,192.898,13.0,13.0,23.0,24.063,,,0.3611,0.6389,,True,completed
137942_412_0,pkw,26199.0,26232.0,33.0,,185.551,11.0,11.0,22.0,22.888,,,0.3333,0.6667,,True,completed
119795_405_0,pkw,26205.0,26234.0,29.0,,193.637,9.0,9.0,20.0,18.077,,,0.3103,0.6897,,True,completed
138028_412_0,pkw,26211.0,26234.0,23.0,,195.221,0.0,1.0,22.0,12.127,,,0.0435,0.9565,,True,completed
130863_409_0,pkw,26217.0,26235.0,18.0,,186.074,0.0,0.0,18.0,8.526,,,0.0,1.0,,True,completed
140506_414_0,pkw,26214.0,26236.0,22.0,,201.46,0.0,1.0,21.0,11.552,,,0.0455,0.9545,,True,completed
78744_387_0,pkw,26223.0,26236.0,13.0,,191.555,0.0,0.0,13.0,0.471,,,0.0,1.0,,True,completed
125309_406_0,pkw,26219.0,26237.0,18.0,,191.842,0.0,0.0,18.0,6.85,,,0.0,1.0,,True,completed
155346_420_0,pkw,26217.0,26237.0,20.0,,190.912,0.0,0.0,20.0,8.893,,,0.0,1.0,,True,completed
144203_416_0,pkw,26175.0,26250.0,75.0,,425.189,30.0,30.0,45.0,43.223,,,0.4,0.6,,True,completed
201408_438_0,pkw,26190.0,26250.0,60.0,,430.692,20.0,20.0,40.0,29.48,,,0.3333,0.6667,,True,completed
131968_410_0,pkw,26207.0,26252.0,45.0,,444.863,6.0,6.0,39.0,14.128,,,0.1333,0.8667,,True,completed
195072_436_0,pkw,26219.0,26257.0,38.0,,434.873,0.0,0.0,38.0,4.223,,,0.0,1.0,,True,completed
84251_390_0,pkw,26219.0,26257.0,38.0,,430.745,0.0,0.0,38.0,2.117,,,0.0,1.0,,True,completed
75906_386_0,pkw,26187.0,26262.0,75.0,,489.938,22.0,22.0,53.0,32.712,,,0.2933,0.7067,,True,completed
153702_420_0,pkw,26219.0,26263.0,44.0,,463.587,4.0,4.0,40.0,11.086,,,0.0909,0.9091,,True,completed
175678_428_0,pkw,26171.0,26263.0,92.0,,160.6,42.0,42.0,50.0,79.201,,,0.4565,0.5435,,True,completed
153999_420_0,pkw,26175.0,26265.0,90.0,,169.599,40.0,40.0,50.0,79.49,,,0.4444,0.5556,,True,completed
154682_420_0,pkw,26185.0,26266.0,81.0,,154.523,37.0,37.0,44.0,71.615,,,0.4568,0.5432,,True,completed
113502_402_0,pkw,26187.0,26268.0,81.0,,162.062,35.0,35.0,46.0,71.784,,,0.4321,0.5679,,True,completed
158704_421_0,pkw,26230.0,26270.0,40.0,,179.61,22.0,22.0,18.0,29.886,,,0.55,0.45,,True,completed
151977_419_0,pkw,26221.0,26271.0,50.0,,202.926,27.0,27.0,23.0,38.086,,,0.54,0.46,,True,completed
106576_399_0,pkw,26225.0,26272.0,47.0,,192.305,29.0,30.0,17.0,34.161,,,0.6383,0.3617,,True,completed
132053_410_0,pkw,26220.0,26272.0,52.0,,200.765,27.0,27.0,25.0,37.274,,,0.5192,0.4808,,True,completed
138869_413_0,pkw,26223.0,26272.0,49.0,,191.709,27.0,27.0,22.0,39.919,,,0.551,0.449,,True,completed
120918_405_0,pkw,26222.0,26273.0,51.0,,191.438,26.0,26.0,25.0,39.267,,,0.5098,0.4902,,True,completed
174068_427_0,pkw,26237.0,26273.0,36.0,,183.143,18.0,18.0,18.0,26.377,,,0.5,0.5,,True,completed
113977_402_0,pkw,26224.0,26275.0,51.0,,200.473,26.0,26.0,25.0,40.499,,,0.5098,0.4902,,True,completed
179847_430_0,pkw,26226.0,26275.0,49.0,,175.908,26.0,26.0,23.0,37.44,,,0.5306,0.4694,,True,completed
160045_421_0,pkw,26226.0,26276.0,50.0,,191.2,26.0,26.0,24.0,39.15,,,0.52,0.48,,True,completed
66799_380_0,pkw,26227.0,26276.0,49.0,,194.382,26.0,26.0,23.0,38.165,,,0.5306,0.4694,,True,completed
157524_421_0,pkw,26228.0,26278.0,50.0,,199.145,24.0,24.0,26.0,39.913,,,0.48,0.52,,True,completed
160613_421_0,pkw,26229.0,26278.0,49.0,,178.166,25.0,25.0,24.0,36.311,,,0.5102,0.4898,,True,completed
210154_441_0,pkw,26257.0,26288.0,31.0,,432.778,0.0,0.0,31.0,1.222,,,0.0,1.0,,True,completed
117166_404_0,pkw,26221.0,26290.0,69.0,,432.509,28.0,28.0,41.0,42.537,,,0.4058,0.5942,,True,completed
205411_440_0,pkw,26264.0,26290.0,26.0,,139.364,9.0,9.0,17.0,15.337,,,0.3462,0.6538,,True,completed
141693_415_0,pkw,26223.0,26292.0,69.0,,440.996,27.0,27.0,42.0,39.983,,,0.3913,0.6087,,True,completed
195114_436_0,pkw,26248.0,26293.0,45.0,,433.303,0.0,0.0,45.0,4.761,,,0.0,1.0,,True,completed
173174_427_0,pkw,26255.0,26294.0,39.0,,426.231,0.0,0.0,39.0,3.436,,,0.0,1.0,,True,completed
194948_436_0,pkw,26238.0,26294.0,56.0,,445.463,17.0,17.0,39.0,27.231,,,0.3036,0.6964,,True,completed
165285_423_0,pkw,26246.0,26295.0,49.0,,428.15,10.0,10.0,39.0,19.81,,,0.2041,0.7959,,True,completed
175859_428_0,pkw,26253.0,26297.0,44.0,,434.892,0.0,0.0,44.0,11.444,,,0.0,1.0,,True,completed
120397_405_0,pkw,26190.0,26301.0,111.0,,167.264,52.0,55.0,56.0,99.374,,,0.4955,0.5045,,True,completed
120972_405_0,pkw,26211.0,26303.0,92.0,,167.459,41.0,41.0,51.0,79.274,,,0.4457,0.5543,,True,completed
185736_432_0,pkw,26214.0,26304.0,90.0,,157.647,37.0,37.0,53.0,79.394,,,0.4111,0.5889,,True,completed
178124_430_0,pkw,26226.0,26306.0,80.0,,163.522,33.0,33.0,47.0,69.369,,,0.4125,0.5875,,True,completed
149395_417_0,pkw,26229.0,26307.0,78.0,,154.506,30.0,30.0,48.0,67.977,,,0.3846,0.6154,,True,completed
140904_414_0,pkw,26231.0,26311.0,80.0,,196.088,50.0,50.0,30.0,68.891,,,0.625,0.375,,True,completed
161366_421_0,pkw,26230.0,26311.0,81.0,,198.858,50.0,50.0,31.0,69.5,,,0.6173,0.3827,,True,completed
166403_424_0,pkw,26301.0,26311.0,10.0,,178.359,0.0,0.0,10.0,0.308,,,0.0,1.0,,True,completed
152190_419_0,pkw,26234.0,26312.0,78.0,,170.483,48.0,48.0,30.0,67.013,,,0.6154,0.3846,,True,completed
164859_422_0,pkw,26233.0,26312.0,79.0,,191.141,49.0,49.0,30.0,68.96,,,0.6203,0.3797,,True,completed
159876_421_0,pkw,26237.0,26315.0,78.0,,203.564,47.0,47.0,31.0,64.238,,,0.6026,0.3974,,True,completed
134487_411_0,pkw,26237.0,26316.0,79.0,,167.179,46.0,46.0,33.0,68.622,,,0.5823,0.4177,,True,completed
174976_428_0,pkw,26240.0,26316.0,76.0,,190.739,44.0,44.0,32.0,65.342,,,0.5789,0.4211,,True,completed
148073_417_0,pkw,26256.0,26318.0,62.0,,198.971,28.0,29.0,33.0,51.288,,,0.4677,0.5323,,True,completed
158001_421_0,pkw,26239.0,26319.0,80.0,,178.053,43.0,43.0,37.0,66.071,,,0.5375,0.4625,,True,completed
168247_425_0,pkw,26250.0,26320.0,70.0,,170.1,34.0,35.0,35.0,59.616,,,0.5,0.5,,True,completed
168278_425_0,pkw,26266.0,26330.0,64.0,,427.08,26.0,26.0,38.0,33.427,,,0.4062,0.5938,,True,completed
176788_429_0,pkw,26259.0,26331.0,72.0,,439.816,25.0,25.0,47.0,46.033,,,0.3472,0.6528,,True,completed
170962_426_0,pkw,26272.0,26332.0,60.0,,426.275,23.0,23.0,37.0,34.318,,,0.3833,0.6167,,True,completed
165304_423_0,pkw,26264.0,26333.0,69.0,,431.333,25.0,25.0,44.0,35.629,,,0.3623,0.6377,,True,completed
198014_436_0,pkw,26296.0,26335.0,39.0,,451.368,0.0,0.0,39.0,10.684,,,0.0,1.0,,True,completed
208014_441_0,pkw,26277.0,26336.0,59.0,,444.676,16.0,16.0,43.0,23.723,,,0.2712,0.7288,,True,completed
209977_441_0,pkw,26263.0,26336.0,73.0,,431.357,21.0,21.0,52.0,31.192,,,0.2877,0.7123,,True,completed
209865_441_0,pkw,26280.0,26337.0,57.0,,435.357,14.0,14.0,43.0,27.751,,,0.2456,0.7544,,True,completed
198956_436_0,pkw,26298.0,26338.0,40.0,,449.293,0.0,0.0,40.0,6.127,,,0.0,1.0,,True,completed
173017_426_0,pkw,26257.0,26340.0,83.0,,160.59,40.0,40.0,43.0,73.345,,,0.4819,0.5181,,True,completed
173628_427_0,pkw,26260.0,26342.0,82.0,,159.135,36.0,36.0,46.0,69.176,,,0.439,0.561,,True,completed
186127_432_0,pkw,26266.0,26344.0,78.0,,164.715,32.0,32.0,46.0,68.488,,,0.4103,0.5897,,True,completed
201617_438_0,pkw,26269.0,26345.0,76.0,,156.661,30.0,30.0,46.0,65.645,,,0.3947,0.6053,,True,completed
173550_427_0,pkw,26294.0,26347.0,53.0,,165.639,17.0,17.0,36.0,42.081,,,0.3208,0.6792,,True,completed
187756_433_0,pkw,26296.0,26350.0,54.0,,168.181,16.0,16.0,38.0,43.195,,,0.2963,0.7037,,True,completed
162342_421_0,pkw,26275.0,26352.0,77.0,,188.925,46.0,46.0,31.0,66.703,,,0.5974,0.4026,,True,completed
199507_437_0,pkw,26257.0,26353.0,96.0,,199.118,54.0,54.0,42.0,86.269,,,0.5625,0.4375,,True,completed
99791_396_0,pkw,26319.0,26353.0,34.0,,196.867,13.0,13.0,21.0,23.021,,,0.3824,0.6176,,True,completed
161953_421_0,pkw,26277.0,26354.0,77.0,,195.651,45.0,45.0,32.0,65.535,,,0.5844,0.4156,,True,completed
164124_422_0,pkw,26330.0,26354.0,24.0,,150.284,6.0,6.0,18.0,15.347,,,0.25,0.75,,True,completed
138350_412_0,pkw,26285.0,26355.0,70.0,,186.417,38.0,39.0,31.0,59.355,,,0.5571,0.4429,,True,completed
97664_395_0,pkw,26328.0,26355.0,27.0,,189.688,7.0,7.0,20.0,15.762,,,0.2593,0.7407,,True,completed
142019_415_0,pkw,26279.0,26356.0,77.0,,195.639,42.0,42.0,35.0,65.98,,,0.5455,0.4545,,True,completed
118113_405_0,pkw,26332.0,26357.0,25.0,,189.265,1.0,1.0,24.0,13.779,,,0.04,0.96,,True,completed
186005_432_0,pkw,26293.0,26357.0,64.0,,189.863,32.0,33.0,31.0,52.189,,,0.5156,0.4844,,True,completed
180186_430_0,pkw,26338.0,26358.0,20.0,,180.681,0.0,0.0,20.0,9.527,,,0.0,1.0,,True,completed
188437_433_0,pkw,26288.0,26358.0,70.0,,195.854,35.0,35.0,35.0,58.017,,,0.5,0.5,,True,completed
169310_425_0,pkw,26271.0,26361.0,90.0,,179.405,48.0,48.0,42.0,79.699,,,0.5333,0.4667,,True,completed
156933_421_0,pkw,26327.0,26370.0,43.0,,429.595,3.0,3.0,40.0,8.586,,,0.0698,0.9302,,True,completed
155659_420_0,pkw,26318.0,26371.0,53.0,,430.979,8.0,9.0,44.0,17.9,,,0.1698,0.8302,,True,completed
187305_433_0,pkw,26331.0,26373.0,42.0,,444.234,0.0,0.0,42.0,6.284,,,0.0,1.0,,True,completed
88667_391_0,pkw,26260.0,26375.0,115.0,,447.388,49.0,51.0,64.0,78.2,,,0.4435,0.5565,,True,completed
206972_441_0,pkw,26334.0,26377.0,43.0,,454.636,0.0,0.0,43.0,13.399,,,0.0,1.0,,True,completed
152154_419_0,pkw,26337.0,26378.0,41.0,,433.211,0.0,0.0,41.0,8.087,,,0.0,1.0,,True,completed
118404_405_0,pkw,26322.0,26381.0,59.0,,464.539,16.0,16.0,43.0,28.978,,,0.2712,0.7288,,True,completed
78694_387_0,pkw,26336.0,26384.0,48.0,,461.839,3.0,3.0,45.0,16.566,,,0.0625,0.9375,,True,completed
87651_391_0,pkw,26305.0,26384.0,79.0,,165.94,39.0,39.0,40.0,67.725,,,0.4937,0.5063,,True,completed
182242_431_0,pkw,26307.0,26385.0,78.0,,150.908,37.0,37.0,41.0,69.16,,,0.4744,0.5256,,True,completed
203685_439_0,pkw,26309.0,26388.0,79.0,,170.135,36.0,36.0,43.0,65.616,,,0.4557,0.5443,,True,completed
107161_400_0,pkw,26371.0,26391.0,20.0,,182.629,0.0,0.0,20.0,9.891,,,0.0,1.0,,True,completed
152256_419_0,pkw,26295.0,26391.0,96.0,,201.898,58.0,58.0,38.0,84.1,,,0.6042,0.3958,,True,completed
155654_420_0,pkw,26290.0,26391.0,101.0,,199.684,59.0,60.0,41.0,89.7,,,0.5941,0.4059,,True,completed
173762_427_0,pkw,26294.0,26393.0,99.0,,178.872,55.0,55.0,44.0,86.772,,,0.5556,0.4444,,True,completed
182027_431_0,pkw,26299.0,26394.0,95.0,,200.485,54.0,54.0,41.0,79.736,,,0.5684,0.4316,,True,completed
89293_391_0,pkw,26296.0,26394.0,98.0,,168.079,55.0,55.0,43.0,88.021,,,0.5612,0.4388,,True,completed
195063_436_0,pkw,26302.0,26395.0,93.0,,191.783,50.0,50.0,43.0,82.899,,,0.5376,0.4624,,True,completed
97909_395_0,pkw,26361.0,26395.0,34.0,,430.819,0.0,0.0,34.0,1.793,,,0.0,1.0,,True,completed
168315_425_0,pkw,26299.0,26396.0,97.0,,192.613,50.0,50.0,47.0,88.302,,,0.5155,0.4845,,True,completed
195766_436_0,pkw,26304.0,26397.0,93.0,,195.372,48.0,48.0,45.0,81.933,,,0.5161,0.4839,,True,completed
181741_431_0,pkw,26301.0,26398.0,97.0,,192.436,51.0,51.0,46.0,85.467,,,0.5258,0.4742,,True,completed
157880_421_0,pkw,26347.0,26411.0,64.0,,446.124,21.0,21.0,43.0,30.273,,,0.3281,0.6719,,True,completed
182895_431_0,pkw,26378.0,26411.0,33.0,,161.302,16.0,16.0,17.0,21.59,,,0.4848,0.5152,,True,completed
146877_416_0,pkw,26349.0,26412.0,63.0,,437.426,20.0,20.0,43.0,39.911,,,0.3175,0.6825,,True,completed
98702_395_0,pkw,26384.0,26413.0,29.0,,153.612,7.0,8.0,21.0,17.284,,,0.2759,0.7241,,True,completed
115471_403_0,pkw,26351.0,26414.0,63.0,,445.57,19.0,19.0,44.0,31.391,,,0.3016,0.6984,,True,completed
161985_421_0,pkw,26381.0,26414.0,33.0,,169.277,14.0,14.0,19.0,22.133,,,0.4242,0.5758,,True,completed
191059_435_0,pkw,26363.0,26415.0,52.0,,437.729,12.0,12.0,40.0,20.277,,,0.2308,0.7692,,True,completed
82166_389_0,pkw,26385.0,26416.0,31.0,,433.056,0.0,0.0,31.0,1.355,,,0.0,1.0,,True,completed
94386_393_0,pkw,26380.0,26417.0,37.0,,444.83,0.0,0.0,37.0,9.31,,,0.0,1.0,,True,completed
181532_431_0,pkw,26390.0,26422.0,32.0,,154.411,6.0,7.0,25.0,21.113,,,0.2188,0.7812,,True,completed
172772_426_0,pkw,26409.0,26424.0,15.0,,160.185,0.0,0.0,15.0,3.816,,,0.0,1.0,,True,completed
196636_436_0,pkw,26306.0,26431.0,125.0,,189.888,69.0,74.0,51.0,114.744,,,0.592,0.408,,True,completed
168584_425_0,pkw,26308.0,26432.0,124.0,,200.252,71.0,75.0,49.0,111.304,,,0.6048,0.3952,,True,completed
193929_435_0,pkw,26314.0,26433.0,119.0,,191.429,71.0,72.0,47.0,108.093,,,0.605,0.395,,True,completed
194383_436_0,pkw,26310.0,26433.0,123.0,,197.999,64.0,70.0,53.0,113.614,,,0.5691,0.4309,,True,completed
169701_426_0,pkw,26385.0,26435.0,50.0,,202.305,25.0,25.0,25.0,38.689,,,0.5,0.5,,True,completed
185401_432_0,pkw,26368.0,26435.0,67.0,,435.352,25.0,25.0,42.0,32.204,,,0.3731,0.6269,,True,completed
130655_409_0,pkw,26320.0,26436.0,116.0,,198.499,62.0,65.0,51.0,106.43,,,0.5603,0.4397,,True,completed
165758_423_0,pkw,26389.0,26436.0,47.0,,194.596,24.0,24.0,23.0,35.603,,,0.5106,0.4894,,True,completed
160151_421_0,pkw,26390.0,26437.0,47.0,,185.593,19.0,19.0,28.0,36.677,,,0.4043,0.5957,,True,completed
167177_425_0,pkw,26323.0,26437.0,114.0,,189.736,60.0,63.0,51.0,104.628,,,0.5526,0.4474,,True,completed
168218_425_0,pkw,26325.0,26438.0,113.0,,176.064,62.0,65.0,48.0,102.968,,,0.5752,0.4248,,True,completed
184915_431_0,pkw,26328.0,26440.0,112.0,,177.715,59.0,62.0,50.0,100.96,,,0.5536,0.4464,,True,completed
196515_436_0,pkw,26342.0,26441.0,99.0,,169.86,54.0,55.0,44.0,88.541,,,0.5556,0.4444,,True,completed
131058_409_0,pkw,26438.0,26449.0,11.0,,147.212,0.0,0.0,11.0,0.823,,,0.0,1.0,,True,completed
130643_409_0,pkw,26440.0,26451.0,11.0,,152.062,0.0,0.0,11.0,0.948,,,0.0,1.0,,True,completed
145141_416_0,pkw,26382.0,26451.0,69.0,,439.043,27.0,27.0,42.0,40.242,,,0.3913,0.6087,,True,completed
207870_441_0,pkw,26384.0,26451.0,67.0,,427.113,26.0,26.0,41.0,33.092,,,0.3881,0.6119,,True,completed
158141_421_0,pkw,26395.0,26452.0,57.0,,430.785,19.0,19.0,38.0,29.639,,,0.3333,0.6667,,True,completed
53404_371_0,pkw,26401.0,26452.0,51.0,,427.054,16.0,16.0,35.0,22.919,,,0.3137,0.6863,,True,completed
178553_430_0,pkw,26397.0,26454.0,57.0,,438.275,18.0,18.0,39.0,28.702,,,0.3158,0.6842,,True,completed
142215_415_0,pkw,26399.0,26456.0,57.0,,440.941,16.0,16.0,41.0,25.59,,,0.2807,0.7193,,True,completed
174028_427_0,pkw,26430.0,26459.0,29.0,,167.146,6.0,6.0,23.0,17.922,,,0.2069,0.7931,,True,completed
137478_412_0,pkw,26426.0,26461.0,35.0,,462.001,0.0,0.0,35.0,1.784,,,0.0,1.0,,True,completed
104234_397_0,pkw,26427.0,26467.0,40.0,,462.104,0.0,1.0,39.0,4.643,,,0.025,0.975,,True,completed
164320_422_0,pkw,26441.0,26470.0,29.0,,184.454,10.0,10.0,19.0,17.835,,,0.3448,0.6552,,True,completed
173046_427_0,pkw,26405.0,26470.0,65.0,,183.817,36.0,37.0,28.0,55.141,,,0.5692,0.4308,,True,completed
116224_404_0,pkw,26425.0,26471.0,46.0,,199.511,22.0,22.0,24.0,34.902,,,0.4783,0.5217,,True,completed
92274_392_0,pkw,26436.0,26471.0,35.0,,178.781,16.0,16.0,19.0,25.437,,,0.4571,0.5429,,True,completed
191859_435_0,pkw,26416.0,26472.0,56.0,,188.172,26.0,27.0,29.0,45.47,,,0.4821,0.5179,,True,completed
145696_416_0,pkw,26427.0,26474.0,47.0,,196.964,24.0,24.0,23.0,36.492,,,0.5106,0.4894,,True,completed
156189_420_0,pkw,26429.0,26474.0,45.0,,189.451,21.0,21.0,24.0,34.333,,,0.4667,0.5333,,True,completed
173015_426_0,pkw,26431.0,26475.0,44.0,,175.948,21.0,21.0,23.0,32.234,,,0.4773,0.5227,,True,completed
185227_432_0,pkw,26434.0,26476.0,42.0,,203.643,20.0,20.0,22.0,30.145,,,0.4762,0.5238,,True,completed
165876_424_0,pkw,26435.0,26477.0,42.0,,173.752,18.0,18.0,24.0,31.051,,,0.4286,0.5714,,True,completed
169383_426_0,pkw,26436.0,26477.0,41.0,,190.534,19.0,19.0,22.0,30.199,,,0.4634,0.5366,,True,completed
149975_417_0,pkw,26433.0,26478.0,45.0,,194.856,20.0,20.0,25.0,32.097,,,0.4444,0.5556,,True,completed
178534_430_0,pkw,26416.0,26490.0,74.0,,430.191,29.0,29.0,45.0,40.403,,,0.3919,0.6081,,True,completed
200602_437_0,pkw,26432.0,26491.0,59.0,,458.295,18.0,18.0,41.0,27.632,,,0.3051,0.6949,,True,completed
185869_432_0,pkw,26422.0,26492.0,70.0,,439.523,27.0,27.0,43.0,36.828,,,0.3857,0.6143,,True,completed
68057_381_0,pkw,26434.0,26493.0,59.0,,463.376,18.0,18.0,41.0,28.162,,,0.3051,0.6949,,True,completed
171071_426_0,pkw,26430.0,26494.0,64.0,,427.376,19.0,19.0,45.0,28.602,,,0.2969,0.7031,,True,completed
97861_395_0,pkw,26425.0,26494.0,69.0,,446.489,25.0,25.0,44.0,33.999,,,0.3623,0.6377,,True,completed
194747_436_0,pkw,26442.0,26495.0,53.0,,436.741,14.0,14.0,39.0,25.205,,,0.2642,0.7358,,True,completed
197106_436_0,pkw,26449.0,26496.0,47.0,,432.005,8.0,8.0,39.0,16.348,,,0.1702,0.8298,,True,completed
211311_442_0,pkw,26444.0,26497.0,53.0,,435.367,11.0,11.0,42.0,19.434,,,0.2075,0.7925,,True,completed
157367_421_0,pkw,26437.0,26511.0,74.0,,200.659,46.0,46.0,28.0,63.373,,,0.6216,0.3784,,True,completed
179055_430_0,pkw,26438.0,26511.0,73.0,,194.532,43.0,43.0,30.0,61.583,,,0.589,0.411,,True,completed
186205_432_0,pkw,26481.0,26511.0,30.0,,187.295,11.0,11.0,19.0,18.612,,,0.3667,0.6333,,True,completed
186423_432_0,pkw,26475.0,26511.0,36.0,,185.094,17.0,17.0,19.0,24.551,,,0.4722,0.5278,,True,completed
118434_405_0,pkw,26439.0,26513.0,74.0,,175.352,45.0,45.0,29.0,63.654,,,0.6081,0.3919,,True,completed
83577_390_0,pkw,26440.0,26513.0,73.0,,198.214,41.0,41.0,32.0,59.951,,,0.5616,0.4384,,True,completed
123979_406_0,pkw,26442.0,26514.0,72.0,,189.854,40.0,40.0,32.0,60.478,,,0.5556,0.4444,,True,completed
167945_425_0,pkw,26444.0,26516.0,72.0,,200.725,39.0,39.0,33.0,61.364,,,0.5417,0.4583,,True,completed
177207_429_0,pkw,26440.0,26516.0,76.0,,192.869,41.0,41.0,35.0,63.942,,,0.5395,0.4605,,True,completed
186289_432_0,pkw,26442.0,26517.0,75.0,,176.479,40.0,40.0,35.0,63.267,,,0.5333,0.4667,,True,completed
115123_403_0,pkw,26444.0,26518.0,74.0,,194.112,40.0,40.0,34.0,61.729,,,0.5405,0.4595,,True,completed
159102_421_0,pkw,26446.0,26518.0,72.0,,194.421,36.0,36.0,36.0,58.474,,,0.5,0.5,,True,completed
168011_425_0,pkw,26446.0,26519.0,73.0,,171.954,39.0,39.0,34.0,61.48,,,0.5342,0.4658,,True,completed
158192_421_0,pkw,26451.0,26521.0,70.0,,173.993,37.0,37.0,33.0,58.267,,,0.5286,0.4714,,True,completed
180573_430_0,pkw,26453.0,26523.0,70.0,,201.514,35.0,35.0,35.0,58.374,,,0.5,0.5,,True,completed
177265_429_0,pkw,26461.0,26524.0,63.0,,190.991,28.0,29.0,34.0,52.65,,,0.4603,0.5397,,True,completed
161516_421_0,pkw,26481.0,26526.0,45.0,,202.791,19.0,19.0,26.0,33.992,,,0.4222,0.5778,,True,completed
173602_427_0,pkw,26470.0,26530.0,60.0,,433.546,18.0,18.0,42.0,29.339,,,0.3,0.7,,True,completed
179115_430_0,pkw,26472.0,26530.0,58.0,,424.272,22.0,22.0,36.0,32.69,,,0.3793,0.6207,,True,completed
155212_420_0,pkw,26472.0,26532.0,60.0,,445.152,17.0,17.0,43.0,30.252,,,0.2833,0.7167,,True,completed
204221_440_0,pkw,26474.0,26534.0,60.0,,444.837,16.0,16.0,44.0,28.617,,,0.2667,0.7333,,True,completed
144043_416_0,pkw,26476.0,26535.0,59.0,,433.207,15.0,15.0,44.0,25.949,,,0.2542,0.7458,,True,completed
181090_431_0,pkw,26491.0,26537.0,46.0,,440.739,6.0,6.0,40.0,13.142,,,0.1304,0.8696,,True,completed
172041_426_0,pkw,26475.0,26542.0,67.0,,452.097,15.0,15.0,52.0,29.947,,,0.2239,0.7761,,True,completed
198106_436_0,pkw,26529.0,26548.0,19.0,,161.104,1.0,1.0,18.0,8.804,,,0.0526,0.9474,,True,completed
201635_438_0,pkw,26449.0,26550.0,101.0,,184.7,62.0,62.0,39.0,91.221,,,0.6139,0.3861,,True,completed
94331_393_0,pkw,26492.0,26550.0,58.0,,429.965,21.0,21.0,37.0,29.087,,,0.3621,0.6379,,True,completed
104840_398_0,pkw,26497.0,26551.0,54.0,,428.117,15.0,15.0,39.0,23.217,,,0.2778,0.7222,,True,completed
172220_426_0,pkw,26483.0,26551.0,68.0,,179.792,37.0,37.0,31.0,56.485,,,0.5441,0.4559,,True,completed
169788_426_0,pkw,26476.0,26553.0,77.0,,201.508,42.0,42.0,35.0,66.128,,,0.5455,0.4545,,True,completed
83716_390_0,pkw,26455.0,26553.0,98.0,,196.51,56.0,56.0,42.0,86.483,,,0.5714,0.4286,,True,completed
139036_413_0,pkw,26534.0,26554.0,20.0,,192.42,0.0,1.0,19.0,9.59,,,0.05,0.95,,True,completed
153330_420_0,pkw,26523.0,26555.0,32.0,,428.223,0.0,0.0,32.0,1.47,,,0.0,1.0,,True,completed
163326_422_0,pkw,26479.0,26555.0,76.0,,201.481,38.0,38.0,38.0,62.774,,,0.5,0.5,,True,completed
186999_432_0,pkw,26537.0,26556.0,19.0,,193.144,0.0,1.0,18.0,7.285,,,0.0526,0.9474,,True,completed
166993_424_0,pkw,26537.0,26557.0,20.0,,172.838,0.0,0.0,20.0,7.353,,,0.0,1.0,,True,completed
184714_431_0,pkw,26539.0,26557.0,18.0,,201.516,0.0,0.0,18.0,6.742,,,0.0,1.0,,True,completed
151154_418_0,pkw,26542.0,26558.0,16.0,,193.929,0.0,0.0,16.0,4.901,,,0.0,1.0,,True,completed
196360_436_0,pkw,26540.0,26558.0,18.0,,202.147,0.0,0.0,18.0,6.981,,,0.0,1.0,,True,completed
131090_409_0,pkw,26516.0,26561.0,45.0,,431.578,0.0,1.0,44.0,5.01,,,0.0222,0.9778,,True,completed
74794_385_0,pkw,26517.0,26561.0,44.0,,179.008,23.0,23.0,21.0,35.012,,,0.5227,0.4773,,True,completed
119139_405_0,pkw,26483.0,26562.0,79.0,,696.551,12.0,12.0,67.0,28.52,,,0.1519,0.8481,,True,completed
191303_435_0,pkw,26524.0,26563.0,39.0,,430.559,0.0,0.0,39.0,2.16,,,0.0,1.0,,True,completed
195823_436_0,pkw,26482.0,26571.0,89.0,,429.165,34.0,34.0,55.0,52.644,,,0.382,0.618,,True,completed
40062_360_0,pkw,26493.0,26571.0,78.0,,441.388,28.0,28.0,50.0,40.455,,,0.359,0.641,,True,completed
164467_422_0,pkw,26495.0,26572.0,77.0,,432.68,26.0,26.0,51.0,47.27,,,0.3377,0.6623,,True,completed
115512_403_0,pkw,26497.0,26574.0,77.0,,434.415,24.0,24.0,53.0,39.014,,,0.3117,0.6883,,True,completed
146478_416_0,pkw,26505.0,26576.0,71.0,,439.389,24.0,24.0,47.0,33.84,,,0.338,0.662,,True,completed
190104_434_0,pkw,26523.0,26577.0,54.0,,458.433,5.0,5.0,49.0,18.269,,,0.0926,0.9074,,True,completed
176845_429_0,pkw,26567.0,26591.0,24.0,,198.825,4.0,4.0,20.0,13.115,,,0.1667,0.8333,,True,completed
123108_406_0,pkw,26565.0,26592.0,27.0,,192.161,7.0,7.0,20.0,17.436,,,0.2593,0.7407,,True,completed
155883_420_0,pkw,26572.0,26593.0,21.0,,198.902,0.0,0.0,21.0,10.594,,,0.0,1.0,,True,completed
130204_409_0,pkw,26571.0,26594.0,23.0,,196.991,2.0,2.0,21.0,12.017,,,0.087,0.913,,True,completed
178950_430_0,pkw,26527.0,26594.0,67.0,,431.252,25.0,25.0,42.0,33.128,,,0.3731,0.6269,,True,completed
196109_436_0,pkw,26569.0,26594.0,25.0,,187.367,2.0,3.0,22.0,14.158,,,0.12,0.88,,True,completed
154448_420_0,pkw,26578.0,26595.0,17.0,,198.297,0.0,0.0,17.0,3.766,,,0.0,1.0,,True,completed
181870_431_0,pkw,26573.0,26595.0,22.0,,186.37,1.0,1.0,21.0,11.305,,,0.0455,0.9545,,True,completed
148973_417_0,pkw,26579.0,26597.0,18.0,,194.511,0.0,0.0,18.0,7.85,,,0.0,1.0,,True,completed
206714_440_0,pkw,26540.0,26597.0,57.0,,437.43,10.0,11.0,46.0,20.451,,,0.193,0.807,,True,completed
139710_413_0,pkw,26590.0,26601.0,11.0,,177.291,0.0,0.0,11.0,0.446,,,0.0,1.0,,True,completed
159128_421_0,pkw,26544.0,26609.0,65.0,,447.364,26.0,26.0,39.0,35.814,,,0.4,0.6,,True,completed
178506_430_0,pkw,26582.0,26610.0,28.0,,195.936,0.0,0.0,28.0,16.492,,,0.0,1.0,,True,completed
74484_385_0,pkw,26511.0,26610.0,99.0,,437.176,54.0,54.0,45.0,68.832,,,0.5455,0.4545,,True,completed
169233_425_0,pkw,26586.0,26612.0,26.0,,146.371,7.0,7.0,19.0,14.609,,,0.2692,0.7308,,True,completed
203991_439_0,pkw,26515.0,26612.0,97.0,,436.146,52.0,52.0,45.0,66.283,,,0.5361,0.4639,,True,completed
120811_405_0,pkw,26589.0,26614.0,25.0,,154.513,5.0,5.0,20.0,14.237,,,0.2,0.8,,True,completed
155067_420_0,pkw,26524.0,26614.0,90.0,,442.273,40.0,40.0,50.0,54.77,,,0.4444,0.5556,,True,completed
192872_435_0,pkw,26530.0,26615.0,85.0,,432.873,40.0,40.0,45.0,56.848,,,0.4706,0.5294,,True,completed
202246_438_0,pkw,26601.0,26615.0,14.0,,164.521,0.0,0.0,14.0,4.225,,,0.0,1.0,,True,completed
155483_420_0,pkw,26568.0,26616.0,48.0,,450.587,5.0,5.0,43.0,15.133,,,0.1042,0.8958,,True,completed
143401_415_0,pkw,26532.0,26617.0,85.0,,440.496,35.0,35.0,50.0,51.308,,,0.4118,0.5882,,True,completed
109546_401_0,pkw,26574.0,26618.0,44.0,,458.022,1.0,1.0,43.0,10.422,,,0.0227,0.9773,,True,completed
153284_420_0,pkw,26576.0,26618.0,42.0,,444.504,0.0,0.0,42.0,8.434,,,0.0,1.0,,True,completed
171964_426_0,pkw,26547.0,26618.0,71.0,,447.632,25.0,25.0,46.0,34.019,,,0.3521,0.6479,,True,completed
218594_446_0,pkw,26612.0,26618.0,6.0,,85.394,0.0,0.0,6.0,1.24,,,0.0,1.0,,True,completed
143358_415_0,pkw,26575.0,26622.0,47.0,,461.873,3.0,3.0,44.0,17.29,,,0.0638,0.9362,,True,completed
126929_407_0,pkw,26562.0,26623.0,61.0,,459.876,15.0,15.0,46.0,26.577,,,0.2459,0.7541,,True,completed
116773_404_0,pkw,26577.0,26624.0,47.0,,463.178,3.0,3.0,44.0,16.997,,,0.0638,0.9362,,True,completed
69734_381_0,pkw,26595.0,26624.0,29.0,,447.192,0.0,0.0,29.0,1.888,,,0.0,1.0,,True,completed
114840_403_0,pkw,26579.0,26625.0,46.0,,458.675,2.0,2.0,44.0,20.226,,,0.0435,0.9565,,True,completed
144022_416_0,pkw,26581.0,26627.0,46.0,,457.063,1.0,1.0,45.0,16.044,,,0.0217,0.9783,,True,completed
157327_421_0,pkw,26597.0,26630.0,33.0,,186.485,16.0,16.0,17.0,24.227,,,0.4848,0.5152,,True,completed
185990_432_0,pkw,26586.0,26631.0,45.0,,188.143,27.0,27.0,18.0,34.248,,,0.6,0.4,,True,completed
194226_436_0,pkw,26583.0,26631.0,48.0,,199.596,29.0,30.0,18.0,37.525,,,0.625,0.375,,True,completed
172669_426_0,pkw,26593.0,26632.0,39.0,,189.555,17.0,18.0,21.0,29.001,,,0.4615,0.5385,,True,completed
192379_435_0,pkw,26588.0,26633.0,45.0,,182.116,24.0,24.0,21.0,34.161,,,0.5333,0.4667,,True,completed
201047_437_0,pkw,26598.0,26633.0,35.0,,202.497,15.0,15.0,20.0,23.925,,,0.4286,0.5714,,True,completed
159252_421_0,pkw,26600.0,26634.0,34.0,,189.48,14.0,14.0,20.0,22.373,,,0.4118,0.5882,,True,completed
175306_428_0,pkw,26584.0,26635.0,51.0,,397.498,13.0,13.0,38.0,24.716,,,0.2549,0.7451,,True,completed
206443_440_0,pkw,26580.0,26635.0,55.0,,438.188,12.0,12.0,43.0,20.224,,,0.2182,0.7818,,True,completed
177075_429_0,pkw,26602.0,26636.0,34.0,,202.929,14.0,14.0,20.0,21.122,,,0.4118,0.5882,,True,completed
154418_420_0,pkw,26609.0,26637.0,28.0,,198.087,5.0,5.0,23.0,17.016,,,0.1786,0.8214,,True,completed
202023_438_0,pkw,26603.0,26637.0,34.0,,173.786,11.0,11.0,23.0,22.378,,,0.3235,0.6765,,True,completed
172588_426_0,pkw,26605.0,26638.0,33.0,,200.601,11.0,11.0,22.0,20.219,,,0.3333,0.6667,,True,completed
199832_437_0,pkw,26612.0,26638.0,26.0,,183.332,2.0,2.0,24.0,16.941,,,0.0769,0.9231,,True,completed
102516_396_0,pkw,26599.0,26642.0,43.0,,183.103,19.0,19.0,24.0,31.687,,,0.4419,0.5581,,True,completed
198317_436_0,pkw,26600.0,26645.0,45.0,,391.015,2.0,2.0,43.0,20.357,,,0.0444,0.9556,,True,completed
120913_405_0,pkw,26533.0,26651.0,118.0,,446.102,61.0,61.0,57.0,88.247,,,0.5169,0.4831,,True,completed
190451_434_0,pkw,26618.0,26651.0,33.0,,433.74,0.0,0.0,33.0,1.535,,,0.0,1.0,,True,completed
61393_376_0,pkw,26537.0,26652.0,115.0,,436.255,60.0,60.0,55.0,89.751,,,0.5217,0.4783,,True,completed
179661_430_0,pkw,26596.0,26654.0,58.0,,445.702,15.0,15.0,43.0,26.96,,,0.2586,0.7414,,True,completed
98108_395_0,pkw,26542.0,26654.0,112.0,,443.681,55.0,55.0,57.0,80.122,,,0.4911,0.5089,,True,completed
95554_394_0,pkw,26544.0,26655.0,111.0,,433.287,52.0,52.0,59.0,82.38,,,0.4685,0.5315,,True,completed
85301_390_0,pkw,26584.0,26661.0,77.0,,453.404,24.0,24.0,53.0,47.947,,,0.3117,0.6883,,True,completed
181130_431_0,pkw,26593.0,26665.0,72.0,,674.45,7.0,7.0,65.0,23.605,,,0.0972,0.9028,,True,completed
137018_412_0,pkw,26616.0,26671.0,55.0,,192.504,27.0,27.0,28.0,44.713,,,0.4909,0.5091,,True,completed
199461_437_0,pkw,26609.0,26671.0,62.0,,195.229,34.0,34.0,28.0,51.236,,,0.5484,0.4516,,True,completed
92127_392_0,pkw,26641.0,26672.0,31.0,,400.272,0.0,0.0,31.0,3.301,,,0.0,1.0,,True,completed
178981_430_0,pkw,26618.0,26673.0,55.0,,200.676,24.0,24.0,31.0,44.315,,,0.4364,0.5636,,True,completed
180862_431_0,pkw,26614.0,26673.0,59.0,,202.461,28.0,28.0,31.0,49.442,,,0.4746,0.5254,,True,completed
126538_407_0,pkw,26620.0,26674.0,54.0,,190.152,23.0,23.0,31.0,44.272,,,0.4259,0.5741,,True,completed
141719_415_0,pkw,26616.0,26674.0,58.0,,190.865,26.0,26.0,32.0,46.859,,,0.4483,0.5517,,True,completed
168129_425_0,pkw,26618.0,26676.0,58.0,,187.53,25.0,25.0,33.0,46.133,,,0.431,0.569,,True,completed
194257_436_0,pkw,26624.0,26676.0,52.0,,195.488,22.0,22.0,30.0,41.891,,,0.4231,0.5769,,True,completed
154330_420_0,pkw,26622.0,26678.0,56.0,,198.72,24.0,24.0,32.0,44.619,,,0.4286,0.5714,,True,completed
212753_443_0,pkw,26627.0,26678.0,51.0,,203.231,21.0,21.0,30.0,40.293,,,0.4118,0.5882,,True,completed
199575_437_0,pkw,26649.0,26680.0,31.0,,399.693,0.0,0.0,31.0,3.734,,,0.0,1.0,,True,completed
172308_426_0,pkw,26546.0,26690.0,144.0,,435.815,72.0,79.0,65.0,114.615,,,0.5486,0.4514,,True,completed
214686_445_0,pkw,26627.0,26690.0,63.0,,435.663,24.0,24.0,39.0,31.037,,,0.381,0.619,,True,completed
119240_405_0,pkw,26548.0,26692.0,144.0,,442.102,68.0,75.0,69.0,111.088,,,0.5208,0.4792,,True,completed
145383_416_0,pkw,26623.0,26693.0,70.0,,431.489,23.0,23.0,47.0,30.804,,,0.3286,0.6714,,True,completed
202009_438_0,pkw,26558.0,26694.0,136.0,,441.986,68.0,72.0,64.0,96.211,,,0.5294,0.4706,,True,completed
155263_420_0,pkw,26560.0,26695.0,135.0,,431.399,66.0,70.0,65.0,106.627,,,0.5185,0.4815,,True,completed
186090_432_0,pkw,26639.0,26695.0,56.0,,436.762,14.0,14.0,42.0,23.802,,,0.25,0.75,,True,completed
163242_422_0,pkw,26562.0,26697.0,135.0,,437.434,65.0,69.0,66.0,101.582,,,0.5111,0.4889,,True,completed
205417_440_0,pkw,26645.0,26697.0,52.0,,436.662,3.0,3.0,49.0,12.639,,,0.0577,0.9423,,True,completed
85004_390_0,pkw,26664.0,26697.0,33.0,,448.501,0.0,0.0,33.0,5.841,,,0.0,1.0,,True,completed
184195_431_0,pkw,26661.0,26710.0,49.0,,356.621,14.0,14.0,35.0,24.33,,,0.2857,0.7143,,True,completed
137134_412_0,pkw,26647.0,26711.0,64.0,,400.104,25.0,25.0,39.0,36.33,,,0.3906,0.6094,,True,completed
202497_438_0,pkw,26646.0,26711.0,65.0,,197.528,35.0,36.0,29.0,53.863,,,0.5538,0.4462,,True,completed
196735_436_0,pkw,26643.0,26712.0,69.0,,202.562,38.0,39.0,30.0,57.098,,,0.5652,0.4348,,True,completed
189897_434_0,pkw,26653.0,26713.0,60.0,,200.846,28.0,28.0,32.0,48.463,,,0.4667,0.5333,,True,completed
201858_438_0,pkw,26693.0,26713.0,20.0,,137.264,3.0,3.0,17.0,12.186,,,0.15,0.85,,True,completed
208082_441_0,pkw,26649.0,26713.0,64.0,,191.584,33.0,33.0,31.0,52.861,,,0.5156,0.4844,,True,completed
229091_450_0,pkw,26667.0,26713.0,46.0,,400.338,7.0,7.0,39.0,18.776,,,0.1522,0.8478,,True,completed
212161_442_0,pkw,26673.0,26714.0,41.0,,400.224,3.0,3.0,38.0,15.51,,,0.0732,0.9268,,True,completed
147570_416_0,pkw,26662.0,26715.0,53.0,,202.557,24.0,24.0,29.0,40.748,,,0.4528,0.5472,,True,completed
190771_435_0,pkw,26658.0,26715.0,57.0,,198.946,25.0,26.0,31.0,45.849,,,0.4561,0.5439,,True,completed
142599_415_0,pkw,26665.0,26717.0,52.0,,193.569,24.0,24.0,28.0,42.013,,,0.4615,0.5385,,True,completed
165167_423_0,pkw,26678.0,26718.0,40.0,,409.832,0.0,0.0,40.0,10.727,,,0.0,1.0,,True,completed
209956_441_0,pkw,26664.0,26719.0,55.0,,399.062,15.0,15.0,40.0,28.965,,,0.2727,0.7273,,True,completed
150684_418_0,pkw,26681.0,26730.0,49.0,,429.207,9.0,9.0,40.0,16.907,,,0.1837,0.8163,,True,completed
168981_425_0,pkw,26570.0,26730.0,160.0,,439.394,72.0,91.0,69.0,124.256,,,0.5687,0.4313,,True,completed
155549_420_0,pkw,26685.0,26732.0,47.0,,435.371,8.0,8.0,39.0,17.32,,,0.1702,0.8298,,True,completed
159997_421_0,pkw,26572.0,26732.0,160.0,,445.377,69.0,88.0,72.0,128.781,,,0.55,0.45,,True,completed
153114_420_0,pkw,26575.0,26733.0,158.0,,429.285,68.0,85.0,73.0,129.129,,,0.538,0.462,,True,completed
208939_441_0,pkw,26687.0,26733.0,46.0,,424.653,7.0,7.0,39.0,18.594,,,0.1522,0.8478,,True,completed
116252_404_0,pkw,26670.0,26734.0,64.0,,449.036,24.0,24.0,40.0,35.347,,,0.375,0.625,,True,completed
172886_426_0,pkw,26577.0,26735.0,158.0,,441.117,64.0,83.0,75.0,131.176,,,0.5253,0.4747,,True,completed
103034_397_0,pkw,26691.0,26736.0,45.0,,434.989,2.0,2.0,43.0,10.613,,,0.0444,0.9556,,True,completed
135176_411_0,pkw,26587.0,26736.0,149.0,,431.65,66.0,78.0,71.0,120.697,,,0.5235,0.4765,,True,completed
211811_442_0,pkw,26672.0,26736.0,64.0,,667.684,6.0,6.0,58.0,24.051,,,0.0938,0.9062,,True,completed
211553_442_0,pkw,26693.0,26737.0,44.0,,427.104,1.0,1.0,43.0,13.161,,,0.0227,0.9773,,True,completed
99677_396_0,pkw,26674.0,26737.0,63.0,,449.173,20.0,20.0,43.0,32.755,,,0.3175,0.6825,,True,completed
183790_431_0,pkw,26676.0,26744.0,68.0,,674.213,0.0,0.0,68.0,16.571,,,0.0,1.0,,True,completed
189721_434_0,pkw,26692.0,26744.0,52.0,,671.516,0.0,0.0,52.0,5.913,,,0.0,1.0,,True,completed
206270_440_0,pkw,26690.0,26749.0,59.0,,356.504,24.0,24.0,35.0,34.35,,,0.4068,0.5932,,True,completed
132886_410_0,pkw,26672.0,26750.0,78.0,,190.395,50.0,50.0,28.0,67.583,,,0.641,0.359,,True,completed
101049_396_0,pkw,26679.0,26752.0,73.0,,193.333,44.0,45.0,28.0,63.032,,,0.6164,0.3836,,True,completed
169567_426_0,pkw,26701.0,26752.0,51.0,,435.234,14.0,14.0,37.0,19.746,,,0.2745,0.7255,,True,completed
173429_427_0,pkw,26706.0,26753.0,47.0,,426.424,6.0,6.0,41.0,14.007,,,0.1277,0.8723,,True,completed
185866_432_0,pkw,26696.0,26753.0,57.0,,406.267,18.0,18.0,39.0,27.662,,,0.3158,0.6842,,True,completed
127789_407_0,pkw,26704.0,26754.0,50.0,,393.206,12.0,12.0,38.0,23.026,,,0.24,0.76,,True,completed
141030_414_0,pkw,26691.0,26754.0,63.0,,203.478,32.0,33.0,30.0,51.911,,,0.5238,0.4762,,True,completed
136672_411_0,pkw,26708.0,26755.0,47.0,,188.649,26.0,26.0,21.0,38.069,,,0.5532,0.4468,,True,completed
76361_386_0,pkw,26721.0,26757.0,36.0,,197.724,13.0,14.0,22.0,24.525,,,0.3889,0.6111,,True,completed
204094_439_0,pkw,26698.0,26761.0,63.0,,394.332,20.0,20.0,43.0,39.172,,,0.3175,0.6825,,True,completed
165006_423_0,pkw,26701.0,26763.0,62.0,,395.105,18.0,18.0,44.0,38.643,,,0.2903,0.7097,,True,completed
181512_431_0,pkw,26706.0,26765.0,59.0,,395.659,13.0,13.0,46.0,32.738,,,0.2203,0.7797,,True,completed
192573_435_0,pkw,26712.0,26767.0,55.0,,405.56,8.0,8.0,47.0,26.665,,,0.1455,0.8545,,True,completed
122646_406_0,pkw,26589.0,26770.0,181.0,,433.881,71.0,101.0,80.0,147.387,,,0.558,0.442,,True,completed
162502_422_0,pkw,26681.0,26770.0,89.0,,450.88,41.0,41.0,48.0,61.675,,,0.4607,0.5393,,True,completed
183279_431_0,pkw,26714.0,26770.0,56.0,,399.742,8.0,8.0,48.0,27.014,,,0.1429,0.8571,,True,completed
122410_406_0,pkw,26691.0,26771.0,80.0,,432.715,28.0,28.0,52.0,44.308,,,0.35,0.65,,True,completed
124332_406_0,pkw,26697.0,26772.0,75.0,,431.013,27.0,27.0,48.0,40.94,,,0.36,0.64,,True,completed
126395_407_0,pkw,26603.0,26772.0,169.0,,434.645,70.0,89.0,80.0,140.288,,,0.5266,0.4734,,True,completed
168558_425_0,pkw,26605.0,26774.0,169.0,,441.224,67.0,88.0,81.0,134.956,,,0.5207,0.4793,,True,completed
194707_436_0,pkw,26697.0,26775.0,78.0,,432.237,24.0,24.0,54.0,38.242,,,0.3077,0.6923,,True,completed
199704_437_0,pkw,26677.0,26775.0,98.0,,452.978,47.0,47.0,51.0,62.307,,,0.4796,0.5204,,True,completed
133105_410_0,pkw,26683.0,26776.0,93.0,,449.489,39.0,39.0,54.0,60.281,,,0.4194,0.5806,,True,completed
181412_431_0,pkw,26610.0,26776.0,166.0,,446.617,63.0,84.0,82.0,129.69,,,0.506,0.494,,True,completed
182832_431_0,pkw,26689.0,26777.0,88.0,,435.268,30.0,30.0,58.0,55.525,,,0.3409,0.6591,,True,completed
214993_445_0,pkw,26631.0,26777.0,146.0,,437.247,62.0,72.0,74.0,117.54,,,0.4932,0.5068,,True,completed
200836_437_0,pkw,26709.0,26782.0,73.0,,450.01,23.0,23.0,50.0,39.726,,,0.3151,0.6849,,True,completed
186689_432_0,pkw,26688.0,26784.0,96.0,,452.36,35.0,35.0,61.0,56.064,,,0.3646,0.6354,,True,completed
167910_425_0,pkw,26750.0,26789.0,39.0,,423.6,5.0,5.0,34.0,12.045,,,0.1282,0.8718,,True,completed
191612_435_0,pkw,26746.0,26790.0,44.0,,429.556,7.0,7.0,37.0,14.939,,,0.1591,0.8409,,True,completed
193510_435_0,pkw,26732.0,26791.0,59.0,,203.151,28.0,29.0,30.0,47.991,,,0.4915,0.5085,,True,completed
234991_451_0,pkw,26720.0,26791.0,71.0,,407.6,27.0,27.0,44.0,45.669,,,0.3803,0.6197,,True,completed
202707_439_0,pkw,26756.0,26792.0,36.0,,426.556,0.0,1.0,35.0,7.324,,,0.0278,0.9722,,True,completed
155897_420_0,pkw,26735.0,26793.0,58.0,,201.896,26.0,26.0,32.0,45.264,,,0.4483,0.5517,,True,completed
187195_433_0,pkw,26757.0,26794.0,37.0,,192.414,12.0,13.0,24.0,26.588,,,0.3514,0.6486,,True,completed
155279_420_0,pkw,26765.0,26796.0,31.0,,199.711,6.0,6.0,25.0,18.606,,,0.1935,0.8065,,True,completed
159086_421_0,pkw,26766.0,26796.0,30.0,,425.752,0.0,0.0,30.0,1.193,,,0.0,1.0,,True,completed
114619_403_0,pkw,26723.0,26800.0,77.0,,394.238,25.0,25.0,52.0,53.354,,,0.3247,0.6753,,True,completed
169627_426_0,pkw,26729.0,26802.0,73.0,,403.981,20.0,20.0,53.0,44.341,,,0.274,0.726,,True,completed
166951_424_0,pkw,26726.0,26804.0,78.0,,406.323,29.0,29.0,49.0,52.099,,,0.3718,0.6282,,True,completed
192452_435_0,pkw,26764.0,26806.0,42.0,,428.543,0.0,0.0,42.0,2.721,,,0.0,1.0,,True,completed
220505_447_0,pkw,26743.0,26806.0,63.0,,405.331,16.0,16.0,47.0,34.271,,,0.254,0.746,,True,completed
71443_383_0,pkw,26633.0,26810.0,177.0,,438.403,71.0,95.0,82.0,145.445,,,0.5367,0.4633,,True,completed
185014_431_0,pkw,26696.0,26811.0,115.0,,453.842,52.0,57.0,58.0,88.363,,,0.4957,0.5043,,True,completed
151053_418_0,pkw,26690.0,26812.0,122.0,,447.224,51.0,62.0,60.0,89.33,,,0.5082,0.4918,,True,completed
157683_421_0,pkw,26636.0,26812.0,176.0,,441.637,68.0,91.0,85.0,145.332,,,0.517,0.483,,True,completed
197962_436_0,pkw,26711.0,26812.0,101.0,,431.634,52.0,52.0,49.0,68.652,,,0.5149,0.4851,,True,completed
160692_421_0,pkw,26694.0,26813.0,119.0,,445.439,50.0,60.0,59.0,88.015,,,0.5042,0.4958,,True,completed
182162_431_0,pkw,26713.0,26814.0,101.0,,436.628,47.0,47.0,54.0,69.284,,,0.4653,0.5347,,True,completed
190466_434_0,pkw,26638.0,26814.0,176.0,,437.909,66.0,86.0,90.0,134.819,,,0.4886,0.5114,,True,completed
116480_404_0,pkw,26711.0,26815.0,104.0,,426.089,45.0,45.0,59.0,71.059,,,0.4327,0.5673,,True,completed
157491_421_0,pkw,26641.0,26816.0,175.0,,444.592,64.0,86.0,89.0,147.063,,,0.4914,0.5086,,True,completed
206619_440_0,pkw,26643.0,26817.0,174.0,,435.767,64.0,85.0,89.0,143.737,,,0.4885,0.5115,,True,completed
123465_406_0,pkw,26699.0,26818.0,119.0,,446.018,48.0,55.0,64.0,85.358,,,0.4622,0.5378,,True,completed
182185_431_0,pkw,26707.0,26818.0,111.0,,436.341,43.0,43.0,68.0,76.101,,,0.3874,0.6126,,True,completed
189975_434_0,pkw,26733.0,26823.0,90.0,,671.575,17.0,17.0,73.0,42.389,,,0.1889,0.8111,,True,completed
196884_436_0,pkw,26701.0,26825.0,124.0,,446.299,48.0,55.0,69.0,84.635,,,0.4435,0.5565,,True,completed
137085_412_0,pkw,26745.0,26831.0,86.0,,669.501,12.0,12.0,74.0,35.468,,,0.1395,0.8605,,True,completed
141293_415_0,pkw,26797.0,26831.0,34.0,,191.481,15.0,15.0,19.0,23.357,,,0.4412,0.5588,,True,completed
194522_436_0,pkw,26800.0,26833.0,33.0,,201.605,12.0,12.0,21.0,21.75,,,0.3636,0.6364,,True,completed
166525_424_0,pkw,26768.0,26834.0,66.0,,435.24,25.0,25.0,41.0,32.4,,,0.3788,0.6212,,True,completed
175425_428_0,pkw,26805.0,26836.0,31.0,,172.512,8.0,8.0,23.0,18.833,,,0.2581,0.7419,,True,completed
191999_435_0,pkw,26748.0,26836.0,88.0,,398.333,27.0,27.0,61.0,56.388,,,0.3068,0.6932,,True,completed
169718_426_0,pkw,26773.0,26838.0,65.0,,433.677,18.0,18.0,47.0,29.001,,,0.2769,0.7231,,True,completed
212455_443_0,pkw,26757.0,26838.0,81.0,,401.423,27.0,27.0,54.0,50.68,,,0.3333,0.6667,,True,completed
215436_445_0,pkw,26781.0,26838.0,57.0,,434.736,12.0,13.0,44.0,20.837,,,0.2281,0.7719,,True,completed
196620_436_0,pkw,26704.0,26849.0,145.0,,440.006,55.0,78.0,67.0,115.327,,,0.5379,0.4621,,True,completed
178677_430_0,pkw,26741.0,26850.0,109.0,,428.677,54.0,54.0,55.0,79.647,,,0.4954,0.5046,,True,completed
88877_391_0,pkw,26648.0,26850.0,202.0,,436.94,69.0,106.0,96.0,171.781,,,0.5248,0.4752,,True,completed
156877_421_0,pkw,26650.0,26852.0,202.0,,438.607,68.0,105.0,97.0,165.071,,,0.5198,0.4802,,True,completed
172890_426_0,pkw,26756.0,26852.0,96.0,,426.306,49.0,49.0,47.0,66.966,,,0.5104,0.4896,,True,completed
161240_421_0,pkw,26707.0,26853.0,146.0,,449.29,52.0,76.0,70.0,113.899,,,0.5205,0.4795,,True,completed
214628_444_0,pkw,26666.0,26853.0,187.0,,429.98,66.0,101.0,86.0,154.089,,,0.5401,0.4599,,True,completed
156181_420_0,pkw,26776.0,26855.0,79.0,,429.152,26.0,26.0,53.0,41.406,,,0.3291,0.6709,,True,completed
204162_439_0,pkw,26668.0,26855.0,187.0,,433.052,64.0,97.0,90.0,154.015,,,0.5187,0.4813,,True,completed
123117_406_0,pkw,26671.0,26857.0,186.0,,441.331,62.0,93.0,93.0,153.014,,,0.5,0.5,,True,completed
188297_433_0,pkw,26778.0,26857.0,79.0,,435.504,24.0,24.0,55.0,49.033,,,0.3038,0.6962,,True,completed
190330_434_0,pkw,26723.0,26857.0,134.0,,450.366,47.0,65.0,69.0,101.754,,,0.4851,0.5149,,True,completed
159356_421_0,pkw,26726.0,26858.0,132.0,,441.764,46.0,64.0,68.0,105.722,,,0.4848,0.5152,,True,completed
175971_428_0,pkw,26721.0,26859.0,138.0,,450.739,49.0,69.0,69.0,100.888,,,0.5,0.5,,True,completed
194810_436_0,pkw,26843.0,26870.0,27.0,,168.299,8.0,8.0,19.0,17.591,,,0.2963,0.7037,,True,completed
198484_436_0,pkw,26850.0,26873.0,23.0,,201.571,0.0,0.0,23.0,10.05,,,0.0,1.0,,True,completed
170713_426_0,pkw,26813.0,26875.0,62.0,,435.952,21.0,21.0,41.0,26.885,,,0.3387,0.6613,,True,completed
147632_416_0,pkw,26781.0,26890.0,109.0,,427.501,54.0,54.0,55.0,77.238,,,0.4954,0.5046,,True,completed
155886_420_0,pkw,26673.0,26890.0,217.0,,433.862,66.0,116.0,101.0,190.517,,,0.5346,0.4654,,True,completed
214401_444_0,pkw,26676.0,26892.0,216.0,,434.755,65.0,113.0,103.0,187.958,,,0.5231,0.4769,,True,completed
141566_415_0,pkw,26786.0,26893.0,107.0,,432.774,51.0,51.0,56.0,69.245,,,0.4766,0.5234,,True,completed
175062_428_0,pkw,26840.0,26893.0,53.0,,677.974,0.0,0.0,53.0,7.958,,,0.0,1.0,,True,completed
188593_434_0,pkw,26678.0,26894.0,216.0,,444.389,66.0,112.0,104.0,187.051,,,0.5185,0.4815,,True,completed
174566_427_0,pkw,26728.0,26895.0,167.0,,447.728,48.0,90.0,77.0,131.385,,,0.5389,0.4611,,True,completed
210113_441_0,pkw,26805.0,26895.0,90.0,,436.476,44.0,44.0,46.0,62.653,,,0.4889,0.5111,,True,completed
139806_413_0,pkw,26807.0,26896.0,89.0,,429.006,37.0,37.0,52.0,55.8,,,0.4157,0.5843,,True,completed
171430_426_0,pkw,26737.0,26896.0,159.0,,445.911,48.0,90.0,69.0,124.754,,,0.566,0.434,,True,completed
199431_437_0,pkw,26680.0,26896.0,216.0,,445.377,64.0,108.0,108.0,177.612,,,0.5,0.5,,True,completed
110984_401_0,pkw,26682.0,26897.0,215.0,,436.238,62.0,104.0,111.0,187.138,,,0.4837,0.5163,,True,completed
207739_441_0,pkw,26760.0,26897.0,137.0,,452.984,46.0,68.0,69.0,106.55,,,0.4964,0.5036,,True,completed
134028_411_0,pkw,26766.0,26898.0,132.0,,442.236,43.0,64.0,68.0,100.981,,,0.4848,0.5152,,True,completed
178732_430_0,pkw,26812.0,26898.0,86.0,,434.657,31.0,31.0,55.0,53.292,,,0.3605,0.6395,,True,completed
202599_439_0,pkw,26763.0,26898.0,135.0,,451.692,47.0,69.0,66.0,103.217,,,0.5111,0.4889,,True,completed
191154_435_0,pkw,26845.0,26899.0,54.0,,671.084,0.0,0.0,54.0,12.714,,,0.0,1.0,,True,completed
167028_424_0,pkw,26847.0,26901.0,54.0,,678.219,0.0,0.0,54.0,11.935,,,0.0,1.0,,True,completed
121000_405_0,pkw,26850.0,26907.0,57.0,,671.941,0.0,0.0,57.0,4.172,,,0.0,1.0,,True,completed
194757_436_0,pkw,26852.0,26908.0,56.0,,678.596,0.0,0.0,56.0,7.157,,,0.0,1.0,,True,completed
187712_433_0,pkw,26863.0,26911.0,48.0,,197.75,28.0,28.0,20.0,37.443,,,0.5833,0.4167,,True,completed
210786_442_0,pkw,26852.0,26912.0,60.0,,428.416,22.0,22.0,38.0,28.555,,,0.3667,0.6333,,True,completed
216529_445_0,pkw,26868.0,26913.0,45.0,,169.495,25.0,25.0,20.0,34.138,,,0.5556,0.4444,,True,completed
210474_441_0,pkw,26876.0,26914.0,38.0,,198.025,14.0,14.0,24.0,27.131,,,0.3684,0.6316,,True,completed
161064_421_0,pkw,26886.0,26916.0,30.0,,198.323,7.0,7.0,23.0,17.779,,,0.2333,0.7667,,True,completed
154050_420_0,pkw,26884.0,26917.0,33.0,,427.807,0.0,0.0,33.0,1.427,,,0.0,1.0,,True,completed
212566_443_0,pkw,26864.0,26925.0,61.0,,408.807,12.0,12.0,49.0,30.894,,,0.1967,0.8033,,True,completed
122002_406_0,pkw,26846.0,26930.0,84.0,,430.157,42.0,42.0,42.0,56.675,,,0.5,0.5,,True,completed
170018_426_0,pkw,26685.0,26930.0,245.0,,435.596,71.0,132.0,113.0,211.542,,,0.5388,0.4612,,True,completed
207244_441_0,pkw,26687.0,26932.0,245.0,,432.81,70.0,128.0,117.0,217.043,,,0.5224,0.4776,,True,completed
155322_420_0,pkw,26769.0,26933.0,164.0,,450.937,48.0,90.0,74.0,130.413,,,0.5488,0.4512,,True,completed
206637_440_0,pkw,26800.0,26933.0,133.0,,447.841,47.0,67.0,66.0,101.229,,,0.5038,0.4962,,True,completed
95804_394_0,pkw,26840.0,26933.0,93.0,,432.788,35.0,35.0,58.0,55.617,,,0.3763,0.6237,,True,completed
195523_436_0,pkw,26693.0,26934.0,241.0,,437.077,66.0,119.0,122.0,206.708,,,0.4938,0.5062,,True,completed
198123_436_0,pkw,26803.0,26934.0,131.0,,442.456,47.0,67.0,64.0,99.986,,,0.5115,0.4885,,True,completed
160263_421_0,pkw,26805.0,26935.0,130.0,,451.313,45.0,65.0,65.0,99.795,,,0.5,0.5,,True,completed
170886_426_0,pkw,26849.0,26935.0,86.0,,437.172,34.0,34.0,52.0,54.681,,,0.3953,0.6047,,True,completed
196643_436_0,pkw,26695.0,26935.0,240.0,,428.078,65.0,117.0,123.0,211.565,,,0.4875,0.5125,,True,completed
106515_399_0,pkw,26808.0,26936.0,128.0,,442.703,45.0,63.0,65.0,98.568,,,0.4922,0.5078,,True,completed
133941_411_0,pkw,26859.0,26936.0,77.0,,429.995,26.0,26.0,51.0,45.157,,,0.3377,0.6623,,True,completed
108941_400_0,pkw,26699.0,26937.0,238.0,,435.54,62.0,113.0,125.0,203.23,,,0.4748,0.5252,,True,completed
95956_394_0,pkw,26861.0,26938.0,77.0,,436.824,25.0,25.0,52.0,51.922,,,0.3247,0.6753,,True,completed
208970_441_0,pkw,26865.0,26939.0,74.0,,447.91,24.0,24.0,50.0,46.553,,,0.3243,0.6757,,True,completed
101804_396_0,pkw,26857.0,26940.0,83.0,,667.85,19.0,19.0,64.0,43.088,,,0.2289,0.7711,,True,completed
154737_420_0,pkw,26854.0,26944.0,90.0,,671.372,22.0,22.0,68.0,35.555,,,0.2444,0.7556,,True,completed
213502_444_0,pkw,26909.0,26944.0,35.0,,169.782,13.0,13.0,22.0,23.795,,,0.3714,0.6286,,True,completed
139390_413_0,pkw,26905.0,26948.0,43.0,,426.437,9.0,9.0,34.0,16.164,,,0.2093,0.7907,,True,completed
110934_401_0,pkw,26859.0,26950.0,91.0,,674.757,15.0,15.0,76.0,32.626,,,0.1648,0.8352,,True,completed
131229_409_0,pkw,26896.0,26950.0,54.0,,430.038,17.0,17.0,37.0,25.672,,,0.3148,0.6852,,True,completed
163484_422_0,pkw,26924.0,26951.0,27.0,,179.581,9.0,9.0,18.0,15.224,,,0.3333,0.6667,,True,completed
128880_408_0,pkw,26928.0,26953.0,25.0,,195.275,5.0,5.0,20.0,14.578,,,0.2,0.8,,True,completed
159074_421_0,pkw,26919.0,26955.0,36.0,,436.358,0.0,1.0,35.0,5.912,,,0.0278,0.9722,,True,completed
72437_384_0,pkw,26936.0,26955.0,19.0,,184.358,0.0,0.0,19.0,8.995,,,0.0,1.0,,True,completed
163968_422_0,pkw,26941.0,26956.0,15.0,,174.97,0.0,0.0,15.0,5.017,,,0.0,1.0,,True,completed
154918_420_0,pkw,26902.0,26961.0,59.0,,434.793,11.0,11.0,48.0,19.849,,,0.1864,0.8136,,True,completed
232267_451_0,pkw,26924.0,26962.0,38.0,,428.12,0.0,0.0,38.0,2.185,,,0.0,1.0,,True,completed
163067_422_0,pkw,26883.0,26970.0,87.0,,428.672,40.0,40.0,47.0,57.095,,,0.4598,0.5402,,True,completed
126682_407_0,pkw,26811.0,26971.0,160.0,,442.237,50.0,89.0,71.0,128.0,,,0.5563,0.4437,,True,completed
208367_441_0,pkw,26701.0,26971.0,270.0,,435.206,70.0,139.0,131.0,232.319,,,0.5148,0.4852,,True,completed
203534_439_0,pkw,26881.0,26972.0,91.0,,427.423,39.0,39.0,52.0,60.249,,,0.4286,0.5714,,True,completed
198226_436_0,pkw,26703.0,26973.0,270.0,,441.941,68.0,133.0,137.0,240.151,,,0.4926,0.5074,,True,completed
134334_411_0,pkw,26705.0,26974.0,269.0,,430.612,67.0,133.0,136.0,239.512,,,0.4944,0.5056,,True,completed
173161_427_0,pkw,26842.0,26974.0,132.0,,441.635,45.0,66.0,66.0,101.291,,,0.5,0.5,,True,completed
237623_451_0,pkw,26907.0,26974.0,67.0,,433.992,22.0,22.0,45.0,36.632,,,0.3284,0.6716,,True,completed
217911_446_0,pkw,26913.0,26975.0,62.0,,424.809,21.0,22.0,40.0,33.405,,,0.3548,0.6452,,True,completed
157721_421_0,pkw,26840.0,26976.0,136.0,,444.387,47.0,68.0,68.0,100.801,,,0.5,0.5,,True,completed
208574_441_0,pkw,26709.0,26976.0,267.0,,433.613,64.0,127.0,140.0,235.689,,,0.4757,0.5243,,True,completed
180060_430_0,pkw,26845.0,26977.0,132.0,,444.717,45.0,65.0,67.0,99.823,,,0.4924,0.5076,,True,completed
243360_452_0,pkw,26909.0,26978.0,69.0,,432.223,20.0,20.0,49.0,34.338,,,0.2899,0.7101,,True,completed
176125_428_0,pkw,26847.0,26979.0,132.0,,448.196,45.0,65.0,67.0,99.752,,,0.4924,0.5076,,True,completed
241064_452_0,pkw,26951.0,26984.0,33.0,,167.297,6.0,7.0,26.0,21.471,,,0.2121,0.7879,,True,completed
163834_422_0,pkw,26956.0,26986.0,30.0,,169.681,4.0,4.0,26.0,19.134,,,0.1333,0.8667,,True,completed
159582_421_0,pkw,26932.0,26991.0,59.0,,426.817,22.0,22.0,37.0,28.536,,,0.3729,0.6271,,True,completed
164638_422_0,pkw,26949.0,26991.0,42.0,,195.747,24.0,24.0,18.0,31.746,,,0.5714,0.4286,,True,completed
132666_410_0,pkw,26961.0,26992.0,31.0,,192.075,9.0,10.0,21.0,20.719,,,0.3226,0.6774,,True,completed
113797_402_0,pkw,26938.0,26993.0,55.0,,432.925,14.0,14.0,41.0,25.557,,,0.2545,0.7455,,True,completed
196663_436_0,pkw,26964.0,26994.0,30.0,,186.313,8.0,8.0,22.0,19.647,,,0.2667,0.7333,,True,completed
198716_436_0,pkw,26928.0,26994.0,66.0,,428.068,25.0,25.0,41.0,32.47,,,0.3788,0.6212,,True,completed
181724_431_0,pkw,26938.0,26995.0,57.0,,426.927,14.0,15.0,42.0,31.676,,,0.2632,0.7368,,True,completed
170536_426_0,pkw,26966.0,26997.0,31.0,,175.238,7.0,7.0,24.0,18.243,,,0.2258,0.7742,,True,completed
175142_428_0,pkw,26969.0,26998.0,29.0,,195.443,6.0,6.0,23.0,17.762,,,0.2069,0.7931,,True,completed
196189_436_0,pkw,26941.0,27000.0,59.0,,430.954,12.0,12.0,47.0,23.045,,,0.2034,0.7966,,True,completed
160192_421_0,pkw,26950.0,27002.0,52.0,,432.614,3.0,4.0,48.0,13.686,,,0.0769,0.9231,,True,completed
211678_442_0,pkw,26964.0,27002.0,38.0,,434.945,0.0,0.0,38.0,3.656,,,0.0,1.0,,True,completed
164904_423_0,pkw,26725.0,27010.0,285.0,,430.027,73.0,155.0,130.0,252.934,,,0.5439,0.4561,,True,completed
227412_450_0,pkw,26915.0,27010.0,95.0,,425.747,44.0,44.0,51.0,63.008,,,0.4632,0.5368,,True,completed
180063_430_0,pkw,26881.0,27012.0,131.0,,447.129,49.0,69.0,62.0,100.908,,,0.5267,0.4733,,True,completed
85432_390_0,pkw,26732.0,27012.0,280.0,,432.896,70.0,150.0,130.0,248.255,,,0.5357,0.4643,,True,completed
169017_425_0,pkw,26917.0,27013.0,96.0,,429.391,41.0,41.0,55.0,55.301,,,0.4271,0.5729,,True,completed
170798_426_0,pkw,26734.0,27014.0,280.0,,443.435,68.0,146.0,134.0,247.741,,,0.5214,0.4786,,True,completed
194474_436_0,pkw,26883.0,27014.0,131.0,,446.039,46.0,67.0,64.0,100.267,,,0.5115,0.4885,,True,completed
188043_433_0,pkw,26736.0,27015.0,279.0,,431.917,67.0,140.0,139.0,245.042,,,0.5018,0.4982,,True,completed
220192_447_0,pkw,26928.0,27015.0,87.0,,433.576,40.0,40.0,47.0,58.738,,,0.4598,0.5402,,True,completed
160346_421_0,pkw,26888.0,27016.0,128.0,,448.042,49.0,67.0,61.0,98.772,,,0.5234,0.4766,,True,completed
202155_438_0,pkw,26850.0,27016.0,166.0,,444.564,49.0,90.0,76.0,128.444,,,0.5422,0.4578,,True,completed
185414_432_0,pkw,26935.0,27018.0,83.0,,463.102,31.0,31.0,52.0,49.946,,,0.3735,0.6265,,True,completed
210566_441_0,pkw,26941.0,27019.0,78.0,,455.426,26.0,26.0,52.0,45.469,,,0.3333,0.6667,,True,completed
166496_424_0,pkw,26886.0,27020.0,134.0,,448.625,47.0,66.0,68.0,97.663,,,0.4925,0.5075,,True,completed
181649_431_0,pkw,26743.0,27020.0,277.0,,438.534,63.0,132.0,145.0,224.009,,,0.4765,0.5235,,True,completed
246556_455_0,pkw,26980.0,27020.0,40.0,,170.054,15.0,16.0,24.0,27.676,,,0.4,0.6,,True,completed
108921_400_0,pkw,26959.0,27021.0,62.0,,460.542,17.0,17.0,45.0,31.876,,,0.2742,0.7258,,True,completed
117057_404_0,pkw,26961.0,27024.0,63.0,,680.221,3.0,3.0,60.0,12.901,,,0.0476,0.9524,,True,completed
80266_388_0,pkw,26967.0,27026.0,59.0,,678.974,0.0,0.0,59.0,8.145,,,0.0,1.0,,True,completed
181651_431_0,pkw,26971.0,27030.0,59.0,,187.546,33.0,33.0,26.0,48.046,,,0.5593,0.4407,,True,completed
178338_430_0,pkw,26968.0,27032.0,64.0,,436.11,22.0,22.0,42.0,32.667,,,0.3438,0.6562,,True,completed
216812_446_0,pkw,26977.0,27032.0,55.0,,195.414,24.0,24.0,31.0,45.296,,,0.4364,0.5636,,True,completed
148517_417_0,pkw,26978.0,27033.0,55.0,,425.629,14.0,14.0,41.0,24.589,,,0.2545,0.7455,,True,completed
191882_435_0,pkw,26982.0,27033.0,51.0,,168.122,24.0,24.0,27.0,39.918,,,0.4706,0.5294,,True,completed
192098_435_0,pkw,26988.0,27035.0,47.0,,169.517,24.0,24.0,23.0,36.671,,,0.5106,0.4894,,True,completed
173301_427_0,pkw,27000.0,27037.0,37.0,,193.321,13.0,14.0,23.0,26.94,,,0.3784,0.6216,,True,completed
232545_451_0,pkw,26981.0,27037.0,56.0,,433.412,13.0,13.0,43.0,23.341,,,0.2321,0.7679,,True,completed
139333_413_0,pkw,26971.0,27038.0,67.0,,432.471,22.0,22.0,45.0,28.868,,,0.3284,0.6716,,True,completed
162885_422_0,pkw,26920.0,27049.0,129.0,,445.788,50.0,67.0,62.0,101.562,,,0.5194,0.4806,,True,completed
181759_431_0,pkw,26892.0,27049.0,157.0,,453.135,51.0,90.0,67.0,127.669,,,0.5732,0.4268,,True,completed
199254_437_0,pkw,26809.0,27050.0,241.0,,437.789,72.0,129.0,112.0,211.162,,,0.5353,0.4647,,True,completed
209415_441_0,pkw,26961.0,27050.0,89.0,,427.212,41.0,42.0,47.0,59.188,,,0.4719,0.5281,,True,completed
210539_441_0,pkw,26815.0,27052.0,237.0,,443.683,70.0,125.0,112.0,208.513,,,0.5274,0.4726,,True,completed
86811_391_0,pkw,26923.0,27052.0,129.0,,445.383,48.0,66.0,63.0,100.219,,,0.5116,0.4884,,True,completed
196579_436_0,pkw,26817.0,27053.0,236.0,,434.341,67.0,118.0,118.0,205.013,,,0.5,0.5,,True,completed
234642_451_0,pkw,26977.0,27053.0,76.0,,435.444,23.0,23.0,53.0,40.383,,,0.3026,0.6974,,True,completed
153986_420_0,pkw,26925.0,27054.0,129.0,,450.296,46.0,65.0,64.0,100.53,,,0.5039,0.4961,,True,completed
140723_414_0,pkw,26843.0,27055.0,212.0,,443.926,65.0,106.0,106.0,183.693,,,0.5,0.5,,True,completed
157832_421_0,pkw,26859.0,27056.0,197.0,,430.558,64.0,97.0,100.0,166.04,,,0.4924,0.5076,,True,completed
172767_426_0,pkw,26928.0,27058.0,130.0,,441.946,43.0,64.0,66.0,98.332,,,0.4923,0.5077,,True,completed
211449_442_0,pkw,27036.0,27067.0,31.0,,430.194,0.0,0.0,31.0,2.676,,,0.0,1.0,,True,completed
210323_441_0,pkw,27003.0,27071.0,68.0,,197.814,39.0,39.0,29.0,56.724,,,0.5735,0.4265,,True,completed
214606_444_0,pkw,27005.0,27073.0,68.0,,195.347,37.0,37.0,31.0,57.14,,,0.5441,0.4559,,True,completed
170350_426_0,pkw,27008.0,27074.0,66.0,,183.345,35.0,35.0,31.0,56.676,,,0.5303,0.4697,,True,completed
141728_415_0,pkw,27010.0,27077.0,67.0,,175.276,33.0,33.0,34.0,54.077,,,0.4925,0.5075,,True,completed
93088_392_0,pkw,26931.0,27089.0,158.0,,446.204,50.0,89.0,69.0,129.167,,,0.5633,0.4367,,True,completed
159817_421_0,pkw,26864.0,27090.0,226.0,,437.079,69.0,122.0,104.0,197.038,,,0.5398,0.4602,,True,completed
204936_440_0,pkw,27038.0,27090.0,52.0,,437.077,15.0,16.0,36.0,26.04,,,0.3077,0.6923,,True,completed
120342_405_0,pkw,26866.0,27091.0,225.0,,428.931,69.0,119.0,106.0,199.616,,,0.5289,0.4711,,True,completed
193423_435_0,pkw,27078.0,27092.0,14.0,,154.711,0.0,1.0,13.0,3.632,,,0.0714,0.9286,,True,completed
120762_405_0,pkw,26963.0,27094.0,131.0,,443.075,64.0,65.0,66.0,98.291,,,0.4962,0.5038,,True,completed
126262_407_0,pkw,27041.0,27094.0,53.0,,454.685,13.0,13.0,40.0,26.2,,,0.2453,0.7547,,True,completed
133168_410_0,pkw,26961.0,27095.0,134.0,,449.525,46.0,67.0,67.0,100.607,,,0.5,0.5,,True,completed
173131_427_0,pkw,26964.0,27096.0,132.0,,441.557,45.0,66.0,66.0,100.385,,,0.5,0.5,,True,completed
229922_450_0,pkw,26967.0,27096.0,129.0,,435.414,61.0,61.0,68.0,93.443,,,0.4729,0.5271,,True,completed
98170_395_0,pkw,26966.0,27096.0,130.0,,452.84,44.0,63.0,67.0,99.773,,,0.4846,0.5154,,True,completed
121822_406_0,pkw,27071.0,27097.0,26.0,,157.743,4.0,4.0,22.0,13.828,,,0.1538,0.8462,,True,completed
140825_414_0,pkw,27084.0,27099.0,15.0,,162.521,0.0,0.0,15.0,3.318,,,0.0,1.0,,True,completed
87716_391_0,pkw,27090.0,27102.0,12.0,,165.245,0.0,0.0,12.0,0.931,,,0.0,1.0,,True,completed
153308_420_0,pkw,26969.0,27106.0,137.0,,450.675,42.0,61.0,76.0,96.561,,,0.4453,0.5547,,True,completed
227362_450_0,pkw,27094.0,27106.0,12.0,,167.74,0.0,0.0,12.0,0.782,,,0.0,1.0,,True,completed
207293_441_0,pkw,27096.0,27109.0,13.0,,158.635,0.0,0.0,13.0,2.978,,,0.0,1.0,,True,completed
117603_404_0,pkw,27099.0,27110.0,11.0,,186.918,0.0,0.0,11.0,0.602,,,0.0,1.0,,True,completed
114809_403_0,pkw,27012.0,27113.0,101.0,,198.115,58.0,58.0,43.0,89.175,,,0.5743,0.4257,,True,completed
146107_416_0,pkw,27050.0,27113.0,63.0,,438.219,24.0,24.0,39.0,30.286,,,0.381,0.619,,True,completed
190778_435_0,pkw,27014.0,27115.0,101.0,,196.427,56.0,56.0,45.0,90.595,,,0.5545,0.4455,,True,completed
156205_420_0,pkw,27019.0,27116.0,97.0,,188.117,53.0,53.0,44.0,87.703,,,0.5464,0.4536,,True,completed
119542_405_0,pkw,27111.0,27127.0,16.0,,235.165,0.0,0.0,16.0,0.553,,,0.0,1.0,,True,completed
154637_420_0,pkw,26972.0,27128.0,156.0,,443.803,53.0,89.0,67.0,127.979,,,0.5705,0.4295,,True,completed
164329_422_0,pkw,27088.0,27130.0,42.0,,423.685,4.0,4.0,38.0,10.588,,,0.0952,0.9048,,True,completed
174449_427_0,pkw,27000.0,27130.0,130.0,,441.867,51.0,68.0,62.0,101.433,,,0.5231,0.4769,,True,completed
216790_446_0,pkw,26975.0,27130.0,155.0,,442.495,73.0,89.0,66.0,124.587,,,0.5742,0.4258,,True,completed
217758_446_0,pkw,26985.0,27132.0,147.0,,446.753,70.0,77.0,70.0,117.179,,,0.5238,0.4762,,True,completed
201205_438_0,pkw,27036.0,27133.0,97.0,,432.928,45.0,46.0,51.0,61.922,,,0.4742,0.5258,,True,completed
184032_431_0,pkw,27038.0,27135.0,97.0,,440.279,41.0,41.0,56.0,62.04,,,0.4227,0.5773,,True,completed
129789_409_0,pkw,27005.0,27136.0,131.0,,446.185,45.0,64.0,67.0,100.005,,,0.4885,0.5115,,True,completed
168384_425_0,pkw,27003.0,27137.0,134.0,,443.025,47.0,66.0,68.0,99.814,,,0.4925,0.5075,,True,completed
171107_426_0,pkw,27117.0,27137.0,20.0,,165.766,2.0,2.0,18.0,9.892,,,0.1,0.9,,True,completed
246126_454_0,pkw,27082.0,27137.0,55.0,,439.556,10.0,10.0,45.0,21.632,,,0.1818,0.8182,,True,completed
118972_405_0,pkw,27007.0,27138.0,131.0,,452.427,45.0,63.0,68.0,102.004,,,0.4809,0.5191,,True,completed
182808_431_0,pkw,27119.0,27138.0,19.0,,155.332,1.0,1.0,18.0,9.237,,,0.0526,0.9474,,True,completed
179071_430_0,pkw,27121.0,27140.0,19.0,,167.969,0.0,0.0,19.0,9.075,,,0.0,1.0,,True,completed
139115_413_0,pkw,27117.0,27141.0,24.0,,246.474,0.0,0.0,24.0,1.203,,,0.0,1.0,,True,completed
127605_407_0,pkw,27136.0,27146.0,10.0,,165.087,0.0,0.0,10.0,0.651,,,0.0,1.0,,True,completed
163022_422_0,pkw,27026.0,27151.0,125.0,,192.077,74.0,79.0,46.0,115.962,,,0.632,0.368,,True,completed
67327_380_0,pkw,27107.0,27151.0,44.0,,187.823,27.0,27.0,17.0,33.327,,,0.6136,0.3864,,True,completed
174195_427_0,pkw,27028.0,27154.0,126.0,,170.06,70.0,76.0,50.0,113.919,,,0.6032,0.3968,,True,completed
170927_426_0,pkw,27030.0,27157.0,127.0,,193.794,66.0,72.0,55.0,115.531,,,0.5669,0.4331,,True,completed
187528_433_0,pkw,27036.0,27159.0,123.0,,200.679,62.0,69.0,54.0,110.577,,,0.561,0.439,,True,completed
195513_436_0,pkw,27041.0,27160.0,119.0,,192.752,63.0,69.0,50.0,107.285,,,0.5798,0.4202,,True,completed
185184_432_0,pkw,27045.0,27162.0,117.0,,179.514,61.0,68.0,49.0,103.62,,,0.5812,0.4188,,True,completed
206794_441_0,pkw,27048.0,27163.0,115.0,,196.02,61.0,67.0,48.0,102.775,,,0.5826,0.4174,,True,completed
195383_436_0,pkw,27051.0,27164.0,113.0,,188.419,59.0,66.0,47.0,103.24,,,0.5841,0.4159,,True,completed
79749_387_0,pkw,27155.0,27165.0,10.0,,183.451,0.0,0.0,10.0,0.282,,,0.0,1.0,,True,completed
167409_425_0,pkw,27056.0,27166.0,110.0,,178.988,59.0,66.0,44.0,97.829,,,0.6,0.4,,True,completed
166016_424_0,pkw,27113.0,27170.0,57.0,,429.753,19.0,19.0,38.0,25.918,,,0.3333,0.6667,,True,completed
240182_452_0,pkw,27011.0,27172.0,161.0,,447.974,48.0,85.0,76.0,127.562,,,0.528,0.472,,True,completed
93058_392_0,pkw,27113.0,27172.0,59.0,,426.767,15.0,15.0,44.0,24.027,,,0.2542,0.7458,,True,completed
173222_427_0,pkw,27040.0,27173.0,133.0,,452.745,47.0,66.0,67.0,102.115,,,0.4962,0.5038,,True,completed
142058_415_0,pkw,27043.0,27175.0,132.0,,449.507,47.0,67.0,65.0,100.333,,,0.5076,0.4924,,True,completed
134619_411_0,pkw,27046.0,27176.0,130.0,,445.466,44.0,64.0,66.0,100.407,,,0.4923,0.5077,,True,completed
124915_406_0,pkw,27149.0,27178.0,29.0,,169.368,7.0,7.0,22.0,16.978,,,0.2414,0.7586,,True,completed
212294_442_0,pkw,27121.0,27179.0,58.0,,676.542,0.0,0.0,58.0,8.991,,,0.0,1.0,,True,completed
205657_440_0,pkw,27164.0,27181.0,17.0,,159.657,0.0,0.0,17.0,6.95,,,0.0,1.0,,True,completed
218208_446_0,pkw,27127.0,27182.0,55.0,,678.933,0.0,0.0,55.0,4.923,,,0.0,1.0,,True,completed
228492_450_0,pkw,27117.0,27184.0,67.0,,429.152,20.0,20.0,47.0,37.246,,,0.2985,0.7015,,True,completed
111547_401_0,pkw,27115.0,27185.0,70.0,,451.638,25.0,25.0,45.0,35.456,,,0.3571,0.6429,,True,completed
106222_399_0,pkw,27172.0,27187.0,15.0,,150.73,0.0,0.0,15.0,6.063,,,0.0,1.0,,True,completed
209914_441_0,pkw,27081.0,27190.0,109.0,,188.394,62.0,62.0,47.0,98.03,,,0.5688,0.4312,,True,completed
241202_452_0,pkw,27152.0,27191.0,39.0,,182.342,19.0,19.0,20.0,27.653,,,0.4872,0.5128,,True,completed
176927_429_0,pkw,27084.0,27193.0,109.0,,175.973,63.0,63.0,46.0,98.08,,,0.578,0.422,,True,completed
81537_389_0,pkw,27086.0,27194.0,108.0,,166.864,62.0,62.0,46.0,97.827,,,0.5741,0.4259,,True,completed
144759_416_0,pkw,27153.0,27195.0,42.0,,436.465,0.0,0.0,42.0,7.385,,,0.0,1.0,,True,completed
109219_400_0,pkw,27157.0,27196.0,39.0,,427.495,0.0,0.0,39.0,4.917,,,0.0,1.0,,True,completed
206967_441_0,pkw,27090.0,27196.0,106.0,,202.066,62.0,62.0,44.0,94.664,,,0.5849,0.4151,,True,completed
175826_428_0,pkw,27123.0,27198.0,75.0,,171.396,37.0,37.0,38.0,62.319,,,0.4933,0.5067,,True,completed
138080_412_0,pkw,27162.0,27200.0,38.0,,436.733,0.0,0.0,38.0,6.609,,,0.0,1.0,,True,completed
171735_426_0,pkw,27126.0,27200.0,74.0,,176.531,36.0,36.0,38.0,62.265,,,0.4865,0.5135,,True,completed
202533_438_0,pkw,27048.0,27211.0,163.0,,447.999,51.0,90.0,73.0,132.184,,,0.5521,0.4479,,True,completed
204631_440_0,pkw,27052.0,27211.0,159.0,,443.901,51.0,90.0,69.0,130.217,,,0.566,0.434,,True,completed
131415_410_0,pkw,27170.0,27212.0,42.0,,140.823,25.0,25.0,17.0,32.393,,,0.5952,0.4048,,True,completed
178502_430_0,pkw,27184.0,27212.0,28.0,,104.569,12.0,12.0,16.0,19.581,,,0.4286,0.5714,,True,completed
218754_446_0,pkw,27180.0,27214.0,34.0,,156.034,15.0,15.0,19.0,24.337,,,0.4412,0.5588,,True,completed
238855_451_0,pkw,27187.0,27214.0,27.0,,145.948,8.0,9.0,18.0,18.33,,,0.3333,0.6667,,True,completed
247422_455_0,pkw,27200.0,27215.0,15.0,,136.526,0.0,1.0,14.0,6.972,,,0.0667,0.9333,,True,completed
133174_410_0,pkw,27083.0,27216.0,133.0,,451.286,47.0,67.0,66.0,101.956,,,0.5038,0.4962,,True,completed
184360_431_0,pkw,27080.0,27217.0,137.0,,450.595,47.0,69.0,68.0,103.171,,,0.5036,0.4964,,True,completed
212264_442_0,pkw,27186.0,27220.0,34.0,,169.733,10.0,10.0,24.0,24.64,,,0.2941,0.7059,,True,completed
121408_406_0,pkw,27085.0,27221.0,136.0,,452.38,46.0,67.0,69.0,101.14,,,0.4926,0.5074,,True,completed
210570_441_0,pkw,27194.0,27221.0,27.0,,154.16,3.0,4.0,23.0,16.794,,,0.1481,0.8519,,True,completed
203334_439_0,pkw,27196.0,27223.0,27.0,,159.36,2.0,2.0,25.0,16.843,,,0.0741,0.9259,,True,completed
217944_446_0,pkw,27186.0,27228.0,42.0,,354.289,8.0,8.0,34.0,16.642,,,0.1905,0.8095,,True,completed
137789_412_0,pkw,27176.0,27231.0,55.0,,430.634,19.0,19.0,36.0,24.735,,,0.3455,0.6545,,True,completed
233726_451_0,pkw,27128.0,27231.0,103.0,,201.041,58.0,58.0,45.0,91.522,,,0.5631,0.4369,,True,completed
243650_453_0,pkw,27198.0,27232.0,34.0,,404.067,0.0,0.0,34.0,8.078,,,0.0,1.0,,True,completed
204511_440_0,pkw,27222.0,27233.0,11.0,,180.116,0.0,0.0,11.0,1.2,,,0.0,1.0,,True,completed
183969_431_0,pkw,27168.0,27234.0,66.0,,430.76,26.0,26.0,40.0,32.228,,,0.3939,0.6061,,True,completed
209806_441_0,pkw,27120.0,27234.0,114.0,,189.374,69.0,70.0,44.0,101.181,,,0.614,0.386,,True,completed
217045_446_0,pkw,27196.0,27234.0,38.0,,408.885,0.0,0.0,38.0,6.379,,,0.0,1.0,,True,completed
212001_442_0,pkw,27162.0,27237.0,75.0,,176.885,36.0,36.0,39.0,63.397,,,0.48,0.52,,True,completed
175230_428_0,pkw,27164.0,27239.0,75.0,,175.056,35.0,35.0,40.0,62.032,,,0.4667,0.5333,,True,completed
163068_422_0,pkw,27166.0,27240.0,74.0,,167.085,35.0,35.0,39.0,63.06,,,0.473,0.527,,True,completed
195280_436_0,pkw,27205.0,27241.0,36.0,,426.76,0.0,0.0,36.0,2.539,,,0.0,1.0,,True,completed
172295_426_0,pkw,27168.0,27242.0,74.0,,174.127,35.0,35.0,39.0,64.535,,,0.473,0.527,,True,completed
135186_411_0,pkw,27170.0,27244.0,74.0,,197.425,32.0,32.0,42.0,61.525,,,0.4324,0.5676,,True,completed
217993_446_0,pkw,27172.0,27244.0,72.0,,171.168,32.0,32.0,40.0,61.617,,,0.4444,0.5556,,True,completed
210898_442_0,pkw,27175.0,27246.0,71.0,,185.493,32.0,32.0,39.0,60.916,,,0.4507,0.5493,,True,completed
249401_456_0,pkw,27185.0,27250.0,65.0,,432.11,28.0,28.0,37.0,32.971,,,0.4308,0.5692,,True,completed
162954_422_0,pkw,27088.0,27251.0,163.0,,449.109,50.0,89.0,74.0,131.427,,,0.546,0.454,,True,completed
186834_432_0,pkw,27091.0,27251.0,160.0,,440.616,51.0,90.0,70.0,131.087,,,0.5625,0.4375,,True,completed
161173_421_0,pkw,27229.0,27252.0,23.0,,139.242,3.0,4.0,19.0,13.961,,,0.1739,0.8261,,True,completed
237305_451_0,pkw,27233.0,27254.0,21.0,,145.792,3.0,3.0,18.0,10.818,,,0.1429,0.8571,,True,completed
168307_425_0,pkw,27123.0,27255.0,132.0,,453.82,48.0,68.0,64.0,101.689,,,0.5152,0.4848,,True,completed
205143_440_0,pkw,27227.0,27255.0,28.0,,153.706,9.0,9.0,19.0,19.707,,,0.3214,0.6786,,True,completed
203962_439_0,pkw,27125.0,27256.0,131.0,,451.032,47.0,67.0,64.0,101.967,,,0.5115,0.4885,,True,completed
211867_442_0,pkw,27239.0,27256.0,17.0,,151.472,0.0,0.0,17.0,6.996,,,0.0,1.0,,True,completed
93191_392_0,pkw,27214.0,27259.0,45.0,,465.92,2.0,2.0,43.0,13.279,,,0.0444,0.9556,,True,completed
139411_413_0,pkw,27251.0,27264.0,13.0,,163.661,0.0,0.0,13.0,1.024,,,0.0,1.0,,True,completed
157509_421_0,pkw,27254.0,27265.0,11.0,,154.239,0.0,0.0,11.0,2.412,,,0.0,1.0,,True,completed
148683_417_0,pkw,27179.0,27272.0,93.0,,202.111,48.0,48.0,45.0,82.701,,,0.5161,0.4839,,True,completed
85102_390_0,pkw,27208.0,27272.0,64.0,,426.123,25.0,25.0,39.0,32.757,,,0.3906,0.6094,,True,completed
158397_421_0,pkw,27240.0,27274.0,34.0,,438.127,0.0,1.0,33.0,7.432,,,0.0294,0.9706,,True,completed
204753_440_0,pkw,27182.0,27274.0,92.0,,202.262,48.0,48.0,44.0,80.436,,,0.5217,0.4783,,True,completed
223047_449_0,pkw,27200.0,27275.0,75.0,,192.281,34.0,34.0,41.0,64.714,,,0.4533,0.5467,,True,completed
148670_417_0,pkw,27202.0,27277.0,75.0,,202.959,33.0,33.0,42.0,62.559,,,0.44,0.56,,True,completed
227724_450_0,pkw,27216.0,27278.0,62.0,,192.636,27.0,28.0,34.0,50.168,,,0.4516,0.5484,,True,completed
215363_445_0,pkw,27222.0,27280.0,58.0,,198.963,20.0,20.0,38.0,45.524,,,0.3448,0.6552,,True,completed
239386_451_0,pkw,27243.0,27283.0,40.0,,434.899,0.0,0.0,40.0,4.695,,,0.0,1.0,,True,completed
194552_436_0,pkw,27259.0,27292.0,33.0,,140.134,16.0,16.0,17.0,24.574,,,0.4848,0.5152,,True,completed
225112_449_0,pkw,27130.0,27293.0,163.0,,444.307,48.0,90.0,73.0,131.425,,,0.5521,0.4479,,True,completed
153655_420_0,pkw,27266.0,27294.0,28.0,,145.584,8.0,9.0,19.0,17.668,,,0.3214,0.6786,,True,completed
220226_447_0,pkw,27127.0,27295.0,168.0,,449.212,49.0,90.0,78.0,131.566,,,0.5357,0.4643,,True,completed
143018_415_0,pkw,27270.0,27296.0,26.0,,146.34,5.0,5.0,21.0,16.828,,,0.1923,0.8077,,True,completed
241134_452_0,pkw,27161.0,27296.0,135.0,,451.153,46.0,68.0,67.0,102.02,,,0.5037,0.4963,,True,completed
175010_428_0,pkw,27163.0,27300.0,137.0,,443.759,46.0,68.0,69.0,101.417,,,0.4964,0.5036,,True,completed
105828_399_0,pkw,27275.0,27311.0,36.0,,188.651,15.0,15.0,21.0,23.927,,,0.4167,0.5833,,True,completed
109609_401_0,pkw,27270.0,27311.0,41.0,,181.676,24.0,24.0,17.0,31.812,,,0.5854,0.4146,,True,completed
179278_430_0,pkw,27218.0,27311.0,93.0,,194.736,48.0,49.0,44.0,83.397,,,0.5269,0.4731,,True,completed
120871_405_0,pkw,27255.0,27313.0,58.0,,428.082,19.0,19.0,39.0,25.91,,,0.3276,0.6724,,True,completed
211213_442_0,pkw,27273.0,27313.0,40.0,,199.708,17.0,17.0,23.0,28.555,,,0.425,0.575,,True,completed
246396_454_0,pkw,27257.0,27313.0,56.0,,402.205,14.0,14.0,42.0,30.301,,,0.25,0.75,,True,completed
95613_394_0,pkw,27281.0,27313.0,32.0,,189.019,11.0,11.0,21.0,19.956,,,0.3438,0.6562,,True,completed
203236_439_0,pkw,27275.0,27314.0,39.0,,186.309,16.0,16.0,23.0,29.029,,,0.4103,0.5897,,True,completed
237504_451_0,pkw,27258.0,27315.0,57.0,,428.296,15.0,15.0,42.0,22.134,,,0.2632,0.7368,,True,completed
165546_423_0,pkw,27280.0,27316.0,36.0,,194.138,11.0,12.0,24.0,25.849,,,0.3333,0.6667,,True,completed
237346_451_0,pkw,27261.0,27319.0,58.0,,431.951,13.0,13.0,45.0,20.734,,,0.2241,0.7759,,True,completed
169613_426_0,pkw,27273.0,27330.0,57.0,,144.689,32.0,32.0,25.0,47.777,,,0.5614,0.4386,,True,completed
194926_436_0,pkw,27271.0,27330.0,59.0,,428.73,21.0,21.0,38.0,28.229,,,0.3559,0.6441,,True,completed
198026_436_0,pkw,27284.0,27330.0,46.0,,430.828,8.0,8.0,38.0,15.569,,,0.1739,0.8261,,True,completed
124545_406_0,pkw,27279.0,27332.0,53.0,,426.732,11.0,11.0,42.0,18.405,,,0.2075,0.7925,,True,completed
153826_420_0,pkw,27288.0,27332.0,44.0,,433.608,3.0,3.0,41.0,11.045,,,0.0682,0.9318,,True,completed
207710_441_0,pkw,27168.0,27332.0,164.0,,449.56,50.0,92.0,72.0,133.337,,,0.561,0.439,,True,completed
221457_448_0,pkw,27275.0,27332.0,57.0,,147.716,32.0,32.0,25.0,47.8,,,0.5614,0.4386,,True,completed
151629_419_0,pkw,27298.0,27333.0,35.0,,423.13,0.0,0.0,35.0,5.229,,,0.0,1.0,,True,completed
228707_450_0,pkw,27277.0,27333.0,56.0,,139.611,31.0,31.0,25.0,46.42,,,0.5536,0.4464,,True,completed
175329_428_0,pkw,27200.0,27334.0,134.0,,446.807,49.0,68.0,66.0,102.7,,,0.5075,0.4925,,True,completed
183836_431_0,pkw,27290.0,27334.0,44.0,,439.218,0.0,0.0,44.0,5.999,,,0.0,1.0,,True,completed
209092_441_0,pkw,27279.0,27335.0,56.0,,144.393,28.0,28.0,28.0,47.206,,,0.5,0.5,,True,completed
109216_400_0,pkw,27205.0,27336.0,131.0,,451.399,48.0,68.0,63.0,100.179,,,0.5191,0.4809,,True,completed
153599_420_0,pkw,27166.0,27336.0,170.0,,450.123,51.0,93.0,77.0,132.585,,,0.5471,0.4529,,True,completed
238525_451_0,pkw,27282.0,27337.0,55.0,,150.208,27.0,27.0,28.0,44.674,,,0.4909,0.5091,,True,completed
115923_403_0,pkw,27291.0,27340.0,49.0,,158.82,23.0,23.0,26.0,38.866,,,0.4694,0.5306,,True,completed
251382_457_0,pkw,27301.0,27342.0,41.0,,161.984,13.0,14.0,27.0,31.588,,,0.3415,0.6585,,True,completed
224986_449_0,pkw,27335.0,27348.0,13.0,,191.156,0.0,0.0,13.0,2.523,,,0.0,1.0,,True,completed
225810_450_0,pkw,27311.0,27351.0,40.0,,466.654,0.0,0.0,40.0,2.117,,,0.0,1.0,,True,completed
213386_443_0,pkw,27289.0,27354.0,65.0,,437.834,23.0,23.0,42.0,31.271,,,0.3538,0.6462,,True,completed
173926_427_0,pkw,27296.0,27370.0,74.0,,141.554,50.0,50.0,24.0,65.851,,,0.6757,0.3243,,True,completed
143392_415_0,pkw,27350.0,27391.0,41.0,,192.618,22.0,22.0,19.0,31.669,,,0.5366,0.4634,,True,completed
159954_421_0,pkw,27368.0,27391.0,23.0,,191.302,4.0,4.0,19.0,12.895,,,0.1739,0.8261,,True,completed
166231_424_0,pkw,27309.0,27391.0,82.0,,425.527,33.0,34.0,48.0,52.082,,,0.4146,0.5854,,True,completed
262299_462_0,pkw,27348.0,27391.0,43.0,,186.77,26.0,26.0,17.0,33.926,,,0.6047,0.3953,,True,completed
166051_424_0,pkw,27358.0,27393.0,35.0,,191.967,15.0,15.0,20.0,23.48,,,0.4286,0.5714,,True,completed
177390_429_0,pkw,27356.0,27393.0,37.0,,192.387,16.0,16.0,21.0,24.758,,,0.4324,0.5676,,True,completed
209678_441_0,pkw,27381.0,27393.0,12.0,,194.751,0.0,0.0,12.0,0.806,,,0.0,1.0,,True,completed
159714_421_0,pkw,27361.0,27394.0,33.0,,182.629,13.0,13.0,20.0,22.905,,,0.3939,0.6061,,True,completed
195428_436_0,pkw,27383.0,27394.0,11.0,,201.185,0.0,0.0,11.0,0.337,,,0.0,1.0,,True,completed
244106_453_0,pkw,27347.0,27397.0,50.0,,401.556,7.0,7.0,43.0,19.239,,,0.14,0.86,,True,completed
118713_405_0,pkw,27365.0,27399.0,34.0,,188.768,9.0,9.0,25.0,24.043,,,0.2647,0.7353,,True,completed
214568_444_0,pkw,27388.0,27401.0,13.0,,196.823,0.0,0.0,13.0,2.854,,,0.0,1.0,,True,completed
81887_389_0,pkw,27347.0,27411.0,64.0,,434.314,20.0,20.0,44.0,28.091,,,0.3125,0.6875,,True,completed
118194_405_0,pkw,27365.0,27418.0,53.0,,460.17,9.0,9.0,44.0,21.279,,,0.1698,0.8302,,True,completed
231849_451_0,pkw,27388.0,27426.0,38.0,,459.485,0.0,0.0,38.0,2.23,,,0.0,1.0,,True,completed
180904_431_0,pkw,27418.0,27429.0,11.0,,181.159,0.0,0.0,11.0,0.33,,,0.0,1.0,,True,completed
163530_422_0,pkw,27390.0,27431.0,41.0,,189.577,22.0,22.0,19.0,30.348,,,0.5366,0.4634,,True,completed
263940_462_0,pkw,27411.0,27431.0,20.0,,192.364,0.0,0.0,20.0,9.37,,,0.0,1.0,,True,completed
160161_421_0,pkw,27389.0,27432.0,43.0,,201.395,23.0,23.0,20.0,29.07,,,0.5349,0.4651,,True,completed
212875_443_0,pkw,27416.0,27432.0,16.0,,191.607,0.0,0.0,16.0,3.911,,,0.0,1.0,,True,completed
133399_410_0,pkw,27421.0,27433.0,12.0,,185.176,0.0,0.0,12.0,2.897,,,0.0,1.0,,True,completed
160491_421_0,pkw,27398.0,27434.0,36.0,,201.683,11.0,11.0,25.0,25.899,,,0.3056,0.6944,,True,completed
91291_391_0,pkw,27427.0,27460.0,33.0,,463.288,0.0,0.0,33.0,6.805,,,0.0,1.0,,True,completed
184609_431_0,pkw,27432.0,27467.0,35.0,,460.136,0.0,0.0,35.0,1.83,,,0.0,1.0,,True,completed
138640_413_0,pkw,27428.0,27471.0,43.0,,197.387,24.0,24.0,19.0,32.497,,,0.5581,0.4419,,True,completed
152118_419_0,pkw,27436.0,27471.0,35.0,,187.436,15.0,15.0,20.0,22.661,,,0.4286,0.5714,,True,completed
174228_427_0,pkw,27447.0,27471.0,24.0,,203.338,5.0,5.0,19.0,14.005,,,0.2083,0.7917,,True,completed
149711_417_0,pkw,27454.0,27472.0,18.0,,190.418,0.0,0.0,18.0,6.992,,,0.0,1.0,,True,completed
258346_461_0,pkw,27443.0,27472.0,29.0,,181.001,10.0,10.0,19.0,19.285,,,0.3448,0.6552,,True,completed
121157_405_0,pkw,27446.0,27473.0,27.0,,191.335,8.0,8.0,19.0,16.817,,,0.2963,0.7037,,True,completed
113757_402_0,pkw,27455.0,27474.0,19.0,,183.248,0.0,0.0,19.0,9.835,,,0.0,1.0,,True,completed
169194_425_0,pkw,27452.0,27474.0,22.0,,182.482,4.0,4.0,18.0,10.001,,,0.1818,0.8182,,True,completed
159038_421_0,pkw,27458.0,27476.0,18.0,,188.803,0.0,0.0,18.0,8.005,,,0.0,1.0,,True,completed
200684_437_0,pkw,27461.0,27476.0,15.0,,191.959,0.0,0.0,15.0,4.04,,,0.0,1.0,,True,completed
173842_427_0,pkw,27443.0,27481.0,38.0,,202.974,13.0,13.0,25.0,28.195,,,0.3421,0.6579,,True,completed
201382_438_0,pkw,27469.0,27482.0,13.0,,193.169,0.0,0.0,13.0,2.645,,,0.0,1.0,,True,completed
160005_421_0,pkw,27438.0,27491.0,53.0,,453.893,15.0,15.0,38.0,23.277,,,0.283,0.717,,True,completed
220524_447_0,pkw,27422.0,27492.0,70.0,,434.167,24.0,24.0,46.0,31.695,,,0.3429,0.6571,,True,completed
161073_421_0,pkw,27444.0,27493.0,49.0,,426.371,7.0,7.0,42.0,14.357,,,0.1429,0.8571,,True,completed
159873_421_0,pkw,27454.0,27494.0,40.0,,436.954,0.0,0.0,40.0,10.468,,,0.0,1.0,,True,completed
209549_441_0,pkw,27457.0,27494.0,37.0,,461.445,0.0,0.0,37.0,7.625,,,0.0,1.0,,True,completed
241929_452_0,pkw,27475.0,27505.0,30.0,,460.336,0.0,0.0,30.0,1.023,,,0.0,1.0,,True,completed
95221_394_0,pkw,27476.0,27511.0,35.0,,190.756,14.0,14.0,21.0,23.028,,,0.4,0.6,,True,completed
119029_405_0,pkw,27465.0,27512.0,47.0,,197.234,29.0,30.0,17.0,37.104,,,0.6383,0.3617,,True,completed
120846_405_0,pkw,27479.0,27513.0,34.0,,181.856,15.0,15.0,19.0,24.07,,,0.4412,0.5588,,True,completed
238424_451_0,pkw,27482.0,27513.0,31.0,,196.88,9.0,9.0,22.0,19.425,,,0.2903,0.7097,,True,completed
198513_436_0,pkw,27494.0,27515.0,21.0,,195.968,1.0,1.0,20.0,11.78,,,0.0476,0.9524,,True,completed
223349_449_0,pkw,27493.0,27515.0,22.0,,185.116,2.0,2.0,20.0,11.455,,,0.0909,0.9091,,True,completed
210696_442_0,pkw,27501.0,27517.0,16.0,,194.108,0.0,0.0,16.0,4.473,,,0.0,1.0,,True,completed
151708_419_0,pkw,27478.0,27519.0,41.0,,187.355,16.0,16.0,25.0,29.395,,,0.3902,0.6098,,True,completed
202624_439_0,pkw,27475.0,27530.0,55.0,,426.389,13.0,13.0,42.0,20.839,,,0.2364,0.7636,,True,completed
109427_401_0,pkw,27488.0,27531.0,43.0,,425.402,7.0,7.0,36.0,14.63,,,0.1628,0.8372,,True,completed
191928_435_0,pkw,27482.0,27531.0,49.0,,448.437,10.0,10.0,39.0,20.937,,,0.2041,0.7959,,True,completed
150873_418_0,pkw,27522.0,27532.0,10.0,,137.175,0.0,0.0,10.0,1.09,,,0.0,1.0,,True,completed
232974_451_0,pkw,27486.0,27532.0,46.0,,440.792,6.0,6.0,40.0,14.487,,,0.1304,0.8696,,True,completed
190108_434_0,pkw,27498.0,27533.0,35.0,,427.965,0.0,0.0,35.0,4.101,,,0.0,1.0,,True,completed
243777_453_0,pkw,27492.0,27533.0,41.0,,432.653,4.0,4.0,37.0,14.197,,,0.0976,0.9024,,True,completed
191252_435_0,pkw,27505.0,27535.0,30.0,,434.95,0.0,0.0,30.0,1.532,,,0.0,1.0,,True,completed
196690_436_0,pkw,27531.0,27542.0,11.0,,159.223,0.0,0.0,11.0,0.802,,,0.0,1.0,,True,completed
223106_449_0,pkw,27533.0,27545.0,12.0,,157.263,0.0,0.0,12.0,0.858,,,0.0,1.0,,True,completed
118326_405_0,pkw,27506.0,27551.0,45.0,,180.69,28.0,28.0,17.0,36.543,,,0.6222,0.3778,,True,completed
164701_422_0,pkw,27510.0,27551.0,41.0,,189.863,21.0,21.0,20.0,30.163,,,0.5122,0.4878,,True,completed
203626_439_0,pkw,27507.0,27551.0,44.0,,183.45,25.0,25.0,19.0,33.54,,,0.5682,0.4318,,True,completed
108364_400_0,pkw,27509.0,27553.0,44.0,,191.126,24.0,24.0,20.0,32.819,,,0.5455,0.4545,,True,completed
234989_451_0,pkw,27512.0,27553.0,41.0,,185.349,21.0,21.0,20.0,29.626,,,0.5122,0.4878,,True,completed
264264_463_0,pkw,27494.0,27554.0,60.0,,355.183,21.0,21.0,39.0,29.667,,,0.35,0.65,,True,completed
113765_402_0,pkw,27522.0,27555.0,33.0,,178.951,12.0,12.0,21.0,24.259,,,0.3636,0.6364,,True,completed
168092_425_0,pkw,27510.0,27555.0,45.0,,193.348,24.0,24.0,21.0,32.381,,,0.5333,0.4667,,True,completed
221232_448_0,pkw,27543.0,27557.0,14.0,,186.431,0.0,0.0,14.0,4.298,,,0.0,1.0,,True,completed
90524_391_0,pkw,27538.0,27557.0,19.0,,195.942,0.0,0.0,19.0,5.913,,,0.0,1.0,,True,completed
238345_451_0,pkw,27548.0,27560.0,12.0,,185.927,0.0,0.0,12.0,0.532,,,0.0,1.0,,True,completed
100271_396_0,pkw,27554.0,27564.0,10.0,,191.307,0.0,0.0,10.0,0.277,,,0.0,1.0,,True,completed
129232_408_0,pkw,27519.0,27570.0,51.0,,426.118,13.0,13.0,38.0,21.162,,,0.2549,0.7451,,True,completed
187455_433_0,pkw,27529.0,27570.0,41.0,,140.832,23.0,23.0,18.0,31.102,,,0.561,0.439,,True,completed
96554_395_0,pkw,27521.0,27570.0,49.0,,429.529,9.0,9.0,40.0,17.126,,,0.1837,0.8163,,True,completed
146055_416_0,pkw,27524.0,27572.0,48.0,,441.844,9.0,9.0,39.0,22.426,,,0.1875,0.8125,,True,completed
186446_432_0,pkw,27531.0,27572.0,41.0,,146.137,23.0,23.0,18.0,31.939,,,0.561,0.439,,True,completed
179543_430_0,pkw,27545.0,27574.0,29.0,,142.045,8.0,9.0,20.0,16.466,,,0.3103,0.6897,,True,completed
195112_436_0,pkw,27531.0,27574.0,43.0,,432.836,1.0,1.0,42.0,10.05,,,0.0233,0.9767,,True,completed
156605_420_0,pkw,27537.0,27577.0,40.0,,158.271,19.0,19.0,21.0,28.12,,,0.475,0.525,,True,completed
225840_450_0,pkw,27539.0,27579.0,40.0,,167.133,16.0,16.0,24.0,28.43,,,0.4,0.6,,True,completed
108657_400_0,pkw,27541.0,27580.0,39.0,,158.289,15.0,15.0,24.0,29.233,,,0.3846,0.6154,,True,completed
119154_405_0,pkw,27542.0,27582.0,40.0,,154.971,14.0,14.0,26.0,29.856,,,0.35,0.65,,True,completed
255204_459_0,pkw,27546.0,27584.0,38.0,,155.775,12.0,12.0,26.0,25.939,,,0.3158,0.6842,,True,completed
191095_435_0,pkw,27548.0,27586.0,38.0,,164.126,10.0,10.0,28.0,28.554,,,0.2632,0.7368,,True,completed
192264_435_0,pkw,27550.0,27587.0,37.0,,154.607,10.0,10.0,27.0,28.091,,,0.2703,0.7297,,True,completed
227710_450_0,pkw,27577.0,27589.0,12.0,,195.717,0.0,0.0,12.0,0.841,,,0.0,1.0,,True,completed
240889_452_0,pkw,27576.0,27589.0,13.0,,196.349,0.0,0.0,13.0,0.525,,,0.0,1.0,,True,completed
199552_437_0,pkw,27567.0,27591.0,24.0,,179.714,4.0,4.0,20.0,12.982,,,0.1667,0.8333,,True,completed
211923_442_0,pkw,27579.0,27591.0,12.0,,199.504,0.0,0.0,12.0,2.583,,,0.0,1.0,,True,completed
241905_452_0,pkw,27544.0,27592.0,48.0,,196.455,26.0,26.0,22.0,34.494,,,0.5417,0.4583,,True,completed
199938_437_0,pkw,27582.0,27594.0,12.0,,198.187,0.0,0.0,12.0,0.328,,,0.0,1.0,,True,completed
235084_451_0,pkw,27584.0,27596.0,12.0,,189.768,0.0,0.0,12.0,0.616,,,0.0,1.0,,True,completed
245164_454_0,pkw,27584.0,27597.0,13.0,,202.956,0.0,0.0,13.0,2.084,,,0.0,1.0,,True,completed
192959_435_0,pkw,27551.0,27610.0,59.0,,443.88,21.0,21.0,38.0,30.172,,,0.3559,0.6441,,True,completed
97744_395_0,pkw,27556.0,27610.0,54.0,,429.93,15.0,16.0,38.0,23.476,,,0.2963,0.7037,,True,completed
234426_451_0,pkw,27563.0,27612.0,49.0,,434.813,12.0,12.0,37.0,18.201,,,0.2449,0.7551,,True,completed
250910_457_0,pkw,27553.0,27612.0,59.0,,441.585,17.0,17.0,42.0,26.439,,,0.2881,0.7119,,True,completed
203421_439_0,pkw,27559.0,27614.0,55.0,,446.769,11.0,11.0,44.0,20.823,,,0.2,0.8,,True,completed
243602_453_0,pkw,27574.0,27614.0,40.0,,430.975,0.0,0.0,40.0,5.844,,,0.0,1.0,,True,completed
228656_450_0,pkw,27572.0,27615.0,43.0,,435.2,3.0,3.0,40.0,11.553,,,0.0698,0.9302,,True,completed
243625_453_0,pkw,27585.0,27616.0,31.0,,435.412,0.0,0.0,31.0,2.158,,,0.0,1.0,,True,completed
235632_451_0,pkw,27553.0,27621.0,68.0,,153.976,34.0,34.0,34.0,58.442,,,0.5,0.5,,True,completed
189908_434_0,pkw,27555.0,27623.0,68.0,,160.872,32.0,32.0,36.0,57.897,,,0.4706,0.5294,,True,completed
118317_405_0,pkw,27571.0,27626.0,55.0,,168.588,21.0,21.0,34.0,43.536,,,0.3818,0.6182,,True,completed
196403_436_0,pkw,27576.0,27628.0,52.0,,163.773,19.0,19.0,33.0,38.017,,,0.3654,0.6346,,True,completed
124484_406_0,pkw,27582.0,27630.0,48.0,,166.818,18.0,18.0,30.0,38.0,,,0.375,0.625,,True,completed
141959_415_0,pkw,27587.0,27631.0,44.0,,193.86,25.0,25.0,19.0,32.329,,,0.5682,0.4318,,True,completed
144828_416_0,pkw,27590.0,27633.0,43.0,,200.807,23.0,23.0,20.0,31.654,,,0.5349,0.4651,,True,completed
194955_436_0,pkw,27586.0,27633.0,47.0,,194.595,28.0,28.0,19.0,36.4,,,0.5957,0.4043,,True,completed
198488_436_0,pkw,27593.0,27633.0,40.0,,188.6,20.0,20.0,20.0,29.348,,,0.5,0.5,,True,completed
203061_439_0,pkw,27594.0,27634.0,40.0,,185.233,19.0,19.0,21.0,30.389,,,0.475,0.525,,True,completed
158244_421_0,pkw,27588.0,27635.0,47.0,,196.618,26.0,26.0,21.0,35.742,,,0.5532,0.4468,,True,completed
171608_426_0,pkw,27596.0,27636.0,40.0,,191.719,18.0,18.0,22.0,29.701,,,0.45,0.55,,True,completed
209347_441_0,pkw,27592.0,27637.0,45.0,,189.935,21.0,21.0,24.0,34.984,,,0.4667,0.5333,,True,completed
213025_443_0,pkw,27608.0,27638.0,30.0,,193.637,4.0,5.0,25.0,17.703,,,0.1667,0.8333,,True,completed
83081_390_0,pkw,27597.0,27640.0,43.0,,196.056,19.0,19.0,24.0,32.783,,,0.4419,0.5581,,True,completed
118134_405_0,pkw,27599.0,27641.0,42.0,,181.809,15.0,15.0,27.0,31.541,,,0.3571,0.6429,,True,completed
116829_404_0,pkw,27601.0,27643.0,42.0,,189.984,13.0,13.0,29.0,31.35,,,0.3095,0.6905,,True,completed
86506_391_0,pkw,27603.0,27644.0,41.0,,178.046,13.0,13.0,28.0,30.999,,,0.3171,0.6829,,True,completed
197410_436_0,pkw,27611.0,27646.0,35.0,,179.656,8.0,8.0,27.0,24.639,,,0.2286,0.7714,,True,completed
163330_422_0,pkw,27583.0,27650.0,67.0,,444.129,27.0,27.0,40.0,33.503,,,0.403,0.597,,True,completed
179939_430_0,pkw,27585.0,27651.0,66.0,,428.164,21.0,21.0,45.0,28.671,,,0.3182,0.6818,,True,completed
172307_426_0,pkw,27602.0,27652.0,50.0,,428.105,11.0,11.0,39.0,21.758,,,0.22,0.78,,True,completed
246679_455_0,pkw,27587.0,27652.0,65.0,,438.736,21.0,21.0,44.0,34.981,,,0.3231,0.6769,,True,completed
161303_421_0,pkw,27622.0,27654.0,32.0,,428.115,0.0,0.0,32.0,2.021,,,0.0,1.0,,True,completed
210369_441_0,pkw,27600.0,27654.0,54.0,,428.69,13.0,13.0,41.0,22.36,,,0.2407,0.7593,,True,completed
247351_455_0,pkw,27584.0,27661.0,77.0,,158.211,39.0,39.0,38.0,66.634,,,0.5065,0.4935,,True,completed
179003_430_0,pkw,27586.0,27663.0,77.0,,163.526,34.0,34.0,43.0,65.64,,,0.4416,0.5584,,True,completed
165528_423_0,pkw,27590.0,27665.0,75.0,,169.831,32.0,32.0,43.0,64.507,,,0.4267,0.5733,,True,completed
128376_408_0,pkw,27593.0,27666.0,73.0,,160.478,29.0,29.0,44.0,62.416,,,0.3973,0.6027,,True,completed
233874_451_0,pkw,27616.0,27667.0,51.0,,151.833,14.0,14.0,37.0,41.736,,,0.2745,0.7255,,True,completed
217057_446_0,pkw,27658.0,27669.0,11.0,,143.592,0.0,0.0,11.0,1.766,,,0.0,1.0,,True,completed
256203_460_0,pkw,27607.0,27670.0,63.0,,394.768,24.0,24.0,39.0,34.882,,,0.381,0.619,,True,completed
142005_415_0,pkw,27659.0,27671.0,12.0,,140.447,0.0,0.0,12.0,1.555,,,0.0,1.0,,True,completed
181872_431_0,pkw,27601.0,27671.0,70.0,,189.115,42.0,42.0,28.0,59.464,,,0.6,0.4,,True,completed
184890_431_0,pkw,27615.0,27671.0,56.0,,196.786,28.0,28.0,28.0,43.169,,,0.5,0.5,,True,completed
159141_421_0,pkw,27612.0,27673.0,61.0,,201.866,31.0,32.0,29.0,50.695,,,0.5246,0.4754,,True,completed
168639_425_0,pkw,27622.0,27673.0,51.0,,202.919,27.0,27.0,24.0,38.314,,,0.5294,0.4706,,True,completed
234904_451_0,pkw,27661.0,27673.0,12.0,,145.888,0.0,0.0,12.0,2.23,,,0.0,1.0,,True,completed
178643_430_0,pkw,27626.0,27674.0,48.0,,194.591,25.0,25.0,23.0,36.063,,,0.5208,0.4792,,True,completed
224285_449_0,pkw,27621.0,27674.0,53.0,,186.968,27.0,27.0,26.0,42.218,,,0.5094,0.4906,,True,completed
153791_420_0,pkw,27623.0,27676.0,53.0,,197.596,27.0,27.0,26.0,42.601,,,0.5094,0.4906,,True,completed
180843_431_0,pkw,27634.0,27676.0,42.0,,201.837,19.0,19.0,23.0,31.785,,,0.4524,0.5476,,True,completed
168899_425_0,pkw,27637.0,27677.0,40.0,,192.892,18.0,18.0,22.0,29.348,,,0.45,0.55,,True,completed
235176_451_0,pkw,27630.0,27677.0,47.0,,189.895,27.0,27.0,20.0,36.434,,,0.5745,0.4255,,True,completed
204325_440_0,pkw,27638.0,27682.0,44.0,,183.985,20.0,20.0,24.0,34.926,,,0.4545,0.5455,,True,completed
234986_451_0,pkw,27645.0,27684.0,39.0,,193.896,13.0,13.0,26.0,28.304,,,0.3333,0.6667,,True,completed
243434_452_0,pkw,27647.0,27686.0,39.0,,193.661,11.0,11.0,28.0,29.33,,,0.2821,0.7179,,True,completed
158340_421_0,pkw,27649.0,27687.0,38.0,,177.701,11.0,11.0,27.0,28.581,,,0.2895,0.7105,,True,completed
141916_415_0,pkw,27637.0,27690.0,53.0,,427.393,16.0,16.0,37.0,25.306,,,0.3019,0.6981,,True,completed
200661_437_0,pkw,27630.0,27690.0,60.0,,434.326,23.0,24.0,36.0,34.938,,,0.4,0.6,,True,completed
180172_430_0,pkw,27632.0,27692.0,60.0,,441.027,16.0,16.0,44.0,27.864,,,0.2667,0.7333,,True,completed
107922_400_0,pkw,27638.0,27693.0,55.0,,435.681,11.0,11.0,44.0,19.88,,,0.2,0.8,,True,completed
207900_441_0,pkw,27635.0,27694.0,59.0,,434.873,11.0,11.0,48.0,22.696,,,0.1864,0.8136,,True,completed
212251_442_0,pkw,27642.0,27694.0,52.0,,428.381,11.0,11.0,41.0,22.63,,,0.2115,0.7885,,True,completed
195696_436_0,pkw,27645.0,27695.0,50.0,,428.382,11.0,11.0,39.0,22.323,,,0.22,0.78,,True,completed
167003_424_0,pkw,27649.0,27696.0,47.0,,433.809,6.0,6.0,41.0,15.221,,,0.1277,0.8723,,True,completed
250949_457_0,pkw,27660.0,27697.0,37.0,,437.201,0.0,0.0,37.0,9.347,,,0.0,1.0,,True,completed
82661_389_0,pkw,27651.0,27697.0,46.0,,179.336,12.0,12.0,34.0,35.883,,,0.2609,0.7391,,True,completed
270606_465_0,pkw,27625.0,27701.0,76.0,,152.759,36.0,36.0,40.0,65.254,,,0.4737,0.5263,,True,completed
239972_452_0,pkw,27630.0,27703.0,73.0,,157.154,33.0,33.0,40.0,62.863,,,0.4521,0.5479,,True,completed
177151_429_0,pkw,27633.0,27705.0,72.0,,166.33,31.0,31.0,41.0,61.458,,,0.4306,0.5694,,True,completed
238249_451_0,pkw,27646.0,27706.0,60.0,,151.264,21.0,21.0,39.0,50.347,,,0.35,0.65,,True,completed
157882_421_0,pkw,27654.0,27708.0,54.0,,154.629,21.0,21.0,33.0,43.916,,,0.3889,0.6111,,True,completed
136424_411_0,pkw,27645.0,27711.0,66.0,,192.873,37.0,37.0,29.0,54.058,,,0.5606,0.4394,,True,completed
266204_464_0,pkw,27638.0,27711.0,73.0,,185.148,45.0,45.0,28.0,63.038,,,0.6164,0.3836,,True,completed
204034_439_0,pkw,27649.0,27713.0,64.0,,193.379,32.0,33.0,31.0,54.726,,,0.5156,0.4844,,True,completed
142312_415_0,pkw,27654.0,27717.0,63.0,,178.527,22.0,22.0,41.0,53.893,,,0.3492,0.6508,,True,completed
179815_430_0,pkw,27656.0,27720.0,64.0,,190.593,19.0,19.0,45.0,52.174,,,0.2969,0.7031,,True,completed
148428_417_0,pkw,27658.0,27721.0,63.0,,181.769,17.0,17.0,46.0,53.55,,,0.2698,0.7302,,True,completed
197127_436_0,pkw,27664.0,27724.0,60.0,,194.709,18.0,18.0,42.0,49.605,,,0.3,0.7,,True,completed
198556_436_0,pkw,27666.0,27725.0,59.0,,184.691,18.0,18.0,41.0,47.978,,,0.3051,0.6949,,True,completed
201027_437_0,pkw,27682.0,27730.0,48.0,,430.214,10.0,10.0,38.0,21.371,,,0.2083,0.7917,,True,completed
227841_450_0,pkw,27662.0,27730.0,68.0,,431.798,26.0,26.0,42.0,41.023,,,0.3824,0.6176,,True,completed
189864_434_0,pkw,27667.0,27732.0,65.0,,444.281,25.0,25.0,40.0,36.673,,,0.3846,0.6154,,True,completed
216082_445_0,pkw,27697.0,27733.0,36.0,,433.181,0.0,1.0,35.0,5.191,,,0.0278,0.9722,,True,completed
219229_446_0,pkw,27688.0,27734.0,46.0,,453.796,6.0,6.0,40.0,15.622,,,0.1304,0.8696,,True,completed
266025_464_0,pkw,27641.0,27735.0,94.0,,679.965,18.0,18.0,76.0,47.924,,,0.1915,0.8085,,True,completed
216370_445_0,pkw,27691.0,27736.0,45.0,,462.913,2.0,2.0,43.0,12.528,,,0.0444,0.9556,,True,completed
247971_455_0,pkw,27705.0,27736.0,31.0,,428.248,0.0,0.0,31.0,2.012,,,0.0,1.0,,True,completed
231790_451_0,pkw,27657.0,27743.0,86.0,,161.7,45.0,45.0,41.0,73.401,,,0.5233,0.4767,,True,completed
198727_436_0,pkw,27662.0,27744.0,82.0,,460.132,15.0,15.0,67.0,49.599,,,0.1829,0.8171,,True,completed
252222_457_0,pkw,27664.0,27745.0,81.0,,163.04,40.0,40.0,41.0,68.834,,,0.4938,0.5062,,True,completed
260830_461_0,pkw,27674.0,27746.0,72.0,,153.989,31.0,32.0,40.0,62.207,,,0.4444,0.5556,,True,completed
107911_400_0,pkw,27677.0,27748.0,71.0,,162.079,28.0,28.0,43.0,60.354,,,0.3944,0.6056,,True,completed
220709_447_0,pkw,27733.0,27750.0,17.0,,201.921,0.0,0.0,17.0,4.751,,,0.0,1.0,,True,completed
209414_441_0,pkw,27718.0,27751.0,33.0,,436.011,0.0,0.0,33.0,1.351,,,0.0,1.0,,True,completed
122055_406_0,pkw,27668.0,27752.0,84.0,,193.637,41.0,41.0,43.0,72.757,,,0.4881,0.5119,,True,completed
188278_433_0,pkw,27676.0,27754.0,78.0,,196.285,38.0,38.0,40.0,65.635,,,0.4872,0.5128,,True,completed
244405_453_0,pkw,27707.0,27771.0,64.0,,430.221,22.0,22.0,42.0,34.375,,,0.3438,0.6562,,True,completed
245045_453_0,pkw,27703.0,27771.0,68.0,,431.317,24.0,24.0,44.0,31.143,,,0.3529,0.6471,,True,completed
265895_464_0,pkw,27720.0,27771.0,51.0,,433.435,6.0,6.0,45.0,12.139,,,0.1176,0.8824,,True,completed
233343_451_0,pkw,27732.0,27772.0,40.0,,424.123,4.0,4.0,36.0,11.766,,,0.1,0.9,,True,completed
267402_464_0,pkw,27709.0,27773.0,64.0,,427.378,22.0,22.0,42.0,34.99,,,0.3438,0.6562,,True,completed
131469_410_0,pkw,27679.0,27774.0,95.0,,453.238,35.0,35.0,60.0,66.692,,,0.3684,0.6316,,True,completed
138857_413_0,pkw,27736.0,27775.0,39.0,,436.849,0.0,0.0,39.0,3.078,,,0.0,1.0,,True,completed
259106_461_0,pkw,27727.0,27775.0,48.0,,430.252,10.0,10.0,38.0,18.902,,,0.2083,0.7917,,True,completed
148137_417_0,pkw,27671.0,27776.0,105.0,,463.245,39.0,39.0,66.0,69.184,,,0.3714,0.6286,,True,completed
219903_447_0,pkw,27739.0,27776.0,37.0,,428.926,0.0,0.0,37.0,2.916,,,0.0,1.0,,True,completed
206544_440_0,pkw,27746.0,27778.0,32.0,,433.32,0.0,0.0,32.0,6.162,,,0.0,1.0,,True,completed
103910_397_0,pkw,27689.0,27780.0,91.0,,467.94,32.0,32.0,59.0,57.592,,,0.3516,0.6484,,True,completed
204768_440_0,pkw,27692.0,27781.0,89.0,,461.545,31.0,31.0,58.0,56.669,,,0.3483,0.6517,,True,completed
136371_411_0,pkw,27690.0,27783.0,93.0,,157.529,47.0,47.0,46.0,83.067,,,0.5054,0.4946,,True,completed
202020_438_0,pkw,27696.0,27785.0,89.0,,156.632,44.0,44.0,45.0,78.613,,,0.4944,0.5056,,True,completed
209919_441_0,pkw,27705.0,27787.0,82.0,,162.073,39.0,39.0,43.0,72.177,,,0.4756,0.5244,,True,completed
154920_420_0,pkw,27714.0,27789.0,75.0,,154.938,33.0,34.0,41.0,64.624,,,0.4533,0.5467,,True,completed
268789_465_0,pkw,27774.0,27789.0,15.0,,198.629,0.0,0.0,15.0,4.475,,,0.0,1.0,,True,completed
263211_462_0,pkw,27745.0,27811.0,66.0,,432.792,21.0,21.0,45.0,28.87,,,0.3182,0.6818,,True,completed
175141_428_0,pkw,27749.0,27812.0,63.0,,425.298,20.0,20.0,43.0,31.672,,,0.3175,0.6825,,True,completed
220359_447_0,pkw,27741.0,27812.0,71.0,,436.62,24.0,24.0,47.0,31.072,,,0.338,0.662,,True,completed
110504_401_0,pkw,27743.0,27813.0,70.0,,442.007,23.0,23.0,47.0,41.276,,,0.3286,0.6714,,True,completed
179963_430_0,pkw,27747.0,27814.0,67.0,,427.593,23.0,23.0,44.0,34.211,,,0.3433,0.6567,,True,completed
238908_451_0,pkw,27760.0,27814.0,54.0,,431.496,17.0,17.0,37.0,25.991,,,0.3148,0.6852,,True,completed
120014_405_0,pkw,27755.0,27816.0,61.0,,428.666,16.0,16.0,45.0,24.214,,,0.2623,0.7377,,True,completed
213302_443_0,pkw,27751.0,27816.0,65.0,,437.322,22.0,22.0,43.0,39.58,,,0.3385,0.6615,,True,completed
202100_438_0,pkw,27765.0,27818.0,53.0,,432.887,14.0,14.0,39.0,24.176,,,0.2642,0.7358,,True,completed
211205_442_0,pkw,27766.0,27819.0,53.0,,449.712,11.0,11.0,42.0,19.199,,,0.2075,0.7925,,True,completed
182295_431_0,pkw,27768.0,27821.0,53.0,,454.13,9.0,9.0,44.0,18.657,,,0.1698,0.8302,,True,completed
170077_426_0,pkw,27718.0,27823.0,105.0,,163.424,54.0,55.0,50.0,94.748,,,0.5238,0.4762,,True,completed
143000_415_0,pkw,27731.0,27825.0,94.0,,152.469,49.0,49.0,45.0,84.766,,,0.5213,0.4787,,True,completed
219025_446_0,pkw,27792.0,27827.0,35.0,,161.965,6.0,7.0,28.0,24.025,,,0.2,0.8,,True,completed
140435_414_0,pkw,27796.0,27831.0,35.0,,192.189,15.0,15.0,20.0,24.757,,,0.4286,0.5714,,True,completed
196961_436_0,pkw,27798.0,27831.0,33.0,,196.379,14.0,14.0,19.0,22.429,,,0.4242,0.5758,,True,completed
157354_421_0,pkw,27804.0,27832.0,28.0,,184.269,5.0,5.0,23.0,18.05,,,0.1786,0.8214,,True,completed
134094_411_0,pkw,27811.0,27833.0,22.0,,195.179,0.0,1.0,21.0,11.828,,,0.0455,0.9545,,True,completed
241723_452_0,pkw,27815.0,27834.0,19.0,,193.757,0.0,0.0,19.0,9.553,,,0.0,1.0,,True,completed
244628_453_0,pkw,27818.0,27835.0,17.0,,185.51,0.0,0.0,17.0,6.394,,,0.0,1.0,,True,completed
142640_415_0,pkw,27821.0,27837.0,16.0,,194.803,0.0,0.0,16.0,4.675,,,0.0,1.0,,True,completed
208046_441_0,pkw,27776.0,27850.0,74.0,,426.436,27.0,27.0,47.0,41.954,,,0.3649,0.6351,,True,completed
203697_439_0,pkw,27753.0,27851.0,98.0,,432.641,50.0,50.0,48.0,64.719,,,0.5102,0.4898,,True,completed
261734_461_0,pkw,27784.0,27852.0,68.0,,429.75,22.0,22.0,46.0,37.908,,,0.3235,0.6765,,True,completed
192037_435_0,pkw,27757.0,27853.0,96.0,,439.273,46.0,46.0,50.0,62.061,,,0.4792,0.5208,,True,completed
252867_458_0,pkw,27759.0,27854.0,95.0,,430.395,44.0,44.0,51.0,63.677,,,0.4632,0.5368,,True,completed
118292_405_0,pkw,27842.0,27855.0,13.0,,146.204,0.0,0.0,13.0,1.054,,,0.0,1.0,,True,completed
193845_435_0,pkw,27769.0,27856.0,87.0,,439.631,40.0,40.0,47.0,58.716,,,0.4598,0.5402,,True,completed
216121_445_0,pkw,27787.0,27856.0,69.0,,463.174,20.0,20.0,49.0,40.775,,,0.2899,0.7101,,True,completed
223231_449_0,pkw,27788.0,27857.0,69.0,,425.591,20.0,20.0,49.0,32.862,,,0.2899,0.7101,,True,completed
85760_390_0,pkw,27844.0,27857.0,13.0,,153.816,0.0,0.0,13.0,2.3,,,0.0,1.0,,True,completed
196263_436_0,pkw,27829.0,27861.0,32.0,,460.232,0.0,0.0,32.0,1.49,,,0.0,1.0,,True,completed
196953_436_0,pkw,27827.0,27871.0,44.0,,199.277,26.0,26.0,18.0,33.366,,,0.5909,0.4091,,True,completed
219770_447_0,pkw,27823.0,27871.0,48.0,,193.384,27.0,27.0,21.0,36.53,,,0.5625,0.4375,,True,completed
188890_434_0,pkw,27829.0,27873.0,44.0,,199.124,25.0,25.0,19.0,33.842,,,0.5682,0.4318,,True,completed
191823_435_0,pkw,27836.0,27873.0,37.0,,192.396,13.0,13.0,24.0,25.62,,,0.3514,0.6486,,True,completed
212053_442_0,pkw,27839.0,27874.0,35.0,,436.381,0.0,0.0,35.0,1.893,,,0.0,1.0,,True,completed
215445_445_0,pkw,27849.0,27874.0,25.0,,188.009,2.0,3.0,22.0,15.663,,,0.12,0.88,,True,completed
240674_452_0,pkw,27841.0,27875.0,34.0,,203.464,9.0,10.0,24.0,22.965,,,0.2941,0.7059,,True,completed
149367_417_0,pkw,27852.0,27876.0,24.0,,194.059,0.0,0.0,24.0,12.16,,,0.0,1.0,,True,completed
245459_454_0,pkw,27860.0,27877.0,17.0,,186.192,0.0,0.0,17.0,5.844,,,0.0,1.0,,True,completed
262023_461_0,pkw,27844.0,27877.0,33.0,,178.834,8.0,8.0,25.0,21.285,,,0.2424,0.7576,,True,completed
166906_424_0,pkw,27856.0,27878.0,22.0,,199.622,0.0,1.0,21.0,10.832,,,0.0455,0.9545,,True,completed
200401_437_0,pkw,27862.0,27879.0,17.0,,198.261,0.0,0.0,17.0,4.99,,,0.0,1.0,,True,completed
114529_402_0,pkw,27870.0,27882.0,12.0,,172.303,0.0,0.0,12.0,1.475,,,0.0,1.0,,True,completed
238407_451_0,pkw,27792.0,27890.0,98.0,,430.609,49.0,49.0,49.0,65.282,,,0.5,0.5,,True,completed
179656_430_0,pkw,27801.0,27891.0,90.0,,424.532,46.0,46.0,44.0,59.598,,,0.5111,0.4889,,True,completed
225137_449_0,pkw,27771.0,27891.0,120.0,,446.761,64.0,64.0,56.0,85.212,,,0.5333,0.4667,,True,completed
184237_431_0,pkw,27773.0,27892.0,119.0,,435.03,60.0,60.0,59.0,91.328,,,0.5042,0.4958,,True,completed
237810_451_0,pkw,27805.0,27893.0,88.0,,424.696,43.0,43.0,45.0,54.473,,,0.4886,0.5114,,True,completed
77659_386_0,pkw,27775.0,27894.0,119.0,,440.76,56.0,56.0,63.0,89.682,,,0.4706,0.5294,,True,completed
198676_436_0,pkw,27778.0,27896.0,118.0,,443.972,53.0,53.0,65.0,82.519,,,0.4492,0.5508,,True,completed
262726_462_0,pkw,27814.0,27896.0,82.0,,422.781,35.0,35.0,47.0,53.324,,,0.4268,0.5732,,True,completed
269546_465_0,pkw,27812.0,27896.0,84.0,,462.37,38.0,38.0,46.0,54.268,,,0.4524,0.5476,,True,completed
231519_451_0,pkw,27786.0,27897.0,111.0,,434.338,51.0,51.0,60.0,82.639,,,0.4595,0.5405,,True,completed
190180_434_0,pkw,27889.0,27909.0,20.0,,144.848,2.0,2.0,18.0,9.541,,,0.1,0.9,,True,completed
109459_401_0,pkw,27874.0,27911.0,37.0,,194.954,17.0,17.0,20.0,24.324,,,0.4595,0.5405,,True,completed
211632_442_0,pkw,27872.0,27911.0,39.0,,199.776,20.0,20.0,19.0,28.646,,,0.5128,0.4872,,True,completed
150838_418_0,pkw,27895.0,27912.0,17.0,,178.693,0.0,0.0,17.0,7.019,,,0.0,1.0,,True,completed
163322_422_0,pkw,27881.0,27912.0,31.0,,186.464,7.0,8.0,23.0,20.14,,,0.2581,0.7419,,True,completed
112564_401_0,pkw,27900.0,27914.0,14.0,,188.541,0.0,0.0,14.0,4.921,,,0.0,1.0,,True,completed
261319_461_0,pkw,27884.0,27915.0,31.0,,202.667,7.0,7.0,24.0,19.095,,,0.2258,0.7742,,True,completed
212613_443_0,pkw,27878.0,27917.0,39.0,,172.761,15.0,15.0,24.0,25.382,,,0.3846,0.6154,,True,completed
144378_416_0,pkw,27879.0,27919.0,40.0,,194.059,16.0,16.0,24.0,29.078,,,0.4,0.6,,True,completed
235489_451_0,pkw,27887.0,27920.0,33.0,,184.808,6.0,6.0,27.0,21.977,,,0.1818,0.8182,,True,completed
248908_456_0,pkw,27897.0,27922.0,25.0,,194.882,0.0,0.0,25.0,13.305,,,0.0,1.0,,True,completed
141260_415_0,pkw,27793.0,27929.0,136.0,,427.148,73.0,73.0,63.0,108.538,,,0.5368,0.4632,,True,completed
184591_431_0,pkw,27816.0,27930.0,114.0,,431.57,63.0,63.0,51.0,84.864,,,0.5526,0.4474,,True,completed
180849_431_0,pkw,27795.0,27932.0,137.0,,438.373,70.0,72.0,65.0,104.112,,,0.5255,0.4745,,True,completed
236097_451_0,pkw,27804.0,27934.0,130.0,,442.167,69.0,69.0,61.0,92.47,,,0.5308,0.4692,,True,completed
248573_456_0,pkw,27827.0,27934.0,107.0,,436.248,52.0,52.0,55.0,78.184,,,0.486,0.514,,True,completed
210990_442_0,pkw,27807.0,27935.0,128.0,,429.51,69.0,69.0,59.0,98.804,,,0.5391,0.4609,,True,completed
241913_452_0,pkw,27886.0,27936.0,50.0,,461.071,8.0,8.0,42.0,20.586,,,0.16,0.84,,True,completed
213088_443_0,pkw,27809.0,27937.0,128.0,,439.511,65.0,65.0,63.0,95.54,,,0.5078,0.4922,,True,completed
230168_450_0,pkw,27913.0,27950.0,37.0,,188.745,18.0,18.0,19.0,25.023,,,0.4865,0.5135,,True,completed
110772_401_0,pkw,27920.0,27951.0,31.0,,200.35,11.0,11.0,20.0,18.868,,,0.3548,0.6452,,True,completed
210089_441_0,pkw,27823.0,27951.0,128.0,,702.459,52.0,56.0,72.0,81.012,,,0.4375,0.5625,,True,completed
198494_436_0,pkw,27927.0,27952.0,25.0,,183.477,3.0,3.0,22.0,15.544,,,0.12,0.88,,True,completed
218049_446_0,pkw,27922.0,27952.0,30.0,,191.305,8.0,8.0,22.0,18.337,,,0.2667,0.7333,,True,completed
165327_423_0,pkw,27832.0,27953.0,121.0,,693.535,49.0,49.0,72.0,75.566,,,0.405,0.595,,True,completed
54426_371_0,pkw,27928.0,27954.0,26.0,,198.646,5.0,5.0,21.0,14.821,,,0.1923,0.8077,,True,completed
222452_448_0,pkw,27834.0,27959.0,125.0,,694.963,48.0,48.0,77.0,71.183,,,0.384,0.616,,True,completed
131349_410_0,pkw,27811.0,27970.0,159.0,,438.301,71.0,88.0,71.0,124.795,,,0.5535,0.4465,,True,completed
241894_452_0,pkw,27847.0,27971.0,124.0,,433.149,69.0,69.0,55.0,92.051,,,0.5565,0.4435,,True,completed
213498_444_0,pkw,27852.0,27972.0,120.0,,432.66,64.0,64.0,56.0,87.215,,,0.5333,0.4667,,True,completed
233479_451_0,pkw,27813.0,27972.0,159.0,,428.016,68.0,84.0,75.0,130.769,,,0.5283,0.4717,,True,completed
190075_434_0,pkw,27851.0,27974.0,123.0,,428.339,58.0,58.0,65.0,87.537,,,0.4715,0.5285,,True,completed
232421_451_0,pkw,27815.0,27974.0,159.0,,434.406,66.0,83.0,76.0,126.181,,,0.522,0.478,,True,completed
244285_453_0,pkw,27817.0,27976.0,159.0,,441.128,64.0,81.0,78.0,126.672,,,0.5094,0.4906,,True,completed
264022_463_0,pkw,27864.0,27976.0,112.0,,435.015,51.0,51.0,61.0,83.196,,,0.4554,0.5446,,True,completed
118864_405_0,pkw,27867.0,27977.0,110.0,,425.975,49.0,49.0,61.0,79.901,,,0.4455,0.5545,,True,completed
218695_446_0,pkw,27819.0,27978.0,159.0,,446.544,61.0,80.0,79.0,123.716,,,0.5031,0.4969,,True,completed
225089_449_0,pkw,27957.0,27991.0,34.0,,195.803,15.0,15.0,19.0,21.843,,,0.4412,0.5588,,True,completed
164980_423_0,pkw,27985.0,27996.0,11.0,,200.017,0.0,0.0,11.0,0.256,,,0.0,1.0,,True,completed
180378_430_0,pkw,27821.0,28010.0,189.0,,437.769,68.0,104.0,85.0,161.473,,,0.5503,0.4497,,True,completed
226991_450_0,pkw,27891.0,28011.0,120.0,,436.177,58.0,58.0,62.0,85.307,,,0.4833,0.5167,,True,completed
262601_462_0,pkw,27835.0,28012.0,177.0,,434.383,67.0,93.0,84.0,147.34,,,0.5254,0.4746,,True,completed
183959_431_0,pkw,27843.0,28014.0,171.0,,442.38,65.0,88.0,83.0,136.717,,,0.5146,0.4854,,True,completed
248160_455_0,pkw,27937.0,28014.0,77.0,,428.656,27.0,27.0,50.0,45.971,,,0.3506,0.6494,,True,completed
98961_396_0,pkw,27849.0,28015.0,166.0,,432.76,64.0,83.0,83.0,134.603,,,0.5,0.5,,True,completed
215528_445_0,pkw,27853.0,28017.0,164.0,,442.487,63.0,82.0,82.0,139.484,,,0.5,0.5,,True,completed
183954_431_0,pkw,27911.0,28032.0,121.0,,696.947,47.0,47.0,74.0,71.157,,,0.3884,0.6116,,True,completed
152741_419_0,pkw,27947.0,28037.0,90.0,,699.806,24.0,24.0,66.0,37.108,,,0.2667,0.7333,,True,completed
193139_435_0,pkw,27856.0,28050.0,194.0,,432.763,70.0,109.0,85.0,164.307,,,0.5619,0.4381,,True,completed
231031_450_0,pkw,27874.0,28052.0,178.0,,432.866,68.0,97.0,81.0,149.699,,,0.5449,0.4551,,True,completed
243275_452_0,pkw,27881.0,28054.0,173.0,,437.794,67.0,89.0,84.0,142.472,,,0.5145,0.4855,,True,completed
250378_456_0,pkw,27887.0,28056.0,169.0,,440.331,66.0,85.0,84.0,130.819,,,0.503,0.497,,True,completed
259376_461_0,pkw,27897.0,28057.0,160.0,,431.977,64.0,83.0,77.0,132.119,,,0.5188,0.4812,,True,completed
235200_451_0,pkw,28030.0,28071.0,41.0,,188.932,23.0,23.0,18.0,30.032,,,0.561,0.439,,True,completed
260867_461_0,pkw,28030.0,28071.0,41.0,,200.326,22.0,22.0,19.0,29.909,,,0.5366,0.4634,,True,completed
212453_443_0,pkw,28036.0,28073.0,37.0,,198.368,16.0,16.0,21.0,25.888,,,0.4324,0.5676,,True,completed
246710_455_0,pkw,28032.0,28074.0,42.0,,202.626,20.0,20.0,22.0,29.494,,,0.4762,0.5238,,True,completed
223553_449_0,pkw,28040.0,28075.0,35.0,,195.167,10.0,10.0,25.0,23.147,,,0.2857,0.7143,,True,completed
270405_465_0,pkw,28043.0,28076.0,33.0,,187.895,11.0,11.0,22.0,21.851,,,0.3333,0.6667,,True,completed
223854_449_0,pkw,28038.0,28077.0,39.0,,178.212,14.0,14.0,25.0,25.056,,,0.359,0.641,,True,completed
174994_428_0,pkw,28044.0,28078.0,34.0,,169.655,10.0,10.0,24.0,22.856,,,0.2941,0.7059,,True,completed
262563_462_0,pkw,28046.0,28080.0,34.0,,174.081,9.0,9.0,25.0,21.045,,,0.2647,0.7353,,True,completed
185436_432_0,pkw,28051.0,28082.0,31.0,,177.734,7.0,7.0,24.0,17.82,,,0.2258,0.7742,,True,completed
178886_430_0,pkw,28055.0,28083.0,28.0,,169.762,3.0,3.0,25.0,15.857,,,0.1071,0.8929,,True,completed
216920_446_0,pkw,28039.0,28090.0,51.0,,428.513,10.0,10.0,41.0,15.934,,,0.1961,0.8039,,True,completed
255723_460_0,pkw,27900.0,28090.0,190.0,,431.637,70.0,107.0,83.0,156.999,,,0.5632,0.4368,,True,completed
254314_459_0,pkw,27910.0,28092.0,182.0,,428.991,65.0,96.0,86.0,151.891,,,0.5275,0.4725,,True,completed
274349_467_0,pkw,28046.0,28092.0,46.0,,425.461,8.0,8.0,38.0,14.394,,,0.1739,0.8261,,True,completed
135934_411_0,pkw,27925.0,28094.0,169.0,,439.745,66.0,84.0,85.0,142.222,,,0.497,0.503,,True,completed
204235_440_0,pkw,27927.0,28096.0,169.0,,446.164,63.0,81.0,88.0,140.139,,,0.4793,0.5207,,True,completed
124843_406_0,pkw,28045.0,28097.0,52.0,,449.586,8.0,8.0,44.0,20.655,,,0.1538,0.8462,,True,completed
227464_450_0,pkw,28091.0,28102.0,11.0,,168.836,0.0,0.0,11.0,0.808,,,0.0,1.0,,True,completed
206926_441_0,pkw,28061.0,28103.0,42.0,,464.574,0.0,0.0,42.0,6.75,,,0.0,1.0,,True,completed
175166_428_0,pkw,28079.0,28111.0,32.0,,182.856,13.0,13.0,19.0,21.397,,,0.4062,0.5938,,True,completed
247873_455_0,pkw,28062.0,28111.0,49.0,,185.116,20.0,20.0,29.0,39.011,,,0.4082,0.5918,,True,completed
234102_451_0,pkw,28072.0,28113.0,41.0,,196.336,18.0,18.0,23.0,30.532,,,0.439,0.561,,True,completed
169791_426_0,pkw,28059.0,28114.0,55.0,,188.738,27.0,27.0,28.0,45.039,,,0.4909,0.5091,,True,completed
188229_433_0,pkw,28076.0,28115.0,39.0,,200.999,17.0,17.0,22.0,29.349,,,0.4359,0.5641,,True,completed
120613_405_0,pkw,28048.0,28116.0,68.0,,693.183,5.0,5.0,63.0,14.474,,,0.0735,0.9265,,True,completed
186635_432_0,pkw,28073.0,28117.0,44.0,,190.926,17.0,17.0,27.0,30.532,,,0.3864,0.6136,,True,completed
144723_416_0,pkw,28053.0,28118.0,65.0,,693.725,2.0,2.0,63.0,19.195,,,0.0308,0.9692,,True,completed
200207_437_0,pkw,28051.0,28118.0,67.0,,697.974,3.0,3.0,64.0,12.594,,,0.0448,0.9552,,True,completed
239610_451_0,pkw,28092.0,28119.0,27.0,,168.485,3.0,4.0,23.0,16.237,,,0.1481,0.8519,,True,completed
243994_453_0,pkw,28071.0,28119.0,48.0,,197.524,17.0,17.0,31.0,36.987,,,0.3542,0.6458,,True,completed
159488_421_0,pkw,28055.0,28121.0,66.0,,695.933,1.0,1.0,65.0,13.39,,,0.0152,0.9848,,True,completed
255757_460_0,pkw,28117.0,28128.0,11.0,,147.379,0.0,0.0,11.0,0.736,,,0.0,1.0,,True,completed
239308_451_0,pkw,27935.0,28130.0,195.0,,436.142,73.0,108.0,87.0,159.592,,,0.5538,0.4462,,True,completed
246348_454_0,pkw,28057.0,28131.0,74.0,,429.053,21.0,21.0,53.0,35.891,,,0.2838,0.7162,,True,completed
190724_435_0,pkw,28054.0,28132.0,78.0,,440.486,29.0,29.0,49.0,47.67,,,0.3718,0.6282,,True,completed
274043_467_0,pkw,27944.0,28132.0,188.0,,445.128,71.0,104.0,84.0,155.258,,,0.5532,0.4468,,True,completed
216447_445_0,pkw,28068.0,28134.0,66.0,,453.219,19.0,19.0,47.0,27.292,,,0.2879,0.7121,,True,completed
269667_465_0,pkw,27946.0,28134.0,188.0,,443.426,68.0,98.0,90.0,149.001,,,0.5213,0.4787,,True,completed
213148_443_0,pkw,28048.0,28135.0,87.0,,449.308,35.0,35.0,52.0,50.794,,,0.4023,0.5977,,True,completed
78515_387_0,pkw,27950.0,28135.0,185.0,,434.986,66.0,98.0,87.0,156.318,,,0.5297,0.4703,,True,completed
213750_444_0,pkw,28070.0,28136.0,66.0,,459.749,17.0,17.0,49.0,33.231,,,0.2576,0.7424,,True,completed
251062_457_0,pkw,28074.0,28136.0,62.0,,425.093,17.0,17.0,45.0,29.111,,,0.2742,0.7258,,True,completed
252528_458_0,pkw,28061.0,28136.0,75.0,,451.764,26.0,26.0,49.0,44.063,,,0.3467,0.6533,,True,completed
270659_466_0,pkw,27952.0,28137.0,185.0,,443.666,63.0,92.0,93.0,151.669,,,0.4973,0.5027,,True,completed
112058_401_0,pkw,28066.0,28138.0,72.0,,446.349,26.0,26.0,46.0,40.211,,,0.3611,0.6389,,True,completed
217155_446_0,pkw,28097.0,28143.0,46.0,,166.574,26.0,26.0,20.0,35.46,,,0.5652,0.4348,,True,completed
177303_429_0,pkw,28103.0,28144.0,41.0,,155.706,16.0,17.0,24.0,30.33,,,0.4146,0.5854,,True,completed
205604_440_0,pkw,28106.0,28146.0,40.0,,159.466,14.0,14.0,26.0,27.796,,,0.35,0.65,,True,completed
138457_412_0,pkw,28108.0,28148.0,40.0,,165.027,13.0,13.0,27.0,29.269,,,0.325,0.675,,True,completed
113553_402_0,pkw,28097.0,28151.0,54.0,,187.208,24.0,25.0,29.0,43.679,,,0.463,0.537,,True,completed
142017_415_0,pkw,28127.0,28151.0,24.0,,187.277,6.0,6.0,18.0,13.366,,,0.25,0.75,,True,completed
184328_431_0,pkw,28117.0,28155.0,38.0,,186.594,13.0,14.0,24.0,27.49,,,0.3684,0.6316,,True,completed
158820_421_0,pkw,28068.0,28169.0,101.0,,444.822,54.0,54.0,47.0,71.962,,,0.5347,0.4653,,True,completed
224883_449_0,pkw,28085.0,28170.0,85.0,,432.017,43.0,43.0,42.0,55.36,,,0.5059,0.4941,,True,completed
262168_462_0,pkw,27957.0,28171.0,214.0,,446.842,71.0,117.0,97.0,180.783,,,0.5467,0.4533,,True,completed
251011_457_0,pkw,27959.0,28172.0,213.0,,436.862,71.0,116.0,97.0,181.942,,,0.5446,0.4554,,True,completed
183196_431_0,pkw,27961.0,28174.0,213.0,,446.208,68.0,111.0,102.0,181.672,,,0.5211,0.4789,,True,completed
211385_442_0,pkw,28081.0,28174.0,93.0,,433.717,32.0,32.0,61.0,48.848,,,0.3441,0.6559,,True,completed
250236_456_0,pkw,27989.0,28175.0,186.0,,430.547,66.0,101.0,85.0,157.941,,,0.543,0.457,,True,completed
253740_458_0,pkw,27991.0,28177.0,186.0,,437.559,64.0,98.0,88.0,155.954,,,0.5269,0.4731,,True,completed
98552_395_0,pkw,28075.0,28177.0,102.0,,444.753,45.0,45.0,57.0,66.668,,,0.4412,0.5588,,True,completed
138014_412_0,pkw,28131.0,28179.0,48.0,,444.281,1.0,1.0,47.0,14.674,,,0.0208,0.9792,,True,completed
197584_436_0,pkw,28128.0,28180.0,52.0,,444.517,4.0,5.0,47.0,15.098,,,0.0962,0.9038,,True,completed
277699_469_0,pkw,28119.0,28180.0,61.0,,154.523,29.0,30.0,31.0,50.56,,,0.4918,0.5082,,True,completed
143800_416_0,pkw,28103.0,28182.0,79.0,,465.375,29.0,29.0,50.0,44.092,,,0.3671,0.6329,,True,completed
158601_421_0,pkw,28105.0,28183.0,78.0,,451.367,26.0,26.0,52.0,45.937,,,0.3333,0.6667,,True,completed
229282_450_0,pkw,28148.0,28190.0,42.0,,185.391,21.0,21.0,21.0,31.869,,,0.5,0.5,,True,completed
192060_435_0,pkw,28156.0,28192.0,36.0,,193.701,15.0,15.0,21.0,24.115,,,0.4167,0.5833,,True,completed
169529_426_0,pkw,28163.0,28194.0,31.0,,195.922,8.0,8.0,23.0,20.597,,,0.2581,0.7419,,True,completed
283267_472_0,pkw,28164.0,28202.0,38.0,,435.166,0.0,0.0,38.0,2.205,,,0.0,1.0,,True,completed
115406_403_0,pkw,28134.0,28208.0,74.0,,446.602,30.0,30.0,44.0,46.073,,,0.4054,0.5946,,True,completed
194444_436_0,pkw,28109.0,28210.0,101.0,,427.742,49.0,49.0,52.0,69.171,,,0.4851,0.5149,,True,completed
243617_453_0,pkw,27993.0,28210.0,217.0,,442.723,69.0,121.0,96.0,185.062,,,0.5576,0.4424,,True,completed
205117_440_0,pkw,28140.0,28212.0,72.0,,445.866,26.0,26.0,46.0,43.585,,,0.3611,0.6389,,True,completed
226344_450_0,pkw,27996.0,28212.0,216.0,,440.68,68.0,116.0,100.0,189.066,,,0.537,0.463,,True,completed
162223_421_0,pkw,27998.0,28213.0,215.0,,429.506,68.0,115.0,100.0,183.62,,,0.5349,0.4651,,True,completed
157483_421_0,pkw,28146.0,28214.0,68.0,,443.09,24.0,24.0,44.0,41.406,,,0.3529,0.6471,,True,completed
265964_464_0,pkw,28136.0,28214.0,78.0,,445.489,27.0,27.0,51.0,44.647,,,0.3462,0.6538,,True,completed
208005_441_0,pkw,28000.0,28215.0,215.0,,432.689,66.0,112.0,103.0,186.013,,,0.5209,0.4791,,True,completed
202005_438_0,pkw,28144.0,28217.0,73.0,,442.335,25.0,25.0,48.0,40.683,,,0.3425,0.6575,,True,completed
237875_451_0,pkw,28122.0,28221.0,99.0,,456.796,38.0,38.0,61.0,61.911,,,0.3838,0.6162,,True,completed
248501_456_0,pkw,28124.0,28223.0,99.0,,465.393,36.0,36.0,63.0,67.007,,,0.3636,0.6364,,True,completed
189371_434_0,pkw,28126.0,28224.0,98.0,,457.375,34.0,34.0,64.0,71.23,,,0.3469,0.6531,,True,completed
243343_452_0,pkw,28203.0,28230.0,27.0,,189.211,8.0,8.0,19.0,16.476,,,0.2963,0.7037,,True,completed
270722_466_0,pkw,28199.0,28231.0,32.0,,433.098,0.0,0.0,32.0,1.179,,,0.0,1.0,,True,completed
128389_408_0,pkw,28217.0,28232.0,15.0,,185.624,0.0,0.0,15.0,0.525,,,0.0,1.0,,True,completed
192641_435_0,pkw,28205.0,28233.0,28.0,,202.683,5.0,6.0,22.0,15.164,,,0.2143,0.7857,,True,completed
136022_411_0,pkw,28193.0,28234.0,41.0,,426.825,0.0,0.0,41.0,7.355,,,0.0,1.0,,True,completed
164516_422_0,pkw,28220.0,28234.0,14.0,,193.2,0.0,0.0,14.0,2.806,,,0.0,1.0,,True,completed
102374_396_0,pkw,28224.0,28235.0,11.0,,144.946,0.0,0.0,11.0,0.36,,,0.0,1.0,,True,completed
138188_412_0,pkw,28224.0,28235.0,11.0,,187.744,0.0,0.0,11.0,0.417,,,0.0,1.0,,True,completed
193036_435_0,pkw,28222.0,28235.0,13.0,,183.478,0.0,0.0,13.0,2.764,,,0.0,1.0,,True,completed
153149_420_0,pkw,28197.0,28237.0,40.0,,436.306,0.0,0.0,40.0,4.723,,,0.0,1.0,,True,completed
214099_444_0,pkw,28203.0,28240.0,37.0,,438.265,0.0,0.0,37.0,2.087,,,0.0,1.0,,True,completed
233560_451_0,pkw,28128.0,28250.0,122.0,,432.997,54.0,54.0,68.0,95.179,,,0.4426,0.5574,,True,completed
237039_451_0,pkw,28003.0,28250.0,247.0,,437.708,73.0,137.0,110.0,217.268,,,0.5547,0.4453,,True,completed
221545_448_0,pkw,28152.0,28251.0,99.0,,452.754,49.0,49.0,50.0,70.081,,,0.4949,0.5051,,True,completed
247391_455_0,pkw,28005.0,28252.0,247.0,,437.897,69.0,133.0,114.0,213.791,,,0.5385,0.4615,,True,completed
193777_435_0,pkw,28158.0,28253.0,95.0,,448.927,44.0,44.0,51.0,68.666,,,0.4632,0.5368,,True,completed
171784_426_0,pkw,28007.0,28254.0,247.0,,441.257,67.0,128.0,119.0,214.482,,,0.5182,0.4818,,True,completed
186001_432_0,pkw,28154.0,28255.0,101.0,,447.555,46.0,46.0,55.0,69.33,,,0.4554,0.5446,,True,completed
201038_437_0,pkw,28150.0,28255.0,105.0,,451.617,49.0,49.0,56.0,68.923,,,0.4667,0.5333,,True,completed
235273_451_0,pkw,28009.0,28256.0,247.0,,439.925,65.0,127.0,120.0,218.961,,,0.5142,0.4858,,True,completed
228790_450_0,pkw,28011.0,28257.0,246.0,,430.206,65.0,126.0,120.0,213.387,,,0.5122,0.4878,,True,completed
244321_453_0,pkw,28215.0,28260.0,45.0,,458.215,0.0,0.0,45.0,11.58,,,0.0,1.0,,True,completed
180268_430_0,pkw,28210.0,28261.0,51.0,,466.898,2.0,2.0,49.0,13.861,,,0.0392,0.9608,,True,completed
251309_457_0,pkw,28138.0,28262.0,124.0,,457.095,56.0,56.0,68.0,89.999,,,0.4516,0.5484,,True,completed
240250_452_0,pkw,28137.0,28263.0,126.0,,428.227,48.0,48.0,78.0,85.576,,,0.381,0.619,,True,completed
241031_452_0,pkw,28244.0,28271.0,27.0,,191.108,6.0,6.0,21.0,14.607,,,0.2222,0.7778,,True,completed
156507_420_0,pkw,28214.0,28272.0,58.0,,436.816,20.0,20.0,38.0,30.229,,,0.3448,0.6552,,True,completed
269181_465_0,pkw,28211.0,28273.0,62.0,,435.505,23.0,23.0,39.0,29.599,,,0.371,0.629,,True,completed
285558_474_0,pkw,28237.0,28275.0,38.0,,437.285,0.0,1.0,37.0,7.845,,,0.0263,0.9737,,True,completed
243431_452_0,pkw,28216.0,28276.0,60.0,,428.469,19.0,19.0,41.0,32.281,,,0.3167,0.6833,,True,completed
209839_441_0,pkw,28207.0,28277.0,70.0,,435.424,25.0,25.0,45.0,33.166,,,0.3571,0.6429,,True,completed
177103_429_0,pkw,28212.0,28278.0,66.0,,435.991,22.0,22.0,44.0,37.291,,,0.3333,0.6667,,True,completed
289688_477_0,pkw,28241.0,28284.0,43.0,,430.819,0.0,1.0,42.0,4.386,,,0.0233,0.9767,,True,completed
222821_448_0,pkw,28172.0,28289.0,117.0,,441.617,54.0,64.0,53.0,90.505,,,0.547,0.453,,True,completed
183270_431_0,pkw,28031.0,28290.0,259.0,,435.777,70.0,143.0,116.0,226.223,,,0.5521,0.4479,,True,completed
230732_450_0,pkw,28162.0,28290.0,128.0,,447.339,53.0,73.0,55.0,97.124,,,0.5703,0.4297,,True,completed
224682_449_0,pkw,28147.0,28291.0,144.0,,429.847,65.0,68.0,76.0,110.541,,,0.4722,0.5278,,True,completed
204088_439_0,pkw,28033.0,28292.0,259.0,,444.314,67.0,141.0,118.0,225.37,,,0.5444,0.4556,,True,completed
228010_450_0,pkw,28166.0,28292.0,126.0,,429.214,61.0,61.0,65.0,94.167,,,0.4841,0.5159,,True,completed
240589_452_0,pkw,28263.0,28292.0,29.0,,147.098,9.0,10.0,19.0,18.449,,,0.3448,0.6552,,True,completed
270102_465_0,pkw,28036.0,28293.0,257.0,,429.499,67.0,136.0,121.0,224.567,,,0.5292,0.4708,,True,completed
185690_432_0,pkw,28169.0,28294.0,125.0,,429.16,56.0,56.0,69.0,93.047,,,0.448,0.552,,True,completed
161686_421_0,pkw,28189.0,28295.0,106.0,,442.895,49.0,49.0,57.0,74.381,,,0.4623,0.5377,,True,completed
211579_442_0,pkw,28039.0,28295.0,256.0,,436.377,66.0,136.0,120.0,220.651,,,0.5312,0.4688,,True,completed
177898_430_0,pkw,28041.0,28297.0,256.0,,446.47,63.0,132.0,124.0,224.253,,,0.5156,0.4844,,True,completed
168779_425_0,pkw,28175.0,28298.0,123.0,,464.391,53.0,53.0,70.0,88.021,,,0.4309,0.5691,,True,completed
207751_441_0,pkw,28289.0,28300.0,11.0,,168.044,0.0,0.0,11.0,0.694,,,0.0,1.0,,True,completed
224664_449_0,pkw,28257.0,28310.0,53.0,,431.524,18.0,18.0,35.0,23.813,,,0.3396,0.6604,,True,completed
269273_465_0,pkw,28279.0,28311.0,32.0,,201.872,14.0,14.0,18.0,20.456,,,0.4375,0.5625,,True,completed
132229_410_0,pkw,28270.0,28312.0,42.0,,432.951,1.0,2.0,40.0,12.774,,,0.0476,0.9524,,True,completed
146134_416_0,pkw,28285.0,28312.0,27.0,,196.799,8.0,8.0,19.0,15.4,,,0.2963,0.7037,,True,completed
120205_405_0,pkw,28272.0,28314.0,42.0,,427.875,3.0,3.0,39.0,12.713,,,0.0714,0.9286,,True,completed
265825_464_0,pkw,28283.0,28314.0,31.0,,203.061,6.0,6.0,25.0,18.783,,,0.1935,0.8065,,True,completed
106740_399_0,pkw,28293.0,28315.0,22.0,,191.797,0.0,0.0,22.0,11.664,,,0.0,1.0,,True,completed
263319_462_0,pkw,28286.0,28315.0,29.0,,203.135,7.0,7.0,22.0,17.403,,,0.2414,0.7586,,True,completed
209686_441_0,pkw,28301.0,28317.0,16.0,,201.325,0.0,0.0,16.0,5.344,,,0.0,1.0,,True,completed
212076_442_0,pkw,28259.0,28317.0,58.0,,437.163,13.0,13.0,45.0,20.446,,,0.2241,0.7759,,True,completed
241118_452_0,pkw,28043.0,28330.0,287.0,,438.43,71.0,156.0,131.0,248.013,,,0.5436,0.4564,,True,completed
153510_420_0,pkw,28190.0,28331.0,141.0,,428.639,71.0,72.0,69.0,106.628,,,0.5106,0.4894,,True,completed
232786_451_0,pkw,28195.0,28332.0,137.0,,428.146,69.0,70.0,67.0,104.219,,,0.5109,0.4891,,True,completed
242389_452_0,pkw,28046.0,28332.0,286.0,,439.54,68.0,153.0,133.0,244.102,,,0.535,0.465,,True,completed
244056_453_0,pkw,28281.0,28333.0,52.0,,442.993,11.0,11.0,41.0,20.278,,,0.2115,0.7885,,True,completed
268385_465_0,pkw,28048.0,28334.0,286.0,,441.29,68.0,150.0,136.0,258.748,,,0.5245,0.4755,,True,completed
237469_451_0,pkw,28050.0,28335.0,285.0,,433.686,66.0,145.0,140.0,255.29,,,0.5088,0.4912,,True,completed
177745_430_0,pkw,28291.0,28337.0,46.0,,450.583,5.0,5.0,41.0,16.068,,,0.1087,0.8913,,True,completed
203186_439_0,pkw,28052.0,28337.0,285.0,,438.903,63.0,141.0,144.0,257.6,,,0.4947,0.5053,,True,completed
223379_449_0,pkw,28314.0,28338.0,24.0,,154.779,1.0,1.0,23.0,15.178,,,0.0417,0.9583,,True,completed
238695_451_0,pkw,28288.0,28339.0,51.0,,447.553,5.0,5.0,46.0,16.45,,,0.098,0.902,,True,completed
254616_459_0,pkw,28319.0,28340.0,21.0,,162.841,0.0,0.0,21.0,9.947,,,0.0,1.0,,True,completed
251039_457_0,pkw,28215.0,28342.0,127.0,,455.396,63.0,64.0,63.0,96.769,,,0.5039,0.4961,,True,completed
117127_404_0,pkw,28220.0,28344.0,124.0,,457.726,57.0,57.0,67.0,91.646,,,0.4597,0.5403,,True,completed
166643_424_0,pkw,28237.0,28345.0,108.0,,449.518,50.0,50.0,58.0,79.386,,,0.463,0.537,,True,completed
250663_456_0,pkw,28241.0,28347.0,106.0,,459.35,47.0,47.0,59.0,75.581,,,0.4434,0.5566,,True,completed
274645_467_0,pkw,28310.0,28348.0,38.0,,352.616,5.0,5.0,33.0,14.378,,,0.1316,0.8684,,True,completed
81814_389_0,pkw,28305.0,28349.0,44.0,,428.069,9.0,9.0,35.0,16.042,,,0.2045,0.7955,,True,completed
274709_467_0,pkw,28330.0,28351.0,21.0,,190.66,2.0,2.0,19.0,11.187,,,0.0952,0.9048,,True,completed
75163_386_0,pkw,28310.0,28351.0,41.0,,431.077,3.0,3.0,38.0,13.004,,,0.0732,0.9268,,True,completed
275618_468_0,pkw,28332.0,28352.0,20.0,,186.435,2.0,2.0,18.0,9.522,,,0.1,0.9,,True,completed
219724_447_0,pkw,28302.0,28353.0,51.0,,438.252,12.0,12.0,39.0,18.702,,,0.2353,0.7647,,True,completed
253347_458_0,pkw,28312.0,28356.0,44.0,,434.328,1.0,2.0,42.0,13.548,,,0.0455,0.9545,,True,completed
238318_451_0,pkw,28315.0,28357.0,42.0,,426.304,0.0,0.0,42.0,12.726,,,0.0,1.0,,True,completed
227886_450_0,pkw,28304.0,28362.0,58.0,,436.144,10.0,10.0,48.0,18.095,,,0.1724,0.8276,,True,completed
185099_432_0,pkw,28072.0,28370.0,298.0,,429.692,69.0,156.0,142.0,267.143,,,0.5235,0.4765,,True,completed
260001_461_0,pkw,28298.0,28370.0,72.0,,444.897,24.0,24.0,48.0,44.848,,,0.3333,0.6667,,True,completed
141639_415_0,pkw,28296.0,28371.0,75.0,,442.272,28.0,28.0,47.0,43.513,,,0.3733,0.6267,,True,completed
277750_469_0,pkw,28262.0,28371.0,109.0,,432.101,48.0,48.0,61.0,79.964,,,0.4404,0.5596,,True,completed
127493_407_0,pkw,28079.0,28373.0,294.0,,446.585,67.0,152.0,142.0,263.709,,,0.517,0.483,,True,completed
238062_451_0,pkw,28084.0,28374.0,290.0,,435.823,66.0,152.0,138.0,261.126,,,0.5241,0.4759,,True,completed
214892_445_0,pkw,28303.0,28375.0,72.0,,441.23,24.0,24.0,48.0,40.117,,,0.3333,0.6667,,True,completed
259707_461_0,pkw,28090.0,28376.0,286.0,,443.483,65.0,149.0,137.0,255.438,,,0.521,0.479,,True,completed
162803_422_0,pkw,28355.0,28377.0,22.0,,152.847,4.0,4.0,18.0,10.837,,,0.1818,0.8182,,True,completed
169086_425_0,pkw,28305.0,28377.0,72.0,,447.429,24.0,24.0,48.0,45.432,,,0.3333,0.6667,,True,completed
226520_450_0,pkw,28096.0,28377.0,281.0,,434.005,63.0,141.0,140.0,248.282,,,0.5018,0.4982,,True,completed
120533_405_0,pkw,28335.0,28378.0,43.0,,458.851,0.0,0.0,43.0,5.951,,,0.0,1.0,,True,completed
258714_461_0,pkw,28266.0,28382.0,116.0,,448.598,48.0,48.0,68.0,82.21,,,0.4138,0.5862,,True,completed
198061_436_0,pkw,28357.0,28391.0,34.0,,201.307,14.0,14.0,20.0,24.028,,,0.4118,0.5882,,True,completed
206378_440_0,pkw,28321.0,28391.0,70.0,,435.383,26.0,26.0,44.0,40.169,,,0.3714,0.6286,,True,completed
272079_466_0,pkw,28345.0,28391.0,46.0,,395.102,10.0,10.0,36.0,20.348,,,0.2174,0.7826,,True,completed
270291_465_0,pkw,28358.0,28392.0,34.0,,185.847,10.0,10.0,24.0,23.475,,,0.2941,0.7059,,True,completed
144547_416_0,pkw,28325.0,28394.0,69.0,,437.547,28.0,28.0,41.0,34.914,,,0.4058,0.5942,,True,completed
237644_451_0,pkw,28375.0,28394.0,19.0,,193.587,0.0,1.0,18.0,8.116,,,0.0526,0.9474,,True,completed
99139_396_0,pkw,28338.0,28394.0,56.0,,429.826,14.0,15.0,41.0,25.07,,,0.2679,0.7321,,True,completed
274220_467_0,pkw,28335.0,28395.0,60.0,,429.866,17.0,18.0,42.0,27.167,,,0.3,0.7,,True,completed
260340_461_0,pkw,28348.0,28396.0,48.0,,436.327,6.0,7.0,41.0,20.903,,,0.1458,0.8542,,True,completed
143117_415_0,pkw,28352.0,28397.0,45.0,,426.962,4.0,4.0,41.0,17.628,,,0.0889,0.9111,,True,completed
251226_457_0,pkw,28339.0,28397.0,58.0,,435.987,15.0,15.0,43.0,26.2,,,0.2586,0.7414,,True,completed
170152_426_0,pkw,28352.0,28398.0,46.0,,428.193,4.0,5.0,41.0,15.418,,,0.1087,0.8913,,True,completed
100634_396_0,pkw,28107.0,28410.0,303.0,,432.187,71.0,158.0,145.0,274.729,,,0.5215,0.4785,,True,completed
235218_451_0,pkw,28310.0,28412.0,102.0,,449.933,52.0,52.0,50.0,71.562,,,0.5098,0.4902,,True,completed
267784_465_0,pkw,28112.0,28412.0,300.0,,438.279,68.0,156.0,144.0,270.537,,,0.52,0.48,,True,completed
240148_452_0,pkw,28312.0,28413.0,101.0,,441.937,49.0,49.0,52.0,72.374,,,0.4851,0.5149,,True,completed
260221_461_0,pkw,28130.0,28414.0,284.0,,441.748,65.0,151.0,133.0,250.348,,,0.5317,0.4683,,True,completed
109174_400_0,pkw,28375.0,28415.0,40.0,,147.797,21.0,21.0,19.0,31.972,,,0.525,0.475,,True,completed
241599_452_0,pkw,28133.0,28415.0,282.0,,433.072,66.0,152.0,130.0,251.466,,,0.539,0.461,,True,completed
196786_436_0,pkw,28323.0,28416.0,93.0,,447.143,41.0,41.0,52.0,63.609,,,0.4409,0.5591,,True,completed
273435_466_0,pkw,28307.0,28416.0,109.0,,453.668,53.0,53.0,56.0,71.269,,,0.4862,0.5138,,True,completed
217016_446_0,pkw,28315.0,28417.0,102.0,,446.036,48.0,48.0,54.0,70.52,,,0.4706,0.5294,,True,completed
207277_441_0,pkw,28380.0,28418.0,38.0,,166.145,18.0,18.0,20.0,27.674,,,0.4737,0.5263,,True,completed
250322_456_0,pkw,28363.0,28431.0,68.0,,428.823,29.0,29.0,39.0,37.581,,,0.4265,0.5735,,True,completed
274061_467_0,pkw,28406.0,28431.0,25.0,,195.859,6.0,6.0,19.0,15.037,,,0.24,0.76,,True,completed
240015_452_0,pkw,28421.0,28432.0,11.0,,183.933,0.0,0.0,11.0,1.832,,,0.0,1.0,,True,completed
277666_469_0,pkw,28367.0,28434.0,67.0,,429.696,25.0,25.0,42.0,33.083,,,0.3731,0.6269,,True,completed
139595_413_0,pkw,28369.0,28436.0,67.0,,429.33,25.0,25.0,42.0,32.66,,,0.3731,0.6269,,True,completed
217238_446_0,pkw,28372.0,28436.0,64.0,,433.77,23.0,23.0,41.0,31.51,,,0.3594,0.6406,,True,completed
87483_391_0,pkw,28425.0,28436.0,11.0,,195.517,0.0,0.0,11.0,0.324,,,0.0,1.0,,True,completed
183233_431_0,pkw,28373.0,28437.0,64.0,,426.075,21.0,21.0,43.0,34.132,,,0.3281,0.6719,,True,completed
245482_454_0,pkw,28371.0,28438.0,67.0,,433.093,23.0,23.0,44.0,32.791,,,0.3433,0.6567,,True,completed
273089_466_0,pkw,28399.0,28440.0,41.0,,170.092,17.0,17.0,24.0,30.243,,,0.4146,0.5854,,True,completed
198636_436_0,pkw,28377.0,28444.0,67.0,,430.91,20.0,20.0,47.0,28.0,,,0.2985,0.7015,,True,completed
226009_450_0,pkw,28388.0,28444.0,56.0,,437.975,10.0,11.0,45.0,18.815,,,0.1964,0.8036,,True,completed
273407_466_0,pkw,28135.0,28450.0,315.0,,439.562,73.0,176.0,139.0,288.589,,,0.5587,0.4413,,True,completed
175195_428_0,pkw,28407.0,28451.0,44.0,,456.046,6.0,6.0,38.0,13.917,,,0.1364,0.8636,,True,completed
245027_453_0,pkw,28326.0,28451.0,125.0,,453.243,53.0,67.0,58.0,93.634,,,0.536,0.464,,True,completed
165863_424_0,pkw,28328.0,28452.0,124.0,,444.836,52.0,66.0,58.0,95.052,,,0.5323,0.4677,,True,completed
180968_431_0,pkw,28171.0,28452.0,281.0,,436.913,70.0,155.0,126.0,253.232,,,0.5516,0.4484,,True,completed
223164_449_0,pkw,28395.0,28453.0,58.0,,157.115,29.0,29.0,29.0,49.237,,,0.5,0.5,,True,completed
198097_436_0,pkw,28173.0,28454.0,281.0,,433.316,69.0,149.0,132.0,245.752,,,0.5302,0.4698,,True,completed
236914_451_0,pkw,28177.0,28456.0,279.0,,441.242,66.0,145.0,134.0,244.121,,,0.5197,0.4803,,True,completed
122475_406_0,pkw,28193.0,28457.0,264.0,,432.141,65.0,135.0,129.0,233.833,,,0.5114,0.4886,,True,completed
190487_434_0,pkw,28412.0,28457.0,45.0,,154.869,23.0,23.0,22.0,34.911,,,0.5111,0.4889,,True,completed
282984_472_0,pkw,28408.0,28457.0,49.0,,450.282,3.0,4.0,45.0,17.048,,,0.0816,0.9184,,True,completed
261765_461_0,pkw,28413.0,28458.0,45.0,,442.446,2.0,2.0,43.0,14.859,,,0.0444,0.9556,,True,completed
206948_441_0,pkw,28349.0,28460.0,111.0,,445.753,49.0,49.0,62.0,73.299,,,0.4414,0.5586,,True,completed
244831_453_0,pkw,28434.0,28471.0,37.0,,194.565,19.0,19.0,18.0,25.766,,,0.5135,0.4865,,True,completed
274394_467_0,pkw,28446.0,28472.0,26.0,,190.017,7.0,7.0,19.0,14.909,,,0.2692,0.7308,,True,completed
257226_460_0,pkw,28434.0,28473.0,39.0,,410.959,1.0,1.0,38.0,10.571,,,0.0256,0.9744,,True,completed
140549_414_0,pkw,28449.0,28474.0,25.0,,191.996,5.0,5.0,20.0,14.864,,,0.2,0.8,,True,completed
221062_448_0,pkw,28392.0,28474.0,82.0,,430.153,32.0,33.0,49.0,48.985,,,0.4024,0.5976,,True,completed
234716_451_0,pkw,28400.0,28475.0,75.0,,432.578,28.0,28.0,47.0,43.858,,,0.3733,0.6267,,True,completed
252235_457_0,pkw,28438.0,28475.0,37.0,,178.964,14.0,14.0,23.0,27.21,,,0.3784,0.6216,,True,completed
219097_446_0,pkw,28395.0,28476.0,81.0,,430.285,30.0,31.0,50.0,45.111,,,0.3827,0.6173,,True,completed
282723_472_0,pkw,28443.0,28476.0,33.0,,400.144,0.0,0.0,33.0,4.725,,,0.0,1.0,,True,completed
273064_466_0,pkw,28417.0,28477.0,60.0,,401.204,12.0,12.0,48.0,33.638,,,0.2,0.8,,True,completed
210631_442_0,pkw,28402.0,28478.0,76.0,,433.739,24.0,24.0,52.0,43.541,,,0.3158,0.6842,,True,completed
185249_432_0,pkw,28405.0,28479.0,74.0,,426.871,22.0,22.0,52.0,41.986,,,0.2973,0.7027,,True,completed
283127_472_0,pkw,28397.0,28479.0,82.0,,433.739,30.0,30.0,52.0,47.179,,,0.3659,0.6341,,True,completed
260663_461_0,pkw,28443.0,28480.0,37.0,,177.534,14.0,14.0,23.0,27.622,,,0.3784,0.6216,,True,completed
268263_465_0,pkw,28450.0,28481.0,31.0,,405.514,0.0,0.0,31.0,2.644,,,0.0,1.0,,True,completed
205082_440_0,pkw,28447.0,28482.0,35.0,,173.848,10.0,10.0,25.0,22.71,,,0.2857,0.7143,,True,completed
111032_401_0,pkw,28444.0,28490.0,46.0,,452.368,8.0,8.0,38.0,15.634,,,0.1739,0.8261,,True,completed
179708_430_0,pkw,28413.0,28490.0,77.0,,147.064,50.0,50.0,27.0,67.61,,,0.6494,0.3506,,True,completed
259614_461_0,pkw,28198.0,28491.0,293.0,,441.367,73.0,159.0,134.0,264.22,,,0.5427,0.4573,,True,completed
272033_466_0,pkw,28200.0,28492.0,292.0,,431.842,71.0,154.0,138.0,262.301,,,0.5274,0.4726,,True,completed
143945_416_0,pkw,28218.0,28494.0,276.0,,440.504,67.0,141.0,135.0,245.739,,,0.5109,0.4891,,True,completed
166507_424_0,pkw,28233.0,28496.0,263.0,,446.773,67.0,136.0,127.0,236.928,,,0.5171,0.4829,,True,completed
257421_460_0,pkw,28431.0,28496.0,65.0,,146.636,38.0,39.0,26.0,54.088,,,0.6,0.4,,True,completed
189906_434_0,pkw,28235.0,28497.0,262.0,,434.847,66.0,133.0,129.0,227.838,,,0.5076,0.4924,,True,completed
136857_411_0,pkw,28445.0,28498.0,53.0,,155.356,26.0,26.0,27.0,42.333,,,0.4906,0.5094,,True,completed
238737_451_0,pkw,28414.0,28511.0,97.0,,428.059,53.0,53.0,44.0,66.828,,,0.5464,0.4536,,True,completed
261015_461_0,pkw,28469.0,28511.0,42.0,,192.858,22.0,22.0,20.0,30.846,,,0.5238,0.4762,,True,completed
277242_469_0,pkw,28445.0,28511.0,66.0,,398.942,28.0,28.0,38.0,42.026,,,0.4242,0.5758,,True,completed
234190_451_0,pkw,28416.0,28512.0,96.0,,428.592,51.0,51.0,45.0,65.739,,,0.5312,0.4688,,True,completed
277320_469_0,pkw,28464.0,28512.0,48.0,,402.752,10.0,10.0,38.0,20.267,,,0.2083,0.7917,,True,completed
239457_451_0,pkw,28420.0,28514.0,94.0,,425.576,49.0,49.0,45.0,63.579,,,0.5213,0.4787,,True,completed
275670_468_0,pkw,28415.0,28514.0,99.0,,429.282,50.0,50.0,49.0,67.569,,,0.5051,0.4949,,True,completed
193108_435_0,pkw,28500.0,28515.0,15.0,,202.81,0.0,0.0,15.0,2.566,,,0.0,1.0,,True,completed
252693_458_0,pkw,28429.0,28516.0,87.0,,431.861,41.0,42.0,45.0,56.713,,,0.4828,0.5172,,True,completed
241082_452_0,pkw,28440.0,28517.0,77.0,,424.238,31.0,32.0,45.0,48.501,,,0.4156,0.5844,,True,completed
264934_463_0,pkw,28426.0,28518.0,92.0,,435.501,41.0,42.0,50.0,57.885,,,0.4565,0.5435,,True,completed
183679_431_0,pkw,28452.0,28530.0,78.0,,141.908,51.0,51.0,27.0,67.777,,,0.6538,0.3462,,True,completed
243333_452_0,pkw,28238.0,28530.0,292.0,,443.12,71.0,158.0,134.0,261.878,,,0.5411,0.4589,,True,completed
280500_471_0,pkw,28240.0,28531.0,291.0,,435.694,70.0,154.0,137.0,262.789,,,0.5292,0.4708,,True,completed
141828_415_0,pkw,28462.0,28532.0,70.0,,141.727,43.0,43.0,27.0,60.287,,,0.6143,0.3857,,True,completed
144781_416_0,pkw,28488.0,28533.0,45.0,,450.95,3.0,3.0,42.0,15.504,,,0.0667,0.9333,,True,completed
169648_426_0,pkw,28485.0,28533.0,48.0,,442.054,3.0,4.0,44.0,16.445,,,0.0833,0.9167,,True,completed
198650_436_0,pkw,28251.0,28533.0,282.0,,436.738,67.0,149.0,133.0,251.759,,,0.5284,0.4716,,True,completed
246226_454_0,pkw,28490.0,28534.0,44.0,,442.935,3.0,3.0,41.0,16.436,,,0.0682,0.9318,,True,completed
279534_470_0,pkw,28478.0,28534.0,56.0,,143.072,31.0,32.0,24.0,46.861,,,0.5714,0.4286,,True,completed
252459_458_0,pkw,28259.0,28535.0,276.0,,437.263,64.0,136.0,140.0,243.024,,,0.4928,0.5072,,True,completed
210748_442_0,pkw,28482.0,28536.0,54.0,,149.613,26.0,26.0,28.0,42.722,,,0.4815,0.5185,,True,completed
218915_446_0,pkw,28493.0,28536.0,43.0,,452.163,3.0,3.0,40.0,14.049,,,0.0698,0.9302,,True,completed
119889_405_0,pkw,28264.0,28537.0,273.0,,445.487,62.0,134.0,139.0,240.995,,,0.4908,0.5092,,True,completed
279691_470_0,pkw,28505.0,28551.0,46.0,,192.336,23.0,23.0,23.0,34.448,,,0.5,0.5,,True,completed
110587_401_0,pkw,28518.0,28553.0,35.0,,200.095,11.0,12.0,23.0,23.745,,,0.3429,0.6571,,True,completed
226436_450_0,pkw,28452.0,28553.0,101.0,,427.789,52.0,52.0,49.0,69.003,,,0.5149,0.4851,,True,completed
178414_430_0,pkw,28521.0,28555.0,34.0,,198.132,10.0,10.0,24.0,21.631,,,0.2941,0.7059,,True,completed
104899_398_0,pkw,28527.0,28556.0,29.0,,189.553,6.0,6.0,23.0,18.529,,,0.2069,0.7931,,True,completed
210588_441_0,pkw,28540.0,28558.0,18.0,,173.184,0.0,1.0,17.0,4.64,,,0.0556,0.9444,,True,completed
259136_461_0,pkw,28459.0,28559.0,100.0,,434.599,45.0,46.0,54.0,62.229,,,0.46,0.54,,True,completed
261183_461_0,pkw,28489.0,28559.0,70.0,,438.207,24.0,24.0,46.0,35.513,,,0.3429,0.6571,,True,completed
237662_451_0,pkw,28543.0,28560.0,17.0,,198.703,0.0,0.0,17.0,3.071,,,0.0,1.0,,True,completed
277465_469_0,pkw,28514.0,28561.0,47.0,,395.061,5.0,5.0,42.0,18.705,,,0.1064,0.8936,,True,completed
220942_447_0,pkw,28547.0,28563.0,16.0,,186.081,0.0,0.0,16.0,2.842,,,0.0,1.0,,True,completed
250018_456_0,pkw,28549.0,28565.0,16.0,,196.063,0.0,0.0,16.0,3.963,,,0.0,1.0,,True,completed
238336_451_0,pkw,28267.0,28570.0,303.0,,446.251,72.0,157.0,146.0,271.457,,,0.5182,0.4818,,True,completed
187042_432_0,pkw,28498.0,28571.0,73.0,,447.213,24.0,24.0,49.0,45.574,,,0.3288,0.6712,,True,completed
195396_436_0,pkw,28495.0,28571.0,76.0,,444.054,28.0,28.0,48.0,44.157,,,0.3684,0.6316,,True,completed
256684_460_0,pkw,28270.0,28571.0,301.0,,432.155,66.0,146.0,155.0,272.835,,,0.485,0.515,,True,completed
260408_461_0,pkw,28493.0,28571.0,78.0,,154.162,52.0,52.0,26.0,67.052,,,0.6667,0.3333,,True,completed
253861_459_0,pkw,28496.0,28573.0,77.0,,449.034,25.0,25.0,52.0,45.985,,,0.3247,0.6753,,True,completed
252410_458_0,pkw,28272.0,28574.0,302.0,,438.007,65.0,144.0,158.0,264.236,,,0.4768,0.5232,,True,completed
221860_448_0,pkw,28503.0,28575.0,72.0,,448.723,24.0,24.0,48.0,41.802,,,0.3333,0.6667,,True,completed
246686_455_0,pkw,28278.0,28576.0,298.0,,446.183,64.0,144.0,154.0,261.084,,,0.4832,0.5168,,True,completed
276708_468_0,pkw,28408.0,28577.0,169.0,,437.035,64.0,84.0,85.0,139.994,,,0.497,0.503,,True,completed
134733_411_0,pkw,28507.0,28578.0,71.0,,447.983,22.0,22.0,49.0,39.453,,,0.3099,0.6901,,True,completed
159963_421_0,pkw,28547.0,28591.0,44.0,,200.199,22.0,22.0,22.0,32.787,,,0.5,0.5,,True,completed
157359_421_0,pkw,28552.0,28592.0,40.0,,195.734,20.0,20.0,20.0,27.955,,,0.5,0.5,,True,completed
149947_417_0,pkw,28578.0,28593.0,15.0,,196.297,0.0,0.0,15.0,4.364,,,0.0,1.0,,True,completed
270525_465_0,pkw,28537.0,28593.0,56.0,,429.399,16.0,16.0,40.0,23.316,,,0.2857,0.7143,,True,completed
174918_427_0,pkw,28579.0,28594.0,15.0,,192.701,0.0,0.0,15.0,1.249,,,0.0,1.0,,True,completed
177680_430_0,pkw,28537.0,28595.0,58.0,,429.225,16.0,17.0,41.0,25.345,,,0.2931,0.7069,,True,completed
175533_428_0,pkw,28585.0,28596.0,11.0,,178.156,0.0,0.0,11.0,0.879,,,0.0,1.0,,True,completed
241394_452_0,pkw,28578.0,28596.0,18.0,,175.037,0.0,1.0,17.0,5.591,,,0.0556,0.9444,,True,completed
216822_446_0,pkw,28581.0,28597.0,16.0,,200.45,0.0,0.0,16.0,5.041,,,0.0,1.0,,True,completed
280794_471_0,pkw,28596.0,28608.0,12.0,,154.03,0.0,0.0,12.0,1.183,,,0.0,1.0,,True,completed
140690_414_0,pkw,28509.0,28610.0,101.0,,447.712,50.0,50.0,51.0,70.622,,,0.495,0.505,,True,completed
75563_386_0,pkw,28523.0,28613.0,90.0,,448.447,40.0,40.0,50.0,60.221,,,0.4444,0.5556,,True,completed
152370_419_0,pkw,28512.0,28615.0,103.0,,449.442,48.0,48.0,55.0,68.442,,,0.466,0.534,,True,completed
154706_420_0,pkw,28527.0,28620.0,93.0,,452.725,37.0,37.0,56.0,56.909,,,0.3978,0.6022,,True,completed
118698_405_0,pkw,28530.0,28622.0,92.0,,447.655,35.0,35.0,57.0,55.669,,,0.3804,0.6196,,True,completed
148835_417_0,pkw,28608.0,28631.0,23.0,,194.325,6.0,6.0,17.0,12.381,,,0.2609,0.7391,,True,completed
213851_444_0,pkw,28610.0,28631.0,21.0,,185.515,0.0,0.0,21.0,9.743,,,0.0,1.0,,True,completed
229126_450_0,pkw,28603.0,28631.0,28.0,,193.334,6.0,6.0,22.0,17.024,,,0.2143,0.7857,,True,completed
128388_408_0,pkw,28609.0,28633.0,24.0,,198.289,0.0,0.0,24.0,11.23,,,0.0,1.0,,True,completed
178689_430_0,pkw,28612.0,28633.0,21.0,,197.194,1.0,1.0,20.0,10.157,,,0.0476,0.9524,,True,completed
188487_433_0,pkw,28622.0,28634.0,12.0,,183.394,0.0,0.0,12.0,2.72,,,0.0,1.0,,True,completed
177905_430_0,pkw,28613.0,28635.0,22.0,,189.528,0.0,0.0,22.0,10.553,,,0.0,1.0,,True,completed
181432_431_0,pkw,28616.0,28636.0,20.0,,182.908,0.0,0.0,20.0,9.203,,,0.0,1.0,,True,completed
207390_441_0,pkw,28620.0,28637.0,17.0,,190.601,0.0,0.0,17.0,5.267,,,0.0,1.0,,True,completed
204473_440_0,pkw,28533.0,28647.0,114.0,,453.293,55.0,60.0,54.0,86.89,,,0.5263,0.4737,,True,completed
169513_426_0,pkw,28612.0,28650.0,38.0,,430.423,3.0,3.0,35.0,10.367,,,0.0789,0.9211,,True,completed
120822_405_0,pkw,28535.0,28654.0,119.0,,452.67,47.0,58.0,61.0,85.686,,,0.4874,0.5126,,True,completed
204241_440_0,pkw,28619.0,28655.0,36.0,,164.622,15.0,15.0,21.0,26.666,,,0.4167,0.5833,,True,completed
200235_437_0,pkw,28639.0,28657.0,18.0,,150.146,0.0,0.0,18.0,7.229,,,0.0,1.0,,True,completed
109284_400_0,pkw,28537.0,28658.0,121.0,,447.548,48.0,57.0,64.0,85.665,,,0.4711,0.5289,,True,completed
267732_465_0,pkw,28545.0,28658.0,113.0,,442.913,46.0,50.0,63.0,79.377,,,0.4425,0.5575,,True,completed
174411_427_0,pkw,28549.0,28660.0,111.0,,453.582,45.0,48.0,63.0,80.22,,,0.4324,0.5676,,True,completed
246942_455_0,pkw,28638.0,28660.0,22.0,,155.005,0.0,0.0,22.0,10.345,,,0.0,1.0,,True,completed
193673_435_0,pkw,28634.0,28670.0,36.0,,188.51,18.0,18.0,18.0,25.587,,,0.5,0.5,,True,completed
164332_422_0,pkw,28628.0,28671.0,43.0,,187.679,24.0,24.0,19.0,32.052,,,0.5581,0.4419,,True,completed
215313_445_0,pkw,28640.0,28673.0,33.0,,197.724,12.0,12.0,21.0,21.66,,,0.3636,0.6364,,True,completed
222401_448_0,pkw,28624.0,28673.0,49.0,,431.625,10.0,10.0,39.0,16.791,,,0.2041,0.7959,,True,completed
258498_461_0,pkw,28625.0,28674.0,49.0,,430.287,7.0,7.0,42.0,21.823,,,0.1429,0.8571,,True,completed
170276_426_0,pkw,28627.0,28675.0,48.0,,436.045,8.0,8.0,40.0,15.86,,,0.1667,0.8333,,True,completed
95711_394_0,pkw,28642.0,28676.0,34.0,,200.142,10.0,10.0,24.0,22.278,,,0.2941,0.7059,,True,completed
167883_425_0,pkw,28642.0,28677.0,35.0,,198.784,9.0,9.0,26.0,21.253,,,0.2571,0.7429,,True,completed
241303_452_0,pkw,28634.0,28677.0,43.0,,433.383,0.0,1.0,42.0,10.028,,,0.0233,0.9767,,True,completed
122299_406_0,pkw,28635.0,28679.0,44.0,,438.364,0.0,1.0,43.0,13.472,,,0.0227,0.9773,,True,completed
263548_462_0,pkw,28637.0,28679.0,42.0,,436.941,0.0,0.0,42.0,9.26,,,0.0,1.0,,True,completed
161070_421_0,pkw,28551.0,28690.0,139.0,,453.194,51.0,74.0,65.0,108.552,,,0.5324,0.4676,,True,completed
273641_466_0,pkw,28641.0,28690.0,49.0,,144.254,27.0,27.0,22.0,38.746,,,0.551,0.449,,True,completed
268829_465_0,pkw,28644.0,28692.0,48.0,,141.734,26.0,26.0,22.0,38.597,,,0.5417,0.4583,,True,completed
147621_416_0,pkw,28563.0,28693.0,130.0,,447.573,46.0,66.0,64.0,100.296,,,0.5077,0.4923,,True,completed
82062_389_0,pkw,28653.0,28693.0,40.0,,111.504,23.0,23.0,17.0,28.892,,,0.575,0.425,,True,completed
238211_451_0,pkw,28561.0,28697.0,136.0,,449.427,47.0,69.0,67.0,99.661,,,0.5074,0.4926,,True,completed
220308_447_0,pkw,28570.0,28698.0,128.0,,445.157,43.0,63.0,65.0,96.7,,,0.4922,0.5078,,True,completed
257544_460_0,pkw,28565.0,28698.0,133.0,,441.74,44.0,65.0,68.0,101.337,,,0.4887,0.5113,,True,completed
107596_400_0,pkw,28693.0,28710.0,17.0,,186.316,0.0,0.0,17.0,3.045,,,0.0,1.0,,True,completed
262090_462_0,pkw,28644.0,28710.0,66.0,,436.09,25.0,25.0,41.0,37.1,,,0.3788,0.6212,,True,completed
159521_421_0,pkw,28646.0,28711.0,65.0,,193.382,38.0,38.0,27.0,52.476,,,0.5846,0.4154,,True,completed
193501_435_0,pkw,28648.0,28712.0,64.0,,192.998,37.0,37.0,27.0,52.894,,,0.5781,0.4219,,True,completed
238223_451_0,pkw,28698.0,28712.0,14.0,,190.879,0.0,0.0,14.0,3.533,,,0.0,1.0,,True,completed
110838_401_0,pkw,28702.0,28714.0,12.0,,195.243,0.0,0.0,12.0,1.251,,,0.0,1.0,,True,completed
186627_432_0,pkw,28650.0,28714.0,64.0,,202.251,35.0,35.0,29.0,52.747,,,0.5469,0.4531,,True,completed
246477_455_0,pkw,28646.0,28715.0,69.0,,436.982,24.0,24.0,45.0,36.254,,,0.3478,0.6522,,True,completed
97220_395_0,pkw,28648.0,28715.0,67.0,,434.873,26.0,26.0,41.0,36.02,,,0.3881,0.6119,,True,completed
174556_427_0,pkw,28640.0,28717.0,77.0,,193.985,37.0,37.0,40.0,65.546,,,0.4805,0.5195,,True,completed
242357_452_0,pkw,28652.0,28717.0,65.0,,200.419,32.0,32.0,33.0,52.091,,,0.4923,0.5077,,True,completed
140503_414_0,pkw,28686.0,28730.0,44.0,,434.905,7.0,7.0,37.0,15.239,,,0.1591,0.8409,,True,completed
211492_442_0,pkw,28573.0,28730.0,157.0,,448.779,50.0,90.0,67.0,127.38,,,0.5732,0.4268,,True,completed
189053_434_0,pkw,28688.0,28731.0,43.0,,453.039,2.0,2.0,41.0,9.63,,,0.0465,0.9535,,True,completed
200667_437_0,pkw,28696.0,28732.0,36.0,,444.064,0.0,0.0,36.0,2.899,,,0.0,1.0,,True,completed
292028_479_0,pkw,28600.0,28732.0,132.0,,453.409,47.0,66.0,66.0,102.373,,,0.5,0.5,,True,completed
143726_416_0,pkw,28605.0,28733.0,128.0,,442.603,47.0,65.0,63.0,98.755,,,0.5078,0.4922,,True,completed
252054_457_0,pkw,28607.0,28733.0,126.0,,450.162,46.0,63.0,63.0,99.148,,,0.5,0.5,,True,completed
85879_391_0,pkw,28694.0,28734.0,40.0,,462.819,2.0,2.0,38.0,12.866,,,0.05,0.95,,True,completed
141290_415_0,pkw,28725.0,28750.0,25.0,,180.496,5.0,5.0,20.0,15.135,,,0.2,0.8,,True,completed
296641_481_0,pkw,28678.0,28750.0,72.0,,357.796,25.0,25.0,47.0,34.814,,,0.3472,0.6528,,True,completed
211771_442_0,pkw,28656.0,28751.0,95.0,,189.664,56.0,56.0,39.0,84.698,,,0.5895,0.4105,,True,completed
201697_438_0,pkw,28720.0,28752.0,32.0,,146.964,13.0,13.0,19.0,20.202,,,0.4062,0.5938,,True,completed
191519_435_0,pkw,28722.0,28753.0,31.0,,139.398,13.0,13.0,18.0,22.447,,,0.4194,0.5806,,True,completed
233666_451_0,pkw,28730.0,28753.0,23.0,,192.56,2.0,2.0,21.0,11.122,,,0.087,0.913,,True,completed
187196_433_0,pkw,28644.0,28754.0,110.0,,202.041,62.0,62.0,48.0,95.919,,,0.5636,0.4364,,True,completed
132573_410_0,pkw,28665.0,28755.0,90.0,,189.156,53.0,53.0,37.0,79.858,,,0.5889,0.4111,,True,completed
134495_411_0,pkw,28733.0,28755.0,22.0,,143.649,2.0,2.0,20.0,11.629,,,0.0909,0.9091,,True,completed
188168_433_0,pkw,28666.0,28756.0,90.0,,196.327,47.0,47.0,43.0,77.898,,,0.5222,0.4778,,True,completed
226950_450_0,pkw,28669.0,28756.0,87.0,,198.723,50.0,50.0,37.0,76.963,,,0.5747,0.4253,,True,completed
154939_420_0,pkw,28671.0,28757.0,86.0,,187.304,45.0,45.0,41.0,76.108,,,0.5233,0.4767,,True,completed
233677_451_0,pkw,28736.0,28757.0,21.0,,149.95,0.0,0.0,21.0,11.59,,,0.0,1.0,,True,completed
176159_429_0,pkw,28678.0,28758.0,80.0,,194.69,48.0,48.0,32.0,68.016,,,0.6,0.4,,True,completed
196090_436_0,pkw,28613.0,28773.0,160.0,,450.71,48.0,88.0,72.0,128.365,,,0.55,0.45,,True,completed
273300_466_0,pkw,28763.0,28773.0,10.0,,143.211,0.0,0.0,10.0,0.668,,,0.0,1.0,,True,completed
209482_441_0,pkw,28754.0,28774.0,20.0,,170.192,0.0,0.0,20.0,10.03,,,0.0,1.0,,True,completed
276894_469_0,pkw,28756.0,28775.0,19.0,,157.67,0.0,0.0,19.0,8.206,,,0.0,1.0,,True,completed
164264_422_0,pkw,28733.0,28776.0,43.0,,450.978,2.0,2.0,41.0,10.784,,,0.0465,0.9535,,True,completed
272087_466_0,pkw,28761.0,28777.0,16.0,,166.706,0.0,0.0,16.0,5.041,,,0.0,1.0,,True,completed
181664_431_0,pkw,28766.0,28778.0,12.0,,157.442,0.0,0.0,12.0,1.892,,,0.0,1.0,,True,completed
161562_421_0,pkw,28611.0,28779.0,168.0,,447.524,50.0,91.0,77.0,127.448,,,0.5417,0.4583,,True,completed
123193_406_0,pkw,28647.0,28780.0,133.0,,447.381,47.0,56.0,77.0,95.177,,,0.4211,0.5789,,True,completed
245399_454_0,pkw,28768.0,28780.0,12.0,,166.478,0.0,0.0,12.0,1.676,,,0.0,1.0,,True,completed
212428_443_0,pkw,28742.0,28782.0,40.0,,465.739,2.0,2.0,38.0,10.034,,,0.05,0.95,,True,completed
127187_407_0,pkw,28684.0,28791.0,107.0,,201.162,68.0,68.0,39.0,95.048,,,0.6355,0.3645,,True,completed
228744_450_0,pkw,28740.0,28791.0,51.0,,197.829,27.0,27.0,24.0,41.13,,,0.5294,0.4706,,True,completed
256913_460_0,pkw,28701.0,28793.0,92.0,,203.117,55.0,56.0,36.0,81.784,,,0.6087,0.3913,,True,completed
151101_418_0,pkw,28750.0,28794.0,44.0,,430.34,3.0,3.0,41.0,10.834,,,0.0682,0.9318,,True,completed
183935_431_0,pkw,28749.0,28795.0,46.0,,430.951,5.0,5.0,41.0,11.895,,,0.1087,0.8913,,True,completed
238898_451_0,pkw,28706.0,28795.0,89.0,,203.69,48.0,48.0,41.0,78.332,,,0.5393,0.4607,,True,completed
192203_435_0,pkw,28705.0,28796.0,91.0,,192.867,47.0,47.0,44.0,80.534,,,0.5165,0.4835,,True,completed
225702_450_0,pkw,28714.0,28798.0,84.0,,194.946,45.0,45.0,39.0,72.232,,,0.5357,0.4643,,True,completed
178461_430_0,pkw,28717.0,28799.0,82.0,,190.381,45.0,45.0,37.0,71.413,,,0.5488,0.4512,,True,completed
124522_406_0,pkw,28769.0,,31.0,,79.563,13.0,13.0,18.0,27.429,,,0.4194,0.5806,,False,on_map_at_end
124717_406_0,pkw,28785.0,,15.0,,22.784,9.0,8.0,7.0,13.3,,,0.5333,0.4667,,False,on_map_at_end
125267_406_0,pkw,28673.0,,127.0,,289.755,62.0,72.0,55.0,105.619,,,0.5669,0.4331,,False,on_map_at_end
149318_417_0,pkw,28740.0,,60.0,,73.755,32.0,32.0,28.0,56.172,,,0.5333,0.4667,,False,on_map_at_end
155024_420_0,pkw,28712.0,,88.0,,91.169,52.0,51.0,37.0,82.701,,,0.5795,0.4205,,False,on_map_at_end
157794_421_0,pkw,28776.0,,24.0,,45.988,17.0,16.0,8.0,19.588,,,0.6667,0.3333,,False,on_map_at_end
167277_425_0,pkw,28696.0,,104.0,,233.091,59.0,59.0,45.0,86.954,,,0.5673,0.4327,,False,on_map_at_end
168076_425_0,pkw,28703.0,,97.0,,231.544,53.0,53.0,44.0,83.054,,,0.5464,0.4536,,False,on_map_at_end
169474_426_0,pkw,28734.0,,66.0,,85.368,37.0,37.0,29.0,62.224,,,0.5606,0.4394,,False,on_map_at_end
194505_436_0,pkw,28774.0,,26.0,,51.789,19.0,18.0,8.0,22.623,,,0.6923,0.3077,,False,on_map_at_end
202861_439_0,pkw,28796.0,,4.0,,5.374,2.0,2.0,2.0,3.622,,,0.5,0.5,,False,on_map_at_end
209434_441_0,pkw,28779.0,,21.0,,73.687,3.0,3.0,18.0,16.879,,,0.1429,0.8571,,False,on_map_at_end
210132_441_0,pkw,28771.0,,29.0,,67.903,9.0,10.0,19.0,25.777,,,0.3448,0.6552,,False,on_map_at_end
210408_441_0,pkw,28723.0,,77.0,,85.367,47.0,46.0,31.0,72.877,,,0.5974,0.4026,,False,on_map_at_end
217173_446_0,pkw,28781.0,,19.0,,34.386,11.0,10.0,9.0,16.503,,,0.5263,0.4737,,False,on_map_at_end
219862_447_0,pkw,28787.0,,13.0,,16.983,6.0,5.0,8.0,11.705,,,0.3846,0.6154,,False,on_map_at_end
227471_450_0,pkw,28784.0,,16.0,,36.442,4.0,4.0,12.0,13.943,,,0.25,0.75,,False,on_map_at_end
237260_451_0,pkw,28774.0,,26.0,,61.362,7.0,7.0,19.0,22.987,,,0.2692,0.7308,,False,on_map_at_end
245940_454_0,pkw,28783.0,,17.0,,28.585,10.0,9.0,8.0,15.016,,,0.5294,0.4706,,False,on_map_at_end
249950_456_0,pkw,28681.0,,119.0,,262.788,61.0,69.0,50.0,98.382,,,0.5798,0.4202,,False,on_map_at_end
251407_457_0,pkw,28776.0,,24.0,,54.618,7.0,7.0,17.0,20.999,,,0.2917,0.7083,,False,on_map_at_end
253859_459_0,pkw,28781.0,,19.0,,46.713,5.0,5.0,14.0,16.301,,,0.2632,0.7368,,False,on_map_at_end
255224_459_0,pkw,28779.0,,21.0,,40.263,13.0,12.0,9.0,17.373,,,0.5714,0.4286,,False,on_map_at_end
255631_460_0,pkw,28789.0,,11.0,,11.181,5.0,4.0,7.0,9.935,,,0.3636,0.6364,,False,on_map_at_end
262958_462_0,pkw,28727.0,,73.0,,91.169,45.0,45.0,28.0,68.615,,,0.6164,0.3836,,False,on_map_at_end
265524_463_0,pkw,28766.0,,34.0,,51.865,28.0,27.0,7.0,29.452,,,0.7941,0.2059,,False,on_map_at_end
292024_479_0,pkw,28779.0,,21.0,,40.187,14.0,13.0,8.0,17.995,,,0.619,0.381,,False,on_map_at_end
293474_480_0,pkw,28729.0,,71.0,,79.566,41.0,41.0,30.0,67.203,,,0.5775,0.4225,,False,on_map_at_end
85101_390_0,pkw,28690.0,,110.0,,251.306,61.0,64.0,46.0,91.544,,,0.5818,0.4182,,False,on_map_at_end
90263_391_0,pkw,28772.0,,28.0,,46.064,20.0,19.0,9.0,24.472,,,0.6786,0.3214,,False,on_map_at_end
