vehicle_id,vehicle_type,enter_time_s,departure_time_s,travel_time_s,route_distance_m,distance_traveled_m,accumulated_waiting_time_s,custom_wait_s,moving_time_s,time_loss_s,free_flow_time_s,delay_s,waiting_fraction,moving_fraction,schedule_efficiency,completed_trip,trip_status
151372_418_0,pkw,25208.0,25240.0,32.0,,407.634,0.0,0.0,32.0,4.634,,,0.0,1.0,,True,completed
123965_406_0,pkw,25219.0,25253.0,34.0,,433.214,0.0,0.0,34.0,1.758,,,0.0,1.0,,True,completed
160150_421_0,pkw,25221.0,25253.0,32.0,,438.444,0.0,0.0,32.0,1.782,,,0.0,1.0,,True,completed
91582_392_0,pkw,25219.0,25257.0,38.0,,461.228,0.0,0.0,38.0,4.041,,,0.0,1.0,,True,completed
124779_406_0,pkw,25206.0,25259.0,53.0,,168.16,32.0,32.0,21.0,41.251,,,0.6038,0.3962,,True,completed
98305_395_0,pkw,25212.0,25261.0,49.0,,167.757,23.0,23.0,26.0,37.516,,,0.4694,0.5306,,True,completed
102535_396_0,pkw,25219.0,25262.0,43.0,,158.75,15.0,15.0,28.0,33.038,,,0.3488,0.6512,,True,completed
147209_416_0,pkw,25221.0,25264.0,43.0,,166.448,14.0,14.0,29.0,32.853,,,0.3256,0.6744,,True,completed
126742_407_0,pkw,25241.0,25271.0,30.0,,200.744,11.0,11.0,19.0,18.436,,,0.3667,0.6333,,True,completed
102501_396_0,pkw,25245.0,25272.0,27.0,,185.452,8.0,8.0,19.0,16.7,,,0.2963,0.7037,,True,completed
121258_405_0,pkw,25241.0,25272.0,31.0,,198.364,10.0,10.0,21.0,17.498,,,0.3226,0.6774,,True,completed
120663_405_0,pkw,25247.0,25273.0,26.0,,189.426,5.0,5.0,21.0,14.12,,,0.1923,0.8077,,True,completed
113509_402_0,pkw,25249.0,25274.0,25.0,,172.417,5.0,5.0,20.0,14.763,,,0.2,0.8,,True,completed
130147_409_0,pkw,25252.0,25275.0,23.0,,197.968,0.0,0.0,23.0,11.997,,,0.0,1.0,,True,completed
102630_396_0,pkw,25254.0,25276.0,22.0,,186.766,0.0,0.0,22.0,10.973,,,0.0,1.0,,True,completed
122194_406_0,pkw,25256.0,25276.0,20.0,,199.672,0.0,0.0,20.0,8.081,,,0.0,1.0,,True,completed
152958_419_0,pkw,25258.0,25277.0,19.0,,184.522,0.0,0.0,19.0,9.203,,,0.0,1.0,,True,completed
122376_406_0,pkw,25256.0,25278.0,22.0,,194.948,0.0,0.0,22.0,10.07,,,0.0,1.0,,True,completed
149029_417_0,pkw,25237.0,25282.0,45.0,,192.93,20.0,20.0,25.0,33.042,,,0.4444,0.5556,,True,completed
162814_422_0,pkw,25234.0,25290.0,56.0,,431.215,13.0,13.0,43.0,20.687,,,0.2321,0.7679,,True,completed
115444_403_0,pkw,25295.0,25307.0,12.0,,160.217,0.0,0.0,12.0,0.901,,,0.0,1.0,,True,completed
133955_411_0,pkw,25261.0,25311.0,50.0,,195.151,27.0,27.0,23.0,41.514,,,0.54,0.46,,True,completed
135103_411_0,pkw,25258.0,25311.0,53.0,,194.812,26.0,26.0,27.0,41.946,,,0.4906,0.5094,,True,completed
148629_417_0,pkw,25285.0,25311.0,26.0,,192.749,9.0,9.0,17.0,16.261,,,0.3462,0.6538,,True,completed
125613_406_0,pkw,25260.0,25312.0,52.0,,185.669,25.0,25.0,27.0,42.138,,,0.4808,0.5192,,True,completed
134807_411_0,pkw,25263.0,25313.0,50.0,,185.482,25.0,25.0,25.0,39.66,,,0.5,0.5,,True,completed
129253_408_0,pkw,25262.0,25314.0,52.0,,193.348,25.0,25.0,27.0,41.022,,,0.4808,0.5192,,True,completed
135201_411_0,pkw,25266.0,25314.0,48.0,,190.255,24.0,24.0,24.0,38.171,,,0.5,0.5,,True,completed
120275_405_0,pkw,25264.0,25316.0,52.0,,198.2,25.0,25.0,27.0,39.784,,,0.4808,0.5192,,True,completed
86189_391_0,pkw,25266.0,25316.0,50.0,,192.969,24.0,24.0,26.0,38.983,,,0.48,0.52,,True,completed
57065_374_0,pkw,25268.0,25318.0,50.0,,199.743,24.0,24.0,26.0,38.627,,,0.48,0.52,,True,completed
82015_389_0,pkw,25270.0,25318.0,48.0,,195.295,24.0,24.0,24.0,36.732,,,0.5,0.5,,True,completed
128446_408_0,pkw,25274.0,25331.0,57.0,,450.235,15.0,15.0,42.0,22.811,,,0.2632,0.7368,,True,completed
130602_409_0,pkw,25269.0,25331.0,62.0,,436.367,22.0,22.0,40.0,28.197,,,0.3548,0.6452,,True,completed
136082_411_0,pkw,25278.0,25331.0,53.0,,431.265,15.0,16.0,37.0,24.559,,,0.3019,0.6981,,True,completed
83516_390_0,pkw,25276.0,25334.0,58.0,,454.876,13.0,13.0,45.0,26.051,,,0.2241,0.7759,,True,completed
85818_390_0,pkw,25282.0,25334.0,52.0,,445.243,12.0,12.0,40.0,20.81,,,0.2308,0.7692,,True,completed
86583_391_0,pkw,25290.0,25335.0,45.0,,434.401,6.0,6.0,39.0,14.693,,,0.1333,0.8667,,True,completed
113303_402_0,pkw,25284.0,25336.0,52.0,,455.513,7.0,7.0,45.0,17.839,,,0.1346,0.8654,,True,completed
137244_412_0,pkw,25295.0,25336.0,41.0,,424.163,3.0,3.0,38.0,12.997,,,0.0732,0.9268,,True,completed
120878_405_0,pkw,25292.0,25337.0,45.0,,441.312,5.0,5.0,40.0,13.982,,,0.1111,0.8889,,True,completed
103540_397_0,pkw,25301.0,25343.0,42.0,,162.336,20.0,20.0,22.0,30.484,,,0.4762,0.5238,,True,completed
129519_408_0,pkw,25270.0,25351.0,81.0,,191.967,50.0,50.0,31.0,68.123,,,0.6173,0.3827,,True,completed
136204_411_0,pkw,25272.0,25351.0,79.0,,197.886,49.0,49.0,30.0,66.755,,,0.6203,0.3797,,True,completed
125316_406_0,pkw,25274.0,25352.0,78.0,,189.341,48.0,48.0,30.0,67.666,,,0.6154,0.3846,,True,completed
135431_411_0,pkw,25272.0,25353.0,81.0,,198.147,50.0,50.0,31.0,70.643,,,0.6173,0.3827,,True,completed
108236_400_0,pkw,25275.0,25354.0,79.0,,199.444,46.0,46.0,33.0,68.989,,,0.5823,0.4177,,True,completed
146814_416_0,pkw,25274.0,25354.0,80.0,,187.089,45.0,45.0,35.0,69.659,,,0.5625,0.4375,,True,completed
134435_411_0,pkw,25277.0,25356.0,79.0,,199.841,45.0,45.0,34.0,66.631,,,0.5696,0.4304,,True,completed
110905_401_0,pkw,25279.0,25357.0,78.0,,188.596,44.0,44.0,34.0,68.629,,,0.5641,0.4359,,True,completed
118286_405_0,pkw,25276.0,25357.0,81.0,,203.253,46.0,46.0,35.0,68.243,,,0.5679,0.4321,,True,completed
146536_416_0,pkw,25278.0,25358.0,80.0,,192.816,45.0,45.0,35.0,68.91,,,0.5625,0.4375,,True,completed
162096_421_0,pkw,25307.0,25362.0,55.0,,401.332,10.0,10.0,45.0,25.931,,,0.1818,0.8182,,True,completed
175147_428_0,pkw,25325.0,25364.0,39.0,,408.3,0.0,0.0,39.0,9.764,,,0.0,1.0,,True,completed
161721_421_0,pkw,25338.0,25365.0,27.0,,390.949,0.0,0.0,27.0,4.149,,,0.0,1.0,,True,completed
142412_415_0,pkw,25308.0,25370.0,62.0,,427.628,26.0,26.0,36.0,32.76,,,0.4194,0.5806,,True,completed
85922_391_0,pkw,25294.0,25371.0,77.0,,443.789,27.0,27.0,50.0,40.853,,,0.3506,0.6494,,True,completed
118963_405_0,pkw,25305.0,25372.0,67.0,,434.77,26.0,26.0,41.0,37.271,,,0.3881,0.6119,,True,completed
138220_412_0,pkw,25310.0,25372.0,62.0,,430.493,22.0,22.0,40.0,30.633,,,0.3548,0.6452,,True,completed
136152_411_0,pkw,25314.0,25374.0,60.0,,438.365,19.0,19.0,41.0,28.491,,,0.3167,0.6833,,True,completed
167799_425_0,pkw,25328.0,25374.0,46.0,,435.721,9.0,9.0,37.0,17.225,,,0.1957,0.8043,,True,completed
122154_406_0,pkw,25338.0,25375.0,37.0,,426.961,0.0,0.0,37.0,6.591,,,0.0,1.0,,True,completed
130372_409_0,pkw,25330.0,25378.0,48.0,,462.342,6.0,6.0,42.0,16.481,,,0.125,0.875,,True,completed
104806_398_0,pkw,25332.0,25379.0,47.0,,453.493,5.0,5.0,42.0,16.979,,,0.1064,0.8936,,True,completed
150753_418_0,pkw,25352.0,25385.0,33.0,,451.583,0.0,0.0,33.0,2.467,,,0.0,1.0,,True,completed
118931_405_0,pkw,25280.0,25391.0,111.0,,190.932,70.0,71.0,40.0,100.506,,,0.6396,0.3604,,True,completed
94647_393_0,pkw,25281.0,25391.0,110.0,,202.58,69.0,70.0,40.0,99.229,,,0.6364,0.3636,,True,completed
137559_412_0,pkw,25284.0,25393.0,109.0,,190.041,68.0,68.0,41.0,98.959,,,0.6239,0.3761,,True,completed
157203_421_0,pkw,25282.0,25393.0,111.0,,202.599,68.0,70.0,41.0,100.701,,,0.6306,0.3694,,True,completed
139731_413_0,pkw,25284.0,25394.0,110.0,,189.707,66.0,67.0,43.0,98.363,,,0.6091,0.3909,,True,completed
133688_411_0,pkw,25286.0,25395.0,109.0,,199.899,65.0,66.0,43.0,97.583,,,0.6055,0.3945,,True,completed
106268_399_0,pkw,25286.0,25396.0,110.0,,194.096,65.0,67.0,43.0,97.554,,,0.6091,0.3909,,True,completed
149973_417_0,pkw,25345.0,25396.0,51.0,,190.618,23.0,23.0,28.0,40.878,,,0.451,0.549,,True,completed
127662_407_0,pkw,25348.0,25397.0,49.0,,185.228,22.0,22.0,27.0,39.744,,,0.449,0.551,,True,completed
133819_411_0,pkw,25348.0,25398.0,50.0,,195.164,24.0,24.0,26.0,37.471,,,0.48,0.52,,True,completed
121091_405_0,pkw,25346.0,25411.0,65.0,,442.29,20.0,20.0,45.0,29.728,,,0.3077,0.6923,,True,completed
135138_411_0,pkw,25350.0,25411.0,61.0,,434.888,16.0,16.0,45.0,24.425,,,0.2623,0.7377,,True,completed
169772_426_0,pkw,25348.0,25412.0,64.0,,434.562,19.0,19.0,45.0,33.022,,,0.2969,0.7031,,True,completed
148536_417_0,pkw,25362.0,25413.0,51.0,,447.177,13.0,13.0,38.0,24.451,,,0.2549,0.7451,,True,completed
114183_402_0,pkw,25360.0,25414.0,54.0,,442.762,15.0,15.0,39.0,23.94,,,0.2778,0.7222,,True,completed
167170_425_0,pkw,25365.0,25414.0,49.0,,436.036,12.0,12.0,37.0,22.82,,,0.2449,0.7551,,True,completed
120618_405_0,pkw,25364.0,25415.0,51.0,,434.209,12.0,12.0,39.0,22.078,,,0.2353,0.7647,,True,completed
137508_412_0,pkw,25368.0,25417.0,49.0,,436.493,8.0,8.0,41.0,16.702,,,0.1633,0.8367,,True,completed
165043_423_0,pkw,25367.0,25417.0,50.0,,450.961,10.0,10.0,40.0,19.519,,,0.2,0.8,,True,completed
161963_421_0,pkw,25353.0,25431.0,78.0,,198.087,50.0,50.0,28.0,68.291,,,0.641,0.359,,True,completed
99716_396_0,pkw,25352.0,25431.0,79.0,,203.609,48.0,48.0,31.0,68.232,,,0.6076,0.3924,,True,completed
140822_414_0,pkw,25360.0,25433.0,73.0,,200.918,40.0,40.0,33.0,60.989,,,0.5479,0.4521,,True,completed
121429_406_0,pkw,25363.0,25434.0,71.0,,198.725,38.0,38.0,33.0,59.27,,,0.5352,0.4648,,True,completed
146948_416_0,pkw,25354.0,25434.0,80.0,,189.495,46.0,46.0,34.0,70.739,,,0.575,0.425,,True,completed
154120_420_0,pkw,25362.0,25435.0,73.0,,194.629,37.0,37.0,36.0,59.575,,,0.5068,0.4932,,True,completed
161648_421_0,pkw,25365.0,25437.0,72.0,,201.303,37.0,37.0,35.0,60.726,,,0.5139,0.4861,,True,completed
134511_411_0,pkw,25366.0,25438.0,72.0,,196.635,36.0,36.0,36.0,60.032,,,0.5,0.5,,True,completed
111249_401_0,pkw,25368.0,25439.0,71.0,,188.43,36.0,36.0,35.0,61.303,,,0.507,0.493,,True,completed
173487_427_0,pkw,25370.0,25450.0,80.0,,443.758,31.0,31.0,49.0,45.908,,,0.3875,0.6125,,True,completed
162547_422_0,pkw,25372.0,25451.0,79.0,,429.649,30.0,30.0,49.0,49.023,,,0.3797,0.6203,,True,completed
95948_394_0,pkw,25377.0,25451.0,74.0,,433.495,29.0,29.0,45.0,40.03,,,0.3919,0.6081,,True,completed
127513_407_0,pkw,25379.0,25452.0,73.0,,431.361,28.0,28.0,45.0,39.546,,,0.3836,0.6164,,True,completed
171810_426_0,pkw,25374.0,25453.0,79.0,,432.17,29.0,29.0,50.0,48.619,,,0.3671,0.6329,,True,completed
115620_403_0,pkw,25378.0,25454.0,76.0,,429.986,27.0,27.0,49.0,42.287,,,0.3553,0.6447,,True,completed
84424_390_0,pkw,25381.0,25455.0,74.0,,432.458,23.0,23.0,51.0,46.504,,,0.3108,0.6892,,True,completed
163503_422_0,pkw,25376.0,25456.0,80.0,,432.43,28.0,28.0,52.0,45.557,,,0.35,0.65,,True,completed
100057_396_0,pkw,25385.0,25457.0,72.0,,438.107,24.0,24.0,48.0,42.331,,,0.3333,0.6667,,True,completed
119040_405_0,pkw,25387.0,25457.0,70.0,,424.173,27.0,27.0,43.0,39.816,,,0.3857,0.6143,,True,completed
163150_422_0,pkw,25394.0,25460.0,66.0,,464.884,22.0,22.0,44.0,31.632,,,0.3333,0.6667,,True,completed
105238_398_0,pkw,25396.0,25461.0,65.0,,449.751,20.0,20.0,45.0,30.347,,,0.3077,0.6923,,True,completed
114134_402_0,pkw,25414.0,25463.0,49.0,,459.969,6.0,6.0,43.0,16.683,,,0.1224,0.8776,,True,completed
101928_396_0,pkw,25371.0,25471.0,100.0,,195.464,60.0,60.0,40.0,88.25,,,0.6,0.4,,True,completed
109585_401_0,pkw,25368.0,25471.0,103.0,,200.284,63.0,63.0,40.0,90.854,,,0.6117,0.3883,,True,completed
129330_408_0,pkw,25433.0,25471.0,38.0,,194.033,18.0,18.0,20.0,25.703,,,0.4737,0.5263,,True,completed
154290_420_0,pkw,25432.0,25471.0,39.0,,181.635,20.0,20.0,19.0,28.734,,,0.5128,0.4872,,True,completed
153635_420_0,pkw,25461.0,25473.0,12.0,,190.438,0.0,0.0,12.0,2.075,,,0.0,1.0,,True,completed
155579_420_0,pkw,25371.0,25473.0,102.0,,202.127,61.0,61.0,41.0,90.075,,,0.598,0.402,,True,completed
104556_397_0,pkw,25373.0,25474.0,101.0,,170.188,56.0,56.0,45.0,88.912,,,0.5545,0.4455,,True,completed
117534_404_0,pkw,25373.0,25474.0,101.0,,192.256,60.0,60.0,41.0,90.221,,,0.5941,0.4059,,True,completed
117148_404_0,pkw,25376.0,25476.0,100.0,,198.109,58.0,58.0,42.0,87.992,,,0.58,0.42,,True,completed
125385_406_0,pkw,25375.0,25476.0,101.0,,193.138,57.0,57.0,44.0,91.201,,,0.5644,0.4356,,True,completed
116804_404_0,pkw,25412.0,25477.0,65.0,,188.947,33.0,34.0,31.0,53.877,,,0.5231,0.4769,,True,completed
93126_392_0,pkw,25377.0,25478.0,101.0,,200.75,55.0,55.0,46.0,88.762,,,0.5446,0.4554,,True,completed
120308_405_0,pkw,25379.0,25479.0,100.0,,190.716,51.0,51.0,49.0,90.768,,,0.51,0.49,,True,completed
137320_412_0,pkw,25415.0,25480.0,65.0,,408.672,20.0,20.0,45.0,40.282,,,0.3077,0.6923,,True,completed
113625_402_0,pkw,25382.0,25481.0,99.0,,196.949,53.0,53.0,46.0,86.546,,,0.5354,0.4646,,True,completed
139126_413_0,pkw,25400.0,25481.0,81.0,,168.484,41.0,41.0,40.0,70.428,,,0.5062,0.4938,,True,completed
140041_414_0,pkw,25404.0,25483.0,79.0,,190.113,41.0,41.0,38.0,68.443,,,0.519,0.481,,True,completed
106883_399_0,pkw,25409.0,25485.0,76.0,,200.072,40.0,40.0,36.0,65.276,,,0.5263,0.4737,,True,completed
114601_403_0,pkw,25418.0,25488.0,70.0,,184.379,34.0,35.0,35.0,60.324,,,0.5,0.5,,True,completed
92315_392_0,pkw,25389.0,25490.0,101.0,,440.909,49.0,49.0,52.0,73.397,,,0.4851,0.5149,,True,completed
141862_415_0,pkw,25413.0,25491.0,78.0,,436.603,25.0,25.0,53.0,40.82,,,0.3205,0.6795,,True,completed
139080_413_0,pkw,25398.0,25492.0,94.0,,425.148,48.0,48.0,46.0,66.718,,,0.5106,0.4894,,True,completed
176093_428_0,pkw,25418.0,25492.0,74.0,,429.018,24.0,24.0,50.0,40.856,,,0.3243,0.6757,,True,completed
121832_406_0,pkw,25429.0,25494.0,65.0,,434.909,19.0,19.0,46.0,33.315,,,0.2923,0.7077,,True,completed
149846_417_0,pkw,25400.0,25494.0,94.0,,444.371,46.0,46.0,48.0,65.669,,,0.4894,0.5106,,True,completed
100926_396_0,pkw,25402.0,25495.0,93.0,,435.301,44.0,44.0,49.0,66.308,,,0.4731,0.5269,,True,completed
97739_395_0,pkw,25426.0,25496.0,70.0,,433.082,18.0,18.0,52.0,33.994,,,0.2571,0.7429,,True,completed
117960_404_0,pkw,25434.0,25498.0,64.0,,449.066,18.0,18.0,46.0,30.954,,,0.2812,0.7188,,True,completed
131495_410_0,pkw,25445.0,25502.0,57.0,,456.899,9.0,9.0,48.0,19.867,,,0.1579,0.8421,,True,completed
89629_391_0,pkw,25447.0,25503.0,56.0,,448.717,10.0,10.0,46.0,25.559,,,0.1786,0.8214,,True,completed
138516_412_0,pkw,25455.0,25505.0,50.0,,457.159,8.0,8.0,42.0,21.078,,,0.16,0.84,,True,completed
101974_396_0,pkw,25457.0,25506.0,49.0,,448.469,7.0,7.0,42.0,17.155,,,0.1429,0.8571,,True,completed
144491_416_0,pkw,25418.0,25511.0,93.0,,198.039,55.0,55.0,38.0,82.155,,,0.5914,0.4086,,True,completed
145855_416_0,pkw,25470.0,25511.0,41.0,,185.241,21.0,21.0,20.0,29.534,,,0.5122,0.4878,,True,completed
161689_421_0,pkw,25468.0,25511.0,43.0,,393.044,4.0,4.0,39.0,17.256,,,0.093,0.907,,True,completed
100928_396_0,pkw,25473.0,25513.0,40.0,,401.386,0.0,0.0,40.0,12.962,,,0.0,1.0,,True,completed
107932_400_0,pkw,25427.0,25513.0,86.0,,195.699,51.0,51.0,35.0,72.937,,,0.593,0.407,,True,completed
164382_422_0,pkw,25470.0,25513.0,43.0,,409.008,6.0,6.0,37.0,16.81,,,0.1395,0.8605,,True,completed
145391_416_0,pkw,25467.0,25514.0,47.0,,186.009,24.0,24.0,23.0,37.045,,,0.5106,0.4894,,True,completed
159287_421_0,pkw,25504.0,25515.0,11.0,,197.905,0.0,0.0,11.0,1.274,,,0.0,1.0,,True,completed
102805_396_0,pkw,25471.0,25516.0,45.0,,194.422,24.0,24.0,21.0,33.496,,,0.5333,0.4667,,True,completed
119004_405_0,pkw,25480.0,25517.0,37.0,,185.663,14.0,15.0,22.0,26.753,,,0.4054,0.5946,,True,completed
119623_405_0,pkw,25436.0,25518.0,82.0,,703.064,16.0,16.0,66.0,34.12,,,0.1951,0.8049,,True,completed
148479_417_0,pkw,25424.0,25520.0,96.0,,196.277,51.0,51.0,45.0,86.493,,,0.5312,0.4688,,True,completed
106784_399_0,pkw,25440.0,25522.0,82.0,,198.365,42.0,42.0,40.0,71.657,,,0.5122,0.4878,,True,completed
149073_417_0,pkw,25478.0,25523.0,45.0,,176.673,16.0,16.0,29.0,31.864,,,0.3556,0.6444,,True,completed
110033_401_0,pkw,25481.0,25525.0,44.0,,199.258,14.0,14.0,30.0,33.775,,,0.3182,0.6818,,True,completed
130797_409_0,pkw,25483.0,25526.0,43.0,,186.12,13.0,13.0,30.0,32.356,,,0.3023,0.6977,,True,completed
126718_407_0,pkw,25486.0,25528.0,42.0,,193.65,11.0,11.0,31.0,31.885,,,0.2619,0.7381,,True,completed
124133_406_0,pkw,25459.0,25530.0,71.0,,426.686,22.0,22.0,49.0,37.146,,,0.3099,0.6901,,True,completed
145157_416_0,pkw,25411.0,25530.0,119.0,,434.578,65.0,65.0,54.0,85.327,,,0.5462,0.4538,,True,completed
121964_406_0,pkw,25420.0,25532.0,112.0,,444.61,57.0,57.0,55.0,80.993,,,0.5089,0.4911,,True,completed
104968_398_0,pkw,25444.0,25533.0,89.0,,425.756,43.0,43.0,46.0,57.993,,,0.4831,0.5169,,True,completed
67983_381_0,pkw,25460.0,25533.0,73.0,,457.567,21.0,21.0,52.0,39.246,,,0.2877,0.7123,,True,completed
156366_420_0,pkw,25464.0,25534.0,70.0,,430.387,19.0,19.0,51.0,35.225,,,0.2714,0.7286,,True,completed
129025_408_0,pkw,25457.0,25536.0,79.0,,437.035,27.0,27.0,52.0,43.692,,,0.3418,0.6582,,True,completed
97374_395_0,pkw,25469.0,25536.0,67.0,,462.591,16.0,16.0,51.0,41.224,,,0.2388,0.7612,,True,completed
129413_408_0,pkw,25460.0,25537.0,77.0,,429.586,26.0,26.0,51.0,41.378,,,0.3377,0.6623,,True,completed
140819_414_0,pkw,25464.0,25538.0,74.0,,432.832,17.0,17.0,57.0,37.203,,,0.2297,0.7703,,True,completed
154948_420_0,pkw,25506.0,25551.0,45.0,,191.602,29.0,30.0,15.0,34.427,,,0.6667,0.3333,,True,completed
175864_428_0,pkw,25491.0,25551.0,60.0,,402.69,22.0,22.0,38.0,33.341,,,0.3667,0.6333,,True,completed
159698_421_0,pkw,25494.0,25552.0,58.0,,393.285,18.0,18.0,40.0,36.673,,,0.3103,0.6897,,True,completed
124728_406_0,pkw,25492.0,25553.0,61.0,,198.88,23.0,23.0,38.0,49.431,,,0.377,0.623,,True,completed
95692_394_0,pkw,25511.0,25553.0,42.0,,185.358,21.0,21.0,21.0,28.67,,,0.5,0.5,,True,completed
137952_412_0,pkw,25494.0,25555.0,61.0,,201.4,22.0,22.0,39.0,49.673,,,0.3607,0.6393,,True,completed
160712_421_0,pkw,25515.0,25555.0,40.0,,194.027,17.0,17.0,23.0,29.054,,,0.425,0.575,,True,completed
183802_431_0,pkw,25499.0,25555.0,56.0,,405.553,13.0,13.0,43.0,22.873,,,0.2321,0.7679,,True,completed
153383_420_0,pkw,25497.0,25556.0,59.0,,190.129,19.0,19.0,40.0,48.304,,,0.322,0.678,,True,completed
126197_407_0,pkw,25499.0,25558.0,59.0,,195.874,17.0,17.0,42.0,46.655,,,0.2881,0.7119,,True,completed
126424_407_0,pkw,25488.0,25560.0,72.0,,195.453,27.0,27.0,45.0,62.002,,,0.375,0.625,,True,completed
163672_422_0,pkw,25502.0,25563.0,61.0,,404.796,11.0,11.0,50.0,30.881,,,0.1803,0.8197,,True,completed
148120_417_0,pkw,25462.0,25570.0,108.0,,432.341,51.0,51.0,57.0,76.872,,,0.4722,0.5278,,True,completed
125917_406_0,pkw,25548.0,25571.0,23.0,,147.872,5.0,5.0,18.0,12.893,,,0.2174,0.7826,,True,completed
129661_409_0,pkw,25490.0,25571.0,81.0,,440.51,32.0,32.0,49.0,51.799,,,0.3951,0.6049,,True,completed
142878_415_0,pkw,25478.0,25571.0,93.0,,429.196,40.0,40.0,53.0,54.852,,,0.4301,0.5699,,True,completed
75513_386_0,pkw,25466.0,25572.0,106.0,,436.759,45.0,45.0,61.0,73.73,,,0.4245,0.5755,,True,completed
162490_421_0,pkw,25485.0,25573.0,88.0,,453.356,38.0,38.0,50.0,58.593,,,0.4318,0.5682,,True,completed
123765_406_0,pkw,25495.0,25574.0,79.0,,452.231,29.0,29.0,50.0,49.735,,,0.3671,0.6329,,True,completed
140123_414_0,pkw,25468.0,25574.0,106.0,,444.708,44.0,44.0,62.0,77.365,,,0.4151,0.5849,,True,completed
146065_416_0,pkw,25483.0,25574.0,91.0,,452.46,40.0,40.0,51.0,55.653,,,0.4396,0.5604,,True,completed
118661_405_0,pkw,25481.0,25575.0,94.0,,429.914,38.0,38.0,56.0,56.297,,,0.4043,0.5957,,True,completed
95712_394_0,pkw,25472.0,25575.0,103.0,,432.025,43.0,43.0,60.0,68.049,,,0.4175,0.5825,,True,completed
119953_405_0,pkw,25492.0,25576.0,84.0,,453.042,30.0,30.0,54.0,50.535,,,0.3571,0.6429,,True,completed
110527_401_0,pkw,25474.0,25577.0,103.0,,441.706,42.0,42.0,61.0,70.496,,,0.4078,0.5922,,True,completed
136398_411_0,pkw,25495.0,25577.0,82.0,,435.585,30.0,30.0,52.0,50.219,,,0.3659,0.6341,,True,completed
136669_411_0,pkw,25567.0,25580.0,13.0,,169.608,0.0,0.0,13.0,1.669,,,0.0,1.0,,True,completed
130240_409_0,pkw,25497.0,25581.0,84.0,,451.719,27.0,27.0,57.0,48.722,,,0.3214,0.6786,,True,completed
139907_414_0,pkw,25536.0,25591.0,55.0,,191.846,28.0,28.0,27.0,44.743,,,0.5091,0.4909,,True,completed
148199_417_0,pkw,25529.0,25591.0,62.0,,199.92,31.0,32.0,30.0,51.7,,,0.5161,0.4839,,True,completed
95319_394_0,pkw,25514.0,25591.0,77.0,,391.827,28.0,28.0,49.0,53.304,,,0.3636,0.6364,,True,completed
131095_409_0,pkw,25533.0,25593.0,60.0,,200.647,30.0,31.0,29.0,49.938,,,0.5167,0.4833,,True,completed
164286_422_0,pkw,25517.0,25593.0,76.0,,395.236,22.0,22.0,54.0,47.1,,,0.2895,0.7105,,True,completed
113597_402_0,pkw,25536.0,25594.0,58.0,,175.122,27.0,27.0,31.0,46.703,,,0.4655,0.5345,,True,completed
134042_411_0,pkw,25519.0,25595.0,76.0,,401.584,25.0,25.0,51.0,48.689,,,0.3289,0.6711,,True,completed
99939_396_0,pkw,25526.0,25599.0,73.0,,405.328,20.0,20.0,53.0,45.719,,,0.274,0.726,,True,completed
137917_412_0,pkw,25531.0,25604.0,73.0,,394.371,21.0,21.0,52.0,51.276,,,0.2877,0.7123,,True,completed
171718_426_0,pkw,25554.0,25606.0,52.0,,395.904,11.0,11.0,41.0,24.141,,,0.2115,0.7885,,True,completed
131147_409_0,pkw,25501.0,25609.0,108.0,,450.899,47.0,47.0,61.0,79.295,,,0.4352,0.5648,,True,completed
128533_408_0,pkw,25497.0,25610.0,113.0,,428.64,59.0,59.0,54.0,82.262,,,0.5221,0.4779,,True,completed
184119_431_0,pkw,25583.0,25610.0,27.0,,148.098,10.0,10.0,17.0,17.669,,,0.3704,0.6296,,True,completed
61354_376_0,pkw,25487.0,25610.0,123.0,,438.294,67.0,67.0,56.0,96.089,,,0.5447,0.4553,,True,completed
100304_396_0,pkw,25503.0,25612.0,109.0,,431.873,57.0,57.0,52.0,81.565,,,0.5229,0.4771,,True,completed
121971_406_0,pkw,25489.0,25612.0,123.0,,436.042,65.0,65.0,58.0,90.094,,,0.5285,0.4715,,True,completed
98410_395_0,pkw,25501.0,25614.0,113.0,,432.819,52.0,52.0,61.0,81.671,,,0.4602,0.5398,,True,completed
139795_413_0,pkw,25493.0,25615.0,122.0,,434.157,60.0,60.0,62.0,91.342,,,0.4918,0.5082,,True,completed
80409_388_0,pkw,25491.0,25615.0,124.0,,436.613,64.0,64.0,60.0,88.047,,,0.5161,0.4839,,True,completed
133024_410_0,pkw,25507.0,25616.0,109.0,,433.191,48.0,48.0,61.0,76.482,,,0.4404,0.5596,,True,completed
96309_394_0,pkw,25508.0,25617.0,109.0,,425.075,46.0,46.0,63.0,77.867,,,0.422,0.578,,True,completed
145219_416_0,pkw,25503.0,25619.0,116.0,,435.248,48.0,48.0,68.0,76.585,,,0.4138,0.5862,,True,completed
80745_388_0,pkw,25532.0,25620.0,88.0,,680.755,23.0,23.0,65.0,37.904,,,0.2614,0.7386,,True,completed
144457_416_0,pkw,25534.0,25623.0,89.0,,680.704,24.0,24.0,65.0,40.1,,,0.2697,0.7303,,True,completed
135845_411_0,pkw,25544.0,25625.0,81.0,,680.509,16.0,16.0,65.0,31.086,,,0.1975,0.8025,,True,completed
130601_409_0,pkw,25615.0,25628.0,13.0,,200.925,0.0,0.0,13.0,2.539,,,0.0,1.0,,True,completed
116532_404_0,pkw,25580.0,25632.0,52.0,,196.003,27.0,27.0,25.0,39.889,,,0.5192,0.4808,,True,completed
151094_418_0,pkw,25558.0,25632.0,74.0,,404.34,26.0,26.0,48.0,48.941,,,0.3514,0.6486,,True,completed
164112_422_0,pkw,25546.0,25634.0,88.0,,409.53,35.0,35.0,53.0,61.381,,,0.3977,0.6023,,True,completed
137007_411_0,pkw,25566.0,25635.0,69.0,,400.763,25.0,25.0,44.0,43.502,,,0.3623,0.6377,,True,completed
147215_416_0,pkw,25604.0,25635.0,31.0,,427.522,0.0,0.0,31.0,1.24,,,0.0,1.0,,True,completed
130800_409_0,pkw,25603.0,25636.0,33.0,,191.57,12.0,12.0,21.0,21.749,,,0.3636,0.6364,,True,completed
135158_411_0,pkw,25588.0,25638.0,50.0,,193.831,13.0,14.0,36.0,39.758,,,0.28,0.72,,True,completed
157011_421_0,pkw,25564.0,25638.0,74.0,,395.851,26.0,26.0,48.0,48.863,,,0.3514,0.6486,,True,completed
163004_422_0,pkw,25629.0,25639.0,10.0,,168.589,0.0,0.0,10.0,0.405,,,0.0,1.0,,True,completed
150442_418_0,pkw,25519.0,25650.0,131.0,,433.864,72.0,72.0,59.0,103.239,,,0.5496,0.4504,,True,completed
126858_407_0,pkw,25599.0,25651.0,52.0,,451.024,13.0,13.0,39.0,21.048,,,0.25,0.75,,True,completed
172151_426_0,pkw,25526.0,25651.0,125.0,,435.862,65.0,65.0,60.0,91.293,,,0.52,0.48,,True,completed
136800_411_0,pkw,25619.0,25652.0,33.0,,147.157,13.0,14.0,19.0,22.26,,,0.4242,0.5758,,True,completed
171615_426_0,pkw,25521.0,25652.0,131.0,,432.977,67.0,67.0,64.0,93.128,,,0.5115,0.4885,,True,completed
81559_389_0,pkw,25538.0,25652.0,114.0,,426.804,58.0,58.0,56.0,82.837,,,0.5088,0.4912,,True,completed
117253_404_0,pkw,25523.0,25654.0,131.0,,440.149,65.0,65.0,66.0,101.41,,,0.4962,0.5038,,True,completed
149660_417_0,pkw,25628.0,25654.0,26.0,,146.112,7.0,7.0,19.0,14.391,,,0.2692,0.7308,,True,completed
151628_419_0,pkw,25537.0,25654.0,117.0,,427.328,54.0,54.0,63.0,83.413,,,0.4615,0.5385,,True,completed
151757_419_0,pkw,25612.0,25654.0,42.0,,451.649,0.0,1.0,41.0,9.555,,,0.0238,0.9762,,True,completed
153290_420_0,pkw,25541.0,25655.0,114.0,,431.288,53.0,53.0,61.0,82.332,,,0.4649,0.5351,,True,completed
144494_416_0,pkw,25631.0,25656.0,25.0,,154.4,4.0,4.0,21.0,14.68,,,0.16,0.84,,True,completed
126699_407_0,pkw,25633.0,25657.0,24.0,,142.935,4.0,4.0,20.0,14.191,,,0.1667,0.8333,,True,completed
128339_408_0,pkw,25543.0,25658.0,115.0,,445.216,47.0,47.0,68.0,79.103,,,0.4087,0.5913,,True,completed
73311_385_0,pkw,25573.0,25658.0,85.0,,462.131,27.0,27.0,58.0,53.544,,,0.3176,0.6824,,True,completed
129962_409_0,pkw,25623.0,25661.0,38.0,,167.552,17.0,17.0,21.0,26.396,,,0.4474,0.5526,,True,completed
168358_425_0,pkw,25540.0,25661.0,121.0,,452.658,48.0,48.0,73.0,77.582,,,0.3967,0.6033,,True,completed
121463_406_0,pkw,25611.0,25667.0,56.0,,430.717,22.0,22.0,34.0,30.462,,,0.3929,0.6071,,True,completed
153000_419_0,pkw,25636.0,25669.0,33.0,,166.169,3.0,4.0,29.0,22.768,,,0.1212,0.8788,,True,completed
183244_431_0,pkw,25639.0,25670.0,31.0,,155.209,3.0,3.0,28.0,20.498,,,0.0968,0.9032,,True,completed
136839_411_0,pkw,25627.0,25671.0,44.0,,194.538,26.0,26.0,18.0,31.714,,,0.5909,0.4091,,True,completed
102993_397_0,pkw,25586.0,25672.0,86.0,,180.835,44.0,44.0,42.0,75.397,,,0.5116,0.4884,,True,completed
115551_403_0,pkw,25607.0,25674.0,67.0,,187.273,36.0,36.0,31.0,57.563,,,0.5373,0.4627,,True,completed
120597_405_0,pkw,25573.0,25678.0,105.0,,400.79,45.0,45.0,60.0,79.684,,,0.4286,0.5714,,True,completed
157569_421_0,pkw,25568.0,25679.0,111.0,,391.23,54.0,54.0,57.0,85.261,,,0.4865,0.5135,,True,completed
83429_390_0,pkw,25609.0,25679.0,70.0,,193.77,35.0,35.0,35.0,60.736,,,0.5,0.5,,True,completed
133712_411_0,pkw,25581.0,25682.0,101.0,,401.953,36.0,36.0,65.0,76.127,,,0.3564,0.6436,,True,completed
153446_420_0,pkw,25625.0,25686.0,61.0,,435.055,11.0,11.0,50.0,27.931,,,0.1803,0.8197,,True,completed
111580_401_0,pkw,25640.0,25690.0,50.0,,449.203,8.0,9.0,41.0,21.538,,,0.18,0.82,,True,completed
119325_405_0,pkw,25562.0,25690.0,128.0,,438.375,67.0,67.0,61.0,97.985,,,0.5234,0.4766,,True,completed
132695_410_0,pkw,25646.0,25692.0,46.0,,453.861,6.0,6.0,40.0,17.302,,,0.1304,0.8696,,True,completed
163382_422_0,pkw,25575.0,25692.0,117.0,,444.947,58.0,58.0,59.0,83.381,,,0.4957,0.5043,,True,completed
137953_412_0,pkw,25549.0,25693.0,144.0,,426.361,71.0,76.0,68.0,113.097,,,0.5278,0.4722,,True,completed
149870_417_0,pkw,25577.0,25693.0,116.0,,436.053,56.0,56.0,60.0,87.074,,,0.4828,0.5172,,True,completed
125962_406_0,pkw,25554.0,25695.0,141.0,,435.314,69.0,75.0,66.0,111.292,,,0.5319,0.4681,,True,completed
150141_417_0,pkw,25589.0,25695.0,106.0,,439.477,46.0,46.0,60.0,78.219,,,0.434,0.566,,True,completed
106037_399_0,pkw,25563.0,25696.0,133.0,,427.477,66.0,71.0,62.0,105.515,,,0.5338,0.4662,,True,completed
145229_416_0,pkw,25649.0,25696.0,47.0,,445.411,5.0,5.0,42.0,16.053,,,0.1064,0.8936,,True,completed
154066_420_0,pkw,25592.0,25696.0,104.0,,463.679,40.0,40.0,64.0,73.342,,,0.3846,0.6154,,True,completed
167353_425_0,pkw,25603.0,25696.0,93.0,,429.859,42.0,42.0,51.0,64.292,,,0.4516,0.5484,,True,completed
172050_426_0,pkw,25654.0,25697.0,43.0,,145.2,23.0,23.0,20.0,34.224,,,0.5349,0.4651,,True,completed
115970_403_0,pkw,25651.0,25702.0,51.0,,449.023,4.0,4.0,47.0,15.068,,,0.0784,0.9216,,True,completed
129729_409_0,pkw,25570.0,25702.0,132.0,,679.065,32.0,41.0,91.0,84.601,,,0.3106,0.6894,,True,completed
183534_431_0,pkw,25642.0,25703.0,61.0,,160.652,26.0,26.0,35.0,48.66,,,0.4262,0.5738,,True,completed
115533_403_0,pkw,25644.0,25705.0,61.0,,168.43,24.0,24.0,37.0,51.103,,,0.3934,0.6066,,True,completed
162832_422_0,pkw,25647.0,25706.0,59.0,,159.996,23.0,23.0,36.0,48.966,,,0.3898,0.6102,,True,completed
84905_390_0,pkw,25649.0,25708.0,59.0,,169.551,22.0,22.0,37.0,47.727,,,0.3729,0.6271,,True,completed
142911_415_0,pkw,25583.0,25710.0,127.0,,671.046,35.0,35.0,92.0,74.332,,,0.2756,0.7244,,True,completed
140984_414_0,pkw,25669.0,25711.0,42.0,,192.213,22.0,22.0,20.0,31.906,,,0.5238,0.4762,,True,completed
149663_417_0,pkw,25671.0,25713.0,42.0,,198.052,20.0,20.0,22.0,28.755,,,0.4762,0.5238,,True,completed
183577_431_0,pkw,25642.0,25713.0,71.0,,428.965,27.0,27.0,44.0,38.257,,,0.3803,0.6197,,True,completed
111352_401_0,pkw,25696.0,25714.0,18.0,,197.202,0.0,1.0,17.0,7.462,,,0.0556,0.9444,,True,completed
136077_411_0,pkw,25612.0,25714.0,102.0,,458.426,26.0,26.0,76.0,66.289,,,0.2549,0.7451,,True,completed
148932_417_0,pkw,25650.0,25715.0,65.0,,429.77,24.0,24.0,41.0,33.966,,,0.3692,0.6308,,True,completed
106720_399_0,pkw,25705.0,25716.0,11.0,,198.537,0.0,0.0,11.0,0.384,,,0.0,1.0,,True,completed
145875_416_0,pkw,25645.0,25716.0,71.0,,436.044,26.0,26.0,45.0,39.598,,,0.3662,0.6338,,True,completed
129792_409_0,pkw,25592.0,25721.0,129.0,,403.653,59.0,60.0,69.0,99.582,,,0.4651,0.5349,,True,completed
160711_421_0,pkw,25652.0,25721.0,69.0,,437.641,24.0,24.0,45.0,33.614,,,0.3478,0.6522,,True,completed
127353_407_0,pkw,25594.0,25723.0,129.0,,408.104,54.0,55.0,74.0,101.826,,,0.4264,0.5736,,True,completed
134481_411_0,pkw,25604.0,25724.0,120.0,,393.419,48.0,48.0,72.0,95.316,,,0.4,0.6,,True,completed
118825_405_0,pkw,25585.0,25726.0,141.0,,400.558,56.0,57.0,84.0,111.515,,,0.4043,0.5957,,True,completed
155751_420_0,pkw,25596.0,25727.0,131.0,,392.34,54.0,55.0,76.0,108.088,,,0.4198,0.5802,,True,completed
107063_400_0,pkw,25660.0,25730.0,70.0,,443.41,26.0,27.0,43.0,40.341,,,0.3857,0.6143,,True,completed
122916_406_0,pkw,25606.0,25730.0,124.0,,432.044,67.0,67.0,57.0,92.924,,,0.5403,0.4597,,True,completed
145336_416_0,pkw,25599.0,25730.0,131.0,,428.261,71.0,74.0,57.0,101.614,,,0.5649,0.4351,,True,completed
102219_396_0,pkw,25616.0,25732.0,116.0,,431.883,56.0,56.0,60.0,82.003,,,0.4828,0.5172,,True,completed
136394_411_0,pkw,25666.0,25732.0,66.0,,453.931,24.0,24.0,42.0,36.395,,,0.3636,0.6364,,True,completed
152517_419_0,pkw,25608.0,25732.0,124.0,,439.703,65.0,65.0,59.0,91.834,,,0.5242,0.4758,,True,completed
81109_389_0,pkw,25699.0,25733.0,34.0,,445.487,0.0,0.0,34.0,5.656,,,0.0,1.0,,True,completed
115445_403_0,pkw,25619.0,25734.0,115.0,,439.762,55.0,55.0,60.0,84.402,,,0.4783,0.5217,,True,completed
117915_404_0,pkw,25621.0,25735.0,114.0,,431.083,54.0,54.0,60.0,83.374,,,0.4737,0.5263,,True,completed
129342_408_0,pkw,25693.0,25736.0,43.0,,142.549,22.0,22.0,21.0,33.404,,,0.5116,0.4884,,True,completed
148994_417_0,pkw,25623.0,25737.0,114.0,,439.831,51.0,51.0,63.0,82.276,,,0.4474,0.5526,,True,completed
100992_396_0,pkw,25619.0,25740.0,121.0,,456.269,33.0,36.0,85.0,90.467,,,0.2975,0.7025,,True,completed
160485_421_0,pkw,25701.0,25740.0,39.0,,445.401,0.0,0.0,39.0,4.884,,,0.0,1.0,,True,completed
149887_417_0,pkw,25618.0,25742.0,124.0,,453.164,57.0,57.0,67.0,91.68,,,0.4597,0.5403,,True,completed
159995_421_0,pkw,25653.0,25743.0,90.0,,433.43,35.0,35.0,55.0,63.918,,,0.3889,0.6111,,True,completed
156748_421_0,pkw,25670.0,25746.0,76.0,,455.911,24.0,24.0,52.0,41.926,,,0.3158,0.6842,,True,completed
142128_415_0,pkw,25678.0,25749.0,71.0,,159.674,33.0,34.0,37.0,62.488,,,0.4789,0.5211,,True,completed
137699_412_0,pkw,25707.0,25751.0,44.0,,190.24,25.0,25.0,19.0,33.88,,,0.5682,0.4318,,True,completed
172273_426_0,pkw,25685.0,25751.0,66.0,,161.705,27.0,27.0,39.0,55.691,,,0.4091,0.5909,,True,completed
145274_416_0,pkw,25709.0,25754.0,45.0,,201.851,23.0,23.0,22.0,32.956,,,0.5111,0.4889,,True,completed
142600_415_0,pkw,25659.0,25755.0,96.0,,430.462,39.0,39.0,57.0,61.558,,,0.4062,0.5938,,True,completed
173616_427_0,pkw,25657.0,25755.0,98.0,,430.613,49.0,49.0,49.0,63.163,,,0.5,0.5,,True,completed
79851_387_0,pkw,25723.0,25755.0,32.0,,189.574,8.0,9.0,23.0,21.008,,,0.2812,0.7188,,True,completed
164298_422_0,pkw,25666.0,25757.0,91.0,,434.813,37.0,38.0,53.0,56.687,,,0.4176,0.5824,,True,completed
169028_425_0,pkw,25661.0,25757.0,96.0,,436.753,34.0,34.0,62.0,65.888,,,0.3542,0.6458,,True,completed
154816_420_0,pkw,25737.0,25758.0,21.0,,198.776,0.0,1.0,20.0,6.891,,,0.0476,0.9524,,True,completed
171772_426_0,pkw,25682.0,25758.0,76.0,,426.433,25.0,25.0,51.0,44.531,,,0.3289,0.6711,,True,completed
161200_421_0,pkw,25669.0,25759.0,90.0,,436.81,34.0,34.0,56.0,55.192,,,0.3778,0.6222,,True,completed
123239_406_0,pkw,25606.0,25762.0,156.0,,397.49,53.0,69.0,87.0,129.03,,,0.4423,0.5577,,True,completed
143002_415_0,pkw,25614.0,25764.0,150.0,,404.993,48.0,62.0,88.0,121.86,,,0.4133,0.5867,,True,completed
74935_386_0,pkw,25723.0,25768.0,45.0,,248.234,9.0,9.0,36.0,26.76,,,0.2,0.8,,True,completed
139583_413_0,pkw,25625.0,25771.0,146.0,,445.69,69.0,72.0,74.0,106.544,,,0.4932,0.5068,,True,completed
91826_392_0,pkw,25732.0,25771.0,39.0,,442.976,0.0,1.0,38.0,12.151,,,0.0256,0.9744,,True,completed
111993_401_0,pkw,25700.0,25772.0,72.0,,137.705,46.0,46.0,26.0,62.803,,,0.6389,0.3611,,True,completed
138240_412_0,pkw,25685.0,25772.0,87.0,,431.446,23.0,23.0,64.0,39.942,,,0.2644,0.7356,,True,completed
141742_415_0,pkw,25728.0,25772.0,44.0,,425.269,3.0,3.0,41.0,13.659,,,0.0682,0.9318,,True,completed
152845_419_0,pkw,25632.0,25772.0,140.0,,435.703,67.0,68.0,72.0,109.844,,,0.4857,0.5143,,True,completed
115499_403_0,pkw,25634.0,25774.0,140.0,,442.033,65.0,65.0,75.0,107.292,,,0.4643,0.5357,,True,completed
131143_409_0,pkw,25735.0,25774.0,39.0,,447.236,0.0,0.0,39.0,10.749,,,0.0,1.0,,True,completed
146142_416_0,pkw,25711.0,25774.0,63.0,,144.397,35.0,36.0,27.0,53.403,,,0.5714,0.4286,,True,completed
158154_421_0,pkw,25651.0,25775.0,124.0,,433.936,62.0,62.0,62.0,95.578,,,0.5,0.5,,True,completed
128382_408_0,pkw,25716.0,25776.0,60.0,,453.76,12.0,13.0,47.0,24.817,,,0.2167,0.7833,,True,completed
160004_421_0,pkw,25713.0,25776.0,63.0,,152.38,34.0,34.0,29.0,52.687,,,0.5397,0.4603,,True,completed
85853_391_0,pkw,25739.0,25776.0,37.0,,441.851,0.0,0.0,37.0,7.901,,,0.0,1.0,,True,completed
130024_409_0,pkw,25733.0,25777.0,44.0,,143.315,23.0,23.0,21.0,35.325,,,0.5227,0.4773,,True,completed
141027_414_0,pkw,25715.0,25781.0,66.0,,158.126,27.0,28.0,38.0,55.495,,,0.4242,0.5758,,True,completed
159332_421_0,pkw,25637.0,25781.0,144.0,,462.595,39.0,67.0,77.0,111.342,,,0.4653,0.5347,,True,completed
145487_416_0,pkw,25639.0,25785.0,146.0,,459.097,36.0,62.0,84.0,110.477,,,0.4247,0.5753,,True,completed
172599_426_0,pkw,25608.0,25787.0,179.0,,674.045,36.0,67.0,112.0,132.074,,,0.3743,0.6257,,True,completed
107400_400_0,pkw,25640.0,25789.0,149.0,,466.986,41.0,74.0,75.0,119.59,,,0.4966,0.5034,,True,completed
185399_432_0,pkw,25621.0,25790.0,169.0,,356.012,50.0,79.0,90.0,142.98,,,0.4675,0.5325,,True,completed
136792_411_0,pkw,25740.0,25791.0,51.0,,200.709,29.0,29.0,22.0,40.954,,,0.5686,0.4314,,True,completed
139035_413_0,pkw,25717.0,25791.0,74.0,,181.4,42.0,42.0,32.0,63.759,,,0.5676,0.4324,,True,completed
156448_420_0,pkw,25706.0,25792.0,86.0,,436.301,37.0,37.0,49.0,57.61,,,0.4302,0.5698,,True,completed
153784_420_0,pkw,25744.0,25793.0,49.0,,202.704,27.0,27.0,22.0,38.097,,,0.551,0.449,,True,completed
171227_426_0,pkw,25746.0,25793.0,47.0,,203.31,25.0,25.0,22.0,35.807,,,0.5319,0.4681,,True,completed
109448_401_0,pkw,25752.0,25794.0,42.0,,192.685,19.0,19.0,23.0,31.454,,,0.4524,0.5476,,True,completed
67430_381_0,pkw,25640.0,25794.0,154.0,,396.696,47.0,71.0,83.0,127.659,,,0.461,0.539,,True,completed
139001_413_0,pkw,25764.0,25795.0,31.0,,196.015,6.0,7.0,24.0,21.722,,,0.2258,0.7742,,True,completed
165592_423_0,pkw,25698.0,25795.0,97.0,,436.257,47.0,47.0,50.0,62.53,,,0.4845,0.5155,,True,completed
130570_409_0,pkw,25771.0,25797.0,26.0,,202.25,2.0,2.0,24.0,14.764,,,0.0769,0.9231,,True,completed
154752_420_0,pkw,25708.0,25798.0,90.0,,436.069,33.0,34.0,56.0,56.767,,,0.3778,0.6222,,True,completed
168568_425_0,pkw,25617.0,25799.0,182.0,,407.825,49.0,84.0,98.0,152.561,,,0.4615,0.5385,,True,completed
101521_396_0,pkw,25650.0,25800.0,150.0,,178.189,49.0,83.0,67.0,139.854,,,0.5533,0.4467,,True,completed
131253_409_0,pkw,25653.0,25803.0,150.0,,189.777,45.0,78.0,72.0,139.692,,,0.52,0.48,,True,completed
144175_416_0,pkw,25707.0,25804.0,97.0,,392.118,29.0,29.0,68.0,71.452,,,0.299,0.701,,True,completed
132718_410_0,pkw,25676.0,25806.0,130.0,,400.884,43.0,49.0,81.0,105.216,,,0.3769,0.6231,,True,completed
112443_401_0,pkw,25742.0,25808.0,66.0,,452.188,27.0,27.0,39.0,38.706,,,0.4091,0.5909,,True,completed
132148_410_0,pkw,25686.0,25809.0,123.0,,408.263,39.0,44.0,79.0,101.127,,,0.3577,0.6423,,True,completed
130627_409_0,pkw,25664.0,25810.0,146.0,,430.871,72.0,78.0,68.0,114.664,,,0.5342,0.4658,,True,completed
173889_427_0,pkw,25749.0,25810.0,61.0,,425.501,22.0,22.0,39.0,28.963,,,0.3607,0.6393,,True,completed
98476_395_0,pkw,25735.0,25811.0,76.0,,149.179,51.0,51.0,25.0,66.224,,,0.6711,0.3289,,True,completed
122032_406_0,pkw,25668.0,25812.0,144.0,,439.664,69.0,74.0,70.0,111.233,,,0.5139,0.4861,,True,completed
167388_425_0,pkw,25670.0,25813.0,143.0,,432.058,68.0,72.0,71.0,112.462,,,0.5035,0.4965,,True,completed
147412_416_0,pkw,25672.0,25815.0,143.0,,437.47,64.0,66.0,77.0,111.949,,,0.4615,0.5385,,True,completed
147206_416_0,pkw,25694.0,25817.0,123.0,,435.723,61.0,61.0,62.0,93.372,,,0.4959,0.5041,,True,completed
172104_426_0,pkw,25772.0,25817.0,45.0,,151.834,24.0,24.0,21.0,34.436,,,0.5333,0.4667,,True,completed
172682_426_0,pkw,25739.0,25818.0,79.0,,158.56,42.0,42.0,37.0,70.345,,,0.5316,0.4684,,True,completed
145534_416_0,pkw,25743.0,25820.0,77.0,,165.54,39.0,39.0,38.0,67.687,,,0.5065,0.4935,,True,completed
156946_421_0,pkw,25610.0,25820.0,210.0,,679.916,38.0,86.0,124.0,164.387,,,0.4095,0.5905,,True,completed
145735_416_0,pkw,25723.0,25829.0,106.0,,425.672,48.0,50.0,56.0,78.228,,,0.4717,0.5283,,True,completed
129132_408_0,pkw,25655.0,25831.0,176.0,,181.723,64.0,108.0,68.0,167.115,,,0.6136,0.3864,,True,completed
164009_422_0,pkw,25735.0,25833.0,98.0,,427.6,45.0,45.0,53.0,67.382,,,0.4592,0.5408,,True,completed
103722_397_0,pkw,25678.0,25834.0,156.0,,195.809,58.0,87.0,69.0,143.567,,,0.5577,0.4423,,True,completed
123398_406_0,pkw,25683.0,25835.0,152.0,,178.626,57.0,86.0,66.0,142.0,,,0.5658,0.4342,,True,completed
148872_417_0,pkw,25737.0,25837.0,100.0,,437.558,43.0,43.0,57.0,66.511,,,0.43,0.57,,True,completed
99386_396_0,pkw,25717.0,25837.0,120.0,,178.3,52.0,58.0,62.0,110.357,,,0.4833,0.5167,,True,completed
138827_413_0,pkw,25737.0,25838.0,101.0,,437.239,49.0,49.0,52.0,64.957,,,0.4851,0.5149,,True,completed
160223_421_0,pkw,25753.0,25838.0,85.0,,429.631,36.0,37.0,48.0,54.592,,,0.4353,0.5647,,True,completed
145192_416_0,pkw,25720.0,25839.0,119.0,,183.662,50.0,56.0,63.0,107.373,,,0.4706,0.5294,,True,completed
138541_412_0,pkw,25739.0,25840.0,101.0,,437.466,47.0,47.0,54.0,64.408,,,0.4653,0.5347,,True,completed
159733_421_0,pkw,25724.0,25841.0,117.0,,191.223,44.0,49.0,68.0,105.199,,,0.4188,0.5812,,True,completed
114202_402_0,pkw,25707.0,25850.0,143.0,,433.274,69.0,73.0,70.0,112.214,,,0.5105,0.4895,,True,completed
175367_428_0,pkw,25717.0,25852.0,135.0,,439.51,65.0,65.0,70.0,100.152,,,0.4815,0.5185,,True,completed
91426_392_0,pkw,25722.0,25854.0,132.0,,446.778,66.0,67.0,65.0,98.045,,,0.5076,0.4924,,True,completed
156401_420_0,pkw,25724.0,25855.0,131.0,,437.46,64.0,64.0,67.0,98.43,,,0.4885,0.5115,,True,completed
150982_418_0,pkw,25749.0,25857.0,108.0,,443.597,44.0,44.0,64.0,73.534,,,0.4074,0.5926,,True,completed
193213_435_0,pkw,25779.0,25860.0,81.0,,151.515,48.0,48.0,33.0,71.898,,,0.5926,0.4074,,True,completed
90782_391_0,pkw,25756.0,25863.0,107.0,,455.229,27.0,28.0,79.0,75.127,,,0.2617,0.7383,,True,completed
160050_421_0,pkw,25798.0,25865.0,67.0,,458.651,17.0,17.0,50.0,39.478,,,0.2537,0.7463,,True,completed
161062_421_0,pkw,25766.0,25865.0,99.0,,462.203,33.0,33.0,66.0,67.202,,,0.3333,0.6667,,True,completed
148257_417_0,pkw,25827.0,25871.0,44.0,,199.756,23.0,23.0,21.0,29.988,,,0.5227,0.4773,,True,completed
163598_422_0,pkw,25805.0,25871.0,66.0,,177.226,35.0,35.0,31.0,56.193,,,0.5303,0.4697,,True,completed
155578_420_0,pkw,25763.0,25872.0,109.0,,432.014,51.0,55.0,54.0,79.822,,,0.5046,0.4954,,True,completed
123430_406_0,pkw,25808.0,25873.0,65.0,,183.481,33.0,33.0,32.0,56.346,,,0.5077,0.4923,,True,completed
156076_420_0,pkw,25803.0,25874.0,71.0,,460.587,17.0,17.0,54.0,34.262,,,0.2394,0.7606,,True,completed
127924_407_0,pkw,25774.0,25875.0,101.0,,431.826,49.0,49.0,52.0,66.962,,,0.4851,0.5149,,True,completed
148483_417_0,pkw,25776.0,25876.0,100.0,,432.406,47.0,47.0,53.0,67.159,,,0.47,0.53,,True,completed
160390_421_0,pkw,25773.0,25877.0,104.0,,430.19,49.0,49.0,55.0,70.882,,,0.4712,0.5288,,True,completed
155604_420_0,pkw,25778.0,25878.0,100.0,,437.873,46.0,46.0,54.0,69.71,,,0.46,0.54,,True,completed
97088_395_0,pkw,25777.0,25879.0,102.0,,436.076,49.0,49.0,53.0,69.888,,,0.4804,0.5196,,True,completed
165056_423_0,pkw,25781.0,25881.0,100.0,,438.568,46.0,46.0,54.0,64.965,,,0.46,0.54,,True,completed
86606_391_0,pkw,25756.0,25890.0,134.0,,433.008,69.0,69.0,65.0,97.853,,,0.5149,0.4851,,True,completed
130856_409_0,pkw,25808.0,25892.0,84.0,,440.689,36.0,36.0,48.0,56.823,,,0.4286,0.5714,,True,completed
182289_431_0,pkw,25814.0,25898.0,84.0,,161.4,48.0,48.0,36.0,73.033,,,0.5714,0.4286,,True,completed
85490_390_0,pkw,25816.0,25899.0,83.0,,152.076,50.0,50.0,33.0,72.649,,,0.6024,0.3976,,True,completed
178737_430_0,pkw,25812.0,25911.0,99.0,,425.56,52.0,52.0,47.0,68.057,,,0.5253,0.4747,,True,completed
182594_431_0,pkw,25862.0,25911.0,49.0,,406.048,14.0,14.0,35.0,25.193,,,0.2857,0.7143,,True,completed
142101_415_0,pkw,25812.0,25913.0,101.0,,433.733,50.0,50.0,51.0,68.917,,,0.495,0.505,,True,completed
186072_432_0,pkw,25814.0,25915.0,101.0,,431.142,50.0,50.0,51.0,68.675,,,0.495,0.505,,True,completed
198450_436_0,pkw,25821.0,25915.0,94.0,,436.109,49.0,49.0,45.0,68.513,,,0.5213,0.4787,,True,completed
174965_428_0,pkw,25816.0,25917.0,101.0,,431.073,50.0,50.0,51.0,68.445,,,0.495,0.505,,True,completed
176609_429_0,pkw,25818.0,25919.0,101.0,,427.238,49.0,49.0,52.0,67.933,,,0.4851,0.5149,,True,completed
182638_431_0,pkw,25889.0,25920.0,31.0,,397.567,0.0,0.0,31.0,3.048,,,0.0,1.0,,True,completed
81826_389_0,pkw,25859.0,25935.0,76.0,,148.653,46.0,46.0,30.0,66.649,,,0.6053,0.3947,,True,completed
158997_421_0,pkw,25821.0,25937.0,116.0,,152.878,66.0,76.0,40.0,106.547,,,0.6552,0.3448,,True,completed
131279_410_0,pkw,25852.0,25950.0,98.0,,427.845,52.0,52.0,46.0,68.908,,,0.5306,0.4694,,True,completed
174325_427_0,pkw,25818.0,25953.0,135.0,,431.064,53.0,77.0,58.0,102.426,,,0.5704,0.4296,,True,completed
137920_412_0,pkw,25854.0,25955.0,101.0,,436.255,49.0,49.0,52.0,68.162,,,0.4851,0.5149,,True,completed
108574_400_0,pkw,25945.0,25956.0,11.0,,187.454,0.0,0.0,11.0,2.043,,,0.0,1.0,,True,completed
111313_401_0,pkw,25853.0,25956.0,103.0,,426.325,52.0,52.0,51.0,76.285,,,0.5049,0.4951,,True,completed
141170_414_0,pkw,25856.0,25957.0,101.0,,429.391,48.0,48.0,53.0,67.968,,,0.4752,0.5248,,True,completed
163588_422_0,pkw,25892.0,25960.0,68.0,,431.464,23.0,23.0,45.0,35.222,,,0.3382,0.6618,,True,completed
162562_422_0,pkw,25856.0,25961.0,105.0,,425.519,50.0,50.0,55.0,73.545,,,0.4762,0.5238,,True,completed
105770_399_0,pkw,25896.0,25972.0,76.0,,144.009,47.0,47.0,29.0,66.855,,,0.6184,0.3816,,True,completed
108475_400_0,pkw,25942.0,25973.0,31.0,,442.933,0.0,0.0,31.0,1.224,,,0.0,1.0,,True,completed
158714_421_0,pkw,25895.0,25980.0,85.0,,157.794,48.0,48.0,37.0,74.715,,,0.5647,0.4353,,True,completed
132821_410_0,pkw,25937.0,25988.0,51.0,,455.147,2.0,2.0,49.0,9.762,,,0.0392,0.9608,,True,completed
132261_410_0,pkw,25858.0,25990.0,132.0,,432.606,53.0,75.0,57.0,102.681,,,0.5682,0.4318,,True,completed
127556_407_0,pkw,25954.0,25991.0,37.0,,196.473,18.0,18.0,19.0,26.451,,,0.4865,0.5135,,True,completed
125646_406_0,pkw,25960.0,25992.0,32.0,,188.667,12.0,12.0,20.0,21.763,,,0.375,0.625,,True,completed
141469_415_0,pkw,25861.0,25992.0,131.0,,437.602,51.0,74.0,57.0,101.453,,,0.5649,0.4351,,True,completed
164052_422_0,pkw,25892.0,25993.0,101.0,,429.661,51.0,51.0,50.0,73.944,,,0.505,0.495,,True,completed
138405_412_0,pkw,25972.0,25994.0,22.0,,194.773,0.0,0.0,22.0,9.744,,,0.0,1.0,,True,completed
108740_400_0,pkw,25898.0,25995.0,97.0,,437.12,46.0,46.0,51.0,67.638,,,0.4742,0.5258,,True,completed
168843_425_0,pkw,25894.0,25995.0,101.0,,433.343,50.0,50.0,51.0,66.17,,,0.495,0.505,,True,completed
147033_416_0,pkw,25901.0,25999.0,98.0,,429.246,47.0,47.0,51.0,64.419,,,0.4796,0.5204,,True,completed
153369_420_0,pkw,25933.0,25999.0,66.0,,430.403,24.0,24.0,42.0,34.701,,,0.3636,0.6364,,True,completed
125284_406_0,pkw,25897.0,26001.0,104.0,,434.936,48.0,48.0,56.0,75.528,,,0.4615,0.5385,,True,completed
159229_421_0,pkw,25950.0,26009.0,59.0,,422.786,24.0,24.0,35.0,31.025,,,0.4068,0.5932,,True,completed
200404_437_0,pkw,25957.0,26011.0,54.0,,435.987,11.0,11.0,43.0,19.848,,,0.2037,0.7963,,True,completed
158101_421_0,pkw,25963.0,26012.0,49.0,,436.858,9.0,9.0,40.0,16.266,,,0.1837,0.8163,,True,completed
95643_394_0,pkw,25966.0,26012.0,46.0,,427.339,3.0,3.0,43.0,11.236,,,0.0652,0.9348,,True,completed
140141_414_0,pkw,25946.0,26013.0,67.0,,452.513,27.0,27.0,40.0,33.741,,,0.403,0.597,,True,completed
139104_413_0,pkw,25950.0,26014.0,64.0,,444.752,23.0,23.0,41.0,32.257,,,0.3594,0.6406,,True,completed
149484_417_0,pkw,25957.0,26015.0,58.0,,444.244,14.0,14.0,44.0,26.693,,,0.2414,0.7586,,True,completed
146411_416_0,pkw,25964.0,26019.0,55.0,,450.337,9.0,9.0,46.0,20.462,,,0.1636,0.8364,,True,completed
112780_402_0,pkw,25991.0,26025.0,34.0,,462.608,0.0,0.0,34.0,1.637,,,0.0,1.0,,True,completed
91248_391_0,pkw,25994.0,26026.0,32.0,,464.737,0.0,0.0,32.0,2.356,,,0.0,1.0,,True,completed
163833_422_0,pkw,25935.0,26028.0,93.0,,431.147,49.0,49.0,44.0,66.476,,,0.5269,0.4731,,True,completed
187954_433_0,pkw,25932.0,26030.0,98.0,,426.419,48.0,48.0,50.0,69.417,,,0.4898,0.5102,,True,completed
173974_427_0,pkw,25982.0,26031.0,49.0,,195.854,28.0,28.0,21.0,39.232,,,0.5714,0.4286,,True,completed
109862_401_0,pkw,25994.0,26033.0,39.0,,192.019,14.0,15.0,24.0,29.112,,,0.3846,0.6154,,True,completed
83512_390_0,pkw,25934.0,26033.0,99.0,,425.576,48.0,48.0,51.0,68.471,,,0.4848,0.5152,,True,completed
110198_401_0,pkw,25937.0,26035.0,98.0,,431.681,46.0,46.0,52.0,72.655,,,0.4694,0.5306,,True,completed
128887_408_0,pkw,26002.0,26035.0,33.0,,200.191,11.0,11.0,22.0,21.614,,,0.3333,0.6667,,True,completed
172178_426_0,pkw,25937.0,26035.0,98.0,,427.75,47.0,47.0,51.0,65.011,,,0.4796,0.5204,,True,completed
110628_401_0,pkw,25940.0,26037.0,97.0,,430.462,44.0,44.0,53.0,65.941,,,0.4536,0.5464,,True,completed
141272_415_0,pkw,26011.0,26037.0,26.0,,203.678,1.0,1.0,25.0,15.339,,,0.0385,0.9615,,True,completed
147762_416_0,pkw,25939.0,26037.0,98.0,,434.286,45.0,45.0,53.0,66.674,,,0.4592,0.5408,,True,completed
123860_406_0,pkw,25999.0,26041.0,42.0,,191.067,16.0,16.0,26.0,29.154,,,0.381,0.619,,True,completed
152995_419_0,pkw,25972.0,26042.0,70.0,,434.262,22.0,22.0,48.0,35.357,,,0.3143,0.6857,,True,completed
131869_410_0,pkw,25973.0,26043.0,70.0,,429.089,23.0,23.0,47.0,37.293,,,0.3286,0.6714,,True,completed
115085_403_0,pkw,25941.0,26045.0,104.0,,436.181,44.0,44.0,60.0,64.049,,,0.4231,0.5769,,True,completed
118911_405_0,pkw,25968.0,26049.0,81.0,,452.199,34.0,34.0,47.0,55.332,,,0.4198,0.5802,,True,completed
102001_396_0,pkw,25974.0,26055.0,81.0,,443.513,31.0,31.0,50.0,51.922,,,0.3827,0.6173,,True,completed
111336_401_0,pkw,25966.0,26056.0,90.0,,449.043,39.0,39.0,51.0,53.742,,,0.4333,0.5667,,True,completed
107998_400_0,pkw,25970.0,26057.0,87.0,,448.349,31.0,31.0,56.0,56.567,,,0.3563,0.6437,,True,completed
127805_407_0,pkw,26027.0,26071.0,44.0,,201.58,23.0,23.0,21.0,33.223,,,0.5227,0.4773,,True,completed
110138_401_0,pkw,26037.0,26073.0,36.0,,199.046,13.0,13.0,23.0,24.553,,,0.3611,0.6389,,True,completed
165160_423_0,pkw,25974.0,26073.0,99.0,,429.029,47.0,47.0,52.0,67.094,,,0.4747,0.5253,,True,completed
148337_417_0,pkw,26039.0,26074.0,35.0,,189.582,11.0,12.0,23.0,24.214,,,0.3429,0.6571,,True,completed
80499_388_0,pkw,25976.0,26077.0,101.0,,433.058,47.0,47.0,54.0,67.305,,,0.4653,0.5347,,True,completed
119604_405_0,pkw,26042.0,26078.0,36.0,,187.849,10.0,10.0,26.0,25.387,,,0.2778,0.7222,,True,completed
147231_416_0,pkw,25974.0,26078.0,104.0,,432.99,50.0,50.0,54.0,65.155,,,0.4808,0.5192,,True,completed
156856_421_0,pkw,26064.0,26079.0,15.0,,168.744,0.0,0.0,15.0,4.28,,,0.0,1.0,,True,completed
100734_396_0,pkw,25978.0,26080.0,102.0,,428.726,46.0,46.0,56.0,66.731,,,0.451,0.549,,True,completed
192205_435_0,pkw,25976.0,26080.0,104.0,,436.042,49.0,49.0,55.0,67.367,,,0.4712,0.5288,,True,completed
82214_389_0,pkw,25979.0,26081.0,102.0,,428.548,47.0,47.0,55.0,70.787,,,0.4608,0.5392,,True,completed
152391_419_0,pkw,25981.0,26082.0,101.0,,435.28,44.0,44.0,57.0,71.995,,,0.4356,0.5644,,True,completed
110659_401_0,pkw,25981.0,26083.0,102.0,,433.611,46.0,46.0,56.0,70.18,,,0.451,0.549,,True,completed
130651_409_0,pkw,25980.0,26092.0,112.0,,448.799,55.0,55.0,57.0,78.933,,,0.4911,0.5089,,True,completed
137931_412_0,pkw,25986.0,26093.0,107.0,,441.597,53.0,53.0,54.0,75.382,,,0.4953,0.5047,,True,completed
124749_406_0,pkw,25989.0,26095.0,106.0,,444.483,53.0,53.0,53.0,73.857,,,0.5,0.5,,True,completed
147371_416_0,pkw,26013.0,26096.0,83.0,,446.061,33.0,34.0,49.0,53.736,,,0.4096,0.5904,,True,completed
135055_411_0,pkw,26003.0,26099.0,96.0,,453.088,42.0,43.0,53.0,60.954,,,0.4479,0.5521,,True,completed
155258_420_0,pkw,26052.0,26102.0,50.0,,167.84,25.0,25.0,25.0,39.968,,,0.5,0.5,,True,completed
157808_421_0,pkw,26098.0,26109.0,11.0,,184.022,0.0,0.0,11.0,0.283,,,0.0,1.0,,True,completed
137355_412_0,pkw,26087.0,26111.0,24.0,,195.011,6.0,6.0,18.0,13.896,,,0.25,0.75,,True,completed
195693_436_0,pkw,26013.0,26111.0,98.0,,428.989,52.0,52.0,46.0,68.157,,,0.5306,0.4694,,True,completed
172984_426_0,pkw,26090.0,26112.0,22.0,,187.149,3.0,3.0,19.0,13.168,,,0.1364,0.8636,,True,completed
110876_401_0,pkw,26015.0,26114.0,99.0,,427.166,50.0,50.0,49.0,67.731,,,0.5051,0.4949,,True,completed
128717_408_0,pkw,26086.0,26114.0,28.0,,195.4,3.0,4.0,24.0,16.607,,,0.1429,0.8571,,True,completed
160420_421_0,pkw,26092.0,26115.0,23.0,,187.81,0.0,0.0,23.0,12.868,,,0.0,1.0,,True,completed
99177_396_0,pkw,26013.0,26115.0,102.0,,429.72,52.0,52.0,50.0,67.074,,,0.5098,0.4902,,True,completed
104503_397_0,pkw,26017.0,26116.0,99.0,,431.352,48.0,48.0,51.0,67.401,,,0.4848,0.5152,,True,completed
120720_405_0,pkw,26019.0,26118.0,99.0,,437.362,49.0,49.0,50.0,67.37,,,0.4949,0.5051,,True,completed
127709_407_0,pkw,26103.0,26118.0,15.0,,194.083,0.0,0.0,15.0,1.603,,,0.0,1.0,,True,completed
163719_422_0,pkw,26107.0,26119.0,12.0,,183.046,0.0,0.0,12.0,1.849,,,0.0,1.0,,True,completed
104991_398_0,pkw,26021.0,26121.0,100.0,,429.026,46.0,46.0,54.0,66.508,,,0.46,0.54,,True,completed
147117_416_0,pkw,26109.0,26121.0,12.0,,189.707,0.0,0.0,12.0,0.774,,,0.0,1.0,,True,completed
164943_423_0,pkw,26019.0,26123.0,104.0,,429.1,48.0,48.0,56.0,69.421,,,0.4615,0.5385,,True,completed
155932_420_0,pkw,26017.0,26125.0,108.0,,432.59,49.0,50.0,58.0,73.634,,,0.463,0.537,,True,completed
190202_434_0,pkw,26015.0,26127.0,112.0,,438.984,48.0,52.0,60.0,66.292,,,0.4643,0.5357,,True,completed
198762_436_0,pkw,26096.0,26128.0,32.0,,433.948,0.0,0.0,32.0,3.093,,,0.0,1.0,,True,completed
129239_408_0,pkw,26019.0,26129.0,110.0,,453.844,51.0,52.0,58.0,80.47,,,0.4727,0.5273,,True,completed
185926_432_0,pkw,26071.0,26130.0,59.0,,426.869,20.0,20.0,39.0,27.073,,,0.339,0.661,,True,completed
114290_402_0,pkw,26029.0,26132.0,103.0,,446.809,51.0,51.0,52.0,74.958,,,0.4951,0.5049,,True,completed
131381_410_0,pkw,26024.0,26132.0,108.0,,451.039,50.0,50.0,58.0,77.87,,,0.463,0.537,,True,completed
198554_436_0,pkw,26090.0,26132.0,42.0,,433.839,0.0,0.0,42.0,6.662,,,0.0,1.0,,True,completed
142839_415_0,pkw,26046.0,26137.0,91.0,,451.366,37.0,38.0,53.0,58.693,,,0.4176,0.5824,,True,completed
123353_406_0,pkw,26097.0,26145.0,48.0,,168.768,21.0,21.0,27.0,35.696,,,0.4375,0.5625,,True,completed
147039_416_0,pkw,26055.0,26150.0,95.0,,434.502,49.0,49.0,46.0,66.356,,,0.5158,0.4842,,True,completed
184959_431_0,pkw,26057.0,26152.0,95.0,,429.679,47.0,47.0,48.0,66.296,,,0.4947,0.5053,,True,completed
107750_400_0,pkw,26022.0,26154.0,132.0,,429.614,54.0,75.0,57.0,98.832,,,0.5682,0.4318,,True,completed
174745_427_0,pkw,26060.0,26155.0,95.0,,431.383,47.0,47.0,48.0,64.64,,,0.4947,0.5053,,True,completed
165168_423_0,pkw,26052.0,26156.0,104.0,,435.844,53.0,53.0,51.0,73.938,,,0.5096,0.4904,,True,completed
196432_436_0,pkw,26094.0,26157.0,63.0,,437.535,23.0,23.0,40.0,33.384,,,0.3651,0.6349,,True,completed
157226_421_0,pkw,26095.0,26160.0,65.0,,436.725,21.0,21.0,44.0,32.922,,,0.3231,0.6769,,True,completed
112364_401_0,pkw,26055.0,26161.0,106.0,,433.838,53.0,53.0,53.0,68.69,,,0.5,0.5,,True,completed
118760_405_0,pkw,26060.0,26162.0,102.0,,430.959,50.0,50.0,52.0,68.64,,,0.4902,0.5098,,True,completed
143450_415_0,pkw,26057.0,26162.0,105.0,,425.74,51.0,51.0,54.0,73.814,,,0.4857,0.5143,,True,completed
182215_431_0,pkw,26151.0,26162.0,11.0,,175.74,0.0,0.0,11.0,0.227,,,0.0,1.0,,True,completed
143722_416_0,pkw,26137.0,26168.0,31.0,,430.444,0.0,0.0,31.0,1.37,,,0.0,1.0,,True,completed
179915_430_0,pkw,26128.0,26170.0,42.0,,429.803,2.0,2.0,40.0,8.693,,,0.0476,0.9524,,True,completed
180053_430_0,pkw,26141.0,26175.0,34.0,,433.531,0.0,0.0,34.0,1.719,,,0.0,1.0,,True,completed
193009_435_0,pkw,26164.0,26176.0,12.0,,149.049,0.0,0.0,12.0,2.77,,,0.0,1.0,,True,completed
175059_428_0,pkw,26101.0,26183.0,82.0,,166.825,48.0,48.0,34.0,71.574,,,0.5854,0.4146,,True,completed
151525_419_0,pkw,26103.0,26184.0,81.0,,156.021,45.0,45.0,36.0,69.799,,,0.5556,0.4444,,True,completed
114624_403_0,pkw,26133.0,26186.0,53.0,,156.669,24.0,24.0,29.0,42.777,,,0.4528,0.5472,,True,completed
193955_435_0,pkw,26135.0,26188.0,53.0,,161.709,22.0,22.0,31.0,41.083,,,0.4151,0.5849,,True,completed
154087_420_0,pkw,26150.0,26191.0,41.0,,201.611,22.0,22.0,19.0,30.163,,,0.5366,0.4634,,True,completed
91928_392_0,pkw,26154.0,26191.0,37.0,,195.227,18.0,18.0,19.0,25.35,,,0.4865,0.5135,,True,completed
162087_421_0,pkw,26153.0,26192.0,39.0,,186.896,21.0,21.0,18.0,29.395,,,0.5385,0.4615,,True,completed
168951_425_0,pkw,26092.0,26192.0,100.0,,429.365,52.0,52.0,48.0,68.014,,,0.52,0.48,,True,completed
144735_416_0,pkw,26156.0,26193.0,37.0,,199.047,17.0,17.0,20.0,25.943,,,0.4595,0.5405,,True,completed
183604_431_0,pkw,26099.0,26193.0,94.0,,425.92,45.0,45.0,49.0,61.579,,,0.4787,0.5213,,True,completed
167635_425_0,pkw,26154.0,26194.0,40.0,,191.224,19.0,19.0,21.0,28.363,,,0.475,0.525,,True,completed
144596_416_0,pkw,26156.0,26195.0,39.0,,202.42,16.0,16.0,23.0,28.501,,,0.4103,0.5897,,True,completed
143271_415_0,pkw,26094.0,26196.0,102.0,,432.406,51.0,51.0,51.0,67.931,,,0.5,0.5,,True,completed
175861_428_0,pkw,26165.0,26196.0,31.0,,201.203,7.0,8.0,23.0,20.638,,,0.2581,0.7419,,True,completed
172508_426_0,pkw,26168.0,26197.0,29.0,,191.649,4.0,4.0,25.0,18.637,,,0.1379,0.8621,,True,completed
82141_389_0,pkw,26165.0,26197.0,32.0,,177.105,7.0,7.0,25.0,19.801,,,0.2188,0.7812,,True,completed
183293_431_0,pkw,26099.0,26198.0,99.0,,434.434,47.0,47.0,52.0,67.045,,,0.4747,0.5253,,True,completed
120336_405_0,pkw,26173.0,26199.0,26.0,,179.435,1.0,1.0,25.0,13.33,,,0.0385,0.9615,,True,completed
150909_418_0,pkw,26175.0,26200.0,25.0,,172.862,0.0,0.0,25.0,12.886,,,0.0,1.0,,True,completed
185000_431_0,pkw,26186.0,26202.0,16.0,,170.12,0.0,0.0,16.0,3.888,,,0.0,1.0,,True,completed
147619_416_0,pkw,26097.0,26203.0,106.0,,433.883,49.0,49.0,57.0,66.573,,,0.4623,0.5377,,True,completed
121160_405_0,pkw,26192.0,26204.0,12.0,,171.604,0.0,0.0,12.0,1.508,,,0.0,1.0,,True,completed
141374_415_0,pkw,26144.0,26210.0,66.0,,433.469,29.0,30.0,36.0,33.85,,,0.4545,0.5455,,True,completed
132635_410_0,pkw,26148.0,26211.0,63.0,,434.005,21.0,21.0,42.0,27.332,,,0.3333,0.6667,,True,completed
132991_410_0,pkw,26162.0,26212.0,50.0,,430.927,14.0,14.0,36.0,22.713,,,0.28,0.72,,True,completed
144456_416_0,pkw,26164.0,26212.0,48.0,,425.367,10.0,10.0,38.0,16.676,,,0.2083,0.7917,,True,completed
174836_427_0,pkw,26173.0,26214.0,41.0,,428.662,2.0,2.0,39.0,11.082,,,0.0488,0.9512,,True,completed
209386_441_0,pkw,26169.0,26214.0,45.0,,428.983,3.0,3.0,42.0,11.47,,,0.0667,0.9333,,True,completed
144203_416_0,pkw,26175.0,26216.0,41.0,,427.877,0.0,0.0,41.0,7.071,,,0.0,1.0,,True,completed
186295_432_0,pkw,26168.0,26218.0,50.0,,453.344,0.0,0.0,50.0,10.787,,,0.0,1.0,,True,completed
194750_436_0,pkw,26171.0,26218.0,47.0,,433.569,0.0,0.0,47.0,17.527,,,0.0,1.0,,True,completed
145576_416_0,pkw,26137.0,26222.0,85.0,,155.674,47.0,47.0,38.0,75.188,,,0.5529,0.4471,,True,completed
188921_434_0,pkw,26139.0,26224.0,85.0,,163.397,46.0,46.0,39.0,74.094,,,0.5412,0.4588,,True,completed
95064_393_0,pkw,26141.0,26226.0,85.0,,168.229,43.0,43.0,42.0,74.574,,,0.5059,0.4941,,True,completed
146365_416_0,pkw,26144.0,26228.0,84.0,,164.797,40.0,40.0,44.0,75.156,,,0.4762,0.5238,,True,completed
196852_436_0,pkw,26186.0,26230.0,44.0,,185.728,23.0,23.0,21.0,33.108,,,0.5227,0.4773,,True,completed
137750_412_0,pkw,26196.0,26231.0,35.0,,191.748,11.0,11.0,24.0,24.596,,,0.3143,0.6857,,True,completed
137942_412_0,pkw,26199.0,26232.0,33.0,,191.945,11.0,11.0,22.0,22.275,,,0.3333,0.6667,,True,completed
115245_403_0,pkw,26220.0,26233.0,13.0,,194.009,0.0,0.0,13.0,0.545,,,0.0,1.0,,True,completed
119795_405_0,pkw,26205.0,26233.0,28.0,,197.105,8.0,8.0,20.0,17.408,,,0.2857,0.7143,,True,completed
138028_412_0,pkw,26211.0,26234.0,23.0,,200.11,0.0,1.0,22.0,11.73,,,0.0435,0.9565,,True,completed
78744_387_0,pkw,26223.0,26234.0,11.0,,183.895,0.0,0.0,11.0,0.989,,,0.0,1.0,,True,completed
130863_409_0,pkw,26217.0,26235.0,18.0,,187.352,0.0,0.0,18.0,6.171,,,0.0,1.0,,True,completed
140506_414_0,pkw,26214.0,26235.0,21.0,,196.957,0.0,0.0,21.0,8.775,,,0.0,1.0,,True,completed
155346_420_0,pkw,26215.0,26236.0,21.0,,186.811,0.0,1.0,20.0,11.244,,,0.0476,0.9524,,True,completed
106576_399_0,pkw,26225.0,26237.0,12.0,,189.142,0.0,0.0,12.0,0.345,,,0.0,1.0,,True,completed
132053_410_0,pkw,26220.0,26237.0,17.0,,197.742,0.0,0.0,17.0,6.792,,,0.0,1.0,,True,completed
201408_438_0,pkw,26190.0,26251.0,61.0,,435.741,22.0,22.0,39.0,29.519,,,0.3607,0.6393,,True,completed
131968_410_0,pkw,26207.0,26252.0,45.0,,436.192,5.0,5.0,40.0,13.093,,,0.1111,0.8889,,True,completed
84251_390_0,pkw,26219.0,26254.0,35.0,,426.396,0.0,1.0,34.0,3.898,,,0.0286,0.9714,,True,completed
117166_404_0,pkw,26221.0,26256.0,35.0,,432.487,0.0,0.0,35.0,4.136,,,0.0,1.0,,True,completed
195072_436_0,pkw,26219.0,26256.0,37.0,,427.422,0.0,0.0,37.0,2.203,,,0.0,1.0,,True,completed
75906_386_0,pkw,26187.0,26260.0,73.0,,488.458,25.0,25.0,48.0,39.442,,,0.3425,0.6575,,True,completed
190126_434_0,pkw,26171.0,26263.0,92.0,,157.766,47.0,47.0,45.0,78.892,,,0.5109,0.4891,,True,completed
153702_420_0,pkw,26219.0,26264.0,45.0,,456.776,2.0,2.0,43.0,10.707,,,0.0444,0.9556,,True,completed
122769_406_0,pkw,26174.0,26265.0,91.0,,164.875,43.0,43.0,48.0,81.533,,,0.4725,0.5275,,True,completed
128898_408_0,pkw,26178.0,26266.0,88.0,,154.756,41.0,41.0,47.0,77.863,,,0.4659,0.5341,,True,completed
184170_431_0,pkw,26186.0,26268.0,82.0,,162.301,40.0,40.0,42.0,70.649,,,0.4878,0.5122,,True,completed
151977_419_0,pkw,26222.0,26271.0,49.0,,194.059,26.0,26.0,23.0,38.222,,,0.5306,0.4694,,True,completed
158704_421_0,pkw,26230.0,26271.0,41.0,,180.259,21.0,21.0,20.0,30.855,,,0.5122,0.4878,,True,completed
120918_405_0,pkw,26224.0,26272.0,48.0,,186.48,27.0,27.0,21.0,37.203,,,0.5625,0.4375,,True,completed
125309_406_0,pkw,26218.0,26272.0,54.0,,202.417,29.0,29.0,25.0,42.508,,,0.537,0.463,,True,completed
174068_427_0,pkw,26237.0,26272.0,35.0,,192.53,15.0,15.0,20.0,23.964,,,0.4286,0.5714,,True,completed
138869_413_0,pkw,26222.0,26273.0,51.0,,194.342,29.0,29.0,22.0,41.076,,,0.5686,0.4314,,True,completed
113977_402_0,pkw,26225.0,26274.0,49.0,,187.393,24.0,24.0,25.0,37.837,,,0.4898,0.5102,,True,completed
160045_421_0,pkw,26227.0,26276.0,49.0,,189.775,24.0,24.0,25.0,36.757,,,0.4898,0.5102,,True,completed
179847_430_0,pkw,26226.0,26276.0,50.0,,178.592,27.0,27.0,23.0,37.991,,,0.54,0.46,,True,completed
66799_380_0,pkw,26228.0,26277.0,49.0,,202.172,26.0,26.0,23.0,38.306,,,0.5306,0.4694,,True,completed
160613_421_0,pkw,26230.0,26278.0,48.0,,176.168,25.0,25.0,23.0,36.991,,,0.5208,0.4792,,True,completed
141693_415_0,pkw,26223.0,26290.0,67.0,,439.536,29.0,30.0,37.0,39.382,,,0.4478,0.5522,,True,completed
195114_436_0,pkw,26248.0,26290.0,42.0,,435.114,6.0,6.0,36.0,14.26,,,0.1429,0.8571,,True,completed
205411_440_0,pkw,26264.0,26290.0,26.0,,139.394,10.0,10.0,16.0,16.942,,,0.3846,0.6154,,True,completed
194948_436_0,pkw,26238.0,26291.0,53.0,,428.126,16.0,16.0,37.0,23.768,,,0.3019,0.6981,,True,completed
173174_427_0,pkw,26255.0,26292.0,37.0,,427.717,0.0,0.0,37.0,2.442,,,0.0,1.0,,True,completed
165285_423_0,pkw,26246.0,26294.0,48.0,,446.442,10.0,10.0,38.0,20.3,,,0.2083,0.7917,,True,completed
210154_441_0,pkw,26257.0,26294.0,37.0,,432.919,0.0,0.0,37.0,6.918,,,0.0,1.0,,True,completed
175859_428_0,pkw,26253.0,26295.0,42.0,,432.165,0.0,0.0,42.0,6.336,,,0.0,1.0,,True,completed
176788_429_0,pkw,26259.0,26297.0,38.0,,440.979,0.0,0.0,38.0,8.329,,,0.0,1.0,,True,completed
123020_406_0,pkw,26188.0,26301.0,113.0,,164.293,53.0,60.0,53.0,102.0,,,0.531,0.469,,True,completed
175678_428_0,pkw,26212.0,26303.0,91.0,,167.282,44.0,44.0,47.0,78.222,,,0.4835,0.5165,,True,completed
153999_420_0,pkw,26215.0,26304.0,89.0,,154.658,39.0,39.0,50.0,77.807,,,0.4382,0.5618,,True,completed
154682_420_0,pkw,26226.0,26306.0,80.0,,160.491,35.0,35.0,45.0,68.045,,,0.4375,0.5625,,True,completed
113502_402_0,pkw,26229.0,26308.0,79.0,,164.259,32.0,32.0,47.0,67.101,,,0.4051,0.5949,,True,completed
140904_414_0,pkw,26231.0,26311.0,80.0,,197.411,50.0,50.0,30.0,70.471,,,0.625,0.375,,True,completed
157524_421_0,pkw,26229.0,26311.0,82.0,,203.653,52.0,52.0,30.0,71.767,,,0.6341,0.3659,,True,completed
166403_424_0,pkw,26301.0,26312.0,11.0,,192.717,0.0,0.0,11.0,0.366,,,0.0,1.0,,True,completed
161366_421_0,pkw,26230.0,26313.0,83.0,,200.507,50.0,50.0,33.0,73.114,,,0.6024,0.3976,,True,completed
152190_419_0,pkw,26234.0,26314.0,80.0,,177.592,50.0,50.0,30.0,69.164,,,0.625,0.375,,True,completed
164859_422_0,pkw,26233.0,26314.0,81.0,,191.076,49.0,49.0,32.0,71.659,,,0.6049,0.3951,,True,completed
134487_411_0,pkw,26237.0,26315.0,78.0,,165.36,47.0,47.0,31.0,68.928,,,0.6026,0.3974,,True,completed
159876_421_0,pkw,26237.0,26316.0,79.0,,200.707,49.0,49.0,30.0,68.873,,,0.6203,0.3797,,True,completed
158001_421_0,pkw,26239.0,26317.0,78.0,,170.316,45.0,45.0,33.0,66.997,,,0.5769,0.4231,,True,completed
174976_428_0,pkw,26240.0,26317.0,77.0,,190.094,46.0,46.0,31.0,66.089,,,0.5974,0.4026,,True,completed
168247_425_0,pkw,26250.0,26319.0,69.0,,175.71,35.0,36.0,33.0,57.963,,,0.5217,0.4783,,True,completed
169310_425_0,pkw,26271.0,26321.0,50.0,,179.398,24.0,24.0,26.0,38.273,,,0.48,0.52,,True,completed
165304_423_0,pkw,26264.0,26331.0,67.0,,433.607,23.0,23.0,44.0,31.536,,,0.3433,0.6567,,True,completed
168278_425_0,pkw,26266.0,26331.0,65.0,,436.622,22.0,22.0,43.0,32.803,,,0.3385,0.6615,,True,completed
170962_426_0,pkw,26272.0,26333.0,61.0,,433.075,18.0,18.0,43.0,25.786,,,0.2951,0.7049,,True,completed
209977_441_0,pkw,26263.0,26333.0,70.0,,428.549,22.0,22.0,48.0,31.814,,,0.3143,0.6857,,True,completed
208014_441_0,pkw,26277.0,26334.0,57.0,,437.626,18.0,18.0,39.0,30.159,,,0.3158,0.6842,,True,completed
209865_441_0,pkw,26280.0,26335.0,55.0,,427.162,16.0,16.0,39.0,29.786,,,0.2909,0.7091,,True,completed
198014_436_0,pkw,26296.0,26336.0,40.0,,461.14,0.0,0.0,40.0,10.767,,,0.0,1.0,,True,completed
120397_405_0,pkw,26256.0,26339.0,83.0,,164.35,39.0,39.0,44.0,72.064,,,0.4699,0.5301,,True,completed
198956_436_0,pkw,26298.0,26339.0,41.0,,446.879,0.0,0.0,41.0,10.386,,,0.0,1.0,,True,completed
120972_405_0,pkw,26258.0,26341.0,83.0,,167.134,33.0,33.0,50.0,71.625,,,0.3976,0.6024,,True,completed
185736_432_0,pkw,26266.0,26342.0,76.0,,158.292,30.0,30.0,46.0,65.086,,,0.3947,0.6053,,True,completed
178124_430_0,pkw,26270.0,26344.0,74.0,,160.207,31.0,31.0,43.0,62.56,,,0.4189,0.5811,,True,completed
149395_417_0,pkw,26292.0,26346.0,54.0,,161.628,17.0,17.0,37.0,42.697,,,0.3148,0.6852,,True,completed
173017_426_0,pkw,26295.0,26348.0,53.0,,165.862,17.0,17.0,36.0,41.525,,,0.3208,0.6792,,True,completed
148073_417_0,pkw,26256.0,26351.0,95.0,,200.059,55.0,56.0,39.0,84.107,,,0.5895,0.4105,,True,completed
164124_422_0,pkw,26330.0,26351.0,21.0,,138.178,4.0,4.0,17.0,13.037,,,0.1905,0.8095,,True,completed
99791_396_0,pkw,26319.0,26351.0,32.0,,194.571,13.0,13.0,19.0,20.302,,,0.4062,0.5938,,True,completed
162342_421_0,pkw,26275.0,26352.0,77.0,,195.862,43.0,43.0,34.0,65.479,,,0.5584,0.4416,,True,completed
199507_437_0,pkw,26259.0,26353.0,94.0,,201.43,52.0,52.0,42.0,81.652,,,0.5532,0.4468,,True,completed
97664_395_0,pkw,26328.0,26353.0,25.0,,189.473,5.0,5.0,20.0,11.931,,,0.2,0.8,,True,completed
161953_421_0,pkw,26277.0,26354.0,77.0,,196.206,43.0,43.0,34.0,65.569,,,0.5584,0.4416,,True,completed
118113_405_0,pkw,26332.0,26355.0,23.0,,195.831,1.0,1.0,22.0,12.085,,,0.0435,0.9565,,True,completed
138350_412_0,pkw,26285.0,26355.0,70.0,,187.694,37.0,37.0,33.0,60.18,,,0.5286,0.4714,,True,completed
180186_430_0,pkw,26338.0,26355.0,17.0,,181.693,0.0,0.0,17.0,7.171,,,0.0,1.0,,True,completed
142019_415_0,pkw,26279.0,26356.0,77.0,,188.036,44.0,44.0,33.0,65.677,,,0.5714,0.4286,,True,completed
155654_420_0,pkw,26290.0,26357.0,67.0,,188.422,33.0,33.0,34.0,55.027,,,0.4925,0.5075,,True,completed
155659_420_0,pkw,26318.0,26370.0,52.0,,430.374,10.0,11.0,41.0,19.652,,,0.2115,0.7885,,True,completed
156933_421_0,pkw,26327.0,26370.0,43.0,,430.799,3.0,3.0,40.0,11.158,,,0.0698,0.9302,,True,completed
187305_433_0,pkw,26331.0,26371.0,40.0,,432.629,1.0,1.0,39.0,8.861,,,0.025,0.975,,True,completed
88667_391_0,pkw,26262.0,26374.0,112.0,,444.53,47.0,51.0,61.0,80.717,,,0.4554,0.5446,,True,completed
152154_419_0,pkw,26337.0,26375.0,38.0,,433.866,0.0,0.0,38.0,1.884,,,0.0,1.0,,True,completed
206972_441_0,pkw,26334.0,26378.0,44.0,,461.129,0.0,0.0,44.0,7.863,,,0.0,1.0,,True,completed
173628_427_0,pkw,26304.0,26379.0,75.0,,152.83,35.0,35.0,40.0,64.953,,,0.4667,0.5333,,True,completed
186127_432_0,pkw,26307.0,26382.0,75.0,,168.768,33.0,33.0,42.0,61.323,,,0.44,0.56,,True,completed
201617_438_0,pkw,26309.0,26383.0,74.0,,155.906,35.0,35.0,39.0,64.724,,,0.473,0.527,,True,completed
173550_427_0,pkw,26333.0,26385.0,52.0,,161.933,20.0,20.0,32.0,42.379,,,0.3846,0.6154,,True,completed
78694_387_0,pkw,26336.0,26385.0,49.0,,461.94,3.0,3.0,46.0,16.106,,,0.0612,0.9388,,True,completed
187756_433_0,pkw,26336.0,26387.0,51.0,,166.07,15.0,15.0,36.0,40.832,,,0.2941,0.7059,,True,completed
118404_405_0,pkw,26322.0,26390.0,68.0,,459.583,14.0,14.0,54.0,25.358,,,0.2059,0.7941,,True,completed
87651_391_0,pkw,26342.0,26390.0,48.0,,162.054,15.0,15.0,33.0,37.295,,,0.3125,0.6875,,True,completed
188437_433_0,pkw,26288.0,26391.0,103.0,,196.568,65.0,66.0,37.0,92.717,,,0.6408,0.3592,,True,completed
97909_395_0,pkw,26361.0,26392.0,31.0,,435.018,0.0,0.0,31.0,1.183,,,0.0,1.0,,True,completed
107161_400_0,pkw,26371.0,26393.0,22.0,,185.392,1.0,1.0,21.0,11.383,,,0.0455,0.9545,,True,completed
152256_419_0,pkw,26295.0,26393.0,98.0,,199.152,57.0,57.0,41.0,86.273,,,0.5816,0.4184,,True,completed
186005_432_0,pkw,26293.0,26393.0,100.0,,191.632,59.0,59.0,41.0,89.161,,,0.59,0.41,,True,completed
182027_431_0,pkw,26298.0,26394.0,96.0,,188.534,55.0,55.0,41.0,84.571,,,0.5729,0.4271,,True,completed
173762_427_0,pkw,26296.0,26396.0,100.0,,169.51,56.0,56.0,44.0,87.416,,,0.56,0.44,,True,completed
181741_431_0,pkw,26301.0,26396.0,95.0,,197.629,55.0,55.0,40.0,83.602,,,0.5789,0.4211,,True,completed
195063_436_0,pkw,26303.0,26398.0,95.0,,198.273,50.0,50.0,45.0,83.274,,,0.5263,0.4737,,True,completed
89293_391_0,pkw,26298.0,26398.0,100.0,,173.957,51.0,51.0,49.0,89.428,,,0.51,0.49,,True,completed
168315_425_0,pkw,26300.0,26399.0,99.0,,203.04,51.0,51.0,48.0,87.543,,,0.5152,0.4848,,True,completed
157880_421_0,pkw,26347.0,26410.0,63.0,,432.026,20.0,20.0,43.0,29.0,,,0.3175,0.6825,,True,completed
146877_416_0,pkw,26349.0,26412.0,63.0,,442.034,20.0,20.0,43.0,32.181,,,0.3175,0.6825,,True,completed
182242_431_0,pkw,26345.0,26412.0,67.0,,165.796,32.0,32.0,35.0,56.384,,,0.4776,0.5224,,True,completed
98702_395_0,pkw,26384.0,26412.0,28.0,,147.745,8.0,9.0,19.0,19.273,,,0.3214,0.6786,,True,completed
115471_403_0,pkw,26351.0,26413.0,62.0,,431.926,20.0,20.0,42.0,34.19,,,0.3226,0.6774,,True,completed
207870_441_0,pkw,26384.0,26414.0,30.0,,429.916,0.0,0.0,30.0,1.389,,,0.0,1.0,,True,completed
191059_435_0,pkw,26363.0,26415.0,52.0,,445.326,15.0,15.0,37.0,24.589,,,0.2885,0.7115,,True,completed
94386_393_0,pkw,26380.0,26416.0,36.0,,431.907,1.0,1.0,35.0,11.255,,,0.0278,0.9722,,True,completed
203685_439_0,pkw,26347.0,26421.0,74.0,,167.093,32.0,32.0,42.0,63.749,,,0.4324,0.5676,,True,completed
182895_431_0,pkw,26378.0,26423.0,45.0,,168.375,17.0,17.0,28.0,32.839,,,0.3778,0.6222,,True,completed
161985_421_0,pkw,26381.0,26425.0,44.0,,168.485,16.0,16.0,28.0,32.465,,,0.3636,0.6364,,True,completed
181532_431_0,pkw,26390.0,26426.0,36.0,,160.912,8.0,9.0,27.0,25.723,,,0.25,0.75,,True,completed
172772_426_0,pkw,26409.0,26428.0,19.0,,166.996,0.0,0.0,19.0,7.046,,,0.0,1.0,,True,completed
196636_436_0,pkw,26306.0,26431.0,125.0,,187.552,70.0,75.0,50.0,114.293,,,0.6,0.4,,True,completed
195766_436_0,pkw,26305.0,26432.0,127.0,,203.406,71.0,77.0,50.0,113.933,,,0.6063,0.3937,,True,completed
130655_409_0,pkw,26312.0,26433.0,121.0,,190.687,68.0,72.0,49.0,109.142,,,0.595,0.405,,True,completed
168584_425_0,pkw,26308.0,26433.0,125.0,,193.553,69.0,73.0,52.0,114.819,,,0.584,0.416,,True,completed
185401_432_0,pkw,26368.0,26434.0,66.0,,435.93,25.0,25.0,41.0,32.491,,,0.3788,0.6212,,True,completed
194383_436_0,pkw,26321.0,26434.0,113.0,,188.869,65.0,65.0,48.0,102.134,,,0.5752,0.4248,,True,completed
193929_435_0,pkw,26323.0,26435.0,112.0,,195.085,67.0,68.0,44.0,99.947,,,0.6071,0.3929,,True,completed
169701_426_0,pkw,26385.0,26436.0,51.0,,186.076,24.0,24.0,27.0,40.297,,,0.4706,0.5294,,True,completed
168218_425_0,pkw,26325.0,26437.0,112.0,,175.585,65.0,65.0,47.0,100.834,,,0.5804,0.4196,,True,completed
167177_425_0,pkw,26323.0,26438.0,115.0,,195.743,62.0,64.0,51.0,103.882,,,0.5565,0.4435,,True,completed
184915_431_0,pkw,26328.0,26438.0,110.0,,165.997,63.0,63.0,47.0,99.652,,,0.5727,0.4273,,True,completed
196515_436_0,pkw,26342.0,26440.0,98.0,,171.53,55.0,56.0,42.0,87.671,,,0.5714,0.4286,,True,completed
131058_409_0,pkw,26438.0,26447.0,9.0,,140.402,0.0,0.0,9.0,0.564,,,0.0,1.0,,True,completed
145141_416_0,pkw,26382.0,26450.0,68.0,,434.625,27.0,27.0,41.0,35.478,,,0.3971,0.6029,,True,completed
130643_409_0,pkw,26440.0,26451.0,11.0,,140.799,0.0,0.0,11.0,0.864,,,0.0,1.0,,True,completed
82166_389_0,pkw,26385.0,26451.0,66.0,,432.48,23.0,23.0,43.0,31.175,,,0.3485,0.6515,,True,completed
158141_421_0,pkw,26395.0,26452.0,57.0,,430.59,16.0,16.0,41.0,26.903,,,0.2807,0.7193,,True,completed
53404_371_0,pkw,26401.0,26452.0,51.0,,428.966,11.0,11.0,40.0,19.552,,,0.2157,0.7843,,True,completed
178553_430_0,pkw,26397.0,26454.0,57.0,,434.248,16.0,16.0,41.0,27.908,,,0.2807,0.7193,,True,completed
142215_415_0,pkw,26399.0,26456.0,57.0,,444.65,15.0,15.0,42.0,27.144,,,0.2632,0.7368,,True,completed
174028_427_0,pkw,26430.0,26459.0,29.0,,169.784,6.0,6.0,23.0,18.363,,,0.2069,0.7931,,True,completed
137478_412_0,pkw,26426.0,26460.0,34.0,,458.136,0.0,0.0,34.0,1.722,,,0.0,1.0,,True,completed
104234_397_0,pkw,26427.0,26461.0,34.0,,461.511,0.0,0.0,34.0,2.873,,,0.0,1.0,,True,completed
200602_437_0,pkw,26432.0,26463.0,31.0,,457.493,0.0,0.0,31.0,3.083,,,0.0,1.0,,True,completed
116224_404_0,pkw,26425.0,26471.0,46.0,,200.55,24.0,24.0,22.0,34.71,,,0.5217,0.4783,,True,completed
160151_421_0,pkw,26390.0,26471.0,81.0,,189.257,53.0,53.0,28.0,71.225,,,0.6543,0.3457,,True,completed
164320_422_0,pkw,26441.0,26471.0,30.0,,186.844,10.0,10.0,20.0,20.262,,,0.3333,0.6667,,True,completed
92274_392_0,pkw,26436.0,26472.0,36.0,,196.477,15.0,15.0,21.0,24.815,,,0.4167,0.5833,,True,completed
165758_423_0,pkw,26389.0,26473.0,84.0,,186.579,47.0,47.0,37.0,74.054,,,0.5595,0.4405,,True,completed
156189_420_0,pkw,26429.0,26474.0,45.0,,190.858,21.0,21.0,24.0,34.363,,,0.4667,0.5333,,True,completed
173015_426_0,pkw,26431.0,26474.0,43.0,,169.52,21.0,21.0,22.0,32.823,,,0.4884,0.5116,,True,completed
173046_427_0,pkw,26405.0,26475.0,70.0,,196.29,40.0,41.0,29.0,58.477,,,0.5857,0.4143,,True,completed
165876_424_0,pkw,26435.0,26477.0,42.0,,172.258,20.0,20.0,22.0,30.964,,,0.4762,0.5238,,True,completed
191859_435_0,pkw,26416.0,26477.0,61.0,,196.741,28.0,29.0,32.0,48.725,,,0.4754,0.5246,,True,completed
149975_417_0,pkw,26433.0,26478.0,45.0,,200.548,21.0,21.0,24.0,32.583,,,0.4667,0.5333,,True,completed
178534_430_0,pkw,26416.0,26490.0,74.0,,433.725,30.0,30.0,44.0,35.2,,,0.4054,0.5946,,True,completed
171071_426_0,pkw,26430.0,26491.0,61.0,,433.073,19.0,19.0,42.0,28.285,,,0.3115,0.6885,,True,completed
185869_432_0,pkw,26422.0,26492.0,70.0,,438.103,29.0,29.0,41.0,40.809,,,0.4143,0.5857,,True,completed
68057_381_0,pkw,26434.0,26493.0,59.0,,451.213,19.0,19.0,40.0,28.321,,,0.322,0.678,,True,completed
197106_436_0,pkw,26449.0,26494.0,45.0,,431.251,5.0,5.0,40.0,14.369,,,0.1111,0.8889,,True,completed
97861_395_0,pkw,26425.0,26494.0,69.0,,440.637,29.0,29.0,40.0,41.479,,,0.4203,0.5797,,True,completed
194747_436_0,pkw,26442.0,26496.0,54.0,,445.722,12.0,12.0,42.0,23.059,,,0.2222,0.7778,,True,completed
145696_416_0,pkw,26427.0,26511.0,84.0,,196.239,55.0,55.0,29.0,73.168,,,0.6548,0.3452,,True,completed
179055_430_0,pkw,26437.0,26511.0,74.0,,201.249,44.0,44.0,30.0,64.001,,,0.5946,0.4054,,True,completed
186205_432_0,pkw,26481.0,26511.0,30.0,,191.568,10.0,10.0,20.0,18.968,,,0.3333,0.6667,,True,completed
186423_432_0,pkw,26475.0,26511.0,36.0,,187.899,18.0,18.0,18.0,26.518,,,0.5,0.5,,True,completed
185227_432_0,pkw,26434.0,26513.0,79.0,,201.113,51.0,51.0,28.0,68.795,,,0.6456,0.3544,,True,completed
118434_405_0,pkw,26439.0,26514.0,75.0,,173.523,43.0,43.0,32.0,62.632,,,0.5733,0.4267,,True,completed
169383_426_0,pkw,26436.0,26515.0,79.0,,200.679,48.0,48.0,31.0,65.946,,,0.6076,0.3924,,True,completed
157367_421_0,pkw,26438.0,26516.0,78.0,,192.24,47.0,47.0,31.0,66.803,,,0.6026,0.3974,,True,completed
177207_429_0,pkw,26441.0,26517.0,76.0,,191.917,44.0,44.0,32.0,62.438,,,0.5789,0.4211,,True,completed
186289_432_0,pkw,26443.0,26517.0,74.0,,179.238,40.0,40.0,34.0,61.713,,,0.5405,0.4595,,True,completed
83577_390_0,pkw,26440.0,26518.0,78.0,,201.622,46.0,46.0,32.0,66.966,,,0.5897,0.4103,,True,completed
115123_403_0,pkw,26445.0,26519.0,74.0,,197.329,40.0,40.0,34.0,61.434,,,0.5405,0.4595,,True,completed
168011_425_0,pkw,26447.0,26519.0,72.0,,168.792,38.0,38.0,34.0,61.788,,,0.5278,0.4722,,True,completed
211311_442_0,pkw,26444.0,26530.0,86.0,,435.344,41.0,41.0,45.0,59.199,,,0.4767,0.5233,,True,completed
179115_430_0,pkw,26472.0,26531.0,59.0,,436.184,16.0,16.0,43.0,23.404,,,0.2712,0.7288,,True,completed
173602_427_0,pkw,26470.0,26532.0,62.0,,435.87,17.0,17.0,45.0,26.617,,,0.2742,0.7258,,True,completed
155212_420_0,pkw,26472.0,26534.0,62.0,,439.44,15.0,15.0,47.0,24.475,,,0.2419,0.7581,,True,completed
204221_440_0,pkw,26475.0,26535.0,60.0,,431.547,13.0,13.0,47.0,28.962,,,0.2167,0.7833,,True,completed
144043_416_0,pkw,26477.0,26537.0,60.0,,437.357,12.0,12.0,48.0,28.831,,,0.2,0.8,,True,completed
172041_426_0,pkw,26475.0,26541.0,66.0,,460.653,17.0,17.0,49.0,37.611,,,0.2576,0.7424,,True,completed
198106_436_0,pkw,26529.0,26548.0,19.0,,153.472,1.0,1.0,18.0,8.696,,,0.0526,0.9474,,True,completed
94331_393_0,pkw,26492.0,26550.0,58.0,,425.492,21.0,21.0,37.0,28.956,,,0.3621,0.6379,,True,completed
104840_398_0,pkw,26497.0,26551.0,54.0,,429.429,15.0,15.0,39.0,23.836,,,0.2778,0.7222,,True,completed
123979_406_0,pkw,26442.0,26551.0,109.0,,203.19,72.0,72.0,37.0,96.64,,,0.6606,0.3394,,True,completed
201635_438_0,pkw,26449.0,26551.0,102.0,,197.396,59.0,59.0,43.0,91.18,,,0.5784,0.4216,,True,completed
167945_425_0,pkw,26444.0,26552.0,108.0,,188.879,68.0,68.0,40.0,97.273,,,0.6296,0.3704,,True,completed
158192_421_0,pkw,26451.0,26553.0,102.0,,168.947,58.0,58.0,44.0,92.501,,,0.5686,0.4314,,True,completed
159102_421_0,pkw,26446.0,26554.0,108.0,,198.276,68.0,68.0,40.0,97.6,,,0.6296,0.3704,,True,completed
191303_435_0,pkw,26523.0,26554.0,31.0,,431.823,0.0,0.0,31.0,1.198,,,0.0,1.0,,True,completed
83716_390_0,pkw,26455.0,26556.0,101.0,,200.71,61.0,62.0,39.0,88.0,,,0.6139,0.3861,,True,completed
169788_426_0,pkw,26476.0,26557.0,81.0,,191.839,47.0,47.0,34.0,71.174,,,0.5802,0.4198,,True,completed
180573_430_0,pkw,26453.0,26557.0,104.0,,198.311,57.0,57.0,47.0,93.627,,,0.5481,0.4519,,True,completed
177265_429_0,pkw,26461.0,26558.0,97.0,,188.191,55.0,56.0,41.0,86.036,,,0.5773,0.4227,,True,completed
131090_409_0,pkw,26516.0,26559.0,43.0,,430.929,0.0,1.0,42.0,5.514,,,0.0233,0.9767,,True,completed
161516_421_0,pkw,26481.0,26560.0,79.0,,197.877,42.0,42.0,37.0,67.979,,,0.5316,0.4684,,True,completed
172220_426_0,pkw,26483.0,26560.0,77.0,,172.337,41.0,41.0,36.0,66.702,,,0.5325,0.4675,,True,completed
74794_385_0,pkw,26517.0,26560.0,43.0,,183.406,18.0,18.0,25.0,32.104,,,0.4186,0.5814,,True,completed
166993_424_0,pkw,26535.0,26562.0,27.0,,176.715,0.0,1.0,26.0,16.832,,,0.037,0.963,,True,completed
119139_405_0,pkw,26483.0,26563.0,80.0,,703.261,12.0,12.0,68.0,26.039,,,0.15,0.85,,True,completed
153330_420_0,pkw,26523.0,26563.0,40.0,,432.78,0.0,0.0,40.0,2.131,,,0.0,1.0,,True,completed
181090_431_0,pkw,26491.0,26570.0,79.0,,439.444,30.0,30.0,49.0,45.441,,,0.3797,0.6203,,True,completed
195823_436_0,pkw,26482.0,26570.0,88.0,,424.795,34.0,34.0,54.0,53.393,,,0.3864,0.6136,,True,completed
40062_360_0,pkw,26493.0,26572.0,79.0,,443.658,29.0,29.0,50.0,46.226,,,0.3671,0.6329,,True,completed
164467_422_0,pkw,26495.0,26573.0,78.0,,433.762,27.0,27.0,51.0,53.631,,,0.3462,0.6538,,True,completed
115512_403_0,pkw,26497.0,26575.0,78.0,,439.816,27.0,27.0,51.0,45.122,,,0.3462,0.6538,,True,completed
190104_434_0,pkw,26523.0,26576.0,53.0,,462.084,7.0,7.0,46.0,20.308,,,0.1321,0.8679,,True,completed
146478_416_0,pkw,26505.0,26577.0,72.0,,439.189,23.0,23.0,49.0,40.96,,,0.3194,0.6806,,True,completed
123108_406_0,pkw,26565.0,26591.0,26.0,,185.986,8.0,8.0,18.0,15.144,,,0.3077,0.6923,,True,completed
163326_422_0,pkw,26479.0,26591.0,112.0,,196.312,72.0,75.0,37.0,101.651,,,0.6696,0.3304,,True,completed
196360_436_0,pkw,26540.0,26591.0,51.0,,199.854,21.0,21.0,30.0,37.865,,,0.4118,0.5882,,True,completed
206714_440_0,pkw,26540.0,26591.0,51.0,,432.698,15.0,15.0,36.0,21.291,,,0.2941,0.7059,,True,completed
178950_430_0,pkw,26527.0,26592.0,65.0,,430.675,28.0,28.0,37.0,33.862,,,0.4308,0.5692,,True,completed
130204_409_0,pkw,26571.0,26593.0,22.0,,195.713,3.0,3.0,19.0,11.56,,,0.1364,0.8636,,True,completed
139036_413_0,pkw,26534.0,26593.0,59.0,,201.859,28.0,29.0,30.0,48.013,,,0.4915,0.5085,,True,completed
151154_418_0,pkw,26542.0,26593.0,51.0,,187.864,20.0,20.0,31.0,39.815,,,0.3922,0.6078,,True,completed
186999_432_0,pkw,26537.0,26594.0,57.0,,190.757,26.0,26.0,31.0,46.934,,,0.4561,0.5439,,True,completed
181870_431_0,pkw,26573.0,26595.0,22.0,,195.847,2.0,2.0,20.0,12.063,,,0.0909,0.9091,,True,completed
184714_431_0,pkw,26539.0,26595.0,56.0,,192.038,19.0,19.0,37.0,43.122,,,0.3393,0.6607,,True,completed
176845_429_0,pkw,26567.0,26597.0,30.0,,200.559,4.0,5.0,25.0,17.63,,,0.1667,0.8333,,True,completed
155883_420_0,pkw,26572.0,26598.0,26.0,,191.505,3.0,3.0,23.0,14.663,,,0.1154,0.8846,,True,completed
74484_385_0,pkw,26511.0,26610.0,99.0,,432.619,50.0,50.0,49.0,65.451,,,0.5051,0.4949,,True,completed
169233_425_0,pkw,26586.0,26612.0,26.0,,139.541,6.0,7.0,19.0,17.949,,,0.2692,0.7308,,True,completed
203991_439_0,pkw,26515.0,26612.0,97.0,,444.093,47.0,47.0,50.0,68.51,,,0.4845,0.5155,,True,completed
155067_420_0,pkw,26524.0,26613.0,89.0,,431.243,38.0,38.0,51.0,58.262,,,0.427,0.573,,True,completed
202246_438_0,pkw,26600.0,26613.0,13.0,,165.782,0.0,0.0,13.0,2.154,,,0.0,1.0,,True,completed
120811_405_0,pkw,26589.0,26614.0,25.0,,149.022,5.0,5.0,20.0,15.889,,,0.2,0.8,,True,completed
155483_420_0,pkw,26568.0,26616.0,48.0,,456.614,1.0,1.0,47.0,13.206,,,0.0208,0.9792,,True,completed
192872_435_0,pkw,26530.0,26616.0,86.0,,436.195,34.0,34.0,52.0,52.364,,,0.3953,0.6047,,True,completed
109546_401_0,pkw,26574.0,26617.0,43.0,,447.394,0.0,0.0,43.0,11.776,,,0.0,1.0,,True,completed
159128_421_0,pkw,26544.0,26617.0,73.0,,448.6,23.0,23.0,50.0,40.488,,,0.3151,0.6849,,True,completed
218594_446_0,pkw,26612.0,26618.0,6.0,,84.179,0.0,0.0,6.0,0.599,,,0.0,1.0,,True,completed
126929_407_0,pkw,26562.0,26619.0,57.0,,456.45,16.0,16.0,41.0,29.249,,,0.2807,0.7193,,True,completed
171964_426_0,pkw,26547.0,26621.0,74.0,,448.034,23.0,23.0,51.0,38.605,,,0.3108,0.6892,,True,completed
143358_415_0,pkw,26575.0,26625.0,50.0,,461.416,5.0,5.0,45.0,17.758,,,0.1,0.9,,True,completed
69734_381_0,pkw,26595.0,26626.0,31.0,,447.583,0.0,0.0,31.0,1.632,,,0.0,1.0,,True,completed
116773_404_0,pkw,26577.0,26627.0,50.0,,464.035,5.0,5.0,45.0,18.216,,,0.1,0.9,,True,completed
114840_403_0,pkw,26579.0,26630.0,51.0,,460.306,4.0,4.0,47.0,17.266,,,0.0784,0.9216,,True,completed
144022_416_0,pkw,26581.0,26631.0,50.0,,459.261,3.0,3.0,47.0,18.425,,,0.06,0.94,,True,completed
185990_432_0,pkw,26586.0,26631.0,45.0,,193.4,27.0,27.0,18.0,33.449,,,0.6,0.4,,True,completed
154448_420_0,pkw,26578.0,26632.0,54.0,,199.536,27.0,27.0,27.0,42.94,,,0.5,0.5,,True,completed
192379_435_0,pkw,26587.0,26632.0,45.0,,180.949,23.0,23.0,22.0,35.8,,,0.5111,0.4889,,True,completed
196109_436_0,pkw,26569.0,26632.0,63.0,,194.075,31.0,32.0,31.0,50.402,,,0.5079,0.4921,,True,completed
206443_440_0,pkw,26580.0,26632.0,52.0,,436.155,15.0,15.0,37.0,21.281,,,0.2885,0.7115,,True,completed
175306_428_0,pkw,26584.0,26634.0,50.0,,400.816,12.0,12.0,38.0,22.479,,,0.24,0.76,,True,completed
194226_436_0,pkw,26583.0,26635.0,52.0,,197.562,24.0,24.0,28.0,40.829,,,0.4615,0.5385,,True,completed
148973_417_0,pkw,26580.0,26636.0,56.0,,203.059,25.0,25.0,31.0,44.721,,,0.4464,0.5536,,True,completed
172669_426_0,pkw,26593.0,26636.0,43.0,,186.45,22.0,22.0,21.0,31.583,,,0.5116,0.4884,,True,completed
201047_437_0,pkw,26598.0,26636.0,38.0,,191.628,16.0,16.0,22.0,28.225,,,0.4211,0.5789,,True,completed
139710_413_0,pkw,26590.0,26637.0,47.0,,177.37,22.0,22.0,25.0,32.756,,,0.4681,0.5319,,True,completed
178506_430_0,pkw,26583.0,26641.0,58.0,,193.76,25.0,25.0,33.0,48.638,,,0.431,0.569,,True,completed
102516_396_0,pkw,26599.0,26642.0,43.0,,183.137,18.0,18.0,25.0,32.387,,,0.4186,0.5814,,True,completed
198317_436_0,pkw,26600.0,26646.0,46.0,,406.957,4.0,4.0,42.0,21.925,,,0.087,0.913,,True,completed
143401_415_0,pkw,26532.0,26650.0,118.0,,439.386,61.0,61.0,57.0,85.946,,,0.5169,0.4831,,True,completed
190451_434_0,pkw,26619.0,26652.0,33.0,,427.486,0.0,0.0,33.0,1.477,,,0.0,1.0,,True,completed
120913_405_0,pkw,26534.0,26653.0,119.0,,443.682,60.0,60.0,59.0,88.672,,,0.5042,0.4958,,True,completed
153284_420_0,pkw,26576.0,26654.0,78.0,,453.769,26.0,26.0,52.0,46.183,,,0.3333,0.6667,,True,completed
61393_376_0,pkw,26537.0,26654.0,117.0,,435.012,59.0,59.0,58.0,86.563,,,0.5043,0.4957,,True,completed
98108_395_0,pkw,26542.0,26656.0,114.0,,441.14,55.0,55.0,59.0,82.702,,,0.4825,0.5175,,True,completed
85301_390_0,pkw,26585.0,26658.0,73.0,,456.155,20.0,20.0,53.0,43.955,,,0.274,0.726,,True,completed
181130_431_0,pkw,26593.0,26664.0,71.0,,675.432,8.0,8.0,63.0,25.671,,,0.1127,0.8873,,True,completed
157327_421_0,pkw,26598.0,26671.0,73.0,,190.492,44.0,44.0,29.0,62.815,,,0.6027,0.3973,,True,completed
92127_392_0,pkw,26641.0,26671.0,30.0,,396.203,0.0,0.0,30.0,4.007,,,0.0,1.0,,True,completed
137134_412_0,pkw,26647.0,26673.0,26.0,,397.168,0.0,0.0,26.0,4.64,,,0.0,1.0,,True,completed
159252_421_0,pkw,26600.0,26673.0,73.0,,189.028,45.0,45.0,28.0,62.321,,,0.6164,0.3836,,True,completed
177075_429_0,pkw,26602.0,26673.0,71.0,,201.244,42.0,42.0,29.0,60.039,,,0.5915,0.4085,,True,completed
154418_420_0,pkw,26609.0,26675.0,66.0,,188.496,38.0,38.0,28.0,55.424,,,0.5758,0.4242,,True,completed
172588_426_0,pkw,26605.0,26675.0,70.0,,197.372,40.0,40.0,30.0,58.186,,,0.5714,0.4286,,True,completed
199461_437_0,pkw,26609.0,26677.0,68.0,,201.64,38.0,38.0,30.0,56.282,,,0.5588,0.4412,,True,completed
199832_437_0,pkw,26612.0,26677.0,65.0,,187.161,34.0,34.0,31.0,55.227,,,0.5231,0.4769,,True,completed
202023_438_0,pkw,26604.0,26677.0,73.0,,170.394,41.0,41.0,32.0,61.584,,,0.5616,0.4384,,True,completed
180862_431_0,pkw,26614.0,26678.0,64.0,,194.003,32.0,32.0,32.0,54.018,,,0.5,0.5,,True,completed
199575_437_0,pkw,26649.0,26683.0,34.0,,400.523,0.0,0.0,34.0,3.375,,,0.0,1.0,,True,completed
179661_430_0,pkw,26596.0,26689.0,93.0,,450.545,48.0,48.0,45.0,65.321,,,0.5161,0.4839,,True,completed
95554_394_0,pkw,26544.0,26690.0,146.0,,435.968,73.0,80.0,66.0,120.073,,,0.5479,0.4521,,True,completed
145383_416_0,pkw,26623.0,26691.0,68.0,,433.341,25.0,25.0,43.0,33.775,,,0.3676,0.6324,,True,completed
172308_426_0,pkw,26546.0,26692.0,146.0,,445.292,72.0,79.0,67.0,114.145,,,0.5411,0.4589,,True,completed
214686_445_0,pkw,26627.0,26693.0,66.0,,431.967,21.0,21.0,45.0,30.264,,,0.3182,0.6818,,True,completed
119240_405_0,pkw,26548.0,26694.0,146.0,,442.41,70.0,76.0,70.0,111.609,,,0.5205,0.4795,,True,completed
186090_432_0,pkw,26639.0,26695.0,56.0,,435.856,16.0,16.0,40.0,24.06,,,0.2857,0.7143,,True,completed
202009_438_0,pkw,26558.0,26696.0,138.0,,435.587,68.0,73.0,65.0,97.884,,,0.529,0.471,,True,completed
205417_440_0,pkw,26645.0,26696.0,51.0,,426.82,10.0,10.0,41.0,20.044,,,0.1961,0.8039,,True,completed
155263_420_0,pkw,26560.0,26698.0,138.0,,444.124,66.0,70.0,68.0,105.841,,,0.5072,0.4928,,True,completed
85004_390_0,pkw,26664.0,26698.0,34.0,,455.39,0.0,0.0,34.0,4.608,,,0.0,1.0,,True,completed
184195_431_0,pkw,26661.0,26708.0,47.0,,352.483,13.0,13.0,34.0,22.421,,,0.2766,0.7234,,True,completed
141719_415_0,pkw,26616.0,26711.0,95.0,,193.537,55.0,55.0,40.0,84.122,,,0.5789,0.4211,,True,completed
178981_430_0,pkw,26618.0,26711.0,93.0,,200.337,58.0,58.0,35.0,82.101,,,0.6237,0.3763,,True,completed
168129_425_0,pkw,26620.0,26712.0,92.0,,188.336,54.0,54.0,38.0,81.816,,,0.587,0.413,,True,completed
201858_438_0,pkw,26693.0,26712.0,19.0,,140.081,1.0,1.0,18.0,9.421,,,0.0526,0.9474,,True,completed
137018_412_0,pkw,26618.0,26713.0,95.0,,194.634,54.0,54.0,41.0,82.42,,,0.5684,0.4316,,True,completed
229091_450_0,pkw,26667.0,26713.0,46.0,,400.028,6.0,6.0,40.0,17.898,,,0.1304,0.8696,,True,completed
126538_407_0,pkw,26621.0,26714.0,93.0,,185.781,52.0,52.0,41.0,83.457,,,0.5591,0.4409,,True,completed
194257_436_0,pkw,26624.0,26714.0,90.0,,193.599,51.0,51.0,39.0,78.866,,,0.5667,0.4333,,True,completed
165167_423_0,pkw,26678.0,26715.0,37.0,,397.228,0.0,0.0,37.0,12.82,,,0.0,1.0,,True,completed
154330_420_0,pkw,26623.0,26716.0,93.0,,188.977,52.0,52.0,41.0,80.477,,,0.5591,0.4409,,True,completed
212161_442_0,pkw,26673.0,26716.0,43.0,,404.502,2.0,2.0,41.0,15.703,,,0.0465,0.9535,,True,completed
212753_443_0,pkw,26627.0,26716.0,89.0,,197.225,48.0,48.0,41.0,77.937,,,0.5393,0.4607,,True,completed
196735_436_0,pkw,26643.0,26718.0,75.0,,199.594,41.0,42.0,33.0,63.737,,,0.56,0.44,,True,completed
202497_438_0,pkw,26646.0,26718.0,72.0,,193.74,39.0,39.0,33.0,59.834,,,0.5417,0.4583,,True,completed
209956_441_0,pkw,26664.0,26722.0,58.0,,392.644,16.0,16.0,42.0,31.958,,,0.2759,0.7241,,True,completed
150684_418_0,pkw,26681.0,26730.0,49.0,,433.547,7.0,7.0,42.0,16.042,,,0.1429,0.8571,,True,completed
163242_422_0,pkw,26562.0,26730.0,168.0,,442.614,73.0,98.0,70.0,138.443,,,0.5833,0.4167,,True,completed
168981_425_0,pkw,26570.0,26732.0,162.0,,444.728,69.0,93.0,69.0,129.689,,,0.5741,0.4259,,True,completed
208939_441_0,pkw,26686.0,26732.0,46.0,,435.266,6.0,6.0,40.0,13.572,,,0.1304,0.8696,,True,completed
122410_406_0,pkw,26690.0,26733.0,43.0,,425.579,4.0,4.0,39.0,12.189,,,0.093,0.907,,True,completed
159997_421_0,pkw,26572.0,26733.0,161.0,,433.793,67.0,88.0,73.0,133.998,,,0.5466,0.4534,,True,completed
182832_431_0,pkw,26690.0,26735.0,45.0,,424.866,3.0,3.0,42.0,11.853,,,0.0667,0.9333,,True,completed
153114_420_0,pkw,26575.0,26736.0,161.0,,434.703,65.0,83.0,78.0,120.976,,,0.5155,0.4845,,True,completed
103034_397_0,pkw,26694.0,26737.0,43.0,,425.771,1.0,1.0,42.0,8.901,,,0.0233,0.9767,,True,completed
172886_426_0,pkw,26577.0,26738.0,161.0,,441.626,63.0,80.0,81.0,133.708,,,0.4969,0.5031,,True,completed
211811_442_0,pkw,26672.0,26740.0,68.0,,669.549,9.0,9.0,59.0,26.221,,,0.1324,0.8676,,True,completed
183790_431_0,pkw,26676.0,26745.0,69.0,,679.403,2.0,2.0,67.0,21.327,,,0.029,0.971,,True,completed
189721_434_0,pkw,26692.0,26746.0,54.0,,673.922,0.0,0.0,54.0,7.601,,,0.0,1.0,,True,completed
206270_440_0,pkw,26690.0,26749.0,59.0,,362.203,23.0,23.0,36.0,30.545,,,0.3898,0.6102,,True,completed
208082_441_0,pkw,26649.0,26751.0,102.0,,188.421,64.0,65.0,37.0,91.554,,,0.6373,0.3627,,True,completed
185866_432_0,pkw,26696.0,26752.0,56.0,,391.621,18.0,18.0,38.0,32.919,,,0.3214,0.6786,,True,completed
189897_434_0,pkw,26653.0,26752.0,99.0,,203.561,61.0,62.0,37.0,85.605,,,0.6263,0.3737,,True,completed
147570_416_0,pkw,26662.0,26753.0,91.0,,195.42,50.0,51.0,40.0,80.205,,,0.5604,0.4396,,True,completed
190771_435_0,pkw,26658.0,26753.0,95.0,,197.169,52.0,53.0,42.0,85.996,,,0.5579,0.4421,,True,completed
127789_407_0,pkw,26704.0,26754.0,50.0,,404.039,12.0,12.0,38.0,26.39,,,0.24,0.76,,True,completed
169567_426_0,pkw,26701.0,26755.0,54.0,,431.164,12.0,12.0,42.0,19.597,,,0.2222,0.7778,,True,completed
132886_410_0,pkw,26672.0,26756.0,84.0,,190.501,46.0,46.0,38.0,72.608,,,0.5476,0.4524,,True,completed
173429_427_0,pkw,26706.0,26756.0,50.0,,429.095,7.0,7.0,43.0,14.105,,,0.14,0.86,,True,completed
101049_396_0,pkw,26679.0,26757.0,78.0,,200.865,44.0,44.0,34.0,66.452,,,0.5641,0.4359,,True,completed
142599_415_0,pkw,26665.0,26757.0,92.0,,195.288,45.0,45.0,47.0,81.797,,,0.4891,0.5109,,True,completed
204094_439_0,pkw,26698.0,26761.0,63.0,,406.491,19.0,19.0,44.0,37.365,,,0.3016,0.6984,,True,completed
165006_423_0,pkw,26701.0,26762.0,61.0,,395.589,16.0,16.0,45.0,35.676,,,0.2623,0.7377,,True,completed
181512_431_0,pkw,26706.0,26764.0,58.0,,398.297,14.0,14.0,44.0,32.143,,,0.2414,0.7586,,True,completed
192573_435_0,pkw,26712.0,26766.0,54.0,,406.566,10.0,10.0,44.0,29.853,,,0.1852,0.8148,,True,completed
114619_403_0,pkw,26723.0,26767.0,44.0,,397.342,6.0,6.0,38.0,17.183,,,0.1364,0.8636,,True,completed
183279_431_0,pkw,26714.0,26769.0,55.0,,395.845,3.0,3.0,52.0,25.616,,,0.0545,0.9455,,True,completed
135176_411_0,pkw,26587.0,26770.0,183.0,,441.584,70.0,106.0,77.0,152.205,,,0.5792,0.4208,,True,completed
122646_406_0,pkw,26589.0,26771.0,182.0,,433.415,68.0,99.0,83.0,149.428,,,0.544,0.456,,True,completed
211553_442_0,pkw,26696.0,26771.0,75.0,,433.957,25.0,25.0,50.0,43.514,,,0.3333,0.6667,,True,completed
124332_406_0,pkw,26698.0,26772.0,74.0,,427.244,25.0,25.0,49.0,42.636,,,0.3378,0.6622,,True,completed
126395_407_0,pkw,26603.0,26773.0,170.0,,441.657,67.0,90.0,80.0,139.592,,,0.5294,0.4706,,True,completed
116252_404_0,pkw,26670.0,26774.0,104.0,,453.374,47.0,47.0,57.0,72.745,,,0.4519,0.5481,,True,completed
168558_425_0,pkw,26605.0,26774.0,169.0,,426.248,67.0,89.0,80.0,141.261,,,0.5266,0.4734,,True,completed
194707_436_0,pkw,26696.0,26775.0,79.0,,431.539,24.0,24.0,55.0,40.089,,,0.3038,0.6962,,True,completed
155549_420_0,pkw,26686.0,26777.0,91.0,,432.904,31.0,31.0,60.0,52.518,,,0.3407,0.6593,,True,completed
99677_396_0,pkw,26674.0,26777.0,103.0,,444.252,46.0,46.0,57.0,72.554,,,0.4466,0.5534,,True,completed
181412_431_0,pkw,26610.0,26778.0,168.0,,445.009,61.0,84.0,84.0,126.313,,,0.5,0.5,,True,completed
200836_437_0,pkw,26709.0,26780.0,71.0,,455.812,24.0,24.0,47.0,38.496,,,0.338,0.662,,True,completed
141030_414_0,pkw,26692.0,26791.0,99.0,,193.701,58.0,58.0,41.0,86.293,,,0.5859,0.4141,,True,completed
167910_425_0,pkw,26750.0,26791.0,41.0,,427.606,5.0,5.0,36.0,10.889,,,0.122,0.878,,True,completed
234991_451_0,pkw,26720.0,26791.0,71.0,,404.678,20.0,20.0,51.0,43.276,,,0.2817,0.7183,,True,completed
136672_411_0,pkw,26708.0,26792.0,84.0,,185.17,49.0,49.0,35.0,74.585,,,0.5833,0.4167,,True,completed
191612_435_0,pkw,26746.0,26794.0,48.0,,430.657,7.0,7.0,41.0,15.353,,,0.1458,0.8542,,True,completed
202707_439_0,pkw,26756.0,26794.0,38.0,,436.39,0.0,1.0,37.0,6.159,,,0.0263,0.9737,,True,completed
76361_386_0,pkw,26716.0,26794.0,78.0,,189.816,48.0,48.0,30.0,68.494,,,0.6154,0.3846,,True,completed
193510_435_0,pkw,26732.0,26796.0,64.0,,199.149,31.0,32.0,32.0,53.377,,,0.5,0.5,,True,completed
155897_420_0,pkw,26735.0,26797.0,62.0,,185.008,29.0,29.0,33.0,51.473,,,0.4677,0.5323,,True,completed
166951_424_0,pkw,26726.0,26802.0,76.0,,406.522,30.0,30.0,46.0,50.32,,,0.3947,0.6053,,True,completed
169627_426_0,pkw,26729.0,26803.0,74.0,,394.999,22.0,22.0,52.0,48.854,,,0.2973,0.7027,,True,completed
192452_435_0,pkw,26764.0,26803.0,39.0,,435.974,0.0,0.0,39.0,2.05,,,0.0,1.0,,True,completed
220505_447_0,pkw,26743.0,26808.0,65.0,,402.257,20.0,20.0,45.0,40.064,,,0.3077,0.6923,,True,completed
116480_404_0,pkw,26711.0,26809.0,98.0,,422.488,49.0,49.0,49.0,70.79,,,0.5,0.5,,True,completed
214993_445_0,pkw,26631.0,26810.0,179.0,,434.363,68.0,98.0,81.0,153.963,,,0.5475,0.4525,,True,completed
197962_436_0,pkw,26711.0,26812.0,101.0,,432.154,46.0,46.0,55.0,72.166,,,0.4554,0.5446,,True,completed
71443_383_0,pkw,26633.0,26812.0,179.0,,435.999,65.0,90.0,89.0,142.839,,,0.5028,0.4972,,True,completed
199704_437_0,pkw,26677.0,26813.0,136.0,,452.39,51.0,72.0,64.0,102.351,,,0.5294,0.4706,,True,completed
157683_421_0,pkw,26635.0,26814.0,179.0,,445.505,65.0,89.0,90.0,148.436,,,0.4972,0.5028,,True,completed
162502_422_0,pkw,26681.0,26814.0,133.0,,445.877,48.0,69.0,64.0,100.302,,,0.5188,0.4812,,True,completed
182185_431_0,pkw,26707.0,26814.0,107.0,,432.788,45.0,45.0,62.0,74.795,,,0.4206,0.5794,,True,completed
133105_410_0,pkw,26683.0,26816.0,133.0,,449.034,47.0,66.0,67.0,99.475,,,0.4962,0.5038,,True,completed
182162_431_0,pkw,26713.0,26816.0,103.0,,436.612,44.0,44.0,59.0,71.868,,,0.4272,0.5728,,True,completed
190466_434_0,pkw,26637.0,26816.0,179.0,,444.343,64.0,89.0,90.0,146.669,,,0.4972,0.5028,,True,completed
151053_418_0,pkw,26690.0,26817.0,127.0,,448.759,46.0,64.0,63.0,96.573,,,0.5039,0.4961,,True,completed
157491_421_0,pkw,26641.0,26817.0,176.0,,431.776,62.0,87.0,89.0,149.149,,,0.4943,0.5057,,True,completed
186689_432_0,pkw,26688.0,26818.0,130.0,,449.638,45.0,63.0,67.0,96.46,,,0.4846,0.5154,,True,completed
189975_434_0,pkw,26733.0,26827.0,94.0,,671.98,20.0,20.0,74.0,44.267,,,0.2128,0.7872,,True,completed
155279_420_0,pkw,26745.0,26831.0,86.0,,196.895,52.0,52.0,34.0,75.294,,,0.6047,0.3953,,True,completed
159086_421_0,pkw,26766.0,26833.0,67.0,,427.694,29.0,30.0,37.0,34.065,,,0.4478,0.5522,,True,completed
187195_433_0,pkw,26757.0,26833.0,76.0,,200.103,47.0,47.0,29.0,64.739,,,0.6184,0.3816,,True,completed
137085_412_0,pkw,26745.0,26834.0,89.0,,676.265,12.0,12.0,77.0,30.551,,,0.1348,0.8652,,True,completed
141293_415_0,pkw,26800.0,26834.0,34.0,,190.523,11.0,12.0,22.0,22.288,,,0.3529,0.6471,,True,completed
169718_426_0,pkw,26777.0,26835.0,58.0,,431.995,15.0,16.0,42.0,25.717,,,0.2759,0.7241,,True,completed
166525_424_0,pkw,26768.0,26836.0,68.0,,437.336,26.0,26.0,42.0,34.02,,,0.3824,0.6176,,True,completed
194522_436_0,pkw,26803.0,26836.0,33.0,,198.461,10.0,10.0,23.0,22.263,,,0.303,0.697,,True,completed
175425_428_0,pkw,26805.0,26837.0,32.0,,167.801,8.0,8.0,24.0,20.25,,,0.25,0.75,,True,completed
215436_445_0,pkw,26781.0,26837.0,56.0,,437.015,10.0,11.0,45.0,23.168,,,0.1964,0.8036,,True,completed
191999_435_0,pkw,26748.0,26841.0,93.0,,397.891,34.0,34.0,59.0,68.853,,,0.3656,0.6344,,True,completed
212455_443_0,pkw,26757.0,26843.0,86.0,,404.275,33.0,33.0,53.0,60.498,,,0.3837,0.6163,,True,completed
160692_421_0,pkw,26694.0,26850.0,156.0,,443.523,50.0,89.0,67.0,124.843,,,0.5705,0.4295,,True,completed
206619_440_0,pkw,26643.0,26850.0,207.0,,438.905,70.0,113.0,94.0,178.31,,,0.5459,0.4541,,True,completed
178677_430_0,pkw,26741.0,26851.0,110.0,,433.72,52.0,52.0,58.0,75.536,,,0.4727,0.5273,,True,completed
88877_391_0,pkw,26648.0,26852.0,204.0,,435.588,69.0,105.0,99.0,171.764,,,0.5147,0.4853,,True,completed
172890_426_0,pkw,26756.0,26853.0,97.0,,432.825,47.0,47.0,50.0,64.236,,,0.4845,0.5155,,True,completed
156181_420_0,pkw,26774.0,26854.0,80.0,,424.279,30.0,30.0,50.0,48.408,,,0.375,0.625,,True,completed
156877_421_0,pkw,26650.0,26854.0,204.0,,440.776,64.0,100.0,104.0,175.069,,,0.4902,0.5098,,True,completed
123465_406_0,pkw,26722.0,26856.0,134.0,,448.531,47.0,68.0,66.0,101.383,,,0.5075,0.4925,,True,completed
147632_416_0,pkw,26780.0,26856.0,76.0,,430.84,27.0,27.0,49.0,46.863,,,0.3553,0.6447,,True,completed
214628_444_0,pkw,26666.0,26856.0,190.0,,441.947,63.0,99.0,91.0,161.177,,,0.5211,0.4789,,True,completed
188297_433_0,pkw,26778.0,26858.0,80.0,,427.769,26.0,26.0,54.0,45.753,,,0.325,0.675,,True,completed
196884_436_0,pkw,26725.0,26858.0,133.0,,445.207,46.0,66.0,67.0,99.488,,,0.4962,0.5038,,True,completed
204162_439_0,pkw,26668.0,26858.0,190.0,,446.226,63.0,93.0,97.0,154.661,,,0.4895,0.5105,,True,completed
196620_436_0,pkw,26728.0,26860.0,132.0,,448.819,45.0,65.0,67.0,98.466,,,0.4924,0.5076,,True,completed
185014_431_0,pkw,26720.0,26861.0,141.0,,453.245,48.0,70.0,71.0,100.378,,,0.4965,0.5035,,True,completed
170713_426_0,pkw,26813.0,26869.0,56.0,,425.048,22.0,22.0,34.0,27.663,,,0.3929,0.6071,,True,completed
194810_436_0,pkw,26843.0,26871.0,28.0,,172.111,9.0,9.0,19.0,16.468,,,0.3214,0.6786,,True,completed
187712_433_0,pkw,26863.0,26874.0,11.0,,193.116,0.0,0.0,11.0,0.399,,,0.0,1.0,,True,completed
216529_445_0,pkw,26868.0,26879.0,11.0,,177.795,0.0,0.0,11.0,0.219,,,0.0,1.0,,True,completed
123117_406_0,pkw,26671.0,26890.0,219.0,,437.118,70.0,119.0,100.0,187.031,,,0.5434,0.4566,,True,completed
141566_415_0,pkw,26786.0,26891.0,105.0,,431.731,49.0,49.0,56.0,73.097,,,0.4667,0.5333,,True,completed
155886_420_0,pkw,26673.0,26892.0,219.0,,438.09,68.0,117.0,102.0,189.214,,,0.5342,0.4658,,True,completed
139806_413_0,pkw,26807.0,26893.0,86.0,,433.512,35.0,35.0,51.0,53.699,,,0.407,0.593,,True,completed
161240_421_0,pkw,26730.0,26894.0,164.0,,453.73,51.0,90.0,74.0,129.535,,,0.5488,0.4512,,True,completed
214401_444_0,pkw,26675.0,26894.0,219.0,,442.161,65.0,114.0,105.0,189.109,,,0.5205,0.4795,,True,completed
188593_434_0,pkw,26677.0,26895.0,218.0,,431.623,64.0,110.0,108.0,188.359,,,0.5046,0.4954,,True,completed
210113_441_0,pkw,26805.0,26895.0,90.0,,435.259,36.0,36.0,54.0,56.218,,,0.4,0.6,,True,completed
159356_421_0,pkw,26766.0,26896.0,130.0,,450.743,45.0,63.0,67.0,99.232,,,0.4846,0.5154,,True,completed
178732_430_0,pkw,26808.0,26896.0,88.0,,425.973,34.0,34.0,54.0,56.141,,,0.3864,0.6136,,True,completed
175971_428_0,pkw,26760.0,26897.0,137.0,,451.222,49.0,69.0,68.0,100.977,,,0.5036,0.4964,,True,completed
190330_434_0,pkw,26763.0,26898.0,135.0,,446.875,46.0,65.0,70.0,100.735,,,0.4815,0.5185,,True,completed
199431_437_0,pkw,26680.0,26898.0,218.0,,446.506,64.0,110.0,108.0,180.665,,,0.5046,0.4954,,True,completed
175062_428_0,pkw,26840.0,26900.0,60.0,,678.767,1.0,1.0,59.0,12.758,,,0.0167,0.9833,,True,completed
191154_435_0,pkw,26845.0,26901.0,56.0,,671.227,0.0,0.0,56.0,10.733,,,0.0,1.0,,True,completed
167028_424_0,pkw,26847.0,26903.0,56.0,,677.514,0.0,0.0,56.0,10.508,,,0.0,1.0,,True,completed
174566_427_0,pkw,26768.0,26905.0,137.0,,452.828,42.0,61.0,76.0,98.144,,,0.4453,0.5547,,True,completed
121000_405_0,pkw,26850.0,26910.0,60.0,,677.608,0.0,0.0,60.0,5.904,,,0.0,1.0,,True,completed
194757_436_0,pkw,26852.0,26910.0,58.0,,680.855,0.0,0.0,58.0,8.593,,,0.0,1.0,,True,completed
210474_441_0,pkw,26876.0,26911.0,35.0,,195.028,17.0,17.0,18.0,25.36,,,0.4857,0.5143,,True,completed
161064_421_0,pkw,26888.0,26913.0,25.0,,201.456,2.0,3.0,22.0,13.462,,,0.12,0.88,,True,completed
128880_408_0,pkw,26898.0,26914.0,16.0,,192.412,0.0,0.0,16.0,5.008,,,0.0,1.0,,True,completed
210786_442_0,pkw,26852.0,26914.0,62.0,,432.436,20.0,20.0,42.0,28.263,,,0.3226,0.6774,,True,completed
154050_420_0,pkw,26884.0,26916.0,32.0,,435.049,0.0,0.0,32.0,1.499,,,0.0,1.0,,True,completed
212566_443_0,pkw,26864.0,26924.0,60.0,,403.333,13.0,13.0,47.0,31.325,,,0.2167,0.7833,,True,completed
110984_401_0,pkw,26682.0,26930.0,248.0,,445.452,70.0,132.0,116.0,217.523,,,0.5323,0.4677,,True,completed
171430_426_0,pkw,26771.0,26930.0,159.0,,446.284,49.0,86.0,73.0,127.817,,,0.5409,0.4591,,True,completed
95804_394_0,pkw,26840.0,26930.0,90.0,,432.344,44.0,45.0,45.0,58.176,,,0.5,0.5,,True,completed
122002_406_0,pkw,26846.0,26932.0,86.0,,437.177,41.0,41.0,45.0,55.288,,,0.4767,0.5233,,True,completed
170018_426_0,pkw,26684.0,26932.0,248.0,,442.866,68.0,128.0,120.0,215.44,,,0.5161,0.4839,,True,completed
207244_441_0,pkw,26688.0,26933.0,245.0,,431.24,65.0,117.0,128.0,220.27,,,0.4776,0.5224,,True,completed
170886_426_0,pkw,26849.0,26934.0,85.0,,430.861,35.0,35.0,50.0,49.534,,,0.4118,0.5882,,True,completed
202599_439_0,pkw,26803.0,26934.0,131.0,,449.733,47.0,67.0,64.0,99.867,,,0.5115,0.4885,,True,completed
154737_420_0,pkw,26854.0,26935.0,81.0,,667.005,19.0,19.0,62.0,42.446,,,0.2346,0.7654,,True,completed
195523_436_0,pkw,26692.0,26935.0,243.0,,438.574,65.0,118.0,125.0,213.269,,,0.4856,0.5144,,True,completed
207739_441_0,pkw,26800.0,26935.0,135.0,,443.425,47.0,67.0,68.0,100.734,,,0.4963,0.5037,,True,completed
133941_411_0,pkw,26861.0,26936.0,75.0,,431.964,28.0,28.0,47.0,43.117,,,0.3733,0.6267,,True,completed
134028_411_0,pkw,26805.0,26937.0,132.0,,448.026,45.0,67.0,65.0,100.998,,,0.5076,0.4924,,True,completed
196643_436_0,pkw,26694.0,26937.0,243.0,,436.668,63.0,112.0,131.0,206.117,,,0.4609,0.5391,,True,completed
101804_396_0,pkw,26857.0,26942.0,85.0,,676.158,17.0,17.0,68.0,35.777,,,0.2,0.8,,True,completed
110934_401_0,pkw,26859.0,26942.0,83.0,,677.433,14.0,14.0,69.0,40.066,,,0.1687,0.8313,,True,completed
213502_444_0,pkw,26909.0,26943.0,34.0,,162.601,7.0,8.0,26.0,22.696,,,0.2353,0.7647,,True,completed
208970_441_0,pkw,26865.0,26949.0,84.0,,452.369,31.0,31.0,53.0,55.573,,,0.369,0.631,,True,completed
163484_422_0,pkw,26924.0,26952.0,28.0,,175.129,8.0,8.0,20.0,16.137,,,0.2857,0.7143,,True,completed
198484_436_0,pkw,26929.0,26954.0,25.0,,200.683,3.0,3.0,22.0,11.864,,,0.12,0.88,,True,completed
154918_420_0,pkw,26902.0,26955.0,53.0,,432.326,12.0,12.0,41.0,17.838,,,0.2264,0.7736,,True,completed
131229_409_0,pkw,26896.0,26956.0,60.0,,429.976,18.0,18.0,42.0,24.026,,,0.3,0.7,,True,completed
163968_422_0,pkw,26941.0,26956.0,15.0,,176.905,0.0,0.0,15.0,5.719,,,0.0,1.0,,True,completed
139390_413_0,pkw,26905.0,26957.0,52.0,,438.206,7.0,8.0,44.0,24.164,,,0.1538,0.8462,,True,completed
72437_384_0,pkw,26936.0,26957.0,21.0,,194.648,0.0,0.0,21.0,10.884,,,0.0,1.0,,True,completed
159074_421_0,pkw,26919.0,26958.0,39.0,,434.263,0.0,1.0,38.0,9.44,,,0.0256,0.9744,,True,completed
232267_451_0,pkw,26924.0,26964.0,40.0,,438.43,1.0,1.0,39.0,9.852,,,0.025,0.975,,True,completed
155322_420_0,pkw,26808.0,26969.0,161.0,,440.634,54.0,92.0,69.0,131.595,,,0.5714,0.4286,,True,completed
206637_440_0,pkw,26810.0,26970.0,160.0,,442.414,52.0,89.0,71.0,131.925,,,0.5563,0.4437,,True,completed
108941_400_0,pkw,26698.0,26971.0,273.0,,441.107,68.0,136.0,137.0,240.194,,,0.4982,0.5018,,True,completed
95956_394_0,pkw,26863.0,26971.0,108.0,,434.156,50.0,50.0,58.0,74.892,,,0.463,0.537,,True,completed
160263_421_0,pkw,26842.0,26972.0,130.0,,439.523,50.0,68.0,62.0,104.339,,,0.5231,0.4769,,True,completed
203534_439_0,pkw,26881.0,26972.0,91.0,,430.565,42.0,42.0,49.0,59.067,,,0.4615,0.5385,,True,completed
208367_441_0,pkw,26700.0,26972.0,272.0,,432.168,66.0,132.0,140.0,240.892,,,0.4853,0.5147,,True,completed
198123_436_0,pkw,26840.0,26973.0,133.0,,446.607,49.0,68.0,65.0,103.133,,,0.5113,0.4887,,True,completed
198226_436_0,pkw,26702.0,26974.0,272.0,,441.493,66.0,133.0,139.0,239.297,,,0.489,0.511,,True,completed
163067_422_0,pkw,26883.0,26975.0,92.0,,436.224,38.0,38.0,54.0,56.96,,,0.413,0.587,,True,completed
134334_411_0,pkw,26704.0,26976.0,272.0,,443.72,65.0,130.0,142.0,242.517,,,0.4779,0.5221,,True,completed
243360_452_0,pkw,26910.0,26976.0,66.0,,428.618,22.0,22.0,44.0,36.901,,,0.3333,0.6667,,True,completed
237623_451_0,pkw,26907.0,26978.0,71.0,,430.63,22.0,22.0,49.0,34.969,,,0.3099,0.6901,,True,completed
106515_399_0,pkw,26845.0,26982.0,137.0,,452.722,48.0,67.0,70.0,101.558,,,0.4891,0.5109,,True,completed
241064_452_0,pkw,26952.0,26984.0,32.0,,167.667,4.0,5.0,27.0,22.546,,,0.1562,0.8438,,True,completed
163834_422_0,pkw,26956.0,26985.0,29.0,,157.436,2.0,2.0,27.0,18.757,,,0.069,0.931,,True,completed
132666_410_0,pkw,26946.0,26990.0,44.0,,189.139,25.0,25.0,19.0,32.946,,,0.5682,0.4318,,True,completed
159582_421_0,pkw,26932.0,26990.0,58.0,,438.924,23.0,23.0,35.0,29.491,,,0.3966,0.6034,,True,completed
196663_436_0,pkw,26948.0,26992.0,44.0,,187.86,23.0,23.0,21.0,32.371,,,0.5227,0.4773,,True,completed
164638_422_0,pkw,26950.0,26994.0,44.0,,195.436,23.0,23.0,21.0,33.331,,,0.5227,0.4773,,True,completed
198716_436_0,pkw,26928.0,26994.0,66.0,,433.413,26.0,26.0,40.0,32.878,,,0.3939,0.6061,,True,completed
175142_428_0,pkw,26956.0,26996.0,40.0,,196.881,16.0,16.0,24.0,27.776,,,0.4,0.6,,True,completed
181724_431_0,pkw,26934.0,26996.0,62.0,,435.073,18.0,18.0,44.0,28.524,,,0.2903,0.7097,,True,completed
113797_402_0,pkw,26937.0,26997.0,60.0,,431.392,15.0,15.0,45.0,25.201,,,0.25,0.75,,True,completed
160192_421_0,pkw,26950.0,26997.0,47.0,,427.633,4.0,5.0,42.0,19.17,,,0.1064,0.8936,,True,completed
170536_426_0,pkw,26961.0,26997.0,36.0,,172.924,12.0,12.0,24.0,24.487,,,0.3333,0.6667,,True,completed
196189_436_0,pkw,26938.0,26999.0,61.0,,437.165,14.0,15.0,46.0,34.874,,,0.2459,0.7541,,True,completed
126682_407_0,pkw,26848.0,27008.0,160.0,,447.996,52.0,90.0,70.0,132.598,,,0.5625,0.4375,,True,completed
217911_446_0,pkw,26913.0,27010.0,97.0,,430.921,47.0,47.0,50.0,68.053,,,0.4845,0.5155,,True,completed
208574_441_0,pkw,26709.0,27011.0,302.0,,442.482,71.0,154.0,148.0,272.771,,,0.5099,0.4901,,True,completed
164904_423_0,pkw,26725.0,27012.0,287.0,,432.593,71.0,153.0,134.0,263.046,,,0.5331,0.4669,,True,completed
169017_425_0,pkw,26917.0,27012.0,95.0,,434.834,46.0,46.0,49.0,65.527,,,0.4842,0.5158,,True,completed
173161_427_0,pkw,26880.0,27013.0,133.0,,441.235,47.0,68.0,65.0,104.055,,,0.5113,0.4887,,True,completed
227412_450_0,pkw,26916.0,27014.0,98.0,,426.108,44.0,44.0,54.0,65.084,,,0.449,0.551,,True,completed
85432_390_0,pkw,26732.0,27014.0,282.0,,444.686,68.0,148.0,134.0,253.621,,,0.5248,0.4752,,True,completed
170798_426_0,pkw,26734.0,27015.0,281.0,,434.983,67.0,148.0,133.0,252.115,,,0.5267,0.4733,,True,completed
180060_430_0,pkw,26883.0,27015.0,132.0,,449.839,46.0,67.0,65.0,103.682,,,0.5076,0.4924,,True,completed
220192_447_0,pkw,26928.0,27016.0,88.0,,432.471,40.0,40.0,48.0,58.176,,,0.4545,0.5455,,True,completed
157721_421_0,pkw,26851.0,27017.0,166.0,,445.83,48.0,89.0,77.0,129.697,,,0.5361,0.4639,,True,completed
188043_433_0,pkw,26736.0,27017.0,281.0,,429.334,64.0,147.0,134.0,255.213,,,0.5231,0.4769,,True,completed
185414_432_0,pkw,26935.0,27018.0,83.0,,451.232,32.0,32.0,51.0,48.476,,,0.3855,0.6145,,True,completed
117057_404_0,pkw,26961.0,27020.0,59.0,,677.743,0.0,0.0,59.0,12.323,,,0.0,1.0,,True,completed
210566_441_0,pkw,26942.0,27020.0,78.0,,457.666,22.0,22.0,56.0,42.768,,,0.2821,0.7179,,True,completed
108921_400_0,pkw,26959.0,27021.0,62.0,,448.205,19.0,19.0,43.0,30.27,,,0.3065,0.6935,,True,completed
246556_455_0,pkw,26981.0,27023.0,42.0,,161.415,16.0,16.0,26.0,31.778,,,0.381,0.619,,True,completed
80266_388_0,pkw,26967.0,27025.0,58.0,,672.519,0.0,0.0,58.0,5.264,,,0.0,1.0,,True,completed
181651_431_0,pkw,26968.0,27030.0,62.0,,186.691,35.0,35.0,27.0,51.109,,,0.5645,0.4355,,True,completed
210323_441_0,pkw,26970.0,27032.0,62.0,,188.91,31.0,31.0,31.0,50.453,,,0.5,0.5,,True,completed
178338_430_0,pkw,26968.0,27033.0,65.0,,432.17,22.0,22.0,43.0,32.936,,,0.3385,0.6615,,True,completed
211678_442_0,pkw,26964.0,27034.0,70.0,,438.129,29.0,30.0,40.0,35.805,,,0.4286,0.5714,,True,completed
139333_413_0,pkw,26971.0,27035.0,64.0,,426.732,21.0,22.0,42.0,30.729,,,0.3438,0.6562,,True,completed
148517_417_0,pkw,26978.0,27035.0,57.0,,436.945,15.0,15.0,42.0,25.72,,,0.2632,0.7368,,True,completed
191882_435_0,pkw,26982.0,27035.0,53.0,,179.37,25.0,25.0,28.0,42.108,,,0.4717,0.5283,,True,completed
209806_441_0,pkw,26987.0,27036.0,49.0,,196.35,24.0,24.0,25.0,38.986,,,0.4898,0.5102,,True,completed
192098_435_0,pkw,26989.0,27037.0,48.0,,176.195,24.0,24.0,24.0,37.272,,,0.5,0.5,,True,completed
232545_451_0,pkw,26978.0,27039.0,61.0,,428.598,18.0,18.0,43.0,25.38,,,0.2951,0.7049,,True,completed
176125_428_0,pkw,26885.0,27049.0,164.0,,452.19,53.0,95.0,69.0,135.422,,,0.5793,0.4207,,True,completed
181649_431_0,pkw,26743.0,27050.0,307.0,,440.493,71.0,164.0,143.0,280.652,,,0.5342,0.4658,,True,completed
209415_441_0,pkw,26961.0,27051.0,90.0,,435.608,40.0,41.0,49.0,59.144,,,0.4556,0.5444,,True,completed
199254_437_0,pkw,26810.0,27052.0,242.0,,444.743,70.0,130.0,112.0,216.892,,,0.5372,0.4628,,True,completed
202155_438_0,pkw,26888.0,27053.0,165.0,,449.696,51.0,91.0,74.0,132.991,,,0.5515,0.4485,,True,completed
234642_451_0,pkw,26977.0,27053.0,76.0,,428.318,22.0,22.0,54.0,38.425,,,0.2895,0.7105,,True,completed
210539_441_0,pkw,26813.0,27054.0,241.0,,440.905,68.0,125.0,116.0,213.21,,,0.5187,0.4813,,True,completed
196579_436_0,pkw,26815.0,27055.0,240.0,,431.92,66.0,119.0,121.0,208.538,,,0.4958,0.5042,,True,completed
180063_430_0,pkw,26891.0,27057.0,166.0,,443.833,51.0,91.0,75.0,131.68,,,0.5482,0.4518,,True,completed
194474_436_0,pkw,26921.0,27057.0,136.0,,452.533,47.0,69.0,67.0,103.931,,,0.5074,0.4926,,True,completed
140723_414_0,pkw,26843.0,27058.0,215.0,,446.087,63.0,110.0,105.0,177.8,,,0.5116,0.4884,,True,completed
166496_424_0,pkw,26924.0,27058.0,134.0,,444.926,46.0,69.0,65.0,109.369,,,0.5149,0.4851,,True,completed
214606_444_0,pkw,27001.0,27072.0,71.0,,196.446,39.0,40.0,31.0,58.402,,,0.5634,0.4366,,True,completed
216812_446_0,pkw,27004.0,27073.0,69.0,,191.07,38.0,38.0,31.0,59.152,,,0.5507,0.4493,,True,completed
211449_442_0,pkw,27036.0,27074.0,38.0,,428.473,0.0,0.0,38.0,2.175,,,0.0,1.0,,True,completed
173301_427_0,pkw,27006.0,27075.0,69.0,,198.307,38.0,38.0,31.0,57.966,,,0.5507,0.4493,,True,completed
114809_403_0,pkw,27009.0,27076.0,67.0,,188.878,34.0,34.0,33.0,57.233,,,0.5075,0.4925,,True,completed
141728_415_0,pkw,27011.0,27077.0,66.0,,178.821,34.0,34.0,32.0,56.17,,,0.5152,0.4848,,True,completed
157832_421_0,pkw,26859.0,27090.0,231.0,,431.642,71.0,126.0,105.0,200.8,,,0.5455,0.4545,,True,completed
204936_440_0,pkw,27038.0,27090.0,52.0,,434.002,12.0,13.0,39.0,22.276,,,0.25,0.75,,True,completed
160346_421_0,pkw,26926.0,27091.0,165.0,,443.163,52.0,93.0,72.0,133.949,,,0.5636,0.4364,,True,completed
193423_435_0,pkw,27078.0,27091.0,13.0,,142.343,0.0,1.0,12.0,3.215,,,0.0769,0.9231,,True,completed
159817_421_0,pkw,26865.0,27092.0,227.0,,440.841,70.0,124.0,103.0,196.314,,,0.5463,0.4537,,True,completed
120342_405_0,pkw,26867.0,27094.0,227.0,,442.266,67.0,123.0,104.0,195.451,,,0.5419,0.4581,,True,completed
126262_407_0,pkw,27041.0,27094.0,53.0,,453.908,8.0,8.0,45.0,18.558,,,0.1509,0.8491,,True,completed
162885_422_0,pkw,26960.0,27094.0,134.0,,452.933,49.0,68.0,66.0,104.319,,,0.5075,0.4925,,True,completed
120762_405_0,pkw,26964.0,27096.0,132.0,,446.222,65.0,67.0,65.0,98.168,,,0.5076,0.4924,,True,completed
121822_406_0,pkw,27071.0,27096.0,25.0,,161.931,3.0,3.0,22.0,14.18,,,0.12,0.88,,True,completed
153986_420_0,pkw,26966.0,27097.0,131.0,,450.354,47.0,66.0,65.0,101.538,,,0.5038,0.4962,,True,completed
229922_450_0,pkw,26967.0,27098.0,131.0,,446.754,63.0,65.0,66.0,93.801,,,0.4962,0.5038,,True,completed
140825_414_0,pkw,27084.0,27099.0,15.0,,165.092,0.0,0.0,15.0,3.702,,,0.0,1.0,,True,completed
86811_391_0,pkw,26963.0,27099.0,136.0,,452.829,48.0,67.0,69.0,104.038,,,0.4926,0.5074,,True,completed
181759_431_0,pkw,26929.0,27100.0,171.0,,452.455,50.0,90.0,81.0,132.473,,,0.5263,0.4737,,True,completed
87716_391_0,pkw,27088.0,27100.0,12.0,,155.227,0.0,0.0,12.0,2.658,,,0.0,1.0,,True,completed
190778_435_0,pkw,27014.0,27111.0,97.0,,203.396,58.0,58.0,39.0,86.576,,,0.5979,0.4021,,True,completed
117603_404_0,pkw,27099.0,27112.0,13.0,,196.832,0.0,0.0,13.0,0.443,,,0.0,1.0,,True,completed
146107_416_0,pkw,27050.0,27112.0,62.0,,435.429,23.0,23.0,39.0,30.863,,,0.371,0.629,,True,completed
156205_420_0,pkw,27019.0,27112.0,93.0,,188.335,57.0,57.0,36.0,82.913,,,0.6129,0.3871,,True,completed
170927_426_0,pkw,27030.0,27118.0,88.0,,195.21,46.0,46.0,42.0,77.025,,,0.5227,0.4773,,True,completed
174195_427_0,pkw,27028.0,27118.0,90.0,,175.27,50.0,50.0,40.0,78.934,,,0.5556,0.4444,,True,completed
187528_433_0,pkw,27036.0,27120.0,84.0,,201.157,43.0,43.0,41.0,72.108,,,0.5119,0.4881,,True,completed
195513_436_0,pkw,27038.0,27122.0,84.0,,194.696,44.0,44.0,40.0,70.545,,,0.5238,0.4762,,True,completed
164329_422_0,pkw,27088.0,27129.0,41.0,,428.272,0.0,0.0,41.0,3.145,,,0.0,1.0,,True,completed
119542_405_0,pkw,27111.0,27130.0,19.0,,247.366,0.0,0.0,19.0,0.823,,,0.0,1.0,,True,completed
93088_392_0,pkw,26972.0,27130.0,158.0,,449.803,48.0,85.0,73.0,129.647,,,0.538,0.462,,True,completed
216790_446_0,pkw,26975.0,27131.0,156.0,,445.072,70.0,88.0,68.0,124.781,,,0.5641,0.4359,,True,completed
217758_446_0,pkw,26985.0,27132.0,147.0,,432.623,67.0,75.0,72.0,114.784,,,0.5102,0.4898,,True,completed
172767_426_0,pkw,26968.0,27134.0,166.0,,447.009,47.0,87.0,79.0,130.208,,,0.5241,0.4759,,True,completed
201205_438_0,pkw,27036.0,27134.0,98.0,,434.494,45.0,46.0,52.0,67.388,,,0.4694,0.5306,,True,completed
139115_413_0,pkw,27117.0,27136.0,19.0,,239.184,0.0,0.0,19.0,0.902,,,0.0,1.0,,True,completed
184032_431_0,pkw,27038.0,27136.0,98.0,,438.902,42.0,42.0,56.0,65.709,,,0.4286,0.5714,,True,completed
227362_450_0,pkw,27094.0,27136.0,42.0,,163.704,20.0,20.0,22.0,26.272,,,0.4762,0.5238,,True,completed
173131_427_0,pkw,27004.0,27138.0,134.0,,448.141,44.0,65.0,69.0,100.595,,,0.4851,0.5149,,True,completed
207293_441_0,pkw,27096.0,27138.0,42.0,,168.857,19.0,19.0,23.0,30.359,,,0.4524,0.5476,,True,completed
133168_410_0,pkw,27001.0,27139.0,138.0,,449.708,45.0,66.0,72.0,101.778,,,0.4783,0.5217,,True,completed
171107_426_0,pkw,27118.0,27139.0,21.0,,159.78,0.0,1.0,20.0,11.594,,,0.0476,0.9524,,True,completed
182808_431_0,pkw,27121.0,27141.0,20.0,,166.946,0.0,0.0,20.0,7.972,,,0.0,1.0,,True,completed
179071_430_0,pkw,27123.0,27142.0,19.0,,158.055,0.0,0.0,19.0,8.398,,,0.0,1.0,,True,completed
98170_395_0,pkw,27006.0,27143.0,137.0,,447.421,42.0,63.0,74.0,99.954,,,0.4599,0.5401,,True,completed
127605_407_0,pkw,27136.0,27145.0,9.0,,149.245,0.0,0.0,9.0,0.776,,,0.0,1.0,,True,completed
67327_380_0,pkw,27107.0,27151.0,44.0,,186.35,28.0,29.0,15.0,34.88,,,0.6591,0.3409,,True,completed
170350_426_0,pkw,27041.0,27152.0,111.0,,197.033,66.0,67.0,44.0,99.918,,,0.6036,0.3964,,True,completed
209914_441_0,pkw,27043.0,27153.0,110.0,,196.682,65.0,66.0,44.0,99.309,,,0.6,0.4,,True,completed
185184_432_0,pkw,27045.0,27156.0,111.0,,174.628,62.0,64.0,47.0,99.893,,,0.5766,0.4234,,True,completed
206794_441_0,pkw,27048.0,27157.0,109.0,,190.413,60.0,62.0,47.0,96.3,,,0.5688,0.4312,,True,completed
163022_422_0,pkw,27051.0,27158.0,107.0,,201.889,62.0,63.0,44.0,94.574,,,0.5888,0.4112,,True,completed
195383_436_0,pkw,27080.0,27159.0,79.0,,186.211,41.0,41.0,38.0,68.744,,,0.519,0.481,,True,completed
167409_425_0,pkw,27083.0,27161.0,78.0,,178.317,40.0,40.0,38.0,67.385,,,0.5128,0.4872,,True,completed
176927_429_0,pkw,27086.0,27162.0,76.0,,168.636,38.0,38.0,38.0,65.619,,,0.5,0.5,,True,completed
81537_389_0,pkw,27089.0,27164.0,75.0,,168.408,37.0,37.0,38.0,63.506,,,0.4933,0.5067,,True,completed
79749_387_0,pkw,27155.0,27165.0,10.0,,181.128,0.0,0.0,10.0,0.225,,,0.0,1.0,,True,completed
153308_420_0,pkw,27009.0,27169.0,160.0,,440.149,50.0,89.0,71.0,130.819,,,0.5563,0.4437,,True,completed
246126_454_0,pkw,27082.0,27170.0,88.0,,433.287,42.0,42.0,46.0,58.974,,,0.4773,0.5227,,True,completed
166016_424_0,pkw,27113.0,27171.0,58.0,,425.642,19.0,19.0,39.0,27.378,,,0.3276,0.6724,,True,completed
93058_392_0,pkw,27113.0,27171.0,58.0,,437.026,14.0,14.0,44.0,21.924,,,0.2414,0.7586,,True,completed
154637_420_0,pkw,27041.0,27173.0,132.0,,452.289,47.0,66.0,66.0,100.387,,,0.5,0.5,,True,completed
228492_450_0,pkw,27117.0,27173.0,56.0,,425.344,14.0,14.0,42.0,23.178,,,0.25,0.75,,True,completed
212294_442_0,pkw,27121.0,27175.0,54.0,,677.309,0.0,0.0,54.0,7.225,,,0.0,1.0,,True,completed
174449_427_0,pkw,27043.0,27176.0,133.0,,443.167,47.0,67.0,66.0,99.772,,,0.5038,0.4962,,True,completed
168384_425_0,pkw,27046.0,27177.0,131.0,,453.927,44.0,63.0,68.0,99.913,,,0.4809,0.5191,,True,completed
129789_409_0,pkw,27048.0,27179.0,131.0,,453.528,43.0,61.0,70.0,98.759,,,0.4656,0.5344,,True,completed
111547_401_0,pkw,27115.0,27180.0,65.0,,447.23,17.0,17.0,48.0,36.167,,,0.2615,0.7385,,True,completed
124915_406_0,pkw,27149.0,27180.0,31.0,,167.241,7.0,7.0,24.0,20.03,,,0.2258,0.7742,,True,completed
205657_440_0,pkw,27164.0,27181.0,17.0,,159.221,0.0,0.0,17.0,7.346,,,0.0,1.0,,True,completed
218208_446_0,pkw,27127.0,27182.0,55.0,,676.465,0.0,0.0,55.0,4.756,,,0.0,1.0,,True,completed
106222_399_0,pkw,27172.0,27184.0,12.0,,163.937,0.0,0.0,12.0,0.821,,,0.0,1.0,,True,completed
206967_441_0,pkw,27092.0,27191.0,99.0,,193.102,53.0,53.0,46.0,89.609,,,0.5354,0.4646,,True,completed
241202_452_0,pkw,27152.0,27191.0,39.0,,181.637,20.0,20.0,19.0,28.911,,,0.5128,0.4872,,True,completed
175826_428_0,pkw,27121.0,27193.0,72.0,,177.293,35.0,35.0,37.0,62.035,,,0.4861,0.5139,,True,completed
138080_412_0,pkw,27161.0,27195.0,34.0,,426.84,0.0,0.0,34.0,1.764,,,0.0,1.0,,True,completed
144759_416_0,pkw,27153.0,27196.0,43.0,,436.984,1.0,1.0,42.0,6.896,,,0.0233,0.9767,,True,completed
171735_426_0,pkw,27123.0,27196.0,73.0,,169.23,34.0,34.0,39.0,60.996,,,0.4658,0.5342,,True,completed
233726_451_0,pkw,27125.0,27196.0,71.0,,194.217,32.0,32.0,39.0,60.766,,,0.4507,0.5493,,True,completed
109219_400_0,pkw,27157.0,27197.0,40.0,,432.205,0.0,1.0,39.0,11.938,,,0.025,0.975,,True,completed
212001_442_0,pkw,27127.0,27198.0,71.0,,173.827,32.0,32.0,39.0,61.199,,,0.4507,0.5493,,True,completed
175230_428_0,pkw,27130.0,27200.0,70.0,,178.061,31.0,31.0,39.0,58.293,,,0.4429,0.5571,,True,completed
163068_422_0,pkw,27132.0,27201.0,69.0,,169.004,29.0,29.0,40.0,57.53,,,0.4203,0.5797,,True,completed
172295_426_0,pkw,27162.0,27203.0,41.0,,172.198,12.0,12.0,29.0,29.322,,,0.2927,0.7073,,True,completed
135186_411_0,pkw,27164.0,27204.0,40.0,,188.095,11.0,11.0,29.0,29.421,,,0.275,0.725,,True,completed
240182_452_0,pkw,27081.0,27212.0,131.0,,448.344,49.0,67.0,64.0,100.74,,,0.5115,0.4885,,True,completed
131415_410_0,pkw,27170.0,27213.0,43.0,,144.209,24.0,24.0,19.0,33.746,,,0.5581,0.4419,,True,completed
118972_405_0,pkw,27051.0,27215.0,164.0,,451.941,48.0,84.0,80.0,128.175,,,0.5122,0.4878,,True,completed
238855_451_0,pkw,27187.0,27215.0,28.0,,154.036,7.0,8.0,20.0,17.305,,,0.2857,0.7143,,True,completed
173222_427_0,pkw,27084.0,27216.0,132.0,,448.124,48.0,67.0,65.0,99.04,,,0.5076,0.4924,,True,completed
247422_455_0,pkw,27200.0,27216.0,16.0,,144.832,0.0,1.0,15.0,7.01,,,0.0625,0.9375,,True,completed
249401_456_0,pkw,27185.0,27216.0,31.0,,424.627,0.0,0.0,31.0,1.228,,,0.0,1.0,,True,completed
142058_415_0,pkw,27086.0,27218.0,132.0,,447.874,47.0,66.0,66.0,99.012,,,0.5,0.5,,True,completed
134619_411_0,pkw,27088.0,27219.0,131.0,,452.467,45.0,62.0,69.0,98.892,,,0.4733,0.5267,,True,completed
178502_430_0,pkw,27184.0,27221.0,37.0,,107.319,14.0,14.0,23.0,28.578,,,0.3784,0.6216,,True,completed
218754_446_0,pkw,27180.0,27222.0,42.0,,156.173,19.0,19.0,23.0,33.221,,,0.4524,0.5476,,True,completed
212264_442_0,pkw,27186.0,27225.0,39.0,,157.552,11.0,11.0,28.0,28.61,,,0.2821,0.7179,,True,completed
210570_441_0,pkw,27193.0,27227.0,34.0,,158.535,6.0,7.0,27.0,23.204,,,0.2059,0.7941,,True,completed
137789_412_0,pkw,27176.0,27229.0,53.0,,434.767,18.0,18.0,35.0,24.989,,,0.3396,0.6604,,True,completed
148670_417_0,pkw,27166.0,27230.0,64.0,,185.03,30.0,30.0,34.0,53.616,,,0.4688,0.5312,,True,completed
183969_431_0,pkw,27168.0,27230.0,62.0,,425.749,26.0,26.0,36.0,32.841,,,0.4194,0.5806,,True,completed
217944_446_0,pkw,27186.0,27230.0,44.0,,363.153,1.0,1.0,43.0,10.466,,,0.0227,0.9773,,True,completed
243650_453_0,pkw,27198.0,27232.0,34.0,,401.031,0.0,0.0,34.0,4.516,,,0.0,1.0,,True,completed
217045_446_0,pkw,27196.0,27233.0,37.0,,407.726,0.0,0.0,37.0,9.836,,,0.0,1.0,,True,completed
210898_442_0,pkw,27175.0,27236.0,61.0,,196.726,26.0,26.0,35.0,50.649,,,0.4262,0.5738,,True,completed
204511_440_0,pkw,27222.0,27237.0,15.0,,197.257,0.0,0.0,15.0,0.726,,,0.0,1.0,,True,completed
148683_417_0,pkw,27179.0,27238.0,59.0,,196.825,23.0,23.0,36.0,45.875,,,0.3898,0.6102,,True,completed
217993_446_0,pkw,27168.0,27238.0,70.0,,171.105,28.0,28.0,42.0,60.677,,,0.4,0.6,,True,completed
204753_440_0,pkw,27181.0,27239.0,58.0,,186.717,21.0,21.0,37.0,47.728,,,0.3621,0.6379,,True,completed
223047_449_0,pkw,27185.0,27241.0,56.0,,193.468,21.0,21.0,35.0,43.581,,,0.375,0.625,,True,completed
215363_445_0,pkw,27222.0,27243.0,21.0,,202.134,0.0,0.0,21.0,10.217,,,0.0,1.0,,True,completed
202533_438_0,pkw,27091.0,27252.0,161.0,,453.439,50.0,89.0,72.0,128.978,,,0.5528,0.4472,,True,completed
203334_439_0,pkw,27203.0,27252.0,49.0,,158.55,21.0,21.0,28.0,38.407,,,0.4286,0.5714,,True,completed
93191_392_0,pkw,27214.0,27252.0,38.0,,455.585,0.0,0.0,38.0,7.933,,,0.0,1.0,,True,completed
161173_421_0,pkw,27229.0,27253.0,24.0,,139.926,6.0,7.0,17.0,15.683,,,0.2917,0.7083,,True,completed
204631_440_0,pkw,27120.0,27253.0,133.0,,444.343,48.0,69.0,64.0,101.419,,,0.5188,0.4812,,True,completed
205143_440_0,pkw,27227.0,27254.0,27.0,,163.171,4.0,5.0,22.0,16.404,,,0.1852,0.8148,,True,completed
184360_431_0,pkw,27122.0,27255.0,133.0,,450.242,46.0,67.0,66.0,101.812,,,0.5038,0.4962,,True,completed
237305_451_0,pkw,27233.0,27255.0,22.0,,142.478,4.0,4.0,18.0,12.547,,,0.1818,0.8182,,True,completed
211867_442_0,pkw,27239.0,27257.0,18.0,,147.601,0.0,0.0,18.0,9.166,,,0.0,1.0,,True,completed
133174_410_0,pkw,27125.0,27259.0,134.0,,449.686,44.0,63.0,71.0,99.522,,,0.4701,0.5299,,True,completed
139411_413_0,pkw,27251.0,27264.0,13.0,,170.048,0.0,0.0,13.0,1.035,,,0.0,1.0,,True,completed
157509_421_0,pkw,27254.0,27265.0,11.0,,159.992,0.0,0.0,11.0,1.442,,,0.0,1.0,,True,completed
227724_450_0,pkw,27240.0,27271.0,31.0,,201.426,13.0,13.0,18.0,20.465,,,0.4194,0.5806,,True,completed
179278_430_0,pkw,27242.0,27272.0,30.0,,188.421,12.0,12.0,18.0,19.321,,,0.4,0.6,,True,completed
195280_436_0,pkw,27205.0,27274.0,69.0,,432.374,29.0,29.0,40.0,35.063,,,0.4203,0.5797,,True,completed
85102_390_0,pkw,27208.0,27274.0,66.0,,428.953,28.0,28.0,38.0,34.595,,,0.4242,0.5758,,True,completed
239386_451_0,pkw,27243.0,27282.0,39.0,,436.212,0.0,0.0,39.0,3.569,,,0.0,1.0,,True,completed
158397_421_0,pkw,27235.0,27284.0,49.0,,434.37,0.0,0.0,49.0,9.478,,,0.0,1.0,,True,completed
121408_406_0,pkw,27127.0,27286.0,159.0,,438.851,58.0,94.0,65.0,133.501,,,0.5912,0.4088,,True,completed
194552_436_0,pkw,27258.0,27292.0,34.0,,139.414,18.0,18.0,16.0,25.328,,,0.5294,0.4706,,True,completed
162954_422_0,pkw,27130.0,27293.0,163.0,,449.563,51.0,91.0,72.0,131.374,,,0.5583,0.4417,,True,completed
153655_420_0,pkw,27266.0,27294.0,28.0,,137.791,8.0,9.0,19.0,19.674,,,0.3214,0.6786,,True,completed
168307_425_0,pkw,27163.0,27294.0,131.0,,442.111,48.0,68.0,63.0,102.179,,,0.5191,0.4809,,True,completed
143018_415_0,pkw,27270.0,27296.0,26.0,,146.01,5.0,5.0,21.0,16.946,,,0.1923,0.8077,,True,completed
186834_432_0,pkw,27160.0,27297.0,137.0,,450.814,50.0,70.0,67.0,102.392,,,0.5109,0.4891,,True,completed
203962_439_0,pkw,27165.0,27300.0,135.0,,449.501,50.0,70.0,65.0,101.248,,,0.5185,0.4815,,True,completed
237504_451_0,pkw,27258.0,27309.0,51.0,,425.468,15.0,15.0,36.0,23.612,,,0.2941,0.7059,,True,completed
105828_399_0,pkw,27275.0,27311.0,36.0,,187.341,16.0,16.0,20.0,24.11,,,0.4444,0.5556,,True,completed
109609_401_0,pkw,27270.0,27311.0,41.0,,194.097,22.0,22.0,19.0,29.944,,,0.5366,0.4634,,True,completed
211213_442_0,pkw,27273.0,27311.0,38.0,,190.9,18.0,18.0,20.0,27.197,,,0.4737,0.5263,,True,completed
237346_451_0,pkw,27261.0,27312.0,51.0,,431.603,14.0,14.0,37.0,21.882,,,0.2745,0.7255,,True,completed
203236_439_0,pkw,27275.0,27313.0,38.0,,201.412,17.0,17.0,21.0,26.287,,,0.4474,0.5526,,True,completed
246396_454_0,pkw,27257.0,27313.0,56.0,,407.258,15.0,15.0,41.0,31.293,,,0.2679,0.7321,,True,completed
95613_394_0,pkw,27281.0,27313.0,32.0,,196.447,12.0,12.0,20.0,21.055,,,0.375,0.625,,True,completed
120871_405_0,pkw,27255.0,27314.0,59.0,,435.137,19.0,19.0,40.0,26.05,,,0.322,0.678,,True,completed
165546_423_0,pkw,27280.0,27314.0,34.0,,192.134,11.0,11.0,23.0,22.238,,,0.3235,0.6765,,True,completed
124545_406_0,pkw,27279.0,27330.0,51.0,,429.413,13.0,13.0,38.0,21.067,,,0.2549,0.7451,,True,completed
169613_426_0,pkw,27273.0,27330.0,57.0,,137.973,34.0,34.0,23.0,47.541,,,0.5965,0.4035,,True,completed
194926_436_0,pkw,27271.0,27330.0,59.0,,425.804,19.0,19.0,40.0,26.789,,,0.322,0.678,,True,completed
220226_447_0,pkw,27168.0,27331.0,163.0,,442.552,52.0,93.0,70.0,131.971,,,0.5706,0.4294,,True,completed
225112_449_0,pkw,27171.0,27331.0,160.0,,441.568,51.0,89.0,71.0,131.23,,,0.5563,0.4437,,True,completed
221457_448_0,pkw,27275.0,27332.0,57.0,,143.329,33.0,33.0,24.0,46.615,,,0.5789,0.4211,,True,completed
153826_420_0,pkw,27288.0,27333.0,45.0,,430.041,0.0,0.0,45.0,5.381,,,0.0,1.0,,True,completed
198026_436_0,pkw,27284.0,27333.0,49.0,,434.914,7.0,7.0,42.0,12.708,,,0.1429,0.8571,,True,completed
183836_431_0,pkw,27290.0,27334.0,44.0,,441.326,0.0,0.0,44.0,15.188,,,0.0,1.0,,True,completed
228707_450_0,pkw,27277.0,27334.0,57.0,,153.608,32.0,32.0,25.0,46.567,,,0.5614,0.4386,,True,completed
241134_452_0,pkw,27200.0,27334.0,134.0,,442.167,48.0,69.0,65.0,103.713,,,0.5149,0.4851,,True,completed
209092_441_0,pkw,27279.0,27335.0,56.0,,138.05,30.0,30.0,26.0,47.084,,,0.5357,0.4643,,True,completed
175010_428_0,pkw,27203.0,27336.0,133.0,,446.169,46.0,65.0,68.0,102.708,,,0.4887,0.5113,,True,completed
238525_451_0,pkw,27281.0,27337.0,56.0,,139.117,28.0,28.0,28.0,46.75,,,0.5,0.5,,True,completed
151629_419_0,pkw,27298.0,27338.0,40.0,,437.062,0.0,0.0,40.0,1.789,,,0.0,1.0,,True,completed
225810_450_0,pkw,27311.0,27339.0,28.0,,456.033,0.0,0.0,28.0,1.048,,,0.0,1.0,,True,completed
115923_403_0,pkw,27290.0,27342.0,52.0,,154.035,29.0,29.0,23.0,41.117,,,0.5577,0.4423,,True,completed
251382_457_0,pkw,27301.0,27344.0,43.0,,155.766,16.0,17.0,26.0,31.759,,,0.3953,0.6047,,True,completed
213386_443_0,pkw,27289.0,27347.0,58.0,,428.555,25.0,25.0,33.0,32.911,,,0.431,0.569,,True,completed
224986_449_0,pkw,27335.0,27348.0,13.0,,188.755,0.0,0.0,13.0,2.09,,,0.0,1.0,,True,completed
175329_428_0,pkw,27211.0,27370.0,159.0,,441.371,51.0,90.0,69.0,133.036,,,0.566,0.434,,True,completed
173926_427_0,pkw,27296.0,27371.0,75.0,,154.203,50.0,50.0,25.0,63.242,,,0.6667,0.3333,,True,completed
153599_420_0,pkw,27205.0,27372.0,167.0,,452.5,52.0,95.0,72.0,134.067,,,0.5689,0.4311,,True,completed
207710_441_0,pkw,27208.0,27373.0,165.0,,446.581,51.0,93.0,72.0,133.844,,,0.5636,0.4364,,True,completed
109216_400_0,pkw,27240.0,27381.0,141.0,,447.454,49.0,72.0,69.0,104.444,,,0.5106,0.4894,,True,completed
166231_424_0,pkw,27309.0,27390.0,81.0,,431.259,34.0,34.0,47.0,51.648,,,0.4198,0.5802,,True,completed
143392_415_0,pkw,27350.0,27391.0,41.0,,182.01,22.0,22.0,19.0,29.155,,,0.5366,0.4634,,True,completed
159954_421_0,pkw,27368.0,27391.0,23.0,,195.419,5.0,5.0,18.0,11.17,,,0.2174,0.7826,,True,completed
262299_462_0,pkw,27348.0,27391.0,43.0,,181.946,25.0,25.0,18.0,31.621,,,0.5814,0.4186,,True,completed
166051_424_0,pkw,27358.0,27393.0,35.0,,192.183,14.0,14.0,21.0,24.541,,,0.4,0.6,,True,completed
177390_429_0,pkw,27356.0,27393.0,37.0,,191.779,18.0,18.0,19.0,26.461,,,0.4865,0.5135,,True,completed
209678_441_0,pkw,27381.0,27393.0,12.0,,194.752,0.0,0.0,12.0,0.327,,,0.0,1.0,,True,completed
159714_421_0,pkw,27361.0,27394.0,33.0,,179.07,15.0,15.0,18.0,23.937,,,0.4545,0.5455,,True,completed
195428_436_0,pkw,27383.0,27396.0,13.0,,198.492,0.0,0.0,13.0,0.465,,,0.0,1.0,,True,completed
244106_453_0,pkw,27347.0,27396.0,49.0,,396.009,8.0,8.0,41.0,18.93,,,0.1633,0.8367,,True,completed
118713_405_0,pkw,27365.0,27398.0,33.0,,196.9,9.0,9.0,24.0,21.365,,,0.2727,0.7273,,True,completed
214568_444_0,pkw,27388.0,27400.0,12.0,,198.259,0.0,0.0,12.0,0.453,,,0.0,1.0,,True,completed
81887_389_0,pkw,27347.0,27411.0,64.0,,436.227,24.0,24.0,40.0,31.902,,,0.375,0.625,,True,completed
118194_405_0,pkw,27365.0,27420.0,55.0,,465.811,10.0,10.0,45.0,23.572,,,0.1818,0.8182,,True,completed
231849_451_0,pkw,27388.0,27421.0,33.0,,457.179,0.0,0.0,33.0,1.868,,,0.0,1.0,,True,completed
180904_431_0,pkw,27418.0,27430.0,12.0,,193.351,0.0,0.0,12.0,0.483,,,0.0,1.0,,True,completed
160161_421_0,pkw,27389.0,27431.0,42.0,,191.428,23.0,23.0,19.0,31.999,,,0.5476,0.4524,,True,completed
163530_422_0,pkw,27390.0,27431.0,41.0,,191.731,20.0,20.0,21.0,27.904,,,0.4878,0.5122,,True,completed
263940_462_0,pkw,27411.0,27431.0,20.0,,187.491,1.0,1.0,19.0,9.178,,,0.05,0.95,,True,completed
212875_443_0,pkw,27416.0,27432.0,16.0,,183.98,0.0,0.0,16.0,3.829,,,0.0,1.0,,True,completed
133399_410_0,pkw,27421.0,27433.0,12.0,,184.425,0.0,0.0,12.0,1.349,,,0.0,1.0,,True,completed
160491_421_0,pkw,27398.0,27434.0,36.0,,197.25,12.0,12.0,24.0,25.575,,,0.3333,0.6667,,True,completed
220524_447_0,pkw,27422.0,27451.0,29.0,,431.667,0.0,0.0,29.0,1.056,,,0.0,1.0,,True,completed
91291_391_0,pkw,27427.0,27464.0,37.0,,460.95,0.0,0.0,37.0,1.767,,,0.0,1.0,,True,completed
138640_413_0,pkw,27428.0,27471.0,43.0,,181.471,24.0,24.0,19.0,31.955,,,0.5581,0.4419,,True,completed
152118_419_0,pkw,27436.0,27471.0,35.0,,189.207,15.0,15.0,20.0,23.214,,,0.4286,0.5714,,True,completed
174228_427_0,pkw,27447.0,27471.0,24.0,,197.916,5.0,5.0,19.0,13.479,,,0.2083,0.7917,,True,completed
149711_417_0,pkw,27454.0,27472.0,18.0,,186.212,0.0,0.0,18.0,6.8,,,0.0,1.0,,True,completed
121157_405_0,pkw,27446.0,27473.0,27.0,,194.236,7.0,7.0,20.0,16.43,,,0.2593,0.7407,,True,completed
258346_461_0,pkw,27443.0,27473.0,30.0,,189.145,11.0,11.0,19.0,19.666,,,0.3667,0.6333,,True,completed
113757_402_0,pkw,27455.0,27474.0,19.0,,183.464,0.0,0.0,19.0,9.829,,,0.0,1.0,,True,completed
169194_425_0,pkw,27452.0,27475.0,23.0,,193.216,4.0,4.0,19.0,10.53,,,0.1739,0.8261,,True,completed
159038_421_0,pkw,27458.0,27476.0,18.0,,193.228,0.0,0.0,18.0,7.126,,,0.0,1.0,,True,completed
200684_437_0,pkw,27461.0,27476.0,15.0,,186.008,0.0,0.0,15.0,3.064,,,0.0,1.0,,True,completed
173842_427_0,pkw,27443.0,27481.0,38.0,,195.015,14.0,14.0,24.0,26.713,,,0.3684,0.6316,,True,completed
201382_438_0,pkw,27469.0,27483.0,14.0,,199.639,0.0,0.0,14.0,4.125,,,0.0,1.0,,True,completed
184609_431_0,pkw,27432.0,27491.0,59.0,,463.022,17.0,17.0,42.0,23.679,,,0.2881,0.7119,,True,completed
161073_421_0,pkw,27444.0,27493.0,49.0,,426.575,6.0,6.0,43.0,14.892,,,0.1224,0.8776,,True,completed
160005_421_0,pkw,27438.0,27494.0,56.0,,461.424,16.0,16.0,40.0,26.13,,,0.2857,0.7143,,True,completed
159873_421_0,pkw,27454.0,27495.0,41.0,,434.299,3.0,3.0,38.0,13.577,,,0.0732,0.9268,,True,completed
209549_441_0,pkw,27457.0,27497.0,40.0,,454.618,0.0,0.0,40.0,2.956,,,0.0,1.0,,True,completed
119029_405_0,pkw,27465.0,27511.0,46.0,,189.871,29.0,29.0,17.0,36.491,,,0.6304,0.3696,,True,completed
95221_394_0,pkw,27476.0,27511.0,35.0,,180.377,14.0,14.0,21.0,24.948,,,0.4,0.6,,True,completed
241929_452_0,pkw,27475.0,27512.0,37.0,,464.434,0.0,0.0,37.0,3.376,,,0.0,1.0,,True,completed
120846_405_0,pkw,27479.0,27513.0,34.0,,188.766,13.0,13.0,21.0,21.761,,,0.3824,0.6176,,True,completed
238424_451_0,pkw,27482.0,27513.0,31.0,,190.998,9.0,9.0,22.0,20.585,,,0.2903,0.7097,,True,completed
198513_436_0,pkw,27494.0,27515.0,21.0,,197.759,0.0,0.0,21.0,9.95,,,0.0,1.0,,True,completed
223349_449_0,pkw,27493.0,27515.0,22.0,,196.035,3.0,3.0,19.0,10.402,,,0.1364,0.8636,,True,completed
210696_442_0,pkw,27501.0,27516.0,15.0,,187.345,0.0,0.0,15.0,3.556,,,0.0,1.0,,True,completed
151708_419_0,pkw,27478.0,27520.0,42.0,,201.443,18.0,18.0,24.0,31.08,,,0.4286,0.5714,,True,completed
202624_439_0,pkw,27475.0,27531.0,56.0,,433.933,13.0,13.0,43.0,20.063,,,0.2321,0.7679,,True,completed
232974_451_0,pkw,27486.0,27531.0,45.0,,427.732,6.0,6.0,39.0,15.079,,,0.1333,0.8667,,True,completed
109427_401_0,pkw,27488.0,27532.0,44.0,,427.038,8.0,8.0,36.0,17.905,,,0.1818,0.8182,,True,completed
191928_435_0,pkw,27482.0,27532.0,50.0,,453.522,9.0,9.0,41.0,18.842,,,0.18,0.82,,True,completed
150873_418_0,pkw,27522.0,27533.0,11.0,,140.709,0.0,0.0,11.0,0.802,,,0.0,1.0,,True,completed
243777_453_0,pkw,27492.0,27534.0,42.0,,445.946,0.0,0.0,42.0,7.798,,,0.0,1.0,,True,completed
190108_434_0,pkw,27498.0,27535.0,37.0,,436.544,0.0,0.0,37.0,5.26,,,0.0,1.0,,True,completed
191252_435_0,pkw,27505.0,27536.0,31.0,,429.978,0.0,0.0,31.0,1.345,,,0.0,1.0,,True,completed
196690_436_0,pkw,27530.0,27541.0,11.0,,164.417,0.0,0.0,11.0,0.94,,,0.0,1.0,,True,completed
223106_449_0,pkw,27533.0,27543.0,10.0,,150.579,0.0,0.0,10.0,0.807,,,0.0,1.0,,True,completed
118326_405_0,pkw,27506.0,27551.0,45.0,,193.143,27.0,27.0,18.0,33.383,,,0.6,0.4,,True,completed
164701_422_0,pkw,27510.0,27551.0,41.0,,200.978,22.0,22.0,19.0,30.532,,,0.5366,0.4634,,True,completed
203626_439_0,pkw,27507.0,27551.0,44.0,,184.221,26.0,26.0,18.0,33.114,,,0.5909,0.4091,,True,completed
108364_400_0,pkw,27508.0,27553.0,45.0,,192.422,27.0,27.0,18.0,34.922,,,0.6,0.4,,True,completed
168092_425_0,pkw,27510.0,27553.0,43.0,,193.219,24.0,24.0,19.0,32.64,,,0.5581,0.4419,,True,completed
234989_451_0,pkw,27512.0,27554.0,42.0,,180.451,23.0,23.0,19.0,32.099,,,0.5476,0.4524,,True,completed
264264_463_0,pkw,27494.0,27554.0,60.0,,363.424,22.0,22.0,38.0,35.692,,,0.3667,0.6333,,True,completed
113765_402_0,pkw,27522.0,27556.0,34.0,,195.71,14.0,14.0,20.0,21.36,,,0.4118,0.5882,,True,completed
90524_391_0,pkw,27538.0,27556.0,18.0,,196.901,0.0,0.0,18.0,7.747,,,0.0,1.0,,True,completed
221232_448_0,pkw,27543.0,27557.0,14.0,,184.9,0.0,0.0,14.0,4.911,,,0.0,1.0,,True,completed
238345_451_0,pkw,27548.0,27558.0,10.0,,180.692,0.0,0.0,10.0,0.258,,,0.0,1.0,,True,completed
100271_396_0,pkw,27554.0,27564.0,10.0,,192.037,0.0,0.0,10.0,0.304,,,0.0,1.0,,True,completed
96554_395_0,pkw,27521.0,27570.0,49.0,,427.905,13.0,13.0,36.0,22.001,,,0.2653,0.7347,,True,completed
129232_408_0,pkw,27519.0,27571.0,52.0,,428.463,6.0,6.0,46.0,14.521,,,0.1154,0.8846,,True,completed
187455_433_0,pkw,27529.0,27571.0,42.0,,152.954,25.0,25.0,17.0,31.629,,,0.5952,0.4048,,True,completed
146055_416_0,pkw,27524.0,27572.0,48.0,,434.157,7.0,7.0,41.0,15.002,,,0.1458,0.8542,,True,completed
186446_432_0,pkw,27531.0,27572.0,41.0,,144.551,23.0,23.0,18.0,31.886,,,0.561,0.439,,True,completed
179543_430_0,pkw,27545.0,27574.0,29.0,,143.958,9.0,10.0,19.0,18.445,,,0.3448,0.6552,,True,completed
195112_436_0,pkw,27531.0,27574.0,43.0,,442.409,3.0,3.0,40.0,12.609,,,0.0698,0.9302,,True,completed
156605_420_0,pkw,27537.0,27577.0,40.0,,170.066,18.0,18.0,22.0,28.051,,,0.45,0.55,,True,completed
225840_450_0,pkw,27539.0,27578.0,39.0,,153.276,16.0,16.0,23.0,28.629,,,0.4103,0.5897,,True,completed
108657_400_0,pkw,27541.0,27580.0,39.0,,163.416,15.0,15.0,24.0,28.541,,,0.3846,0.6154,,True,completed
119154_405_0,pkw,27542.0,27581.0,39.0,,151.498,14.0,14.0,25.0,29.97,,,0.359,0.641,,True,completed
255204_459_0,pkw,27546.0,27583.0,37.0,,164.673,9.0,9.0,28.0,26.759,,,0.2432,0.7568,,True,completed
191095_435_0,pkw,27548.0,27584.0,36.0,,150.391,10.0,10.0,26.0,26.679,,,0.2778,0.7222,,True,completed
192264_435_0,pkw,27551.0,27587.0,36.0,,167.18,8.0,8.0,28.0,24.053,,,0.2222,0.7778,,True,completed
227710_450_0,pkw,27577.0,27588.0,11.0,,187.226,0.0,0.0,11.0,0.333,,,0.0,1.0,,True,completed
240889_452_0,pkw,27576.0,27590.0,14.0,,190.798,0.0,0.0,14.0,0.619,,,0.0,1.0,,True,completed
211923_442_0,pkw,27579.0,27592.0,13.0,,197.56,0.0,0.0,13.0,1.855,,,0.0,1.0,,True,completed
241905_452_0,pkw,27544.0,27592.0,48.0,,196.134,26.0,26.0,22.0,36.107,,,0.5417,0.4583,,True,completed
199552_437_0,pkw,27567.0,27593.0,26.0,,178.762,6.0,6.0,20.0,17.645,,,0.2308,0.7692,,True,completed
199938_437_0,pkw,27582.0,27596.0,14.0,,190.035,0.0,0.0,14.0,0.695,,,0.0,1.0,,True,completed
235084_451_0,pkw,27584.0,27596.0,12.0,,201.47,0.0,0.0,12.0,0.379,,,0.0,1.0,,True,completed
245164_454_0,pkw,27586.0,27597.0,11.0,,189.703,0.0,0.0,11.0,0.425,,,0.0,1.0,,True,completed
192959_435_0,pkw,27551.0,27611.0,60.0,,446.325,17.0,17.0,43.0,24.863,,,0.2833,0.7167,,True,completed
97744_395_0,pkw,27556.0,27611.0,55.0,,432.749,12.0,12.0,43.0,20.622,,,0.2182,0.7818,,True,completed
250910_457_0,pkw,27553.0,27612.0,59.0,,436.229,16.0,16.0,43.0,29.305,,,0.2712,0.7288,,True,completed
234426_451_0,pkw,27563.0,27613.0,50.0,,432.085,7.0,7.0,43.0,15.231,,,0.14,0.86,,True,completed
203421_439_0,pkw,27559.0,27614.0,55.0,,440.879,14.0,14.0,41.0,26.122,,,0.2545,0.7455,,True,completed
243602_453_0,pkw,27574.0,27615.0,41.0,,436.72,1.0,1.0,40.0,8.254,,,0.0244,0.9756,,True,completed
179939_430_0,pkw,27583.0,27616.0,33.0,,426.683,0.0,0.0,33.0,1.376,,,0.0,1.0,,True,completed
228656_450_0,pkw,27572.0,27616.0,44.0,,445.088,4.0,4.0,40.0,13.438,,,0.0909,0.9091,,True,completed
235632_451_0,pkw,27553.0,27622.0,69.0,,156.466,35.0,35.0,34.0,58.575,,,0.5072,0.4928,,True,completed
189908_434_0,pkw,27555.0,27624.0,69.0,,160.048,36.0,36.0,33.0,58.427,,,0.5217,0.4783,,True,completed
118317_405_0,pkw,27571.0,27626.0,55.0,,168.816,24.0,24.0,31.0,44.59,,,0.4364,0.5636,,True,completed
196403_436_0,pkw,27578.0,27628.0,50.0,,167.114,24.0,24.0,26.0,37.237,,,0.48,0.52,,True,completed
124484_406_0,pkw,27581.0,27629.0,48.0,,152.536,22.0,22.0,26.0,37.807,,,0.4583,0.5417,,True,completed
194955_436_0,pkw,27586.0,27631.0,45.0,,203.186,27.0,27.0,18.0,34.919,,,0.6,0.4,,True,completed
141959_415_0,pkw,27588.0,27632.0,44.0,,191.055,25.0,25.0,19.0,32.378,,,0.5682,0.4318,,True,completed
158244_421_0,pkw,27588.0,27632.0,44.0,,187.532,26.0,26.0,18.0,33.934,,,0.5909,0.4091,,True,completed
198488_436_0,pkw,27593.0,27633.0,40.0,,192.356,20.0,20.0,20.0,29.039,,,0.5,0.5,,True,completed
144828_416_0,pkw,27590.0,27634.0,44.0,,191.787,22.0,22.0,22.0,34.209,,,0.5,0.5,,True,completed
203061_439_0,pkw,27594.0,27634.0,40.0,,195.228,16.0,16.0,24.0,28.932,,,0.4,0.6,,True,completed
181872_431_0,pkw,27601.0,27635.0,34.0,,185.322,12.0,12.0,22.0,23.436,,,0.3529,0.6471,,True,completed
171608_426_0,pkw,27596.0,27637.0,41.0,,186.995,18.0,18.0,23.0,30.648,,,0.439,0.561,,True,completed
209347_441_0,pkw,27592.0,27638.0,46.0,,199.233,22.0,22.0,24.0,35.315,,,0.4783,0.5217,,True,completed
213025_443_0,pkw,27608.0,27638.0,30.0,,193.676,7.0,7.0,23.0,18.262,,,0.2333,0.7667,,True,completed
83081_390_0,pkw,27597.0,27642.0,45.0,,182.172,21.0,21.0,24.0,34.695,,,0.4667,0.5333,,True,completed
118134_405_0,pkw,27599.0,27644.0,45.0,,190.394,18.0,18.0,27.0,33.009,,,0.4,0.6,,True,completed
116829_404_0,pkw,27601.0,27645.0,44.0,,179.293,17.0,17.0,27.0,33.808,,,0.3864,0.6136,,True,completed
243625_453_0,pkw,27585.0,27650.0,65.0,,427.701,28.0,28.0,37.0,36.758,,,0.4308,0.5692,,True,completed
163330_422_0,pkw,27583.0,27651.0,68.0,,443.699,29.0,29.0,39.0,36.307,,,0.4265,0.5735,,True,completed
210369_441_0,pkw,27600.0,27652.0,52.0,,434.023,14.0,14.0,38.0,22.63,,,0.2692,0.7308,,True,completed
246679_455_0,pkw,27586.0,27652.0,66.0,,432.239,25.0,25.0,41.0,35.106,,,0.3788,0.6212,,True,completed
172307_426_0,pkw,27602.0,27654.0,52.0,,431.529,13.0,13.0,39.0,21.024,,,0.25,0.75,,True,completed
247351_455_0,pkw,27583.0,27660.0,77.0,,166.042,40.0,40.0,37.0,66.428,,,0.5195,0.4805,,True,completed
179003_430_0,pkw,27585.0,27661.0,76.0,,151.878,37.0,37.0,39.0,66.723,,,0.4868,0.5132,,True,completed
165528_423_0,pkw,27590.0,27663.0,73.0,,161.35,31.0,31.0,42.0,63.406,,,0.4247,0.5753,,True,completed
128376_408_0,pkw,27593.0,27664.0,71.0,,151.426,28.0,28.0,43.0,62.382,,,0.3944,0.6056,,True,completed
233874_451_0,pkw,27616.0,27666.0,50.0,,156.767,15.0,15.0,35.0,39.402,,,0.3,0.7,,True,completed
270606_465_0,pkw,27625.0,27668.0,43.0,,170.448,12.0,12.0,31.0,33.066,,,0.2791,0.7209,,True,completed
217057_446_0,pkw,27658.0,27669.0,11.0,,143.787,0.0,0.0,11.0,1.947,,,0.0,1.0,,True,completed
256203_460_0,pkw,27607.0,27670.0,63.0,,392.943,25.0,25.0,38.0,36.316,,,0.3968,0.6032,,True,completed
142005_415_0,pkw,27661.0,27671.0,10.0,,148.924,0.0,0.0,10.0,2.19,,,0.0,1.0,,True,completed
159141_421_0,pkw,27612.0,27671.0,59.0,,191.836,29.0,30.0,29.0,48.432,,,0.5085,0.4915,,True,completed
184890_431_0,pkw,27615.0,27671.0,56.0,,199.693,28.0,28.0,28.0,45.723,,,0.5,0.5,,True,completed
153791_420_0,pkw,27623.0,27672.0,49.0,,189.116,24.0,24.0,25.0,39.88,,,0.4898,0.5102,,True,completed
224285_449_0,pkw,27621.0,27673.0,52.0,,191.195,27.0,27.0,25.0,40.167,,,0.5192,0.4808,,True,completed
234904_451_0,pkw,27662.0,27673.0,11.0,,144.032,0.0,0.0,11.0,1.095,,,0.0,1.0,,True,completed
178643_430_0,pkw,27626.0,27674.0,48.0,,195.607,24.0,24.0,24.0,36.552,,,0.5,0.5,,True,completed
168639_425_0,pkw,27622.0,27675.0,53.0,,199.926,25.0,25.0,28.0,41.38,,,0.4717,0.5283,,True,completed
168899_425_0,pkw,27637.0,27676.0,39.0,,195.295,14.0,14.0,25.0,27.841,,,0.359,0.641,,True,completed
235176_451_0,pkw,27630.0,27676.0,46.0,,188.268,24.0,24.0,22.0,34.479,,,0.5217,0.4783,,True,completed
180843_431_0,pkw,27634.0,27678.0,44.0,,201.285,19.0,19.0,25.0,33.616,,,0.4318,0.5682,,True,completed
266204_464_0,pkw,27638.0,27678.0,40.0,,201.613,15.0,15.0,25.0,29.162,,,0.375,0.625,,True,completed
86506_391_0,pkw,27603.0,27682.0,79.0,,190.638,45.0,45.0,34.0,68.277,,,0.5696,0.4304,,True,completed
197410_436_0,pkw,27611.0,27683.0,72.0,,182.433,37.0,37.0,35.0,62.598,,,0.5139,0.4861,,True,completed
204325_440_0,pkw,27638.0,27685.0,47.0,,186.52,21.0,21.0,26.0,35.706,,,0.4468,0.5532,,True,completed
234986_451_0,pkw,27645.0,27687.0,42.0,,187.188,16.0,16.0,26.0,29.416,,,0.381,0.619,,True,completed
200661_437_0,pkw,27630.0,27690.0,60.0,,429.447,21.0,22.0,38.0,32.115,,,0.3667,0.6333,,True,completed
161303_421_0,pkw,27622.0,27691.0,69.0,,430.576,21.0,21.0,48.0,28.283,,,0.3043,0.6957,,True,completed
141916_415_0,pkw,27637.0,27692.0,55.0,,426.832,16.0,16.0,39.0,25.051,,,0.2909,0.7091,,True,completed
180172_430_0,pkw,27632.0,27692.0,60.0,,429.193,20.0,20.0,40.0,34.325,,,0.3333,0.6667,,True,completed
207900_441_0,pkw,27635.0,27694.0,59.0,,437.982,14.0,14.0,45.0,24.534,,,0.2373,0.7627,,True,completed
212251_442_0,pkw,27642.0,27694.0,52.0,,431.078,13.0,13.0,39.0,21.686,,,0.25,0.75,,True,completed
195696_436_0,pkw,27645.0,27696.0,51.0,,428.502,7.0,7.0,44.0,15.753,,,0.1373,0.8627,,True,completed
107922_400_0,pkw,27638.0,27697.0,59.0,,427.574,10.0,10.0,49.0,18.27,,,0.1695,0.8305,,True,completed
250949_457_0,pkw,27660.0,27697.0,37.0,,440.763,0.0,0.0,37.0,3.585,,,0.0,1.0,,True,completed
167003_424_0,pkw,27649.0,27698.0,49.0,,426.4,3.0,3.0,46.0,10.485,,,0.0612,0.9388,,True,completed
243434_452_0,pkw,27647.0,27699.0,52.0,,195.444,20.0,20.0,32.0,42.054,,,0.3846,0.6154,,True,completed
239972_452_0,pkw,27630.0,27704.0,74.0,,158.417,35.0,35.0,39.0,63.993,,,0.473,0.527,,True,completed
177151_429_0,pkw,27633.0,27706.0,73.0,,167.221,34.0,34.0,39.0,61.734,,,0.4658,0.5342,,True,completed
238249_451_0,pkw,27646.0,27708.0,62.0,,166.487,21.0,21.0,41.0,49.848,,,0.3387,0.6613,,True,completed
157882_421_0,pkw,27652.0,27709.0,57.0,,156.812,21.0,21.0,36.0,46.729,,,0.3684,0.6316,,True,completed
204034_439_0,pkw,27649.0,27711.0,62.0,,202.425,29.0,29.0,33.0,50.455,,,0.4677,0.5323,,True,completed
158340_421_0,pkw,27649.0,27712.0,63.0,,181.48,31.0,31.0,32.0,52.664,,,0.4921,0.5079,,True,completed
136424_411_0,pkw,27645.0,27713.0,68.0,,196.714,37.0,37.0,31.0,58.156,,,0.5441,0.4559,,True,completed
82661_389_0,pkw,27652.0,27716.0,64.0,,178.353,32.0,32.0,32.0,53.796,,,0.5,0.5,,True,completed
142312_415_0,pkw,27654.0,27718.0,64.0,,188.371,28.0,28.0,36.0,52.743,,,0.4375,0.5625,,True,completed
179815_430_0,pkw,27656.0,27720.0,64.0,,194.375,26.0,26.0,38.0,52.604,,,0.4062,0.5938,,True,completed
148428_417_0,pkw,27658.0,27721.0,63.0,,183.304,27.0,27.0,36.0,51.424,,,0.4286,0.5714,,True,completed
197127_436_0,pkw,27664.0,27724.0,60.0,,192.448,31.0,31.0,29.0,49.583,,,0.5167,0.4833,,True,completed
198556_436_0,pkw,27667.0,27725.0,58.0,,181.97,30.0,30.0,28.0,48.479,,,0.5172,0.4828,,True,completed
201027_437_0,pkw,27682.0,27730.0,48.0,,432.427,9.0,9.0,39.0,16.279,,,0.1875,0.8125,,True,completed
227841_450_0,pkw,27662.0,27730.0,68.0,,444.429,26.0,26.0,42.0,35.218,,,0.3824,0.6176,,True,completed
189864_434_0,pkw,27667.0,27731.0,64.0,,429.541,25.0,25.0,39.0,36.974,,,0.3906,0.6094,,True,completed
266025_464_0,pkw,27641.0,27732.0,91.0,,676.159,32.0,32.0,59.0,49.443,,,0.3516,0.6484,,True,completed
216082_445_0,pkw,27697.0,27733.0,36.0,,434.016,0.0,0.0,36.0,7.282,,,0.0,1.0,,True,completed
219229_446_0,pkw,27688.0,27734.0,46.0,,457.172,5.0,5.0,41.0,15.467,,,0.1087,0.8913,,True,completed
245045_453_0,pkw,27703.0,27735.0,32.0,,435.198,0.0,0.0,32.0,2.517,,,0.0,1.0,,True,completed
216370_445_0,pkw,27691.0,27736.0,45.0,,460.883,4.0,4.0,41.0,13.994,,,0.0889,0.9111,,True,completed
231790_451_0,pkw,27655.0,27741.0,86.0,,167.981,41.0,41.0,45.0,75.157,,,0.4767,0.5233,,True,completed
252222_457_0,pkw,27663.0,27742.0,79.0,,160.153,37.0,37.0,42.0,69.421,,,0.4684,0.5316,,True,completed
198727_436_0,pkw,27662.0,27743.0,81.0,,466.035,31.0,31.0,50.0,50.474,,,0.3827,0.6173,,True,completed
260830_461_0,pkw,27674.0,27744.0,70.0,,159.57,30.0,31.0,39.0,60.587,,,0.4429,0.5571,,True,completed
107911_400_0,pkw,27677.0,27746.0,69.0,,165.969,25.0,25.0,44.0,58.194,,,0.3623,0.6377,,True,completed
136371_411_0,pkw,27680.0,27748.0,68.0,,168.081,25.0,25.0,43.0,56.503,,,0.3676,0.6324,,True,completed
209414_441_0,pkw,27718.0,27750.0,32.0,,428.07,0.0,0.0,32.0,1.46,,,0.0,1.0,,True,completed
220709_447_0,pkw,27733.0,27750.0,17.0,,198.978,0.0,0.0,17.0,6.22,,,0.0,1.0,,True,completed
122055_406_0,pkw,27669.0,27752.0,83.0,,188.853,48.0,48.0,35.0,72.844,,,0.5783,0.4217,,True,completed
188278_433_0,pkw,27675.0,27755.0,80.0,,185.802,44.0,44.0,36.0,70.486,,,0.55,0.45,,True,completed
247971_455_0,pkw,27705.0,27770.0,65.0,,428.425,29.0,30.0,35.0,35.02,,,0.4615,0.5385,,True,completed
265895_464_0,pkw,27720.0,27770.0,50.0,,428.392,10.0,10.0,40.0,17.217,,,0.2,0.8,,True,completed
138857_413_0,pkw,27736.0,27772.0,36.0,,433.17,0.0,0.0,36.0,5.137,,,0.0,1.0,,True,completed
244405_453_0,pkw,27707.0,27772.0,65.0,,442.32,27.0,27.0,38.0,35.301,,,0.4154,0.5846,,True,completed
148137_417_0,pkw,27671.0,27773.0,102.0,,459.636,44.0,44.0,58.0,70.115,,,0.4314,0.5686,,True,completed
233343_451_0,pkw,27732.0,27774.0,42.0,,431.321,1.0,1.0,41.0,6.778,,,0.0238,0.9762,,True,completed
267402_464_0,pkw,27709.0,27774.0,65.0,,445.785,25.0,25.0,40.0,34.38,,,0.3846,0.6154,,True,completed
219903_447_0,pkw,27739.0,27775.0,36.0,,424.456,0.0,0.0,36.0,5.515,,,0.0,1.0,,True,completed
259106_461_0,pkw,27727.0,27775.0,48.0,,437.961,11.0,11.0,37.0,19.528,,,0.2292,0.7708,,True,completed
220359_447_0,pkw,27741.0,27777.0,36.0,,430.58,0.0,0.0,36.0,2.355,,,0.0,1.0,,True,completed
131469_410_0,pkw,27692.0,27780.0,88.0,,459.246,31.0,31.0,57.0,53.608,,,0.3523,0.6477,,True,completed
202020_438_0,pkw,27694.0,27782.0,88.0,,159.052,43.0,43.0,45.0,77.762,,,0.4886,0.5114,,True,completed
204768_440_0,pkw,27718.0,27784.0,66.0,,461.538,15.0,15.0,51.0,32.046,,,0.2273,0.7727,,True,completed
209919_441_0,pkw,27702.0,27784.0,82.0,,165.552,35.0,35.0,47.0,71.297,,,0.4268,0.5732,,True,completed
154920_420_0,pkw,27714.0,27786.0,72.0,,152.431,32.0,33.0,39.0,61.4,,,0.4583,0.5417,,True,completed
170077_426_0,pkw,27718.0,27788.0,70.0,,163.472,25.0,25.0,45.0,58.627,,,0.3571,0.6429,,True,completed
268789_465_0,pkw,27774.0,27789.0,15.0,,202.819,0.0,0.0,15.0,4.271,,,0.0,1.0,,True,completed
103910_397_0,pkw,27716.0,27790.0,74.0,,466.88,15.0,15.0,59.0,30.076,,,0.2027,0.7973,,True,completed
110504_401_0,pkw,27743.0,27810.0,67.0,,436.676,23.0,23.0,44.0,31.617,,,0.3433,0.6567,,True,completed
206544_440_0,pkw,27746.0,27811.0,65.0,,435.217,24.0,24.0,41.0,32.792,,,0.3692,0.6308,,True,completed
175141_428_0,pkw,27749.0,27812.0,63.0,,432.56,23.0,23.0,40.0,31.695,,,0.3651,0.6349,,True,completed
213302_443_0,pkw,27751.0,27813.0,62.0,,428.182,20.0,20.0,42.0,35.314,,,0.3226,0.6774,,True,completed
263211_462_0,pkw,27745.0,27813.0,68.0,,430.838,21.0,21.0,47.0,29.786,,,0.3088,0.6912,,True,completed
179963_430_0,pkw,27747.0,27814.0,67.0,,436.074,22.0,22.0,45.0,32.911,,,0.3284,0.6716,,True,completed
203697_439_0,pkw,27753.0,27815.0,62.0,,438.664,19.0,19.0,43.0,31.832,,,0.3065,0.6935,,True,completed
120014_405_0,pkw,27755.0,27816.0,61.0,,434.399,17.0,17.0,44.0,25.629,,,0.2787,0.7213,,True,completed
192037_435_0,pkw,27757.0,27817.0,60.0,,437.097,16.0,16.0,44.0,31.372,,,0.2667,0.7333,,True,completed
238908_451_0,pkw,27761.0,27817.0,56.0,,425.09,13.0,13.0,43.0,21.041,,,0.2321,0.7679,,True,completed
211205_442_0,pkw,27767.0,27819.0,52.0,,450.878,9.0,9.0,43.0,17.642,,,0.1731,0.8269,,True,completed
182295_431_0,pkw,27769.0,27822.0,53.0,,463.066,8.0,8.0,45.0,18.116,,,0.1509,0.8491,,True,completed
143000_415_0,pkw,27731.0,27823.0,92.0,,157.554,44.0,44.0,48.0,82.902,,,0.4783,0.5217,,True,completed
219025_446_0,pkw,27792.0,27825.0,33.0,,162.802,8.0,9.0,24.0,21.821,,,0.2727,0.7273,,True,completed
140435_414_0,pkw,27796.0,27831.0,35.0,,196.901,16.0,16.0,19.0,24.925,,,0.4571,0.5429,,True,completed
196961_436_0,pkw,27797.0,27831.0,34.0,,198.009,15.0,15.0,19.0,23.928,,,0.4412,0.5588,,True,completed
134094_411_0,pkw,27811.0,27832.0,21.0,,186.368,0.0,1.0,20.0,10.952,,,0.0476,0.9524,,True,completed
157354_421_0,pkw,27804.0,27832.0,28.0,,188.025,6.0,6.0,22.0,17.178,,,0.2143,0.7857,,True,completed
142640_415_0,pkw,27821.0,27834.0,13.0,,190.774,0.0,0.0,13.0,2.985,,,0.0,1.0,,True,completed
241723_452_0,pkw,27815.0,27834.0,19.0,,198.492,0.0,0.0,19.0,9.014,,,0.0,1.0,,True,completed
244628_453_0,pkw,27818.0,27835.0,17.0,,186.37,0.0,0.0,17.0,7.055,,,0.0,1.0,,True,completed
219770_447_0,pkw,27822.0,27837.0,15.0,,196.431,0.0,0.0,15.0,3.694,,,0.0,1.0,,True,completed
252867_458_0,pkw,27759.0,27850.0,91.0,,430.521,40.0,40.0,51.0,62.224,,,0.4396,0.5604,,True,completed
208046_441_0,pkw,27774.0,27851.0,77.0,,433.128,30.0,30.0,47.0,49.752,,,0.3896,0.6104,,True,completed
261734_461_0,pkw,27784.0,27851.0,67.0,,428.305,22.0,22.0,45.0,40.103,,,0.3284,0.6716,,True,completed
118292_405_0,pkw,27842.0,27853.0,11.0,,144.4,0.0,0.0,11.0,0.711,,,0.0,1.0,,True,completed
202100_438_0,pkw,27765.0,27853.0,88.0,,431.318,37.0,37.0,51.0,52.921,,,0.4205,0.5795,,True,completed
193845_435_0,pkw,27769.0,27854.0,85.0,,437.567,34.0,34.0,51.0,50.873,,,0.4,0.6,,True,completed
216121_445_0,pkw,27787.0,27855.0,68.0,,448.829,20.0,20.0,48.0,38.771,,,0.2941,0.7059,,True,completed
85760_390_0,pkw,27844.0,27855.0,11.0,,150.572,0.0,0.0,11.0,0.806,,,0.0,1.0,,True,completed
223231_449_0,pkw,27788.0,27856.0,68.0,,424.471,20.0,20.0,48.0,36.416,,,0.2941,0.7059,,True,completed
225137_449_0,pkw,27771.0,27856.0,85.0,,446.562,32.0,32.0,53.0,51.246,,,0.3765,0.6235,,True,completed
184237_431_0,pkw,27773.0,27858.0,85.0,,445.982,29.0,29.0,56.0,47.12,,,0.3412,0.6588,,True,completed
196263_436_0,pkw,27829.0,27862.0,33.0,,455.473,0.0,0.0,33.0,1.532,,,0.0,1.0,,True,completed
188890_434_0,pkw,27829.0,27870.0,41.0,,187.157,23.0,23.0,18.0,30.281,,,0.561,0.439,,True,completed
196953_436_0,pkw,27827.0,27871.0,44.0,,191.466,23.0,23.0,21.0,32.205,,,0.5227,0.4773,,True,completed
212053_442_0,pkw,27839.0,27871.0,32.0,,428.794,0.0,0.0,32.0,1.277,,,0.0,1.0,,True,completed
191823_435_0,pkw,27836.0,27872.0,36.0,,192.547,14.0,14.0,22.0,24.955,,,0.3889,0.6111,,True,completed
240674_452_0,pkw,27841.0,27874.0,33.0,,203.094,9.0,10.0,23.0,19.612,,,0.303,0.697,,True,completed
215445_445_0,pkw,27849.0,27875.0,26.0,,190.645,4.0,4.0,22.0,13.139,,,0.1538,0.8462,,True,completed
262023_461_0,pkw,27842.0,27875.0,33.0,,172.118,11.0,11.0,22.0,22.327,,,0.3333,0.6667,,True,completed
149367_417_0,pkw,27851.0,27876.0,25.0,,198.91,1.0,2.0,23.0,15.323,,,0.08,0.92,,True,completed
166906_424_0,pkw,27856.0,27877.0,21.0,,198.96,0.0,0.0,21.0,10.407,,,0.0,1.0,,True,completed
200401_437_0,pkw,27862.0,27880.0,18.0,,200.338,0.0,0.0,18.0,3.463,,,0.0,1.0,,True,completed
114529_402_0,pkw,27870.0,27881.0,11.0,,166.611,0.0,0.0,11.0,1.023,,,0.0,1.0,,True,completed
77659_386_0,pkw,27775.0,27890.0,115.0,,444.217,54.0,54.0,61.0,81.843,,,0.4696,0.5304,,True,completed
179656_430_0,pkw,27801.0,27891.0,90.0,,436.543,45.0,45.0,45.0,61.822,,,0.5,0.5,,True,completed
198676_436_0,pkw,27777.0,27893.0,116.0,,445.743,51.0,51.0,65.0,87.379,,,0.4397,0.5603,,True,completed
231519_451_0,pkw,27786.0,27894.0,108.0,,433.04,49.0,49.0,59.0,81.745,,,0.4537,0.5463,,True,completed
238407_451_0,pkw,27792.0,27894.0,102.0,,436.167,45.0,45.0,57.0,60.571,,,0.4412,0.5588,,True,completed
237810_451_0,pkw,27806.0,27895.0,89.0,,429.041,40.0,40.0,49.0,56.922,,,0.4494,0.5506,,True,completed
141260_415_0,pkw,27794.0,27896.0,102.0,,441.402,44.0,44.0,58.0,73.569,,,0.4314,0.5686,,True,completed
269546_465_0,pkw,27812.0,27898.0,86.0,,450.663,34.0,34.0,52.0,54.017,,,0.3953,0.6047,,True,completed
262726_462_0,pkw,27814.0,27899.0,85.0,,435.273,32.0,32.0,53.0,56.15,,,0.3765,0.6235,,True,completed
190180_434_0,pkw,27889.0,27908.0,19.0,,138.469,2.0,2.0,17.0,9.256,,,0.1053,0.8947,,True,completed
109459_401_0,pkw,27874.0,27911.0,37.0,,198.111,16.0,16.0,21.0,26.509,,,0.4324,0.5676,,True,completed
245459_454_0,pkw,27860.0,27911.0,51.0,,194.947,30.0,30.0,21.0,39.356,,,0.5882,0.4118,,True,completed
150838_418_0,pkw,27895.0,27913.0,18.0,,197.095,0.0,0.0,18.0,5.607,,,0.0,1.0,,True,completed
211632_442_0,pkw,27872.0,27913.0,41.0,,189.951,17.0,18.0,23.0,26.453,,,0.439,0.561,,True,completed
112564_401_0,pkw,27900.0,27914.0,14.0,,187.388,0.0,0.0,14.0,3.756,,,0.0,1.0,,True,completed
261319_461_0,pkw,27883.0,27914.0,31.0,,192.994,7.0,7.0,24.0,19.163,,,0.2258,0.7742,,True,completed
163322_422_0,pkw,27881.0,27915.0,34.0,,198.035,12.0,12.0,22.0,21.886,,,0.3529,0.6471,,True,completed
212613_443_0,pkw,27878.0,27916.0,38.0,,168.519,15.0,15.0,23.0,27.337,,,0.3947,0.6053,,True,completed
144378_416_0,pkw,27879.0,27919.0,40.0,,188.605,16.0,16.0,24.0,29.327,,,0.4,0.6,,True,completed
235489_451_0,pkw,27888.0,27921.0,33.0,,178.8,6.0,6.0,27.0,22.853,,,0.1818,0.8182,,True,completed
248908_456_0,pkw,27897.0,27923.0,26.0,,186.085,0.0,0.0,26.0,15.156,,,0.0,1.0,,True,completed
180849_431_0,pkw,27796.0,27930.0,134.0,,440.003,72.0,72.0,62.0,104.201,,,0.5373,0.4627,,True,completed
184591_431_0,pkw,27816.0,27930.0,114.0,,433.333,58.0,58.0,56.0,82.767,,,0.5088,0.4912,,True,completed
236097_451_0,pkw,27804.0,27931.0,127.0,,430.703,69.0,69.0,58.0,99.159,,,0.5433,0.4567,,True,completed
210990_442_0,pkw,27808.0,27933.0,125.0,,442.708,65.0,65.0,60.0,93.466,,,0.52,0.48,,True,completed
248573_456_0,pkw,27827.0,27933.0,106.0,,429.271,48.0,48.0,58.0,76.384,,,0.4528,0.5472,,True,completed
213088_443_0,pkw,27810.0,27935.0,125.0,,443.96,64.0,64.0,61.0,94.206,,,0.512,0.488,,True,completed
131349_410_0,pkw,27812.0,27936.0,124.0,,435.796,64.0,64.0,60.0,93.922,,,0.5161,0.4839,,True,completed
241913_452_0,pkw,27886.0,27941.0,55.0,,467.312,7.0,7.0,48.0,19.957,,,0.1273,0.8727,,True,completed
110772_401_0,pkw,27920.0,27951.0,31.0,,197.361,12.0,12.0,19.0,20.431,,,0.3871,0.6129,,True,completed
230168_450_0,pkw,27913.0,27951.0,38.0,,203.109,19.0,19.0,19.0,26.165,,,0.5,0.5,,True,completed
198494_436_0,pkw,27927.0,27952.0,25.0,,186.252,3.0,3.0,22.0,13.864,,,0.12,0.88,,True,completed
210089_441_0,pkw,27823.0,27953.0,130.0,,695.459,49.0,51.0,79.0,76.665,,,0.3923,0.6077,,True,completed
218049_446_0,pkw,27922.0,27953.0,31.0,,199.398,6.0,7.0,24.0,20.015,,,0.2258,0.7742,,True,completed
54426_371_0,pkw,27929.0,27954.0,25.0,,188.198,3.0,3.0,22.0,13.491,,,0.12,0.88,,True,completed
165327_423_0,pkw,27832.0,27956.0,124.0,,701.274,48.0,48.0,76.0,73.7,,,0.3871,0.6129,,True,completed
222452_448_0,pkw,27834.0,27962.0,128.0,,703.823,46.0,46.0,82.0,71.016,,,0.3594,0.6406,,True,completed
241894_452_0,pkw,27847.0,27970.0,123.0,,432.815,69.0,69.0,54.0,94.58,,,0.561,0.439,,True,completed
233479_451_0,pkw,27814.0,27971.0,157.0,,443.902,70.0,85.0,72.0,117.102,,,0.5414,0.4586,,True,completed
190075_434_0,pkw,27850.0,27972.0,122.0,,427.671,64.0,64.0,58.0,91.882,,,0.5246,0.4754,,True,completed
232421_451_0,pkw,27816.0,27972.0,156.0,,435.044,70.0,84.0,72.0,124.105,,,0.5385,0.4615,,True,completed
244285_453_0,pkw,27818.0,27974.0,156.0,,439.831,67.0,80.0,76.0,126.605,,,0.5128,0.4872,,True,completed
213498_444_0,pkw,27852.0,27975.0,123.0,,435.892,59.0,59.0,64.0,86.736,,,0.4797,0.5203,,True,completed
218695_446_0,pkw,27819.0,27975.0,156.0,,432.106,66.0,77.0,79.0,125.347,,,0.4936,0.5064,,True,completed
264022_463_0,pkw,27864.0,27976.0,112.0,,428.13,50.0,50.0,62.0,78.29,,,0.4464,0.5536,,True,completed
180378_430_0,pkw,27821.0,27977.0,156.0,,442.793,64.0,76.0,80.0,126.821,,,0.4872,0.5128,,True,completed
118864_405_0,pkw,27867.0,27978.0,111.0,,432.925,45.0,45.0,66.0,76.272,,,0.4054,0.5946,,True,completed
225089_449_0,pkw,27957.0,27991.0,34.0,,191.872,14.0,14.0,20.0,22.993,,,0.4118,0.5882,,True,completed
226991_450_0,pkw,27891.0,28010.0,119.0,,427.091,64.0,64.0,55.0,88.755,,,0.5378,0.4622,,True,completed
262601_462_0,pkw,27835.0,28011.0,176.0,,446.699,70.0,93.0,83.0,142.504,,,0.5284,0.4716,,True,completed
183959_431_0,pkw,27843.0,28012.0,169.0,,438.712,67.0,88.0,81.0,136.661,,,0.5207,0.4793,,True,completed
248160_455_0,pkw,27937.0,28014.0,77.0,,427.429,27.0,27.0,50.0,45.547,,,0.3506,0.6494,,True,completed
98961_396_0,pkw,27849.0,28014.0,165.0,,442.059,64.0,84.0,81.0,134.356,,,0.5091,0.4909,,True,completed
215528_445_0,pkw,27854.0,28015.0,161.0,,434.671,65.0,85.0,76.0,130.341,,,0.528,0.472,,True,completed
193139_435_0,pkw,27856.0,28017.0,161.0,,445.559,64.0,84.0,77.0,131.48,,,0.5217,0.4783,,True,completed
164980_423_0,pkw,27985.0,28030.0,45.0,,186.754,29.0,30.0,15.0,33.825,,,0.6667,0.3333,,True,completed
183954_431_0,pkw,27911.0,28034.0,123.0,,698.602,49.0,49.0,74.0,69.351,,,0.3984,0.6016,,True,completed
152741_419_0,pkw,27947.0,28035.0,88.0,,691.166,25.0,26.0,62.0,38.577,,,0.2955,0.7045,,True,completed
231031_450_0,pkw,27874.0,28050.0,176.0,,439.784,70.0,97.0,79.0,144.993,,,0.5511,0.4489,,True,completed
243275_452_0,pkw,27881.0,28052.0,171.0,,432.389,65.0,86.0,85.0,137.522,,,0.5029,0.4971,,True,completed
250378_456_0,pkw,27887.0,28054.0,167.0,,444.143,65.0,86.0,81.0,138.624,,,0.515,0.485,,True,completed
259376_461_0,pkw,27897.0,28056.0,159.0,,443.958,64.0,84.0,75.0,127.011,,,0.5283,0.4717,,True,completed
235200_451_0,pkw,28030.0,28071.0,41.0,,203.41,23.0,23.0,18.0,29.104,,,0.561,0.439,,True,completed
260867_461_0,pkw,28030.0,28071.0,41.0,,201.722,23.0,23.0,18.0,30.496,,,0.561,0.439,,True,completed
246710_455_0,pkw,28032.0,28072.0,40.0,,187.036,21.0,21.0,19.0,30.495,,,0.525,0.475,,True,completed
212453_443_0,pkw,28036.0,28073.0,37.0,,199.273,15.0,15.0,22.0,26.092,,,0.4054,0.5946,,True,completed
223553_449_0,pkw,28040.0,28075.0,35.0,,193.356,12.0,12.0,23.0,23.145,,,0.3429,0.6571,,True,completed
223854_449_0,pkw,28038.0,28075.0,37.0,,178.062,14.0,14.0,23.0,26.113,,,0.3784,0.6216,,True,completed
270405_465_0,pkw,28043.0,28076.0,33.0,,197.196,11.0,11.0,22.0,22.103,,,0.3333,0.6667,,True,completed
174994_428_0,pkw,28045.0,28077.0,32.0,,172.573,9.0,9.0,23.0,21.373,,,0.2812,0.7188,,True,completed
262563_462_0,pkw,28047.0,28079.0,32.0,,172.037,8.0,8.0,24.0,20.351,,,0.25,0.75,,True,completed
185436_432_0,pkw,28051.0,28081.0,30.0,,177.852,6.0,6.0,24.0,19.302,,,0.2,0.8,,True,completed
178886_430_0,pkw,28055.0,28082.0,27.0,,168.189,4.0,4.0,23.0,16.255,,,0.1481,0.8519,,True,completed
255723_460_0,pkw,27900.0,28090.0,190.0,,437.587,72.0,109.0,81.0,162.085,,,0.5737,0.4263,,True,completed
216920_446_0,pkw,28040.0,28091.0,51.0,,436.498,10.0,10.0,41.0,16.594,,,0.1961,0.8039,,True,completed
254314_459_0,pkw,27910.0,28092.0,182.0,,437.852,71.0,97.0,85.0,147.074,,,0.533,0.467,,True,completed
274349_467_0,pkw,28046.0,28092.0,46.0,,428.093,9.0,9.0,37.0,17.264,,,0.1957,0.8043,,True,completed
135934_411_0,pkw,27925.0,28094.0,169.0,,443.279,70.0,88.0,81.0,135.492,,,0.5207,0.4793,,True,completed
204235_440_0,pkw,27927.0,28095.0,168.0,,434.63,68.0,86.0,82.0,140.968,,,0.5119,0.4881,,True,completed
239308_451_0,pkw,27935.0,28097.0,162.0,,445.048,67.0,86.0,76.0,133.969,,,0.5309,0.4691,,True,completed
124843_406_0,pkw,28045.0,28098.0,53.0,,452.921,9.0,9.0,44.0,20.513,,,0.1698,0.8302,,True,completed
206926_441_0,pkw,28061.0,28101.0,40.0,,449.135,0.0,0.0,40.0,14.437,,,0.0,1.0,,True,completed
227464_450_0,pkw,28091.0,28101.0,10.0,,152.081,0.0,0.0,10.0,0.702,,,0.0,1.0,,True,completed
120613_405_0,pkw,28048.0,28111.0,63.0,,700.161,9.0,9.0,54.0,18.594,,,0.1429,0.8571,,True,completed
175166_428_0,pkw,28079.0,28111.0,32.0,,197.418,13.0,13.0,19.0,20.872,,,0.4062,0.5938,,True,completed
247873_455_0,pkw,28062.0,28111.0,49.0,,198.241,20.0,20.0,29.0,39.608,,,0.4082,0.5918,,True,completed
243994_453_0,pkw,28071.0,28113.0,42.0,,202.586,20.0,20.0,22.0,32.046,,,0.4762,0.5238,,True,completed
186635_432_0,pkw,28073.0,28114.0,41.0,,187.687,20.0,20.0,21.0,30.483,,,0.4878,0.5122,,True,completed
169791_426_0,pkw,28059.0,28115.0,56.0,,202.424,28.0,28.0,28.0,42.638,,,0.5,0.5,,True,completed
188229_433_0,pkw,28076.0,28116.0,40.0,,196.569,19.0,19.0,21.0,28.816,,,0.475,0.525,,True,completed
200207_437_0,pkw,28051.0,28117.0,66.0,,691.959,3.0,3.0,63.0,12.966,,,0.0455,0.9545,,True,completed
234102_451_0,pkw,28072.0,28117.0,45.0,,188.396,19.0,19.0,26.0,34.306,,,0.4222,0.5778,,True,completed
239610_451_0,pkw,28092.0,28119.0,27.0,,179.77,3.0,4.0,23.0,14.931,,,0.1481,0.8519,,True,completed
144723_416_0,pkw,28053.0,28122.0,69.0,,699.466,1.0,1.0,68.0,10.918,,,0.0145,0.9855,,True,completed
159488_421_0,pkw,28055.0,28123.0,68.0,,694.559,0.0,0.0,68.0,11.464,,,0.0,1.0,,True,completed
255757_460_0,pkw,28117.0,28128.0,11.0,,150.93,0.0,0.0,11.0,0.953,,,0.0,1.0,,True,completed
246348_454_0,pkw,28057.0,28131.0,74.0,,437.005,22.0,22.0,52.0,40.834,,,0.2973,0.7027,,True,completed
274043_467_0,pkw,27944.0,28131.0,187.0,,440.07,71.0,108.0,79.0,157.138,,,0.5775,0.4225,,True,completed
213148_443_0,pkw,28048.0,28132.0,84.0,,452.193,35.0,35.0,49.0,50.989,,,0.4167,0.5833,,True,completed
269667_465_0,pkw,27946.0,28132.0,186.0,,428.591,70.0,104.0,82.0,158.771,,,0.5591,0.4409,,True,completed
190724_435_0,pkw,28054.0,28134.0,80.0,,442.891,32.0,32.0,48.0,46.797,,,0.4,0.6,,True,completed
216447_445_0,pkw,28068.0,28134.0,66.0,,462.139,21.0,21.0,45.0,32.433,,,0.3182,0.6818,,True,completed
78515_387_0,pkw,27950.0,28134.0,184.0,,438.131,68.0,102.0,82.0,155.933,,,0.5543,0.4457,,True,completed
270659_466_0,pkw,27952.0,28135.0,183.0,,429.846,68.0,98.0,85.0,153.411,,,0.5355,0.4645,,True,completed
112058_401_0,pkw,28066.0,28136.0,70.0,,446.238,26.0,26.0,44.0,40.988,,,0.3714,0.6286,,True,completed
213750_444_0,pkw,28070.0,28136.0,66.0,,458.555,20.0,20.0,46.0,34.955,,,0.303,0.697,,True,completed
251062_457_0,pkw,28074.0,28136.0,62.0,,423.823,18.0,18.0,44.0,32.116,,,0.2903,0.7097,,True,completed
252528_458_0,pkw,28061.0,28136.0,75.0,,441.968,26.0,26.0,49.0,44.271,,,0.3467,0.6533,,True,completed
217155_446_0,pkw,28097.0,28143.0,46.0,,161.934,26.0,26.0,20.0,36.072,,,0.5652,0.4348,,True,completed
177303_429_0,pkw,28103.0,28144.0,41.0,,151.842,17.0,18.0,23.0,30.839,,,0.439,0.561,,True,completed
205604_440_0,pkw,28106.0,28146.0,40.0,,163.407,16.0,16.0,24.0,29.317,,,0.4,0.6,,True,completed
138457_412_0,pkw,28108.0,28147.0,39.0,,155.881,15.0,15.0,24.0,28.909,,,0.3846,0.6154,,True,completed
113553_402_0,pkw,28097.0,28151.0,54.0,,202.908,25.0,26.0,28.0,43.422,,,0.4815,0.5185,,True,completed
142017_415_0,pkw,28127.0,28152.0,25.0,,194.275,5.0,5.0,20.0,13.335,,,0.2,0.8,,True,completed
184328_431_0,pkw,28117.0,28154.0,37.0,,197.703,13.0,14.0,23.0,26.419,,,0.3784,0.6216,,True,completed
211385_442_0,pkw,28082.0,28170.0,88.0,,424.536,42.0,42.0,46.0,58.299,,,0.4773,0.5227,,True,completed
262168_462_0,pkw,27957.0,28170.0,213.0,,431.462,73.0,121.0,92.0,183.329,,,0.5681,0.4319,,True,completed
158820_421_0,pkw,28068.0,28172.0,104.0,,449.05,50.0,50.0,54.0,71.687,,,0.4808,0.5192,,True,completed
224883_449_0,pkw,28086.0,28173.0,87.0,,430.645,35.0,35.0,52.0,51.003,,,0.4023,0.5977,,True,completed
251011_457_0,pkw,27959.0,28173.0,214.0,,442.542,70.0,118.0,96.0,188.407,,,0.5514,0.4486,,True,completed
183196_431_0,pkw,27961.0,28174.0,213.0,,434.879,69.0,115.0,98.0,181.035,,,0.5399,0.4601,,True,completed
98552_395_0,pkw,28075.0,28174.0,99.0,,448.46,47.0,47.0,52.0,65.92,,,0.4747,0.5253,,True,completed
138014_412_0,pkw,28131.0,28176.0,45.0,,444.863,1.0,1.0,44.0,14.407,,,0.0222,0.9778,,True,completed
250236_456_0,pkw,27989.0,28176.0,187.0,,444.723,65.0,100.0,87.0,157.058,,,0.5348,0.4652,,True,completed
253740_458_0,pkw,27992.0,28177.0,185.0,,431.076,64.0,95.0,90.0,150.805,,,0.5135,0.4865,,True,completed
115406_403_0,pkw,28134.0,28178.0,44.0,,444.786,1.0,1.0,43.0,12.931,,,0.0227,0.9773,,True,completed
197584_436_0,pkw,28128.0,28178.0,50.0,,445.59,2.0,3.0,47.0,14.559,,,0.06,0.94,,True,completed
277699_469_0,pkw,28119.0,28180.0,61.0,,154.635,27.0,28.0,33.0,49.77,,,0.459,0.541,,True,completed
143800_416_0,pkw,28103.0,28181.0,78.0,,457.924,25.0,25.0,53.0,40.389,,,0.3205,0.6795,,True,completed
158601_421_0,pkw,28105.0,28182.0,77.0,,449.317,24.0,24.0,53.0,50.476,,,0.3117,0.6883,,True,completed
229282_450_0,pkw,28148.0,28191.0,43.0,,189.695,24.0,24.0,19.0,31.966,,,0.5581,0.4419,,True,completed
192060_435_0,pkw,28154.0,28193.0,39.0,,196.542,18.0,18.0,21.0,26.943,,,0.4615,0.5385,,True,completed
169529_426_0,pkw,28163.0,28195.0,32.0,,187.987,7.0,7.0,25.0,21.343,,,0.2188,0.7812,,True,completed
283267_472_0,pkw,28164.0,28195.0,31.0,,430.787,0.0,0.0,31.0,1.179,,,0.0,1.0,,True,completed
194444_436_0,pkw,28111.0,28210.0,99.0,,435.001,49.0,49.0,50.0,70.581,,,0.4949,0.5051,,True,completed
243617_453_0,pkw,27994.0,28210.0,216.0,,439.777,71.0,117.0,99.0,184.777,,,0.5417,0.4583,,True,completed
265964_464_0,pkw,28136.0,28210.0,74.0,,449.208,27.0,27.0,47.0,43.079,,,0.3649,0.6351,,True,completed
205117_440_0,pkw,28140.0,28212.0,72.0,,444.865,25.0,25.0,47.0,40.762,,,0.3472,0.6528,,True,completed
226344_450_0,pkw,27996.0,28212.0,216.0,,438.566,69.0,115.0,101.0,186.281,,,0.5324,0.4676,,True,completed
162223_421_0,pkw,27998.0,28213.0,215.0,,431.454,68.0,112.0,103.0,186.993,,,0.5209,0.4791,,True,completed
202005_438_0,pkw,28144.0,28213.0,69.0,,452.966,24.0,24.0,45.0,38.937,,,0.3478,0.6522,,True,completed
208005_441_0,pkw,28001.0,28215.0,214.0,,433.629,65.0,105.0,109.0,176.611,,,0.4907,0.5093,,True,completed
157483_421_0,pkw,28146.0,28217.0,71.0,,443.655,23.0,23.0,48.0,38.361,,,0.3239,0.6761,,True,completed
201038_437_0,pkw,28149.0,28217.0,68.0,,452.641,23.0,23.0,45.0,37.59,,,0.3382,0.6618,,True,completed
237039_451_0,pkw,28004.0,28217.0,213.0,,440.063,63.0,104.0,109.0,182.036,,,0.4883,0.5117,,True,completed
237875_451_0,pkw,28123.0,28221.0,98.0,,455.263,43.0,43.0,55.0,65.245,,,0.4388,0.5612,,True,completed
248501_456_0,pkw,28125.0,28223.0,98.0,,458.172,37.0,37.0,61.0,60.382,,,0.3776,0.6224,,True,completed
189371_434_0,pkw,28127.0,28224.0,97.0,,449.36,35.0,35.0,62.0,65.99,,,0.3608,0.6392,,True,completed
128389_408_0,pkw,28217.0,28229.0,12.0,,192.624,0.0,0.0,12.0,1.549,,,0.0,1.0,,True,completed
153149_420_0,pkw,28197.0,28229.0,32.0,,433.181,0.0,0.0,32.0,1.587,,,0.0,1.0,,True,completed
164516_422_0,pkw,28220.0,28231.0,11.0,,177.636,0.0,0.0,11.0,2.291,,,0.0,1.0,,True,completed
243343_452_0,pkw,28203.0,28231.0,28.0,,193.521,4.0,5.0,23.0,16.098,,,0.1786,0.8214,,True,completed
136022_411_0,pkw,28193.0,28232.0,39.0,,426.299,1.0,1.0,38.0,7.928,,,0.0256,0.9744,,True,completed
192641_435_0,pkw,28206.0,28233.0,27.0,,199.999,2.0,2.0,25.0,14.378,,,0.0741,0.9259,,True,completed
193036_435_0,pkw,28222.0,28234.0,12.0,,194.17,0.0,0.0,12.0,0.705,,,0.0,1.0,,True,completed
102374_396_0,pkw,28224.0,28236.0,12.0,,148.814,0.0,0.0,12.0,0.519,,,0.0,1.0,,True,completed
138188_412_0,pkw,28224.0,28236.0,12.0,,193.906,0.0,0.0,12.0,0.365,,,0.0,1.0,,True,completed
270722_466_0,pkw,28199.0,28237.0,38.0,,432.926,0.0,0.0,38.0,3.637,,,0.0,1.0,,True,completed
214099_444_0,pkw,28203.0,28243.0,40.0,,438.53,0.0,0.0,40.0,2.442,,,0.0,1.0,,True,completed
240250_452_0,pkw,28133.0,28250.0,117.0,,428.089,57.0,57.0,60.0,86.687,,,0.4872,0.5128,,True,completed
247391_455_0,pkw,28006.0,28250.0,244.0,,438.416,70.0,128.0,116.0,209.399,,,0.5246,0.4754,,True,completed
171784_426_0,pkw,28008.0,28252.0,244.0,,445.352,67.0,126.0,118.0,215.672,,,0.5164,0.4836,,True,completed
186001_432_0,pkw,28152.0,28252.0,100.0,,445.468,47.0,47.0,53.0,70.313,,,0.47,0.53,,True,completed
233560_451_0,pkw,28128.0,28252.0,124.0,,433.505,51.0,51.0,73.0,96.058,,,0.4113,0.5887,,True,completed
235273_451_0,pkw,28010.0,28253.0,243.0,,435.077,66.0,123.0,120.0,212.849,,,0.5062,0.4938,,True,completed
193777_435_0,pkw,28157.0,28254.0,97.0,,452.484,45.0,45.0,52.0,68.536,,,0.4639,0.5361,,True,completed
228790_450_0,pkw,28012.0,28255.0,243.0,,441.382,64.0,123.0,120.0,214.435,,,0.5062,0.4938,,True,completed
183270_431_0,pkw,28031.0,28256.0,225.0,,431.744,63.0,118.0,107.0,195.821,,,0.5244,0.4756,,True,completed
180268_430_0,pkw,28210.0,28258.0,48.0,,458.706,1.0,1.0,47.0,13.569,,,0.0208,0.9792,,True,completed
221545_448_0,pkw,28151.0,28260.0,109.0,,447.626,50.0,50.0,59.0,67.306,,,0.4587,0.5413,,True,completed
244321_453_0,pkw,28215.0,28260.0,45.0,,463.493,0.0,0.0,45.0,10.332,,,0.0,1.0,,True,completed
224682_449_0,pkw,28147.0,28261.0,114.0,,428.722,42.0,42.0,72.0,82.482,,,0.3684,0.6316,,True,completed
230732_450_0,pkw,28162.0,28261.0,99.0,,441.309,40.0,40.0,59.0,71.793,,,0.404,0.596,,True,completed
251309_457_0,pkw,28138.0,28261.0,123.0,,465.301,51.0,51.0,72.0,90.649,,,0.4146,0.5854,,True,completed
209839_441_0,pkw,28207.0,28270.0,63.0,,426.167,28.0,28.0,35.0,34.143,,,0.4444,0.5556,,True,completed
241031_452_0,pkw,28244.0,28271.0,27.0,,195.447,8.0,8.0,19.0,16.597,,,0.2963,0.7037,,True,completed
269181_465_0,pkw,28211.0,28273.0,62.0,,427.867,21.0,21.0,41.0,29.168,,,0.3387,0.6613,,True,completed
156507_420_0,pkw,28214.0,28276.0,62.0,,435.874,19.0,20.0,42.0,29.135,,,0.3226,0.6774,,True,completed
177103_429_0,pkw,28213.0,28277.0,64.0,,434.343,21.0,21.0,43.0,28.626,,,0.3281,0.6719,,True,completed
243431_452_0,pkw,28216.0,28277.0,61.0,,428.495,19.0,19.0,42.0,33.14,,,0.3115,0.6885,,True,completed
285558_474_0,pkw,28237.0,28280.0,43.0,,435.475,0.0,1.0,42.0,6.157,,,0.0233,0.9767,,True,completed
289688_477_0,pkw,28241.0,28283.0,42.0,,433.062,0.0,0.0,42.0,3.612,,,0.0,1.0,,True,completed
185690_432_0,pkw,28169.0,28291.0,122.0,,432.609,56.0,56.0,66.0,89.059,,,0.459,0.541,,True,completed
204088_439_0,pkw,28033.0,28291.0,258.0,,446.497,69.0,142.0,116.0,221.566,,,0.5504,0.4496,,True,completed
222821_448_0,pkw,28172.0,28291.0,119.0,,447.889,51.0,60.0,59.0,87.759,,,0.5042,0.4958,,True,completed
240589_452_0,pkw,28263.0,28291.0,28.0,,139.19,9.0,9.0,19.0,18.144,,,0.3214,0.6786,,True,completed
161686_421_0,pkw,28189.0,28292.0,103.0,,449.541,51.0,51.0,52.0,72.496,,,0.4951,0.5049,,True,completed
270102_465_0,pkw,28036.0,28292.0,256.0,,430.932,68.0,140.0,116.0,224.426,,,0.5469,0.4531,,True,completed
228010_450_0,pkw,28166.0,28293.0,127.0,,427.021,52.0,52.0,75.0,90.997,,,0.4094,0.5906,,True,completed
211579_442_0,pkw,28038.0,28294.0,256.0,,435.926,64.0,137.0,119.0,224.28,,,0.5352,0.4648,,True,completed
177898_430_0,pkw,28040.0,28296.0,256.0,,442.629,63.0,132.0,124.0,222.508,,,0.5156,0.4844,,True,completed
153510_420_0,pkw,28190.0,28301.0,111.0,,428.565,39.0,39.0,72.0,79.213,,,0.3514,0.6486,,True,completed
168779_425_0,pkw,28178.0,28301.0,123.0,,465.4,50.0,50.0,73.0,91.116,,,0.4065,0.5935,,True,completed
207751_441_0,pkw,28289.0,28308.0,19.0,,168.782,0.0,0.0,19.0,6.626,,,0.0,1.0,,True,completed
146134_416_0,pkw,28285.0,28310.0,25.0,,186.296,7.0,7.0,18.0,15.186,,,0.28,0.72,,True,completed
269273_465_0,pkw,28279.0,28311.0,32.0,,186.553,13.0,13.0,19.0,20.489,,,0.4062,0.5938,,True,completed
265825_464_0,pkw,28283.0,28313.0,30.0,,195.821,6.0,6.0,24.0,19.428,,,0.2,0.8,,True,completed
106740_399_0,pkw,28293.0,28314.0,21.0,,186.896,0.0,0.0,21.0,10.169,,,0.0,1.0,,True,completed
224664_449_0,pkw,28257.0,28315.0,58.0,,431.217,16.0,16.0,42.0,23.211,,,0.2759,0.7241,,True,completed
263319_462_0,pkw,28286.0,28315.0,29.0,,199.635,8.0,8.0,21.0,16.84,,,0.2759,0.7241,,True,completed
209686_441_0,pkw,28301.0,28316.0,15.0,,192.411,0.0,0.0,15.0,3.994,,,0.0,1.0,,True,completed
132229_410_0,pkw,28270.0,28317.0,47.0,,427.834,2.0,2.0,45.0,12.65,,,0.0426,0.9574,,True,completed
120205_405_0,pkw,28272.0,28319.0,47.0,,433.869,0.0,1.0,46.0,16.274,,,0.0213,0.9787,,True,completed
212076_442_0,pkw,28259.0,28323.0,64.0,,436.658,12.0,12.0,52.0,20.397,,,0.1875,0.8125,,True,completed
244056_453_0,pkw,28281.0,28329.0,48.0,,442.63,10.0,10.0,38.0,21.265,,,0.2083,0.7917,,True,completed
232786_451_0,pkw,28195.0,28330.0,135.0,,434.49,64.0,64.0,71.0,101.805,,,0.4741,0.5259,,True,completed
241118_452_0,pkw,28042.0,28330.0,288.0,,446.336,73.0,161.0,127.0,258.925,,,0.559,0.441,,True,completed
242389_452_0,pkw,28044.0,28331.0,287.0,,437.147,72.0,159.0,128.0,256.443,,,0.554,0.446,,True,completed
268385_465_0,pkw,28047.0,28333.0,286.0,,432.756,69.0,155.0,131.0,251.744,,,0.542,0.458,,True,completed
238695_451_0,pkw,28288.0,28334.0,46.0,,452.913,5.0,5.0,41.0,18.417,,,0.1087,0.8913,,True,completed
237469_451_0,pkw,28049.0,28335.0,286.0,,442.388,66.0,151.0,135.0,253.213,,,0.528,0.472,,True,completed
203186_439_0,pkw,28051.0,28336.0,285.0,,431.605,65.0,149.0,136.0,256.961,,,0.5228,0.4772,,True,completed
223379_449_0,pkw,28314.0,28339.0,25.0,,154.332,1.0,1.0,24.0,13.995,,,0.04,0.96,,True,completed
254616_459_0,pkw,28319.0,28341.0,22.0,,160.344,0.0,0.0,22.0,10.712,,,0.0,1.0,,True,completed
251039_457_0,pkw,28217.0,28344.0,127.0,,461.658,59.0,59.0,68.0,92.232,,,0.4646,0.5354,,True,completed
117127_404_0,pkw,28220.0,28346.0,126.0,,454.574,51.0,51.0,75.0,84.22,,,0.4048,0.5952,,True,completed
166643_424_0,pkw,28237.0,28348.0,111.0,,463.784,49.0,49.0,62.0,75.015,,,0.4414,0.5586,,True,completed
274645_467_0,pkw,28310.0,28348.0,38.0,,356.317,6.0,6.0,32.0,14.146,,,0.1579,0.8421,,True,completed
250663_456_0,pkw,28241.0,28349.0,108.0,,454.239,46.0,46.0,62.0,78.012,,,0.4259,0.5741,,True,completed
274709_467_0,pkw,28330.0,28351.0,21.0,,197.645,2.0,2.0,19.0,10.957,,,0.0952,0.9048,,True,completed
227886_450_0,pkw,28304.0,28352.0,48.0,,427.795,10.0,10.0,38.0,16.315,,,0.2083,0.7917,,True,completed
75163_386_0,pkw,28310.0,28353.0,43.0,,436.398,1.0,1.0,42.0,13.165,,,0.0233,0.9767,,True,completed
219724_447_0,pkw,28302.0,28354.0,52.0,,426.973,12.0,12.0,40.0,18.509,,,0.2308,0.7692,,True,completed
275618_468_0,pkw,28332.0,28354.0,22.0,,201.146,0.0,0.0,22.0,11.054,,,0.0,1.0,,True,completed
81814_389_0,pkw,28305.0,28355.0,50.0,,429.044,10.0,10.0,40.0,18.167,,,0.2,0.8,,True,completed
238318_451_0,pkw,28315.0,28357.0,42.0,,434.386,2.0,2.0,40.0,11.876,,,0.0476,0.9524,,True,completed
253347_458_0,pkw,28312.0,28357.0,45.0,,436.575,2.0,3.0,42.0,13.41,,,0.0667,0.9333,,True,completed
206378_440_0,pkw,28321.0,28363.0,42.0,,432.965,0.0,0.0,42.0,6.64,,,0.0,1.0,,True,completed
177745_430_0,pkw,28291.0,28368.0,77.0,,452.6,32.0,32.0,45.0,49.155,,,0.4156,0.5844,,True,completed
185099_432_0,pkw,28072.0,28370.0,298.0,,436.169,70.0,158.0,140.0,265.56,,,0.5302,0.4698,,True,completed
277750_469_0,pkw,28262.0,28371.0,109.0,,436.259,44.0,44.0,65.0,74.242,,,0.4037,0.5963,,True,completed
120533_405_0,pkw,28335.0,28372.0,37.0,,460.123,0.0,0.0,37.0,8.399,,,0.0,1.0,,True,completed
127493_407_0,pkw,28079.0,28372.0,293.0,,445.812,66.0,152.0,141.0,265.223,,,0.5188,0.4812,,True,completed
141639_415_0,pkw,28296.0,28372.0,76.0,,442.078,29.0,29.0,47.0,46.17,,,0.3816,0.6184,,True,completed
238062_451_0,pkw,28084.0,28374.0,290.0,,443.217,65.0,145.0,145.0,262.253,,,0.5,0.5,,True,completed
162803_422_0,pkw,28354.0,28375.0,21.0,,139.711,3.0,3.0,18.0,10.818,,,0.1429,0.8571,,True,completed
259707_461_0,pkw,28090.0,28375.0,285.0,,430.843,65.0,147.0,138.0,254.915,,,0.5158,0.4842,,True,completed
226520_450_0,pkw,28096.0,28377.0,281.0,,436.837,64.0,141.0,140.0,251.085,,,0.5018,0.4982,,True,completed
214892_445_0,pkw,28302.0,28378.0,76.0,,442.425,26.0,26.0,50.0,43.393,,,0.3421,0.6579,,True,completed
260001_461_0,pkw,28298.0,28380.0,82.0,,453.005,26.0,26.0,56.0,45.109,,,0.3171,0.6829,,True,completed
258714_461_0,pkw,28266.0,28384.0,118.0,,460.361,47.0,47.0,71.0,82.946,,,0.3983,0.6017,,True,completed
270291_465_0,pkw,28358.0,28390.0,32.0,,187.577,15.0,15.0,17.0,22.065,,,0.4688,0.5312,,True,completed
272079_466_0,pkw,28345.0,28391.0,46.0,,400.864,9.0,9.0,37.0,21.483,,,0.1957,0.8043,,True,completed
198061_436_0,pkw,28357.0,28392.0,35.0,,190.301,14.0,14.0,21.0,23.499,,,0.4,0.6,,True,completed
144547_416_0,pkw,28325.0,28393.0,68.0,,430.923,26.0,26.0,42.0,35.439,,,0.3824,0.6176,,True,completed
237644_451_0,pkw,28375.0,28394.0,19.0,,201.17,0.0,1.0,18.0,7.567,,,0.0526,0.9474,,True,completed
99139_396_0,pkw,28338.0,28394.0,56.0,,426.693,14.0,15.0,41.0,24.663,,,0.2679,0.7321,,True,completed
274220_467_0,pkw,28335.0,28397.0,62.0,,431.005,18.0,18.0,44.0,24.33,,,0.2903,0.7097,,True,completed
170152_426_0,pkw,28352.0,28398.0,46.0,,429.523,2.0,2.0,44.0,11.895,,,0.0435,0.9565,,True,completed
251226_457_0,pkw,28339.0,28399.0,60.0,,435.216,16.0,16.0,44.0,24.857,,,0.2667,0.7333,,True,completed
143117_415_0,pkw,28352.0,28400.0,48.0,,434.99,0.0,1.0,47.0,15.054,,,0.0208,0.9792,,True,completed
260340_461_0,pkw,28348.0,28400.0,52.0,,428.072,6.0,7.0,45.0,18.867,,,0.1346,0.8654,,True,completed
250322_456_0,pkw,28363.0,28402.0,39.0,,438.327,0.0,0.0,39.0,5.48,,,0.0,1.0,,True,completed
169086_425_0,pkw,28304.0,28410.0,106.0,,447.773,56.0,56.0,50.0,75.815,,,0.5283,0.4717,,True,completed
100634_396_0,pkw,28107.0,28411.0,304.0,,440.971,69.0,157.0,147.0,271.533,,,0.5164,0.4836,,True,completed
267784_465_0,pkw,28111.0,28412.0,301.0,,429.315,69.0,152.0,149.0,270.759,,,0.505,0.495,,True,completed
273435_466_0,pkw,28306.0,28413.0,107.0,,447.262,55.0,55.0,52.0,75.35,,,0.514,0.486,,True,completed
260221_461_0,pkw,28130.0,28414.0,284.0,,433.285,66.0,148.0,136.0,255.1,,,0.5211,0.4789,,True,completed
109174_400_0,pkw,28373.0,28415.0,42.0,,144.823,24.0,24.0,18.0,32.791,,,0.5714,0.4286,,True,completed
235218_451_0,pkw,28310.0,28415.0,105.0,,446.492,52.0,52.0,53.0,73.183,,,0.4952,0.5048,,True,completed
241599_452_0,pkw,28133.0,28416.0,283.0,,440.779,63.0,141.0,142.0,250.319,,,0.4982,0.5018,,True,completed
217016_446_0,pkw,28315.0,28417.0,102.0,,444.485,48.0,48.0,54.0,71.858,,,0.4706,0.5294,,True,completed
240148_452_0,pkw,28312.0,28418.0,106.0,,442.361,51.0,51.0,55.0,72.776,,,0.4811,0.5189,,True,completed
207277_441_0,pkw,28380.0,28420.0,40.0,,160.139,16.0,16.0,24.0,30.579,,,0.4,0.6,,True,completed
223164_449_0,pkw,28395.0,28428.0,33.0,,162.419,3.0,3.0,30.0,20.87,,,0.0909,0.9091,,True,completed
274061_467_0,pkw,28406.0,28430.0,24.0,,180.356,7.0,7.0,17.0,13.996,,,0.2917,0.7083,,True,completed
139595_413_0,pkw,28368.0,28431.0,63.0,,437.653,26.0,26.0,37.0,32.946,,,0.4127,0.5873,,True,completed
217238_446_0,pkw,28372.0,28431.0,59.0,,424.459,22.0,22.0,37.0,31.149,,,0.3729,0.6271,,True,completed
240015_452_0,pkw,28421.0,28432.0,11.0,,181.262,0.0,0.0,11.0,0.364,,,0.0,1.0,,True,completed
198636_436_0,pkw,28377.0,28434.0,57.0,,436.678,18.0,18.0,39.0,27.799,,,0.3158,0.6842,,True,completed
277666_469_0,pkw,28367.0,28435.0,68.0,,437.681,26.0,26.0,42.0,33.056,,,0.3824,0.6176,,True,completed
183233_431_0,pkw,28372.0,28436.0,64.0,,430.052,24.0,24.0,40.0,33.292,,,0.375,0.625,,True,completed
87483_391_0,pkw,28425.0,28436.0,11.0,,194.155,0.0,0.0,11.0,0.311,,,0.0,1.0,,True,completed
245482_454_0,pkw,28370.0,28437.0,67.0,,436.834,25.0,25.0,42.0,32.14,,,0.3731,0.6269,,True,completed
273089_466_0,pkw,28399.0,28439.0,40.0,,175.538,17.0,17.0,23.0,29.343,,,0.425,0.575,,True,completed
226009_450_0,pkw,28388.0,28440.0,52.0,,433.769,8.0,9.0,43.0,19.69,,,0.1731,0.8269,,True,completed
221062_448_0,pkw,28392.0,28445.0,53.0,,436.303,5.0,5.0,48.0,18.505,,,0.0943,0.9057,,True,completed
196786_436_0,pkw,28323.0,28448.0,125.0,,441.705,53.0,68.0,57.0,96.875,,,0.544,0.456,,True,completed
273407_466_0,pkw,28135.0,28450.0,315.0,,441.477,72.0,165.0,150.0,283.051,,,0.5238,0.4762,,True,completed
180968_431_0,pkw,28171.0,28451.0,280.0,,431.506,71.0,148.0,132.0,248.873,,,0.5286,0.4714,,True,completed
245027_453_0,pkw,28326.0,28452.0,126.0,,441.258,50.0,65.0,61.0,95.425,,,0.5159,0.4841,,True,completed
175195_428_0,pkw,28407.0,28453.0,46.0,,458.963,5.0,5.0,41.0,13.996,,,0.1087,0.8913,,True,completed
198097_436_0,pkw,28173.0,28453.0,280.0,,430.282,69.0,145.0,135.0,251.761,,,0.5179,0.4821,,True,completed
206948_441_0,pkw,28349.0,28455.0,106.0,,450.249,47.0,47.0,59.0,76.781,,,0.4434,0.5566,,True,completed
236914_451_0,pkw,28177.0,28455.0,278.0,,442.762,66.0,139.0,139.0,248.954,,,0.5,0.5,,True,completed
122475_406_0,pkw,28193.0,28456.0,263.0,,431.776,65.0,128.0,135.0,233.13,,,0.4867,0.5133,,True,completed
165863_424_0,pkw,28329.0,28456.0,127.0,,450.739,47.0,62.0,65.0,93.683,,,0.4882,0.5118,,True,completed
179708_430_0,pkw,28409.0,28456.0,47.0,,152.975,24.0,24.0,23.0,37.663,,,0.5106,0.4894,,True,completed
190487_434_0,pkw,28412.0,28458.0,46.0,,156.978,22.0,22.0,24.0,36.12,,,0.4783,0.5217,,True,completed
282984_472_0,pkw,28408.0,28462.0,54.0,,453.401,6.0,7.0,47.0,17.669,,,0.1296,0.8704,,True,completed
244831_453_0,pkw,28434.0,28471.0,37.0,,195.244,17.0,17.0,20.0,27.028,,,0.4595,0.5405,,True,completed
257226_460_0,pkw,28434.0,28472.0,38.0,,398.903,0.0,0.0,38.0,11.221,,,0.0,1.0,,True,completed
140549_414_0,pkw,28449.0,28474.0,25.0,,190.706,5.0,5.0,20.0,13.937,,,0.2,0.8,,True,completed
219097_446_0,pkw,28395.0,28474.0,79.0,,427.642,30.0,31.0,48.0,45.348,,,0.3924,0.6076,,True,completed
274394_467_0,pkw,28447.0,28474.0,27.0,,192.769,5.0,5.0,22.0,15.165,,,0.1852,0.8148,,True,completed
282723_472_0,pkw,28443.0,28474.0,31.0,,409.138,0.0,0.0,31.0,6.062,,,0.0,1.0,,True,completed
277242_469_0,pkw,28445.0,28475.0,30.0,,397.524,0.0,0.0,30.0,4.83,,,0.0,1.0,,True,completed
234716_451_0,pkw,28400.0,28477.0,77.0,,437.813,25.0,25.0,52.0,39.404,,,0.3247,0.6753,,True,completed
252235_457_0,pkw,28438.0,28478.0,40.0,,180.749,19.0,19.0,21.0,31.046,,,0.475,0.525,,True,completed
283127_472_0,pkw,28397.0,28478.0,81.0,,435.583,26.0,26.0,55.0,45.41,,,0.321,0.679,,True,completed
210631_442_0,pkw,28402.0,28479.0,77.0,,428.415,24.0,24.0,53.0,43.341,,,0.3117,0.6883,,True,completed
260663_461_0,pkw,28443.0,28479.0,36.0,,177.249,12.0,12.0,24.0,24.249,,,0.3333,0.6667,,True,completed
185249_432_0,pkw,28405.0,28480.0,75.0,,432.811,22.0,22.0,53.0,36.953,,,0.2933,0.7067,,True,completed
205082_440_0,pkw,28447.0,28480.0,33.0,,169.328,11.0,11.0,22.0,23.179,,,0.3333,0.6667,,True,completed
273064_466_0,pkw,28417.0,28481.0,64.0,,405.047,16.0,16.0,48.0,33.913,,,0.25,0.75,,True,completed
238737_451_0,pkw,28414.0,28482.0,68.0,,438.836,20.0,20.0,48.0,35.697,,,0.2941,0.7059,,True,completed
268263_465_0,pkw,28450.0,28484.0,34.0,,404.291,0.0,0.0,34.0,3.334,,,0.0,1.0,,True,completed
259614_461_0,pkw,28197.0,28490.0,293.0,,432.174,72.0,152.0,141.0,262.884,,,0.5188,0.4812,,True,completed
261765_461_0,pkw,28413.0,28491.0,78.0,,449.602,30.0,30.0,48.0,46.096,,,0.3846,0.6154,,True,completed
272033_466_0,pkw,28199.0,28492.0,293.0,,436.404,70.0,152.0,141.0,263.243,,,0.5188,0.4812,,True,completed
111032_401_0,pkw,28444.0,28493.0,49.0,,448.374,5.0,6.0,43.0,16.829,,,0.1224,0.8776,,True,completed
143945_416_0,pkw,28218.0,28494.0,276.0,,445.962,68.0,140.0,136.0,242.125,,,0.5072,0.4928,,True,completed
166507_424_0,pkw,28233.0,28495.0,262.0,,436.256,67.0,134.0,128.0,234.775,,,0.5115,0.4885,,True,completed
257421_460_0,pkw,28432.0,28495.0,63.0,,140.074,37.0,37.0,26.0,53.963,,,0.5873,0.4127,,True,completed
189906_434_0,pkw,28235.0,28497.0,262.0,,446.591,65.0,131.0,131.0,230.61,,,0.5,0.5,,True,completed
136857_411_0,pkw,28445.0,28501.0,56.0,,158.349,25.0,25.0,31.0,45.251,,,0.4464,0.5536,,True,completed
193108_435_0,pkw,28499.0,28510.0,11.0,,192.956,0.0,0.0,11.0,0.31,,,0.0,1.0,,True,completed
234190_451_0,pkw,28415.0,28511.0,96.0,,429.09,48.0,48.0,48.0,66.604,,,0.5,0.5,,True,completed
261015_461_0,pkw,28469.0,28511.0,42.0,,196.484,23.0,23.0,19.0,31.491,,,0.5476,0.4524,,True,completed
275670_468_0,pkw,28413.0,28512.0,99.0,,426.07,51.0,51.0,48.0,67.236,,,0.5152,0.4848,,True,completed
264934_463_0,pkw,28426.0,28514.0,88.0,,432.33,40.0,41.0,47.0,57.427,,,0.4659,0.5341,,True,completed
241082_452_0,pkw,28439.0,28516.0,77.0,,438.704,26.0,27.0,50.0,46.617,,,0.3506,0.6494,,True,completed
277320_469_0,pkw,28464.0,28516.0,52.0,,405.182,7.0,7.0,45.0,20.667,,,0.1346,0.8654,,True,completed
239457_451_0,pkw,28420.0,28517.0,97.0,,433.466,48.0,48.0,49.0,61.886,,,0.4948,0.5052,,True,completed
252693_458_0,pkw,28429.0,28518.0,89.0,,430.768,40.0,41.0,48.0,56.202,,,0.4607,0.5393,,True,completed
183679_431_0,pkw,28441.0,28530.0,89.0,,139.834,60.0,61.0,28.0,79.742,,,0.6854,0.3146,,True,completed
243333_452_0,pkw,28238.0,28530.0,292.0,,432.611,72.0,155.0,137.0,262.713,,,0.5308,0.4692,,True,completed
169648_426_0,pkw,28485.0,28531.0,46.0,,442.554,3.0,4.0,42.0,16.577,,,0.087,0.913,,True,completed
141828_415_0,pkw,28462.0,28532.0,70.0,,137.741,45.0,45.0,25.0,60.728,,,0.6429,0.3571,,True,completed
280500_471_0,pkw,28240.0,28532.0,292.0,,437.641,69.0,152.0,140.0,261.197,,,0.5205,0.4795,,True,completed
144781_416_0,pkw,28488.0,28533.0,45.0,,444.549,2.0,2.0,43.0,15.379,,,0.0444,0.9556,,True,completed
198650_436_0,pkw,28251.0,28534.0,283.0,,444.348,68.0,151.0,132.0,251.318,,,0.5336,0.4664,,True,completed
252459_458_0,pkw,28259.0,28535.0,276.0,,429.267,65.0,142.0,134.0,248.065,,,0.5145,0.4855,,True,completed
279534_470_0,pkw,28478.0,28535.0,57.0,,146.138,30.0,31.0,26.0,45.025,,,0.5439,0.4561,,True,completed
210748_442_0,pkw,28482.0,28537.0,55.0,,153.754,29.0,29.0,26.0,44.835,,,0.5273,0.4727,,True,completed
218915_446_0,pkw,28492.0,28537.0,45.0,,451.673,1.0,1.0,44.0,14.949,,,0.0222,0.9778,,True,completed
246226_454_0,pkw,28490.0,28537.0,47.0,,452.699,1.0,1.0,46.0,14.958,,,0.0213,0.9787,,True,completed
226436_450_0,pkw,28449.0,28551.0,102.0,,428.541,54.0,54.0,48.0,71.617,,,0.5294,0.4706,,True,completed
279691_470_0,pkw,28505.0,28551.0,46.0,,190.998,25.0,25.0,21.0,35.533,,,0.5435,0.4565,,True,completed
110587_401_0,pkw,28518.0,28553.0,35.0,,199.866,12.0,12.0,23.0,22.85,,,0.3429,0.6571,,True,completed
178414_430_0,pkw,28521.0,28554.0,33.0,,190.338,9.0,9.0,24.0,23.044,,,0.2727,0.7273,,True,completed
259136_461_0,pkw,28459.0,28554.0,95.0,,437.68,48.0,49.0,46.0,63.255,,,0.5158,0.4842,,True,completed
104899_398_0,pkw,28529.0,28556.0,27.0,,198.66,5.0,5.0,22.0,15.527,,,0.1852,0.8148,,True,completed
261183_461_0,pkw,28489.0,28556.0,67.0,,432.326,27.0,27.0,40.0,35.174,,,0.403,0.597,,True,completed
210588_441_0,pkw,28540.0,28557.0,17.0,,172.19,0.0,1.0,16.0,5.257,,,0.0588,0.9412,,True,completed
237662_451_0,pkw,28543.0,28558.0,15.0,,201.672,0.0,0.0,15.0,5.146,,,0.0,1.0,,True,completed
277465_469_0,pkw,28514.0,28560.0,46.0,,394.968,6.0,6.0,40.0,20.957,,,0.1304,0.8696,,True,completed
220942_447_0,pkw,28547.0,28562.0,15.0,,192.184,0.0,0.0,15.0,4.585,,,0.0,1.0,,True,completed
250018_456_0,pkw,28549.0,28563.0,14.0,,184.163,0.0,0.0,14.0,3.45,,,0.0,1.0,,True,completed
119889_405_0,pkw,28264.0,28570.0,306.0,,434.265,74.0,162.0,144.0,271.911,,,0.5294,0.4706,,True,completed
260408_461_0,pkw,28492.0,28570.0,78.0,,142.041,53.0,53.0,25.0,68.531,,,0.6795,0.3205,,True,completed
195396_436_0,pkw,28494.0,28572.0,78.0,,448.305,26.0,26.0,52.0,45.02,,,0.3333,0.6667,,True,completed
238336_451_0,pkw,28267.0,28572.0,305.0,,434.429,71.0,158.0,147.0,275.04,,,0.518,0.482,,True,completed
221860_448_0,pkw,28503.0,28573.0,70.0,,440.414,25.0,25.0,45.0,41.744,,,0.3571,0.6429,,True,completed
253861_459_0,pkw,28496.0,28574.0,78.0,,442.361,26.0,26.0,52.0,44.519,,,0.3333,0.6667,,True,completed
256684_460_0,pkw,28270.0,28574.0,304.0,,439.358,70.0,154.0,150.0,270.652,,,0.5066,0.4934,,True,completed
134733_411_0,pkw,28507.0,28576.0,69.0,,446.227,23.0,23.0,46.0,39.773,,,0.3333,0.6667,,True,completed
252410_458_0,pkw,28272.0,28576.0,304.0,,440.809,67.0,148.0,156.0,274.848,,,0.4868,0.5132,,True,completed
246686_455_0,pkw,28278.0,28578.0,300.0,,445.648,65.0,150.0,150.0,268.617,,,0.5,0.5,,True,completed
187042_432_0,pkw,28497.0,28579.0,82.0,,451.337,25.0,25.0,57.0,44.963,,,0.3049,0.6951,,True,completed
157359_421_0,pkw,28552.0,28591.0,39.0,,189.018,21.0,21.0,18.0,28.579,,,0.5385,0.4615,,True,completed
159963_421_0,pkw,28548.0,28591.0,43.0,,197.1,21.0,21.0,22.0,30.407,,,0.4884,0.5116,,True,completed
270525_465_0,pkw,28537.0,28591.0,54.0,,431.04,17.0,17.0,37.0,23.735,,,0.3148,0.6852,,True,completed
149947_417_0,pkw,28578.0,28593.0,15.0,,193.145,0.0,0.0,15.0,4.09,,,0.0,1.0,,True,completed
174918_427_0,pkw,28579.0,28593.0,14.0,,194.742,0.0,0.0,14.0,2.402,,,0.0,1.0,,True,completed
177680_430_0,pkw,28537.0,28595.0,58.0,,428.521,15.0,16.0,42.0,25.057,,,0.2759,0.7241,,True,completed
175533_428_0,pkw,28585.0,28597.0,12.0,,183.078,0.0,0.0,12.0,0.665,,,0.0,1.0,,True,completed
216822_446_0,pkw,28581.0,28597.0,16.0,,195.748,0.0,0.0,16.0,3.992,,,0.0,1.0,,True,completed
241394_452_0,pkw,28578.0,28597.0,19.0,,172.809,0.0,1.0,18.0,7.197,,,0.0526,0.9474,,True,completed
280794_471_0,pkw,28596.0,28608.0,12.0,,152.609,0.0,0.0,12.0,2.209,,,0.0,1.0,,True,completed
140690_414_0,pkw,28510.0,28609.0,99.0,,444.534,51.0,51.0,48.0,70.054,,,0.5152,0.4848,,True,completed
276708_468_0,pkw,28408.0,28610.0,202.0,,435.888,70.0,107.0,95.0,172.452,,,0.5297,0.4703,,True,completed
152370_419_0,pkw,28512.0,28612.0,100.0,,441.33,50.0,50.0,50.0,69.719,,,0.5,0.5,,True,completed
75563_386_0,pkw,28523.0,28613.0,90.0,,442.607,42.0,42.0,48.0,60.267,,,0.4667,0.5333,,True,completed
154706_420_0,pkw,28526.0,28617.0,91.0,,451.02,38.0,38.0,53.0,58.801,,,0.4176,0.5824,,True,completed
118698_405_0,pkw,28531.0,28620.0,89.0,,441.867,35.0,35.0,54.0,54.95,,,0.3933,0.6067,,True,completed
148835_417_0,pkw,28608.0,28631.0,23.0,,193.818,4.0,4.0,19.0,12.059,,,0.1739,0.8261,,True,completed
213851_444_0,pkw,28610.0,28631.0,21.0,,185.863,1.0,1.0,20.0,11.718,,,0.0476,0.9524,,True,completed
229126_450_0,pkw,28591.0,28631.0,40.0,,201.095,21.0,21.0,19.0,28.397,,,0.525,0.475,,True,completed
128388_408_0,pkw,28602.0,28632.0,30.0,,187.802,6.0,7.0,23.0,18.73,,,0.2333,0.7667,,True,completed
178689_430_0,pkw,28612.0,28632.0,20.0,,180.75,0.0,0.0,20.0,10.737,,,0.0,1.0,,True,completed
188487_433_0,pkw,28622.0,28635.0,13.0,,194.796,0.0,0.0,13.0,0.502,,,0.0,1.0,,True,completed
177905_430_0,pkw,28612.0,28636.0,24.0,,200.829,0.0,0.0,24.0,13.014,,,0.0,1.0,,True,completed
181432_431_0,pkw,28616.0,28637.0,21.0,,187.176,0.0,0.0,21.0,9.538,,,0.0,1.0,,True,completed
207390_441_0,pkw,28620.0,28637.0,17.0,,187.349,0.0,0.0,17.0,5.72,,,0.0,1.0,,True,completed
169513_426_0,pkw,28612.0,28650.0,38.0,,431.377,0.0,0.0,38.0,7.261,,,0.0,1.0,,True,completed
109284_400_0,pkw,28538.0,28651.0,113.0,,449.755,51.0,56.0,57.0,86.209,,,0.4956,0.5044,,True,completed
204473_440_0,pkw,28533.0,28651.0,118.0,,447.353,51.0,61.0,57.0,86.889,,,0.5169,0.4831,,True,completed
120822_405_0,pkw,28535.0,28653.0,118.0,,452.777,49.0,57.0,61.0,87.482,,,0.4831,0.5169,,True,completed
267732_465_0,pkw,28545.0,28656.0,111.0,,452.581,47.0,50.0,61.0,81.1,,,0.4505,0.5495,,True,completed
200235_437_0,pkw,28641.0,28657.0,16.0,,149.571,0.0,0.0,16.0,5.056,,,0.0,1.0,,True,completed
204241_440_0,pkw,28619.0,28657.0,38.0,,167.393,16.0,16.0,22.0,26.49,,,0.4211,0.5789,,True,completed
246942_455_0,pkw,28635.0,28663.0,28.0,,166.933,0.0,1.0,27.0,17.038,,,0.0357,0.9643,,True,completed
164332_422_0,pkw,28628.0,28670.0,42.0,,180.276,24.0,24.0,18.0,32.456,,,0.5714,0.4286,,True,completed
187196_433_0,pkw,28632.0,28671.0,39.0,,189.439,20.0,20.0,19.0,28.154,,,0.5128,0.4872,,True,completed
222401_448_0,pkw,28624.0,28671.0,47.0,,434.168,11.0,11.0,36.0,17.252,,,0.234,0.766,,True,completed
215313_445_0,pkw,28637.0,28673.0,36.0,,198.722,15.0,15.0,21.0,27.033,,,0.4167,0.5833,,True,completed
258498_461_0,pkw,28626.0,28673.0,47.0,,431.353,10.0,10.0,37.0,17.197,,,0.2128,0.7872,,True,completed
174556_427_0,pkw,28640.0,28676.0,36.0,,193.966,11.0,11.0,25.0,24.669,,,0.3056,0.6944,,True,completed
95711_394_0,pkw,28641.0,28676.0,35.0,,193.471,13.0,13.0,22.0,23.484,,,0.3714,0.6286,,True,completed
159521_421_0,pkw,28645.0,28677.0,32.0,,184.783,10.0,10.0,22.0,21.885,,,0.3125,0.6875,,True,completed
241303_452_0,pkw,28634.0,28677.0,43.0,,432.994,0.0,1.0,42.0,10.07,,,0.0233,0.9767,,True,completed
122299_406_0,pkw,28637.0,28679.0,42.0,,428.021,0.0,0.0,42.0,9.14,,,0.0,1.0,,True,completed
170276_426_0,pkw,28627.0,28684.0,57.0,,433.183,7.0,7.0,50.0,19.482,,,0.1228,0.8772,,True,completed
273641_466_0,pkw,28643.0,28691.0,48.0,,140.389,27.0,27.0,21.0,39.664,,,0.5625,0.4375,,True,completed
174411_427_0,pkw,28550.0,28693.0,143.0,,450.015,52.0,75.0,68.0,109.719,,,0.5245,0.4755,,True,completed
268829_465_0,pkw,28645.0,28693.0,48.0,,146.238,27.0,27.0,21.0,36.452,,,0.5625,0.4375,,True,completed
82062_389_0,pkw,28653.0,28693.0,40.0,,99.841,24.0,24.0,16.0,32.933,,,0.6,0.4,,True,completed
161070_421_0,pkw,28552.0,28694.0,142.0,,445.209,52.0,75.0,67.0,109.693,,,0.5282,0.4718,,True,completed
238211_451_0,pkw,28560.0,28697.0,137.0,,451.366,50.0,72.0,65.0,103.622,,,0.5255,0.4745,,True,completed
147621_416_0,pkw,28562.0,28699.0,137.0,,448.311,49.0,70.0,67.0,102.977,,,0.5109,0.4891,,True,completed
107596_400_0,pkw,28693.0,28710.0,17.0,,182.366,0.0,0.0,17.0,8.58,,,0.0,1.0,,True,completed
193501_435_0,pkw,28647.0,28711.0,64.0,,189.841,35.0,35.0,29.0,53.739,,,0.5469,0.4531,,True,completed
238223_451_0,pkw,28698.0,28712.0,14.0,,190.428,0.0,0.0,14.0,2.985,,,0.0,1.0,,True,completed
186627_432_0,pkw,28649.0,28713.0,64.0,,196.2,32.0,32.0,32.0,53.402,,,0.5,0.5,,True,completed
296641_481_0,pkw,28678.0,28713.0,35.0,,355.334,0.0,0.0,35.0,7.653,,,0.0,1.0,,True,completed
167883_425_0,pkw,28643.0,28715.0,72.0,,203.676,33.0,33.0,39.0,59.867,,,0.4583,0.5417,,True,completed
110838_401_0,pkw,28702.0,28716.0,14.0,,190.36,0.0,0.0,14.0,3.066,,,0.0,1.0,,True,completed
262090_462_0,pkw,28645.0,28716.0,71.0,,435.952,27.0,27.0,44.0,37.536,,,0.3803,0.6197,,True,completed
246477_455_0,pkw,28647.0,28717.0,70.0,,427.84,26.0,26.0,44.0,37.751,,,0.3714,0.6286,,True,completed
193673_435_0,pkw,28645.0,28718.0,73.0,,192.008,32.0,32.0,41.0,60.635,,,0.4384,0.5616,,True,completed
242357_452_0,pkw,28652.0,28718.0,66.0,,199.324,30.0,30.0,36.0,53.559,,,0.4545,0.5455,,True,completed
263548_462_0,pkw,28639.0,28718.0,79.0,,431.969,28.0,28.0,51.0,41.118,,,0.3544,0.6456,,True,completed
97220_395_0,pkw,28648.0,28719.0,71.0,,434.227,25.0,25.0,46.0,41.765,,,0.3521,0.6479,,True,completed
257544_460_0,pkw,28565.0,28729.0,164.0,,441.465,56.0,98.0,66.0,134.708,,,0.5976,0.4024,,True,completed
140503_414_0,pkw,28686.0,28730.0,44.0,,441.115,7.0,7.0,37.0,14.87,,,0.1591,0.8409,,True,completed
189053_434_0,pkw,28688.0,28731.0,43.0,,449.761,4.0,4.0,39.0,13.031,,,0.093,0.907,,True,completed
200667_437_0,pkw,28696.0,28732.0,36.0,,433.907,0.0,0.0,36.0,7.757,,,0.0,1.0,,True,completed
220308_447_0,pkw,28570.0,28733.0,163.0,,444.437,54.0,97.0,66.0,131.151,,,0.5951,0.4049,,True,completed
85879_391_0,pkw,28694.0,28734.0,40.0,,461.631,1.0,1.0,39.0,10.835,,,0.025,0.975,,True,completed
292028_479_0,pkw,28600.0,28738.0,138.0,,444.456,52.0,72.0,66.0,104.526,,,0.5217,0.4783,,True,completed
143726_416_0,pkw,28603.0,28740.0,137.0,,445.61,50.0,70.0,67.0,103.481,,,0.5109,0.4891,,True,completed
211492_442_0,pkw,28573.0,28740.0,167.0,,450.332,52.0,92.0,75.0,128.983,,,0.5509,0.4491,,True,completed
201697_438_0,pkw,28720.0,28749.0,29.0,,150.023,13.0,13.0,16.0,19.515,,,0.4483,0.5517,,True,completed
141290_415_0,pkw,28725.0,28751.0,26.0,,185.206,6.0,6.0,20.0,16.142,,,0.2308,0.7692,,True,completed
191519_435_0,pkw,28722.0,28751.0,29.0,,146.364,10.0,10.0,19.0,18.281,,,0.3448,0.6552,,True,completed
211771_442_0,pkw,28656.0,28751.0,95.0,,197.636,54.0,54.0,41.0,83.551,,,0.5684,0.4316,,True,completed
134495_411_0,pkw,28733.0,28752.0,19.0,,137.855,2.0,2.0,17.0,10.287,,,0.1053,0.8947,,True,completed
233666_451_0,pkw,28730.0,28753.0,23.0,,187.973,2.0,2.0,21.0,11.116,,,0.087,0.913,,True,completed
188168_433_0,pkw,28666.0,28754.0,88.0,,200.999,46.0,46.0,42.0,78.061,,,0.5227,0.4773,,True,completed
233677_451_0,pkw,28736.0,28754.0,18.0,,143.62,0.0,0.0,18.0,8.23,,,0.0,1.0,,True,completed
154939_420_0,pkw,28671.0,28756.0,85.0,,203.645,44.0,44.0,41.0,72.851,,,0.5176,0.4824,,True,completed
228744_450_0,pkw,28740.0,28756.0,16.0,,179.222,0.0,0.0,16.0,6.035,,,0.0,1.0,,True,completed
176159_429_0,pkw,28678.0,28757.0,79.0,,190.21,44.0,44.0,35.0,69.44,,,0.557,0.443,,True,completed
132573_410_0,pkw,28665.0,28762.0,97.0,,194.836,52.0,52.0,45.0,86.398,,,0.5361,0.4639,,True,completed
252054_457_0,pkw,28605.0,28770.0,165.0,,441.11,53.0,97.0,68.0,134.911,,,0.5879,0.4121,,True,completed
273300_466_0,pkw,28763.0,28772.0,9.0,,135.476,0.0,0.0,9.0,0.905,,,0.0,1.0,,True,completed
161562_421_0,pkw,28607.0,28773.0,166.0,,443.68,49.0,92.0,74.0,134.201,,,0.5542,0.4458,,True,completed
164264_422_0,pkw,28733.0,28775.0,42.0,,462.328,0.0,0.0,42.0,3.909,,,0.0,1.0,,True,completed
196090_436_0,pkw,28610.0,28776.0,166.0,,451.424,49.0,92.0,74.0,133.445,,,0.5542,0.4458,,True,completed
123193_406_0,pkw,28648.0,28778.0,130.0,,451.419,47.0,61.0,69.0,97.062,,,0.4692,0.5308,,True,completed
209482_441_0,pkw,28754.0,28778.0,24.0,,166.117,1.0,1.0,23.0,13.245,,,0.0417,0.9583,,True,completed
212428_443_0,pkw,28742.0,28778.0,36.0,,454.464,0.0,0.0,36.0,8.094,,,0.0,1.0,,True,completed
276894_469_0,pkw,28756.0,28779.0,23.0,,155.545,1.0,1.0,22.0,12.591,,,0.0435,0.9565,,True,completed
272087_466_0,pkw,28761.0,28781.0,20.0,,158.723,0.0,0.0,20.0,10.074,,,0.0,1.0,,True,completed
181664_431_0,pkw,28766.0,28783.0,17.0,,159.944,0.0,0.0,17.0,5.931,,,0.0,1.0,,True,completed
245399_454_0,pkw,28768.0,28785.0,17.0,,163.748,0.0,0.0,17.0,7.554,,,0.0,1.0,,True,completed
151101_418_0,pkw,28750.0,28789.0,39.0,,425.835,3.0,3.0,36.0,11.525,,,0.0769,0.9231,,True,completed
183935_431_0,pkw,28749.0,28789.0,40.0,,429.777,5.0,5.0,35.0,11.986,,,0.125,0.875,,True,completed
127187_407_0,pkw,28684.0,28791.0,107.0,,190.684,67.0,67.0,40.0,94.499,,,0.6262,0.3738,,True,completed
226950_450_0,pkw,28669.0,28792.0,123.0,,202.009,72.0,77.0,46.0,112.105,,,0.626,0.374,,True,completed
256913_460_0,pkw,28701.0,28793.0,92.0,,189.272,51.0,52.0,40.0,81.034,,,0.5652,0.4348,,True,completed
192203_435_0,pkw,28705.0,28795.0,90.0,,198.515,49.0,49.0,41.0,78.867,,,0.5444,0.4556,,True,completed
238898_451_0,pkw,28706.0,28796.0,90.0,,188.943,45.0,45.0,45.0,80.698,,,0.5,0.5,,True,completed
124522_406_0,pkw,28769.0,,31.0,,68.073,11.0,11.0,20.0,27.114,,,0.3548,0.6452,,False,on_map_at_end
124717_406_0,pkw,28784.0,,16.0,,28.585,9.0,8.0,8.0,14.018,,,0.5,0.5,,False,on_map_at_end
125267_406_0,pkw,28673.0,,127.0,,291.879,60.0,73.0,54.0,107.856,,,0.5748,0.4252,,False,on_map_at_end
149318_417_0,pkw,28740.0,,60.0,,67.83,31.0,32.0,28.0,56.909,,,0.5333,0.4667,,False,on_map_at_end
155024_420_0,pkw,28712.0,,88.0,,91.278,55.0,54.0,34.0,83.751,,,0.6136,0.3864,,False,on_map_at_end
157794_421_0,pkw,28777.0,,23.0,,40.187,15.0,14.0,9.0,19.857,,,0.6087,0.3913,,False,on_map_at_end
162933_422_0,pkw,28799.0,,1.0,,2.976,0.0,0.0,1.0,0.772,,,0.0,1.0,,False,on_map_at_end
167277_425_0,pkw,28696.0,,104.0,,225.054,60.0,61.0,43.0,90.272,,,0.5865,0.4135,,False,on_map_at_end
168076_425_0,pkw,28703.0,,97.0,,91.169,59.0,58.0,39.0,92.508,,,0.5979,0.4021,,False,on_map_at_end
169474_426_0,pkw,28734.0,,66.0,,73.875,38.0,37.0,29.0,61.929,,,0.5606,0.4394,,False,on_map_at_end
178461_430_0,pkw,28717.0,,83.0,,85.477,50.0,49.0,34.0,78.178,,,0.5904,0.4096,,False,on_map_at_end
194505_436_0,pkw,28775.0,,25.0,,51.789,17.0,16.0,9.0,21.225,,,0.64,0.36,,False,on_map_at_end
202861_439_0,pkw,28796.0,,4.0,,11.118,0.0,1.0,3.0,3.125,,,0.25,0.75,,False,on_map_at_end
209434_441_0,pkw,28778.0,,22.0,,56.311,4.0,4.0,18.0,18.926,,,0.1818,0.8182,,False,on_map_at_end
210132_441_0,pkw,28771.0,,29.0,,62.267,11.0,11.0,18.0,25.637,,,0.3793,0.6207,,False,on_map_at_end
210408_441_0,pkw,28723.0,,77.0,,79.554,50.0,49.0,28.0,73.102,,,0.6364,0.3636,,False,on_map_at_end
217173_446_0,pkw,28781.0,,19.0,,40.187,13.0,12.0,7.0,16.263,,,0.6316,0.3684,,False,on_map_at_end
219862_447_0,pkw,28787.0,,13.0,,22.784,6.0,5.0,8.0,11.45,,,0.3846,0.6154,,False,on_map_at_end
225702_450_0,pkw,28714.0,,86.0,,85.366,52.0,51.0,35.0,82.421,,,0.593,0.407,,False,on_map_at_end
227471_450_0,pkw,28784.0,,16.0,,32.247,5.0,5.0,11.0,14.34,,,0.3125,0.6875,,False,on_map_at_end
237260_451_0,pkw,28773.0,,27.0,,61.903,8.0,8.0,19.0,23.802,,,0.2963,0.7037,,False,on_map_at_end
245940_454_0,pkw,28782.0,,18.0,,34.386,12.0,11.0,7.0,15.323,,,0.6111,0.3889,,False,on_map_at_end
249950_456_0,pkw,28681.0,,119.0,,275.016,60.0,72.0,47.0,101.603,,,0.605,0.395,,False,on_map_at_end
251407_457_0,pkw,28776.0,,24.0,,55.053,7.0,7.0,17.0,21.381,,,0.2917,0.7083,,False,on_map_at_end
253859_459_0,pkw,28781.0,,19.0,,46.222,6.0,6.0,13.0,16.622,,,0.3158,0.6842,,False,on_map_at_end
255224_459_0,pkw,28779.0,,21.0,,34.386,14.0,13.0,8.0,18.467,,,0.619,0.381,,False,on_map_at_end
255631_460_0,pkw,28789.0,,11.0,,16.981,4.0,3.0,8.0,9.617,,,0.2727,0.7273,,False,on_map_at_end
262958_462_0,pkw,28727.0,,73.0,,79.676,45.0,44.0,29.0,68.789,,,0.6027,0.3973,,False,on_map_at_end
265524_463_0,pkw,28766.0,,34.0,,51.789,29.0,28.0,6.0,29.837,,,0.8235,0.1765,,False,on_map_at_end
292024_479_0,pkw,28779.0,,21.0,,45.988,14.0,13.0,8.0,17.795,,,0.619,0.381,,False,on_map_at_end
293474_480_0,pkw,28729.0,,71.0,,73.691,42.0,41.0,30.0,67.063,,,0.5775,0.4225,,False,on_map_at_end
85101_390_0,pkw,28690.0,,110.0,,222.899,60.0,65.0,45.0,92.926,,,0.5909,0.4091,,False,on_map_at_end
90263_391_0,pkw,28772.0,,28.0,,45.988,19.0,19.0,9.0,24.895,,,0.6786,0.3214,,False,on_map_at_end
