vehicle_id,vehicle_type,enter_time_s,departure_time_s,travel_time_s,route_distance_m,distance_traveled_m,accumulated_waiting_time_s,custom_wait_s,moving_time_s,time_loss_s,free_flow_time_s,delay_s,waiting_fraction,moving_fraction,schedule_efficiency,completed_trip,trip_status
124779_406_0,pkw,25206.0,25218.0,12.0,,154.522,0.0,0.0,12.0,2.042,,,0.0,1.0,,True,completed
98305_395_0,pkw,25212.0,25224.0,12.0,,155.511,0.0,0.0,12.0,0.99,,,0.0,1.0,,True,completed
102535_396_0,pkw,25219.0,25231.0,12.0,,167.822,0.0,0.0,12.0,0.915,,,0.0,1.0,,True,completed
147209_416_0,pkw,25221.0,25233.0,12.0,,161.859,0.0,0.0,12.0,0.629,,,0.0,1.0,,True,completed
151372_418_0,pkw,25208.0,25243.0,35.0,,399.86,0.0,0.0,35.0,6.731,,,0.0,1.0,,True,completed
123965_406_0,pkw,25219.0,25257.0,38.0,,430.997,0.0,0.0,38.0,1.739,,,0.0,1.0,,True,completed
91582_392_0,pkw,25219.0,25258.0,39.0,,454.195,0.0,0.0,39.0,3.152,,,0.0,1.0,,True,completed
102501_396_0,pkw,25245.0,25260.0,15.0,,200.454,0.0,0.0,15.0,3.943,,,0.0,1.0,,True,completed
113509_402_0,pkw,25249.0,25262.0,13.0,,174.885,0.0,0.0,13.0,3.077,,,0.0,1.0,,True,completed
121258_405_0,pkw,25241.0,25262.0,21.0,,188.182,1.0,1.0,20.0,10.727,,,0.0476,0.9524,,True,completed
120663_405_0,pkw,25247.0,25264.0,17.0,,190.622,0.0,0.0,17.0,3.26,,,0.0,1.0,,True,completed
126742_407_0,pkw,25243.0,25264.0,21.0,,195.995,0.0,0.0,21.0,9.43,,,0.0,1.0,,True,completed
102630_396_0,pkw,25253.0,25266.0,13.0,,199.064,0.0,0.0,13.0,2.597,,,0.0,1.0,,True,completed
130147_409_0,pkw,25252.0,25266.0,14.0,,187.559,0.0,0.0,14.0,2.679,,,0.0,1.0,,True,completed
122376_406_0,pkw,25255.0,25267.0,12.0,,189.733,0.0,0.0,12.0,0.963,,,0.0,1.0,,True,completed
122194_406_0,pkw,25256.0,25268.0,12.0,,190.56,0.0,0.0,12.0,2.792,,,0.0,1.0,,True,completed
135103_411_0,pkw,25258.0,25270.0,12.0,,201.95,0.0,0.0,12.0,1.37,,,0.0,1.0,,True,completed
125613_406_0,pkw,25259.0,25271.0,12.0,,189.08,0.0,0.0,12.0,0.4,,,0.0,1.0,,True,completed
152958_419_0,pkw,25259.0,25272.0,13.0,,203.311,0.0,0.0,13.0,0.563,,,0.0,1.0,,True,completed
129253_408_0,pkw,25261.0,25273.0,12.0,,194.613,0.0,0.0,12.0,1.141,,,0.0,1.0,,True,completed
133955_411_0,pkw,25261.0,25273.0,12.0,,198.615,0.0,0.0,12.0,1.287,,,0.0,1.0,,True,completed
120275_405_0,pkw,25263.0,25274.0,11.0,,188.621,0.0,0.0,11.0,1.188,,,0.0,1.0,,True,completed
135201_411_0,pkw,25265.0,25276.0,11.0,,185.819,0.0,0.0,11.0,1.054,,,0.0,1.0,,True,completed
134807_411_0,pkw,25264.0,25278.0,14.0,,193.81,0.0,0.0,14.0,2.587,,,0.0,1.0,,True,completed
86189_391_0,pkw,25266.0,25278.0,12.0,,202.403,0.0,0.0,12.0,1.683,,,0.0,1.0,,True,completed
57065_374_0,pkw,25267.0,25279.0,12.0,,202.84,0.0,0.0,12.0,1.821,,,0.0,1.0,,True,completed
129519_408_0,pkw,25268.0,25280.0,12.0,,192.16,0.0,0.0,12.0,2.045,,,0.0,1.0,,True,completed
82015_389_0,pkw,25270.0,25282.0,12.0,,200.239,0.0,0.0,12.0,1.353,,,0.0,1.0,,True,completed
135431_411_0,pkw,25271.0,25283.0,12.0,,196.854,0.0,0.0,12.0,0.576,,,0.0,1.0,,True,completed
146814_416_0,pkw,25273.0,25285.0,12.0,,199.099,0.0,0.0,12.0,0.375,,,0.0,1.0,,True,completed
136204_411_0,pkw,25271.0,25286.0,15.0,,195.123,0.0,0.0,15.0,0.612,,,0.0,1.0,,True,completed
118286_405_0,pkw,25275.0,25288.0,13.0,,202.311,0.0,0.0,13.0,0.367,,,0.0,1.0,,True,completed
125316_406_0,pkw,25273.0,25288.0,15.0,,202.51,0.0,0.0,15.0,2.307,,,0.0,1.0,,True,completed
134435_411_0,pkw,25275.0,25289.0,14.0,,193.669,0.0,0.0,14.0,2.766,,,0.0,1.0,,True,completed
146536_416_0,pkw,25277.0,25289.0,12.0,,191.962,0.0,0.0,12.0,1.661,,,0.0,1.0,,True,completed
108236_400_0,pkw,25277.0,25291.0,14.0,,203.002,0.0,0.0,14.0,1.853,,,0.0,1.0,,True,completed
110905_401_0,pkw,25279.0,25291.0,12.0,,201.314,0.0,0.0,12.0,1.37,,,0.0,1.0,,True,completed
118931_405_0,pkw,25279.0,25292.0,13.0,,194.961,0.0,0.0,13.0,1.859,,,0.0,1.0,,True,completed
94647_393_0,pkw,25280.0,25292.0,12.0,,193.148,0.0,0.0,12.0,2.68,,,0.0,1.0,,True,completed
139731_413_0,pkw,25282.0,25293.0,11.0,,184.676,0.0,0.0,11.0,0.866,,,0.0,1.0,,True,completed
157203_421_0,pkw,25281.0,25293.0,12.0,,186.712,0.0,0.0,12.0,1.441,,,0.0,1.0,,True,completed
106268_399_0,pkw,25284.0,25295.0,11.0,,189.681,0.0,0.0,11.0,0.45,,,0.0,1.0,,True,completed
137559_412_0,pkw,25283.0,25295.0,12.0,,195.946,0.0,0.0,12.0,0.995,,,0.0,1.0,,True,completed
133688_411_0,pkw,25285.0,25296.0,11.0,,185.749,0.0,0.0,11.0,1.464,,,0.0,1.0,,True,completed
149029_417_0,pkw,25237.0,25301.0,64.0,,192.36,38.0,38.0,26.0,51.494,,,0.5938,0.4062,,True,completed
160150_421_0,pkw,25221.0,25301.0,80.0,,433.877,38.0,38.0,42.0,49.881,,,0.475,0.525,,True,completed
162814_422_0,pkw,25234.0,25303.0,69.0,,443.52,33.0,33.0,36.0,42.962,,,0.4783,0.5217,,True,completed
128446_408_0,pkw,25274.0,25309.0,35.0,,451.221,0.0,0.0,35.0,4.191,,,0.0,1.0,,True,completed
83516_390_0,pkw,25276.0,25311.0,35.0,,450.96,0.0,0.0,35.0,6.858,,,0.0,1.0,,True,completed
130602_409_0,pkw,25269.0,25312.0,43.0,,428.637,0.0,1.0,42.0,4.681,,,0.0233,0.9767,,True,completed
136082_411_0,pkw,25278.0,25315.0,37.0,,433.124,0.0,0.0,37.0,3.529,,,0.0,1.0,,True,completed
115444_403_0,pkw,25295.0,25316.0,21.0,,154.98,5.0,5.0,16.0,11.909,,,0.2381,0.7619,,True,completed
103540_397_0,pkw,25301.0,25318.0,17.0,,163.259,0.0,0.0,17.0,6.694,,,0.0,1.0,,True,completed
113303_402_0,pkw,25284.0,25319.0,35.0,,449.794,0.0,0.0,35.0,6.137,,,0.0,1.0,,True,completed
85818_390_0,pkw,25281.0,25324.0,43.0,,437.575,0.0,0.0,43.0,3.322,,,0.0,1.0,,True,completed
86583_391_0,pkw,25290.0,25332.0,42.0,,433.02,0.0,0.0,42.0,2.856,,,0.0,1.0,,True,completed
120878_405_0,pkw,25292.0,25334.0,42.0,,440.665,0.0,0.0,42.0,7.85,,,0.0,1.0,,True,completed
85922_391_0,pkw,25294.0,25335.0,41.0,,431.953,0.0,0.0,41.0,12.379,,,0.0,1.0,,True,completed
118963_405_0,pkw,25305.0,25337.0,32.0,,439.705,0.0,0.0,32.0,3.316,,,0.0,1.0,,True,completed
137244_412_0,pkw,25296.0,25338.0,42.0,,430.403,0.0,0.0,42.0,2.778,,,0.0,1.0,,True,completed
142412_415_0,pkw,25308.0,25340.0,32.0,,434.481,0.0,0.0,32.0,3.255,,,0.0,1.0,,True,completed
138220_412_0,pkw,25310.0,25346.0,36.0,,427.017,0.0,0.0,36.0,1.933,,,0.0,1.0,,True,completed
162096_421_0,pkw,25307.0,25351.0,44.0,,391.799,7.0,7.0,37.0,20.522,,,0.1591,0.8409,,True,completed
148629_417_0,pkw,25285.0,25352.0,67.0,,182.048,50.0,51.0,16.0,55.05,,,0.7612,0.2388,,True,completed
149973_417_0,pkw,25345.0,25356.0,11.0,,191.423,0.0,0.0,11.0,0.265,,,0.0,1.0,,True,completed
175147_428_0,pkw,25325.0,25358.0,33.0,,404.73,0.0,0.0,33.0,7.112,,,0.0,1.0,,True,completed
136152_411_0,pkw,25314.0,25361.0,47.0,,435.982,3.0,3.0,44.0,11.849,,,0.0638,0.9362,,True,completed
167799_425_0,pkw,25328.0,25362.0,34.0,,429.501,0.0,0.0,34.0,1.489,,,0.0,1.0,,True,completed
130372_409_0,pkw,25330.0,25364.0,34.0,,451.215,0.0,0.0,34.0,7.836,,,0.0,1.0,,True,completed
104806_398_0,pkw,25332.0,25367.0,35.0,,454.159,0.0,0.0,35.0,3.987,,,0.0,1.0,,True,completed
133819_411_0,pkw,25348.0,25371.0,23.0,,194.451,3.0,3.0,20.0,12.267,,,0.1304,0.8696,,True,completed
161963_421_0,pkw,25353.0,25371.0,18.0,,190.638,0.0,1.0,17.0,7.779,,,0.0556,0.9444,,True,completed
127662_407_0,pkw,25345.0,25372.0,27.0,,196.267,8.0,8.0,19.0,14.358,,,0.2963,0.7037,,True,completed
99716_396_0,pkw,25352.0,25373.0,21.0,,190.479,2.0,2.0,19.0,8.065,,,0.0952,0.9048,,True,completed
154120_420_0,pkw,25361.0,25374.0,13.0,,200.648,0.0,0.0,13.0,3.298,,,0.0,1.0,,True,completed
140822_414_0,pkw,25360.0,25375.0,15.0,,185.204,0.0,1.0,14.0,4.728,,,0.0667,0.9333,,True,completed
146948_416_0,pkw,25356.0,25375.0,19.0,,197.884,0.0,0.0,19.0,4.991,,,0.0,1.0,,True,completed
134511_411_0,pkw,25363.0,25378.0,15.0,,185.801,0.0,0.0,15.0,5.958,,,0.0,1.0,,True,completed
122154_406_0,pkw,25338.0,25380.0,42.0,,431.414,2.0,2.0,40.0,8.911,,,0.0476,0.9524,,True,completed
161721_421_0,pkw,25338.0,25381.0,43.0,,401.942,2.0,2.0,41.0,14.206,,,0.0465,0.9535,,True,completed
121091_405_0,pkw,25346.0,25382.0,36.0,,441.75,0.0,0.0,36.0,2.749,,,0.0,1.0,,True,completed
135138_411_0,pkw,25350.0,25383.0,33.0,,436.815,0.0,0.0,33.0,1.636,,,0.0,1.0,,True,completed
169772_426_0,pkw,25348.0,25383.0,35.0,,432.761,0.0,0.0,35.0,6.377,,,0.0,1.0,,True,completed
150753_418_0,pkw,25352.0,25387.0,35.0,,460.248,0.0,0.0,35.0,3.035,,,0.0,1.0,,True,completed
121429_406_0,pkw,25363.0,25391.0,28.0,,194.689,8.0,8.0,20.0,16.332,,,0.2857,0.7143,,True,completed
161648_421_0,pkw,25365.0,25391.0,26.0,,187.657,7.0,7.0,19.0,15.95,,,0.2692,0.7308,,True,completed
109585_401_0,pkw,25366.0,25393.0,27.0,,197.145,7.0,7.0,20.0,15.776,,,0.2593,0.7407,,True,completed
104556_397_0,pkw,25371.0,25394.0,23.0,,168.488,2.0,2.0,21.0,12.741,,,0.087,0.913,,True,completed
111249_401_0,pkw,25367.0,25394.0,27.0,,201.749,5.0,5.0,22.0,15.096,,,0.1852,0.8148,,True,completed
101928_396_0,pkw,25369.0,25395.0,26.0,,197.294,6.0,6.0,20.0,15.544,,,0.2308,0.7692,,True,completed
155579_420_0,pkw,25371.0,25396.0,25.0,,189.99,5.0,5.0,20.0,14.441,,,0.2,0.8,,True,completed
117534_404_0,pkw,25373.0,25398.0,25.0,,198.425,3.0,3.0,22.0,14.214,,,0.12,0.88,,True,completed
125385_406_0,pkw,25372.0,25398.0,26.0,,194.223,2.0,2.0,24.0,14.52,,,0.0769,0.9231,,True,completed
167170_425_0,pkw,25365.0,25399.0,34.0,,425.541,0.0,0.0,34.0,7.131,,,0.0,1.0,,True,completed
114183_402_0,pkw,25360.0,25402.0,42.0,,441.397,6.0,6.0,36.0,16.621,,,0.1429,0.8571,,True,completed
120618_405_0,pkw,25364.0,25403.0,39.0,,429.573,2.0,2.0,37.0,12.881,,,0.0513,0.9487,,True,completed
148536_417_0,pkw,25362.0,25404.0,42.0,,456.788,0.0,0.0,42.0,5.687,,,0.0,1.0,,True,completed
137508_412_0,pkw,25368.0,25405.0,37.0,,431.488,0.0,0.0,37.0,5.843,,,0.0,1.0,,True,completed
165043_423_0,pkw,25367.0,25406.0,39.0,,464.673,0.0,0.0,39.0,5.937,,,0.0,1.0,,True,completed
115620_403_0,pkw,25378.0,25407.0,29.0,,429.993,0.0,0.0,29.0,1.23,,,0.0,1.0,,True,completed
173487_427_0,pkw,25370.0,25407.0,37.0,,442.087,0.0,0.0,37.0,6.231,,,0.0,1.0,,True,completed
162547_422_0,pkw,25372.0,25408.0,36.0,,433.992,0.0,0.0,36.0,4.848,,,0.0,1.0,,True,completed
127513_407_0,pkw,25380.0,25409.0,29.0,,429.095,0.0,0.0,29.0,1.396,,,0.0,1.0,,True,completed
171810_426_0,pkw,25374.0,25410.0,36.0,,446.17,0.0,0.0,36.0,9.773,,,0.0,1.0,,True,completed
163503_422_0,pkw,25376.0,25411.0,35.0,,424.185,0.0,0.0,35.0,6.013,,,0.0,1.0,,True,completed
119040_405_0,pkw,25387.0,25418.0,31.0,,431.959,0.0,0.0,31.0,1.095,,,0.0,1.0,,True,completed
84424_390_0,pkw,25382.0,25418.0,36.0,,440.732,0.0,0.0,36.0,4.292,,,0.0,1.0,,True,completed
95948_394_0,pkw,25377.0,25419.0,42.0,,431.477,0.0,0.0,42.0,2.54,,,0.0,1.0,,True,completed
100057_396_0,pkw,25385.0,25422.0,37.0,,431.664,0.0,0.0,37.0,2.161,,,0.0,1.0,,True,completed
92315_392_0,pkw,25389.0,25424.0,35.0,,440.032,0.0,0.0,35.0,2.972,,,0.0,1.0,,True,completed
163150_422_0,pkw,25394.0,25430.0,36.0,,460.822,0.0,0.0,36.0,4.954,,,0.0,1.0,,True,completed
117148_404_0,pkw,25376.0,25433.0,57.0,,191.758,28.0,28.0,29.0,45.104,,,0.4912,0.5088,,True,completed
93126_392_0,pkw,25374.0,25434.0,60.0,,197.838,30.0,30.0,30.0,49.69,,,0.5,0.5,,True,completed
116804_404_0,pkw,25412.0,25435.0,23.0,,201.354,0.0,1.0,22.0,10.959,,,0.0435,0.9565,,True,completed
120308_405_0,pkw,25376.0,25435.0,59.0,,185.431,27.0,27.0,32.0,49.5,,,0.4576,0.5424,,True,completed
113625_402_0,pkw,25378.0,25437.0,59.0,,189.434,25.0,25.0,34.0,48.786,,,0.4237,0.5763,,True,completed
144491_416_0,pkw,25418.0,25437.0,19.0,,200.777,0.0,0.0,19.0,5.149,,,0.0,1.0,,True,completed
139126_413_0,pkw,25380.0,25438.0,58.0,,174.341,25.0,25.0,33.0,45.565,,,0.431,0.569,,True,completed
105238_398_0,pkw,25396.0,25441.0,45.0,,461.83,7.0,7.0,38.0,14.414,,,0.1556,0.8444,,True,completed
139080_413_0,pkw,25398.0,25441.0,43.0,,432.38,3.0,3.0,40.0,9.367,,,0.0698,0.9302,,True,completed
149846_417_0,pkw,25399.0,25442.0,43.0,,429.333,1.0,1.0,42.0,14.108,,,0.0233,0.9767,,True,completed
100926_396_0,pkw,25401.0,25444.0,43.0,,439.22,1.0,1.0,42.0,15.349,,,0.0233,0.9767,,True,completed
141862_415_0,pkw,25412.0,25445.0,33.0,,429.613,0.0,0.0,33.0,1.197,,,0.0,1.0,,True,completed
145157_416_0,pkw,25411.0,25445.0,34.0,,429.575,0.0,0.0,34.0,3.604,,,0.0,1.0,,True,completed
140041_414_0,pkw,25404.0,25451.0,47.0,,194.955,17.0,18.0,29.0,36.606,,,0.383,0.617,,True,completed
106883_399_0,pkw,25409.0,25453.0,44.0,,197.995,14.0,14.0,30.0,31.654,,,0.3182,0.6818,,True,completed
114601_403_0,pkw,25418.0,25454.0,36.0,,189.402,8.0,9.0,27.0,25.494,,,0.25,0.75,,True,completed
148479_417_0,pkw,25424.0,25456.0,32.0,,195.41,7.0,7.0,25.0,21.204,,,0.2188,0.7812,,True,completed
176093_428_0,pkw,25418.0,25460.0,42.0,,434.472,9.0,10.0,32.0,15.305,,,0.2381,0.7619,,True,completed
114134_402_0,pkw,25414.0,25461.0,47.0,,455.925,9.0,9.0,38.0,15.086,,,0.1915,0.8085,,True,completed
121964_406_0,pkw,25419.0,25462.0,43.0,,437.941,0.0,0.0,43.0,3.024,,,0.0,1.0,,True,completed
97739_395_0,pkw,25426.0,25462.0,36.0,,430.367,0.0,0.0,36.0,4.585,,,0.0,1.0,,True,completed
121832_406_0,pkw,25429.0,25465.0,36.0,,434.411,0.0,0.0,36.0,1.87,,,0.0,1.0,,True,completed
117960_404_0,pkw,25434.0,25468.0,34.0,,449.183,0.0,0.0,34.0,4.101,,,0.0,1.0,,True,completed
107932_400_0,pkw,25427.0,25471.0,44.0,,201.844,22.0,22.0,22.0,34.353,,,0.5,0.5,,True,completed
154290_420_0,pkw,25432.0,25471.0,39.0,,197.131,20.0,20.0,19.0,28.057,,,0.5128,0.4872,,True,completed
129330_408_0,pkw,25434.0,25472.0,38.0,,194.718,17.0,17.0,21.0,26.904,,,0.4474,0.5526,,True,completed
153635_420_0,pkw,25461.0,25473.0,12.0,,183.536,0.0,0.0,12.0,1.308,,,0.0,1.0,,True,completed
137320_412_0,pkw,25415.0,25475.0,60.0,,404.246,18.0,18.0,42.0,34.432,,,0.3,0.7,,True,completed
106784_399_0,pkw,25427.0,25476.0,49.0,,190.321,14.0,14.0,35.0,37.805,,,0.2857,0.7143,,True,completed
131495_410_0,pkw,25445.0,25483.0,38.0,,464.115,0.0,0.0,38.0,6.841,,,0.0,1.0,,True,completed
89629_391_0,pkw,25447.0,25485.0,38.0,,464.466,0.0,0.0,38.0,10.779,,,0.0,1.0,,True,completed
104968_398_0,pkw,25444.0,25491.0,47.0,,433.289,7.0,7.0,40.0,13.999,,,0.1489,0.8511,,True,completed
138516_412_0,pkw,25455.0,25491.0,36.0,,458.621,0.0,0.0,36.0,4.467,,,0.0,1.0,,True,completed
101974_396_0,pkw,25457.0,25493.0,36.0,,465.296,0.0,0.0,36.0,5.722,,,0.0,1.0,,True,completed
124133_406_0,pkw,25459.0,25494.0,35.0,,435.359,0.0,0.0,35.0,1.86,,,0.0,1.0,,True,completed
129025_408_0,pkw,25457.0,25495.0,38.0,,429.366,0.0,0.0,38.0,2.0,,,0.0,1.0,,True,completed
148120_417_0,pkw,25462.0,25496.0,34.0,,437.743,0.0,0.0,34.0,4.777,,,0.0,1.0,,True,completed
129413_408_0,pkw,25460.0,25497.0,37.0,,435.915,0.0,0.0,37.0,7.107,,,0.0,1.0,,True,completed
67983_381_0,pkw,25461.0,25497.0,36.0,,447.402,0.0,0.0,36.0,9.197,,,0.0,1.0,,True,completed
102805_396_0,pkw,25471.0,25501.0,30.0,,199.187,11.0,11.0,19.0,19.414,,,0.3667,0.6333,,True,completed
145391_416_0,pkw,25467.0,25501.0,34.0,,197.52,15.0,15.0,19.0,23.045,,,0.4412,0.5588,,True,completed
119004_405_0,pkw,25480.0,25502.0,22.0,,188.952,0.0,1.0,21.0,12.158,,,0.0455,0.9545,,True,completed
119623_405_0,pkw,25436.0,25502.0,66.0,,696.339,4.0,4.0,62.0,11.826,,,0.0606,0.9394,,True,completed
145855_416_0,pkw,25470.0,25502.0,32.0,,185.09,12.0,12.0,20.0,23.08,,,0.375,0.625,,True,completed
161689_421_0,pkw,25468.0,25504.0,36.0,,403.9,0.0,0.0,36.0,6.742,,,0.0,1.0,,True,completed
164382_422_0,pkw,25470.0,25505.0,35.0,,396.512,0.0,0.0,35.0,8.636,,,0.0,1.0,,True,completed
100928_396_0,pkw,25473.0,25507.0,34.0,,398.67,0.0,0.0,34.0,4.293,,,0.0,1.0,,True,completed
110033_401_0,pkw,25481.0,25510.0,29.0,,193.838,2.0,2.0,27.0,17.679,,,0.069,0.931,,True,completed
140819_414_0,pkw,25464.0,25510.0,46.0,,426.293,5.0,5.0,41.0,11.259,,,0.1087,0.8913,,True,completed
149073_417_0,pkw,25478.0,25510.0,32.0,,174.237,4.0,4.0,28.0,20.271,,,0.125,0.875,,True,completed
130797_409_0,pkw,25483.0,25511.0,28.0,,186.773,0.0,0.0,28.0,16.425,,,0.0,1.0,,True,completed
156366_420_0,pkw,25464.0,25512.0,48.0,,430.234,12.0,12.0,36.0,17.665,,,0.25,0.75,,True,completed
75513_386_0,pkw,25466.0,25512.0,46.0,,432.429,3.0,3.0,43.0,17.302,,,0.0652,0.9348,,True,completed
140123_414_0,pkw,25468.0,25514.0,46.0,,440.023,2.0,2.0,44.0,16.013,,,0.0435,0.9565,,True,completed
95712_394_0,pkw,25472.0,25515.0,43.0,,431.538,0.0,0.0,43.0,7.454,,,0.0,1.0,,True,completed
97374_395_0,pkw,25469.0,25515.0,46.0,,462.149,5.0,5.0,41.0,13.762,,,0.1087,0.8913,,True,completed
142878_415_0,pkw,25478.0,25516.0,38.0,,434.977,0.0,0.0,38.0,5.697,,,0.0,1.0,,True,completed
110527_401_0,pkw,25474.0,25517.0,43.0,,440.602,0.0,0.0,43.0,9.683,,,0.0,1.0,,True,completed
154948_420_0,pkw,25505.0,25519.0,14.0,,189.129,0.0,0.0,14.0,3.94,,,0.0,1.0,,True,completed
159287_421_0,pkw,25504.0,25519.0,15.0,,184.805,0.0,0.0,15.0,3.356,,,0.0,1.0,,True,completed
137952_412_0,pkw,25494.0,25521.0,27.0,,185.52,6.0,6.0,21.0,16.721,,,0.2222,0.7778,,True,completed
146065_416_0,pkw,25483.0,25521.0,38.0,,445.651,0.0,0.0,38.0,10.477,,,0.0,1.0,,True,completed
175864_428_0,pkw,25491.0,25521.0,30.0,,407.47,0.0,0.0,30.0,5.0,,,0.0,1.0,,True,completed
124728_406_0,pkw,25492.0,25522.0,30.0,,196.303,5.0,5.0,25.0,19.342,,,0.1667,0.8333,,True,completed
153383_420_0,pkw,25497.0,25523.0,26.0,,185.403,5.0,5.0,21.0,15.584,,,0.1923,0.8077,,True,completed
95692_394_0,pkw,25511.0,25523.0,12.0,,188.502,0.0,0.0,12.0,1.583,,,0.0,1.0,,True,completed
126197_407_0,pkw,25499.0,25525.0,26.0,,191.402,4.0,4.0,22.0,16.545,,,0.1538,0.8462,,True,completed
126718_407_0,pkw,25486.0,25525.0,39.0,,186.684,9.0,9.0,30.0,28.572,,,0.2308,0.7692,,True,completed
129661_409_0,pkw,25490.0,25527.0,37.0,,445.147,0.0,0.0,37.0,4.606,,,0.0,1.0,,True,completed
119953_405_0,pkw,25492.0,25528.0,36.0,,444.708,0.0,0.0,36.0,4.758,,,0.0,1.0,,True,completed
118661_405_0,pkw,25481.0,25532.0,51.0,,434.783,3.0,3.0,48.0,10.432,,,0.0588,0.9412,,True,completed
61354_376_0,pkw,25487.0,25532.0,45.0,,431.678,1.0,1.0,44.0,15.979,,,0.0222,0.9778,,True,completed
126424_407_0,pkw,25488.0,25533.0,45.0,,190.099,14.0,14.0,31.0,32.704,,,0.3111,0.6889,,True,completed
121971_406_0,pkw,25489.0,25534.0,45.0,,438.856,0.0,0.0,45.0,15.992,,,0.0,1.0,,True,completed
136398_411_0,pkw,25495.0,25535.0,40.0,,431.447,1.0,1.0,39.0,11.657,,,0.025,0.975,,True,completed
162490_421_0,pkw,25485.0,25535.0,50.0,,449.344,9.0,9.0,41.0,20.055,,,0.18,0.82,,True,completed
80409_388_0,pkw,25490.0,25535.0,45.0,,437.146,5.0,5.0,40.0,16.262,,,0.1111,0.8889,,True,completed
139795_413_0,pkw,25493.0,25536.0,43.0,,444.619,0.0,0.0,43.0,10.752,,,0.0,1.0,,True,completed
128533_408_0,pkw,25497.0,25537.0,40.0,,431.518,0.0,0.0,40.0,7.607,,,0.0,1.0,,True,completed
145219_416_0,pkw,25501.0,25537.0,36.0,,427.863,0.0,0.0,36.0,5.78,,,0.0,1.0,,True,completed
98410_395_0,pkw,25501.0,25538.0,37.0,,423.444,0.0,0.0,37.0,6.511,,,0.0,1.0,,True,completed
148199_417_0,pkw,25529.0,25540.0,11.0,,195.307,0.0,0.0,11.0,0.335,,,0.0,1.0,,True,completed
159698_421_0,pkw,25494.0,25543.0,49.0,,399.513,9.0,9.0,40.0,27.076,,,0.1837,0.8163,,True,completed
160712_421_0,pkw,25515.0,25543.0,28.0,,194.453,3.0,3.0,25.0,18.678,,,0.1071,0.8929,,True,completed
123765_406_0,pkw,25497.0,25545.0,48.0,,446.552,5.0,5.0,43.0,14.285,,,0.1042,0.8958,,True,completed
131095_409_0,pkw,25533.0,25545.0,12.0,,200.597,0.0,0.0,12.0,0.652,,,0.0,1.0,,True,completed
183802_431_0,pkw,25499.0,25545.0,46.0,,396.086,4.0,4.0,42.0,21.313,,,0.087,0.913,,True,completed
130240_409_0,pkw,25498.0,25546.0,48.0,,453.373,5.0,5.0,43.0,14.639,,,0.1042,0.8958,,True,completed
163672_422_0,pkw,25502.0,25546.0,44.0,,400.379,2.0,2.0,42.0,20.902,,,0.0455,0.9545,,True,completed
131147_409_0,pkw,25500.0,25548.0,48.0,,443.217,3.0,3.0,45.0,14.713,,,0.0625,0.9375,,True,completed
100304_396_0,pkw,25503.0,25550.0,47.0,,431.202,7.0,7.0,40.0,18.368,,,0.1489,0.8511,,True,completed
96309_394_0,pkw,25508.0,25550.0,42.0,,429.142,4.0,4.0,38.0,12.052,,,0.0952,0.9048,,True,completed
133024_410_0,pkw,25507.0,25552.0,45.0,,430.259,5.0,5.0,40.0,13.382,,,0.1111,0.8889,,True,completed
172151_426_0,pkw,25523.0,25552.0,29.0,,432.959,0.0,0.0,29.0,2.1,,,0.0,1.0,,True,completed
150442_418_0,pkw,25519.0,25553.0,34.0,,431.316,0.0,0.0,34.0,1.899,,,0.0,1.0,,True,completed
171615_426_0,pkw,25520.0,25555.0,35.0,,436.076,0.0,0.0,35.0,4.302,,,0.0,1.0,,True,completed
113597_402_0,pkw,25536.0,25561.0,25.0,,179.255,8.0,8.0,17.0,13.458,,,0.32,0.68,,True,completed
95319_394_0,pkw,25514.0,25561.0,47.0,,398.802,5.0,5.0,42.0,17.864,,,0.1064,0.8936,,True,completed
164286_422_0,pkw,25517.0,25563.0,46.0,,402.106,2.0,2.0,44.0,17.159,,,0.0435,0.9565,,True,completed
134042_411_0,pkw,25519.0,25565.0,46.0,,397.727,1.0,1.0,45.0,11.378,,,0.0217,0.9783,,True,completed
99939_396_0,pkw,25526.0,25567.0,41.0,,406.178,1.0,1.0,40.0,13.301,,,0.0244,0.9756,,True,completed
137917_412_0,pkw,25531.0,25569.0,38.0,,392.813,0.0,0.0,38.0,14.253,,,0.0,1.0,,True,completed
81559_389_0,pkw,25538.0,25569.0,31.0,,436.652,0.0,0.0,31.0,1.811,,,0.0,1.0,,True,completed
117253_404_0,pkw,25522.0,25571.0,49.0,,441.077,9.0,9.0,40.0,16.905,,,0.1837,0.8163,,True,completed
125917_406_0,pkw,25548.0,25571.0,23.0,,153.199,5.0,5.0,18.0,12.809,,,0.2174,0.7826,,True,completed
153290_420_0,pkw,25541.0,25574.0,33.0,,432.98,0.0,0.0,33.0,4.075,,,0.0,1.0,,True,completed
151628_419_0,pkw,25537.0,25575.0,38.0,,434.907,0.0,0.0,38.0,2.055,,,0.0,1.0,,True,completed
168358_425_0,pkw,25540.0,25575.0,35.0,,462.966,0.0,0.0,35.0,3.242,,,0.0,1.0,,True,completed
128339_408_0,pkw,25543.0,25576.0,33.0,,440.947,0.0,0.0,33.0,2.68,,,0.0,1.0,,True,completed
164112_422_0,pkw,25546.0,25586.0,40.0,,406.575,2.0,2.0,38.0,13.258,,,0.05,0.95,,True,completed
125962_406_0,pkw,25554.0,25592.0,38.0,,425.644,0.0,0.0,38.0,3.41,,,0.0,1.0,,True,completed
184119_431_0,pkw,25583.0,25593.0,10.0,,140.951,0.0,0.0,10.0,0.805,,,0.0,1.0,,True,completed
106037_399_0,pkw,25563.0,25594.0,31.0,,430.093,0.0,0.0,31.0,2.545,,,0.0,1.0,,True,completed
119325_405_0,pkw,25562.0,25594.0,32.0,,441.234,0.0,0.0,32.0,1.974,,,0.0,1.0,,True,completed
137953_412_0,pkw,25549.0,25594.0,45.0,,433.73,0.0,0.0,45.0,7.627,,,0.0,1.0,,True,completed
136669_411_0,pkw,25567.0,25600.0,33.0,,165.985,12.0,12.0,21.0,22.092,,,0.3636,0.6364,,True,completed
139907_414_0,pkw,25536.0,25601.0,65.0,,180.413,49.0,50.0,15.0,56.216,,,0.7692,0.2308,,True,completed
116532_404_0,pkw,25580.0,25603.0,23.0,,186.832,3.0,3.0,20.0,11.653,,,0.1304,0.8696,,True,completed
171718_426_0,pkw,25554.0,25603.0,49.0,,394.45,7.0,7.0,42.0,22.106,,,0.1429,0.8571,,True,completed
102993_397_0,pkw,25586.0,25605.0,19.0,,193.792,0.0,0.0,19.0,6.728,,,0.0,1.0,,True,completed
80745_388_0,pkw,25533.0,25605.0,72.0,,669.936,7.0,7.0,65.0,19.714,,,0.0972,0.9028,,True,completed
151094_418_0,pkw,25558.0,25606.0,48.0,,407.733,6.0,6.0,42.0,18.509,,,0.125,0.875,,True,completed
135845_411_0,pkw,25544.0,25607.0,63.0,,673.162,4.0,4.0,59.0,18.851,,,0.0635,0.9365,,True,completed
144457_416_0,pkw,25535.0,25607.0,72.0,,678.222,6.0,6.0,66.0,20.215,,,0.0833,0.9167,,True,completed
157011_421_0,pkw,25564.0,25608.0,44.0,,409.802,3.0,3.0,41.0,17.509,,,0.0682,0.9318,,True,completed
135158_411_0,pkw,25588.0,25609.0,21.0,,194.194,0.0,0.0,21.0,9.721,,,0.0,1.0,,True,completed
73311_385_0,pkw,25573.0,25610.0,37.0,,455.967,0.0,0.0,37.0,6.073,,,0.0,1.0,,True,completed
157569_421_0,pkw,25568.0,25614.0,46.0,,408.29,0.0,0.0,46.0,11.779,,,0.0,1.0,,True,completed
120597_405_0,pkw,25573.0,25615.0,42.0,,394.039,0.0,0.0,42.0,14.505,,,0.0,1.0,,True,completed
130800_409_0,pkw,25603.0,25615.0,12.0,,185.152,0.0,0.0,12.0,3.169,,,0.0,1.0,,True,completed
137007_411_0,pkw,25565.0,25618.0,53.0,,404.461,3.0,3.0,50.0,22.35,,,0.0566,0.9434,,True,completed
133712_411_0,pkw,25581.0,25619.0,38.0,,394.572,0.0,0.0,38.0,8.871,,,0.0,1.0,,True,completed
163382_422_0,pkw,25575.0,25621.0,46.0,,443.761,9.0,9.0,37.0,17.304,,,0.1957,0.8043,,True,completed
149870_417_0,pkw,25576.0,25622.0,46.0,,430.981,8.0,8.0,38.0,18.051,,,0.1739,0.8261,,True,completed
150141_417_0,pkw,25589.0,25624.0,35.0,,440.815,0.0,0.0,35.0,8.292,,,0.0,1.0,,True,completed
130601_409_0,pkw,25615.0,25630.0,15.0,,198.123,0.0,0.0,15.0,2.53,,,0.0,1.0,,True,completed
115551_403_0,pkw,25606.0,25631.0,25.0,,192.714,8.0,8.0,17.0,14.976,,,0.32,0.68,,True,completed
126858_407_0,pkw,25599.0,25631.0,32.0,,440.912,0.0,0.0,32.0,1.591,,,0.0,1.0,,True,completed
154066_420_0,pkw,25592.0,25633.0,41.0,,463.768,0.0,0.0,41.0,8.853,,,0.0,1.0,,True,completed
83429_390_0,pkw,25609.0,25633.0,24.0,,184.781,4.0,4.0,20.0,14.264,,,0.1667,0.8333,,True,completed
121463_406_0,pkw,25611.0,25640.0,29.0,,432.912,0.0,0.0,29.0,1.355,,,0.0,1.0,,True,completed
136800_411_0,pkw,25619.0,25640.0,21.0,,139.08,4.0,4.0,17.0,12.733,,,0.1905,0.8095,,True,completed
145336_416_0,pkw,25599.0,25643.0,44.0,,433.516,5.0,5.0,39.0,14.678,,,0.1136,0.8864,,True,completed
147215_416_0,pkw,25604.0,25643.0,39.0,,435.589,0.0,0.0,39.0,6.784,,,0.0,1.0,,True,completed
149660_417_0,pkw,25628.0,25643.0,15.0,,144.815,0.0,0.0,15.0,5.195,,,0.0,1.0,,True,completed
144494_416_0,pkw,25631.0,25645.0,14.0,,149.23,0.0,0.0,14.0,3.038,,,0.0,1.0,,True,completed
167353_425_0,pkw,25603.0,25645.0,42.0,,443.013,1.0,1.0,41.0,12.277,,,0.0238,0.9762,,True,completed
122916_406_0,pkw,25606.0,25646.0,40.0,,431.564,0.0,0.0,40.0,4.057,,,0.0,1.0,,True,completed
126699_407_0,pkw,25633.0,25646.0,13.0,,141.436,0.0,0.0,13.0,2.814,,,0.0,1.0,,True,completed
129962_409_0,pkw,25623.0,25648.0,25.0,,155.28,4.0,4.0,21.0,15.665,,,0.16,0.84,,True,completed
152517_419_0,pkw,25608.0,25648.0,40.0,,439.543,0.0,0.0,40.0,11.583,,,0.0,1.0,,True,completed
151757_419_0,pkw,25612.0,25649.0,37.0,,446.925,0.0,0.0,37.0,8.394,,,0.0,1.0,,True,completed
102219_396_0,pkw,25616.0,25652.0,36.0,,426.122,0.0,0.0,36.0,1.863,,,0.0,1.0,,True,completed
129729_409_0,pkw,25571.0,25654.0,83.0,,673.313,8.0,8.0,75.0,32.67,,,0.0964,0.9036,,True,completed
115445_403_0,pkw,25619.0,25655.0,36.0,,439.392,0.0,0.0,36.0,2.015,,,0.0,1.0,,True,completed
117915_404_0,pkw,25621.0,25656.0,35.0,,430.148,0.0,0.0,35.0,1.751,,,0.0,1.0,,True,completed
136077_411_0,pkw,25612.0,25656.0,44.0,,462.821,2.0,2.0,42.0,10.201,,,0.0455,0.9545,,True,completed
153000_419_0,pkw,25636.0,25658.0,22.0,,164.649,2.0,2.0,20.0,12.818,,,0.0909,0.9091,,True,completed
100992_396_0,pkw,25619.0,25660.0,41.0,,458.885,0.0,0.0,41.0,9.67,,,0.0,1.0,,True,completed
183244_431_0,pkw,25638.0,25660.0,22.0,,168.729,2.0,2.0,20.0,10.668,,,0.0909,0.9091,,True,completed
142911_415_0,pkw,25583.0,25661.0,78.0,,670.82,6.0,6.0,72.0,22.33,,,0.0769,0.9231,,True,completed
149887_417_0,pkw,25618.0,25661.0,43.0,,451.606,2.0,2.0,41.0,9.353,,,0.0465,0.9535,,True,completed
136839_411_0,pkw,25627.0,25663.0,36.0,,198.067,15.0,15.0,21.0,23.546,,,0.4167,0.5833,,True,completed
118825_405_0,pkw,25585.0,25664.0,79.0,,401.338,28.0,28.0,51.0,47.787,,,0.3544,0.6456,,True,completed
153446_420_0,pkw,25625.0,25664.0,39.0,,435.633,0.0,0.0,39.0,7.003,,,0.0,1.0,,True,completed
163004_422_0,pkw,25629.0,25665.0,36.0,,173.276,12.0,12.0,24.0,24.23,,,0.3333,0.6667,,True,completed
129792_409_0,pkw,25592.0,25666.0,74.0,,403.553,21.0,21.0,53.0,43.881,,,0.2838,0.7162,,True,completed
127353_407_0,pkw,25593.0,25667.0,74.0,,394.591,16.0,16.0,58.0,47.268,,,0.2162,0.7838,,True,completed
148994_417_0,pkw,25623.0,25670.0,47.0,,431.159,5.0,5.0,42.0,18.132,,,0.1064,0.8936,,True,completed
183534_431_0,pkw,25640.0,25671.0,31.0,,164.084,8.0,8.0,23.0,19.538,,,0.2581,0.7419,,True,completed
139583_413_0,pkw,25625.0,25672.0,47.0,,429.164,3.0,3.0,44.0,18.386,,,0.0638,0.9362,,True,completed
115533_403_0,pkw,25643.0,25673.0,30.0,,169.1,7.0,7.0,23.0,19.187,,,0.2333,0.7667,,True,completed
152845_419_0,pkw,25632.0,25674.0,42.0,,438.394,2.0,2.0,40.0,11.795,,,0.0476,0.9524,,True,completed
172050_426_0,pkw,25654.0,25674.0,20.0,,143.546,1.0,1.0,19.0,10.052,,,0.05,0.95,,True,completed
162832_422_0,pkw,25647.0,25675.0,28.0,,169.172,7.0,7.0,21.0,16.076,,,0.25,0.75,,True,completed
115499_403_0,pkw,25634.0,25676.0,42.0,,442.454,1.0,1.0,41.0,12.1,,,0.0238,0.9762,,True,completed
84905_390_0,pkw,25649.0,25677.0,28.0,,156.822,7.0,7.0,21.0,18.512,,,0.25,0.75,,True,completed
145875_416_0,pkw,25644.0,25679.0,35.0,,431.161,0.0,0.0,35.0,2.319,,,0.0,1.0,,True,completed
183577_431_0,pkw,25642.0,25681.0,39.0,,433.986,0.0,0.0,39.0,2.095,,,0.0,1.0,,True,completed
123239_406_0,pkw,25606.0,25682.0,76.0,,404.907,22.0,22.0,54.0,51.297,,,0.2895,0.7105,,True,completed
155751_420_0,pkw,25595.0,25683.0,88.0,,396.791,27.0,27.0,61.0,60.322,,,0.3068,0.6932,,True,completed
111580_401_0,pkw,25640.0,25684.0,44.0,,446.913,0.0,1.0,43.0,13.583,,,0.0227,0.9773,,True,completed
132695_410_0,pkw,25646.0,25685.0,39.0,,447.495,0.0,0.0,39.0,9.885,,,0.0,1.0,,True,completed
140984_414_0,pkw,25669.0,25685.0,16.0,,190.761,0.0,0.0,16.0,4.492,,,0.0,1.0,,True,completed
149663_417_0,pkw,25671.0,25687.0,16.0,,189.186,0.0,0.0,16.0,3.58,,,0.0,1.0,,True,completed
158154_421_0,pkw,25651.0,25691.0,40.0,,444.9,0.0,0.0,40.0,8.987,,,0.0,1.0,,True,completed
148932_417_0,pkw,25650.0,25692.0,42.0,,430.201,4.0,4.0,38.0,10.585,,,0.0952,0.9048,,True,completed
145229_416_0,pkw,25649.0,25694.0,45.0,,444.216,0.0,0.0,45.0,6.88,,,0.0,1.0,,True,completed
160711_421_0,pkw,25652.0,25694.0,42.0,,433.015,2.0,2.0,40.0,10.713,,,0.0476,0.9524,,True,completed
173616_427_0,pkw,25657.0,25699.0,42.0,,427.75,0.0,0.0,42.0,8.211,,,0.0,1.0,,True,completed
134481_411_0,pkw,25604.0,25701.0,97.0,,401.776,30.0,30.0,67.0,72.369,,,0.3093,0.6907,,True,completed
142128_415_0,pkw,25678.0,25703.0,25.0,,169.773,0.0,1.0,24.0,13.744,,,0.04,0.96,,True,completed
142600_415_0,pkw,25659.0,25703.0,44.0,,431.008,0.0,0.0,44.0,8.193,,,0.0,1.0,,True,completed
169028_425_0,pkw,25661.0,25704.0,43.0,,438.763,0.0,1.0,42.0,6.948,,,0.0233,0.9767,,True,completed
115970_403_0,pkw,25651.0,25705.0,54.0,,451.801,8.0,8.0,46.0,24.399,,,0.1481,0.8519,,True,completed
136394_411_0,pkw,25666.0,25705.0,39.0,,445.232,0.0,0.0,39.0,12.592,,,0.0,1.0,,True,completed
143002_415_0,pkw,25614.0,25705.0,91.0,,404.045,30.0,30.0,61.0,66.58,,,0.3297,0.6703,,True,completed
168568_425_0,pkw,25617.0,25706.0,89.0,,393.112,31.0,31.0,58.0,65.145,,,0.3483,0.6517,,True,completed
107063_400_0,pkw,25660.0,25708.0,48.0,,451.999,2.0,2.0,46.0,13.648,,,0.0417,0.9583,,True,completed
111352_401_0,pkw,25696.0,25708.0,12.0,,198.014,0.0,0.0,12.0,1.682,,,0.0,1.0,,True,completed
185399_432_0,pkw,25621.0,25708.0,87.0,,358.553,34.0,34.0,53.0,63.311,,,0.3908,0.6092,,True,completed
156946_421_0,pkw,25609.0,25710.0,101.0,,674.088,24.0,24.0,77.0,56.261,,,0.2376,0.7624,,True,completed
164298_422_0,pkw,25666.0,25711.0,45.0,,427.758,5.0,5.0,40.0,15.679,,,0.1111,0.8889,,True,completed
67430_381_0,pkw,25640.0,25712.0,72.0,,398.372,26.0,26.0,46.0,42.946,,,0.3611,0.6389,,True,completed
161200_421_0,pkw,25669.0,25718.0,49.0,,430.49,9.0,9.0,40.0,19.912,,,0.1837,0.8163,,True,completed
171772_426_0,pkw,25682.0,25718.0,36.0,,429.579,0.0,0.0,36.0,1.919,,,0.0,1.0,,True,completed
129342_408_0,pkw,25692.0,25720.0,28.0,,138.189,11.0,11.0,17.0,17.735,,,0.3929,0.6071,,True,completed
130627_409_0,pkw,25664.0,25720.0,56.0,,434.114,18.0,18.0,38.0,25.886,,,0.3214,0.6786,,True,completed
132718_410_0,pkw,25676.0,25721.0,45.0,,402.146,1.0,1.0,44.0,18.066,,,0.0222,0.9778,,True,completed
101521_396_0,pkw,25650.0,25723.0,73.0,,184.359,31.0,32.0,41.0,59.53,,,0.4384,0.5616,,True,completed
122032_406_0,pkw,25668.0,25723.0,55.0,,444.802,17.0,17.0,38.0,26.02,,,0.3091,0.6909,,True,completed
159995_421_0,pkw,25653.0,25723.0,70.0,,431.342,32.0,32.0,38.0,40.206,,,0.4571,0.5429,,True,completed
167388_425_0,pkw,25670.0,25724.0,54.0,,434.766,10.0,10.0,44.0,19.041,,,0.1852,0.8148,,True,completed
172599_426_0,pkw,25607.0,25724.0,117.0,,680.164,41.0,41.0,76.0,73.059,,,0.3504,0.6496,,True,completed
111993_401_0,pkw,25701.0,25725.0,24.0,,152.497,3.0,3.0,21.0,11.963,,,0.125,0.875,,True,completed
147412_416_0,pkw,25672.0,25726.0,54.0,,439.958,9.0,9.0,45.0,20.506,,,0.1667,0.8333,,True,completed
172273_426_0,pkw,25686.0,25727.0,41.0,,158.709,15.0,15.0,26.0,30.681,,,0.3659,0.6341,,True,completed
81109_389_0,pkw,25698.0,25728.0,30.0,,443.318,0.0,0.0,30.0,1.312,,,0.0,1.0,,True,completed
139035_413_0,pkw,25717.0,25729.0,12.0,,183.576,0.0,0.0,12.0,2.245,,,0.0,1.0,,True,completed
159332_421_0,pkw,25637.0,25729.0,92.0,,460.603,34.0,34.0,58.0,64.995,,,0.3696,0.6304,,True,completed
160485_421_0,pkw,25699.0,25730.0,31.0,,445.862,0.0,0.0,31.0,2.355,,,0.0,1.0,,True,completed
156748_421_0,pkw,25670.0,25734.0,64.0,,460.946,17.0,17.0,47.0,29.678,,,0.2656,0.7344,,True,completed
106720_399_0,pkw,25705.0,25735.0,30.0,,202.735,11.0,11.0,19.0,17.005,,,0.3667,0.6333,,True,completed
137699_412_0,pkw,25707.0,25735.0,28.0,,194.882,8.0,8.0,20.0,16.84,,,0.2857,0.7143,,True,completed
145274_416_0,pkw,25708.0,25737.0,29.0,,196.094,7.0,7.0,22.0,16.829,,,0.2414,0.7586,,True,completed
74935_386_0,pkw,25723.0,25738.0,15.0,,233.758,0.0,0.0,15.0,0.866,,,0.0,1.0,,True,completed
146142_416_0,pkw,25711.0,25740.0,29.0,,137.642,9.0,9.0,20.0,19.211,,,0.3103,0.6897,,True,completed
147206_416_0,pkw,25694.0,25740.0,46.0,,436.805,6.0,6.0,40.0,14.163,,,0.1304,0.8696,,True,completed
145487_416_0,pkw,25639.0,25741.0,102.0,,458.927,29.0,29.0,73.0,62.455,,,0.2843,0.7157,,True,completed
107400_400_0,pkw,25641.0,25742.0,101.0,,463.6,40.0,40.0,61.0,70.355,,,0.396,0.604,,True,completed
114202_402_0,pkw,25707.0,25742.0,35.0,,446.436,0.0,0.0,35.0,4.581,,,0.0,1.0,,True,completed
160004_421_0,pkw,25713.0,25742.0,29.0,,137.298,9.0,9.0,20.0,21.849,,,0.3103,0.6897,,True,completed
131253_409_0,pkw,25653.0,25743.0,90.0,,186.644,42.0,42.0,48.0,79.604,,,0.4667,0.5333,,True,completed
165592_423_0,pkw,25698.0,25743.0,45.0,,432.149,6.0,6.0,39.0,15.352,,,0.1333,0.8667,,True,completed
130024_409_0,pkw,25716.0,25744.0,28.0,,140.423,7.0,7.0,21.0,18.628,,,0.25,0.75,,True,completed
138240_412_0,pkw,25684.0,25744.0,60.0,,427.269,17.0,17.0,43.0,30.933,,,0.2833,0.7167,,True,completed
141027_414_0,pkw,25715.0,25745.0,30.0,,156.613,6.0,6.0,24.0,18.904,,,0.2,0.8,,True,completed
154752_420_0,pkw,25708.0,25746.0,38.0,,434.644,0.0,1.0,37.0,9.17,,,0.0263,0.9737,,True,completed
98476_395_0,pkw,25718.0,25746.0,28.0,,151.357,6.0,6.0,22.0,19.448,,,0.2143,0.7857,,True,completed
79851_387_0,pkw,25723.0,25751.0,28.0,,189.613,5.0,6.0,22.0,18.053,,,0.2143,0.7857,,True,completed
156448_420_0,pkw,25706.0,25754.0,48.0,,430.613,0.0,1.0,47.0,11.35,,,0.0208,0.9792,,True,completed
136792_411_0,pkw,25740.0,25755.0,15.0,,199.134,0.0,0.0,15.0,4.389,,,0.0,1.0,,True,completed
154816_420_0,pkw,25737.0,25756.0,19.0,,197.113,0.0,1.0,18.0,7.592,,,0.0526,0.9474,,True,completed
128382_408_0,pkw,25716.0,25759.0,43.0,,452.986,0.0,1.0,42.0,10.639,,,0.0233,0.9767,,True,completed
132148_410_0,pkw,25686.0,25760.0,74.0,,398.604,28.0,28.0,46.0,50.6,,,0.3784,0.6216,,True,completed
175367_428_0,pkw,25717.0,25760.0,43.0,,436.129,3.0,3.0,40.0,12.608,,,0.0698,0.9302,,True,completed
91426_392_0,pkw,25722.0,25762.0,40.0,,446.73,1.0,1.0,39.0,9.512,,,0.025,0.975,,True,completed
156401_420_0,pkw,25724.0,25763.0,39.0,,432.303,0.0,0.0,39.0,14.187,,,0.0,1.0,,True,completed
141742_415_0,pkw,25728.0,25766.0,38.0,,428.583,0.0,0.0,38.0,1.789,,,0.0,1.0,,True,completed
145735_416_0,pkw,25723.0,25768.0,45.0,,437.92,2.0,2.0,43.0,12.067,,,0.0444,0.9556,,True,completed
138827_413_0,pkw,25722.0,25770.0,48.0,,431.679,1.0,1.0,47.0,14.854,,,0.0208,0.9792,,True,completed
91826_392_0,pkw,25732.0,25770.0,38.0,,450.923,0.0,0.0,38.0,7.515,,,0.0,1.0,,True,completed
131143_409_0,pkw,25735.0,25771.0,36.0,,439.445,0.0,0.0,36.0,7.613,,,0.0,1.0,,True,completed
172682_426_0,pkw,25737.0,25771.0,34.0,,162.569,11.0,11.0,23.0,23.171,,,0.3235,0.6765,,True,completed
145534_416_0,pkw,25742.0,25772.0,30.0,,153.303,4.0,4.0,26.0,19.5,,,0.1333,0.8667,,True,completed
85853_391_0,pkw,25739.0,25772.0,33.0,,439.629,0.0,0.0,33.0,4.23,,,0.0,1.0,,True,completed
129132_408_0,pkw,25655.0,25776.0,121.0,,178.727,50.0,66.0,55.0,111.164,,,0.5455,0.4545,,True,completed
103722_397_0,pkw,25658.0,25779.0,121.0,,194.275,48.0,64.0,57.0,108.203,,,0.5289,0.4711,,True,completed
112443_401_0,pkw,25742.0,25780.0,38.0,,448.499,0.0,0.0,38.0,3.973,,,0.0,1.0,,True,completed
123398_406_0,pkw,25664.0,25780.0,116.0,,184.055,42.0,54.0,62.0,106.577,,,0.4655,0.5345,,True,completed
172104_426_0,pkw,25756.0,25781.0,25.0,,154.672,8.0,8.0,17.0,13.494,,,0.32,0.68,,True,completed
99386_396_0,pkw,25689.0,25782.0,93.0,,189.0,33.0,33.0,60.0,82.019,,,0.3548,0.6452,,True,completed
148872_417_0,pkw,25735.0,25783.0,48.0,,436.802,9.0,9.0,39.0,15.75,,,0.1875,0.8125,,True,completed
150982_418_0,pkw,25749.0,25783.0,34.0,,442.321,0.0,0.0,34.0,3.939,,,0.0,1.0,,True,completed
173889_427_0,pkw,25749.0,25783.0,34.0,,426.46,0.0,0.0,34.0,1.497,,,0.0,1.0,,True,completed
138541_412_0,pkw,25739.0,25784.0,45.0,,429.993,5.0,5.0,40.0,16.005,,,0.1111,0.8889,,True,completed
164009_422_0,pkw,25735.0,25784.0,49.0,,431.952,8.0,8.0,41.0,15.075,,,0.1633,0.8367,,True,completed
160223_421_0,pkw,25753.0,25787.0,34.0,,430.575,0.0,0.0,34.0,3.196,,,0.0,1.0,,True,completed
145192_416_0,pkw,25691.0,25791.0,100.0,,194.211,34.0,34.0,66.0,88.716,,,0.34,0.66,,True,completed
144175_416_0,pkw,25707.0,25793.0,86.0,,399.205,36.0,36.0,50.0,55.467,,,0.4186,0.5814,,True,completed
159733_421_0,pkw,25693.0,25795.0,102.0,,186.202,48.0,48.0,54.0,90.667,,,0.4706,0.5294,,True,completed
127924_407_0,pkw,25759.0,25799.0,40.0,,427.128,6.0,6.0,34.0,14.641,,,0.15,0.85,,True,completed
193213_435_0,pkw,25773.0,25801.0,28.0,,158.869,7.0,7.0,21.0,17.807,,,0.25,0.75,,True,completed
86606_391_0,pkw,25756.0,25801.0,45.0,,442.327,8.0,8.0,37.0,15.448,,,0.1778,0.8222,,True,completed
160390_421_0,pkw,25757.0,25803.0,46.0,,428.818,6.0,6.0,40.0,13.081,,,0.1304,0.8696,,True,completed
182289_431_0,pkw,25784.0,25806.0,22.0,,168.21,0.0,0.0,22.0,11.412,,,0.0,1.0,,True,completed
97088_395_0,pkw,25765.0,25806.0,41.0,,427.934,0.0,0.0,41.0,9.145,,,0.0,1.0,,True,completed
85490_390_0,pkw,25786.0,25807.0,21.0,,151.5,0.0,0.0,21.0,11.279,,,0.0,1.0,,True,completed
148483_417_0,pkw,25761.0,25809.0,48.0,,427.905,3.0,3.0,45.0,9.999,,,0.0625,0.9375,,True,completed
155578_420_0,pkw,25763.0,25809.0,46.0,,433.668,1.0,1.0,45.0,13.316,,,0.0217,0.9783,,True,completed
155604_420_0,pkw,25767.0,25811.0,44.0,,437.826,0.0,0.0,44.0,11.723,,,0.0,1.0,,True,completed
142101_415_0,pkw,25771.0,25812.0,41.0,,430.948,0.0,0.0,41.0,12.592,,,0.0,1.0,,True,completed
165056_423_0,pkw,25768.0,25812.0,44.0,,429.581,0.0,0.0,44.0,7.767,,,0.0,1.0,,True,completed
178737_430_0,pkw,25773.0,25814.0,41.0,,434.818,0.0,0.0,41.0,9.702,,,0.0,1.0,,True,completed
90782_391_0,pkw,25695.0,25817.0,122.0,,465.196,42.0,47.0,75.0,90.982,,,0.3852,0.6148,,True,completed
186072_432_0,pkw,25775.0,25820.0,45.0,,429.28,6.0,6.0,39.0,16.621,,,0.1333,0.8667,,True,completed
153784_420_0,pkw,25745.0,25821.0,76.0,,188.199,56.0,56.0,20.0,63.96,,,0.7368,0.2632,,True,completed
171227_426_0,pkw,25746.0,25821.0,75.0,,202.042,57.0,57.0,18.0,63.11,,,0.76,0.24,,True,completed
139001_413_0,pkw,25764.0,25822.0,58.0,,186.564,36.0,37.0,21.0,47.77,,,0.6379,0.3621,,True,completed
109448_401_0,pkw,25752.0,25823.0,71.0,,196.293,49.0,49.0,22.0,59.794,,,0.6901,0.3099,,True,completed
130570_409_0,pkw,25771.0,25824.0,53.0,,187.666,30.0,31.0,22.0,42.464,,,0.5849,0.4151,,True,completed
174965_428_0,pkw,25778.0,25825.0,47.0,,431.355,6.0,6.0,41.0,14.536,,,0.1277,0.8723,,True,completed
163598_422_0,pkw,25719.0,25826.0,107.0,,180.241,53.0,53.0,54.0,96.443,,,0.4953,0.5047,,True,completed
174325_427_0,pkw,25788.0,25826.0,38.0,,430.985,0.0,0.0,38.0,7.744,,,0.0,1.0,,True,completed
176609_429_0,pkw,25782.0,25828.0,46.0,,433.778,3.0,3.0,43.0,10.173,,,0.0652,0.9348,,True,completed
198450_436_0,pkw,25790.0,25828.0,38.0,,433.634,0.0,0.0,38.0,6.903,,,0.0,1.0,,True,completed
123430_406_0,pkw,25735.0,25829.0,94.0,,196.136,43.0,43.0,51.0,83.352,,,0.4574,0.5426,,True,completed
111313_401_0,pkw,25794.0,25830.0,36.0,,428.894,0.0,0.0,36.0,3.249,,,0.0,1.0,,True,completed
158997_421_0,pkw,25793.0,25833.0,40.0,,163.615,17.0,17.0,23.0,29.485,,,0.425,0.575,,True,completed
160050_421_0,pkw,25712.0,25835.0,123.0,,454.413,42.0,51.0,72.0,91.159,,,0.4146,0.5854,,True,completed
130856_409_0,pkw,25808.0,25836.0,28.0,,436.735,0.0,0.0,28.0,1.47,,,0.0,1.0,,True,completed
161062_421_0,pkw,25709.0,25836.0,127.0,,458.559,38.0,47.0,80.0,90.524,,,0.3701,0.6299,,True,completed
156076_420_0,pkw,25715.0,25838.0,123.0,,460.649,42.0,50.0,73.0,89.329,,,0.4065,0.5935,,True,completed
81826_389_0,pkw,25825.0,25838.0,13.0,,154.176,0.0,0.0,13.0,2.25,,,0.0,1.0,,True,completed
131279_410_0,pkw,25791.0,25850.0,59.0,,438.171,19.0,19.0,40.0,30.483,,,0.322,0.678,,True,completed
148257_417_0,pkw,25827.0,25850.0,23.0,,183.889,4.0,4.0,19.0,13.468,,,0.1739,0.8261,,True,completed
137920_412_0,pkw,25798.0,25855.0,57.0,,428.278,13.0,13.0,44.0,22.984,,,0.2281,0.7719,,True,completed
162562_422_0,pkw,25800.0,25855.0,55.0,,437.481,12.0,12.0,43.0,22.377,,,0.2182,0.7818,,True,completed
141170_414_0,pkw,25811.0,25860.0,49.0,,428.421,2.0,3.0,46.0,12.523,,,0.0612,0.9388,,True,completed
132261_410_0,pkw,25822.0,25862.0,40.0,,433.874,0.0,0.0,40.0,4.914,,,0.0,1.0,,True,completed
163588_422_0,pkw,25829.0,25869.0,40.0,,432.663,0.0,0.0,40.0,2.358,,,0.0,1.0,,True,completed
141469_415_0,pkw,25832.0,25871.0,39.0,,428.263,0.0,0.0,39.0,2.048,,,0.0,1.0,,True,completed
164052_422_0,pkw,25834.0,25871.0,37.0,,438.661,0.0,0.0,37.0,4.507,,,0.0,1.0,,True,completed
105770_399_0,pkw,25864.0,25874.0,10.0,,145.73,0.0,0.0,10.0,0.839,,,0.0,1.0,,True,completed
158714_421_0,pkw,25861.0,25874.0,13.0,,160.865,0.0,0.0,13.0,2.348,,,0.0,1.0,,True,completed
168843_425_0,pkw,25860.0,25891.0,31.0,,431.877,0.0,0.0,31.0,1.322,,,0.0,1.0,,True,completed
125284_406_0,pkw,25865.0,25895.0,30.0,,431.193,0.0,0.0,30.0,1.367,,,0.0,1.0,,True,completed
182594_431_0,pkw,25862.0,25901.0,39.0,,402.94,2.0,2.0,37.0,12.276,,,0.0513,0.9487,,True,completed
147033_416_0,pkw,25868.0,25902.0,34.0,,437.12,0.0,0.0,34.0,1.637,,,0.0,1.0,,True,completed
108740_400_0,pkw,25866.0,25903.0,37.0,,428.704,0.0,0.0,37.0,1.741,,,0.0,1.0,,True,completed
187954_433_0,pkw,25870.0,25903.0,33.0,,429.268,0.0,0.0,33.0,4.766,,,0.0,1.0,,True,completed
153369_420_0,pkw,25876.0,25906.0,30.0,,429.138,0.0,0.0,30.0,1.053,,,0.0,1.0,,True,completed
83512_390_0,pkw,25878.0,25909.0,31.0,,431.479,0.0,0.0,31.0,1.253,,,0.0,1.0,,True,completed
172178_426_0,pkw,25881.0,25913.0,32.0,,432.913,0.0,0.0,32.0,1.396,,,0.0,1.0,,True,completed
147762_416_0,pkw,25885.0,25915.0,30.0,,427.01,0.0,0.0,30.0,1.314,,,0.0,1.0,,True,completed
110628_401_0,pkw,25886.0,25917.0,31.0,,432.876,0.0,0.0,31.0,1.947,,,0.0,1.0,,True,completed
110198_401_0,pkw,25883.0,25919.0,36.0,,431.114,0.0,0.0,36.0,3.335,,,0.0,1.0,,True,completed
163833_422_0,pkw,25879.0,25919.0,40.0,,434.118,0.0,0.0,40.0,2.582,,,0.0,1.0,,True,completed
115085_403_0,pkw,25889.0,25928.0,39.0,,431.446,5.0,5.0,34.0,12.295,,,0.1282,0.8718,,True,completed
152995_419_0,pkw,25891.0,25931.0,40.0,,425.62,3.0,3.0,37.0,9.75,,,0.075,0.925,,True,completed
147231_416_0,pkw,25894.0,25934.0,40.0,,437.734,0.0,0.0,40.0,8.305,,,0.0,1.0,,True,completed
80499_388_0,pkw,25898.0,25939.0,41.0,,438.116,0.0,0.0,41.0,5.941,,,0.0,1.0,,True,completed
100734_396_0,pkw,25902.0,25940.0,38.0,,433.305,0.0,0.0,38.0,8.206,,,0.0,1.0,,True,completed
131869_410_0,pkw,25893.0,25940.0,47.0,,432.383,1.0,1.0,46.0,8.822,,,0.0213,0.9787,,True,completed
110659_401_0,pkw,25905.0,25941.0,36.0,,425.999,0.0,0.0,36.0,6.746,,,0.0,1.0,,True,completed
182638_431_0,pkw,25889.0,25941.0,52.0,,402.144,15.0,15.0,37.0,26.533,,,0.2885,0.7115,,True,completed
165160_423_0,pkw,25896.0,25942.0,46.0,,438.184,0.0,0.0,46.0,18.612,,,0.0,1.0,,True,completed
152391_419_0,pkw,25909.0,25943.0,34.0,,433.318,0.0,0.0,34.0,5.149,,,0.0,1.0,,True,completed
192205_435_0,pkw,25900.0,25943.0,43.0,,428.448,0.0,0.0,43.0,8.682,,,0.0,1.0,,True,completed
82214_389_0,pkw,25903.0,25945.0,42.0,,430.407,0.0,0.0,42.0,4.541,,,0.0,1.0,,True,completed
195693_436_0,pkw,25912.0,25946.0,34.0,,427.639,0.0,0.0,34.0,1.902,,,0.0,1.0,,True,completed
190202_434_0,pkw,25918.0,25948.0,30.0,,433.368,0.0,0.0,30.0,1.95,,,0.0,1.0,,True,completed
110876_401_0,pkw,25915.0,25951.0,36.0,,438.256,0.0,0.0,36.0,2.041,,,0.0,1.0,,True,completed
155932_420_0,pkw,25920.0,25952.0,32.0,,426.337,0.0,0.0,32.0,1.776,,,0.0,1.0,,True,completed
99177_396_0,pkw,25907.0,25953.0,46.0,,430.566,0.0,0.0,46.0,3.11,,,0.0,1.0,,True,completed
108574_400_0,pkw,25945.0,25962.0,17.0,,203.108,0.0,0.0,17.0,4.585,,,0.0,1.0,,True,completed
127556_407_0,pkw,25954.0,25964.0,10.0,,184.095,0.0,0.0,10.0,0.382,,,0.0,1.0,,True,completed
125646_406_0,pkw,25960.0,25971.0,11.0,,201.921,0.0,0.0,11.0,0.237,,,0.0,1.0,,True,completed
139104_413_0,pkw,25950.0,25980.0,30.0,,450.682,0.0,0.0,30.0,1.815,,,0.0,1.0,,True,completed
108475_400_0,pkw,25942.0,25981.0,39.0,,450.995,0.0,0.0,39.0,2.163,,,0.0,1.0,,True,completed
140141_414_0,pkw,25946.0,25983.0,37.0,,443.665,0.0,0.0,37.0,1.953,,,0.0,1.0,,True,completed
138405_412_0,pkw,25971.0,25984.0,13.0,,200.668,0.0,0.0,13.0,0.623,,,0.0,1.0,,True,completed
159229_421_0,pkw,25950.0,25990.0,40.0,,431.681,0.0,0.0,40.0,5.427,,,0.0,1.0,,True,completed
132821_410_0,pkw,25937.0,25991.0,54.0,,450.471,13.0,13.0,41.0,20.723,,,0.2407,0.7593,,True,completed
158101_421_0,pkw,25963.0,25991.0,28.0,,421.231,0.0,0.0,28.0,1.4,,,0.0,1.0,,True,completed
149484_417_0,pkw,25957.0,25995.0,38.0,,449.376,0.0,0.0,38.0,1.891,,,0.0,1.0,,True,completed
200404_437_0,pkw,25957.0,25995.0,38.0,,435.338,0.0,0.0,38.0,1.887,,,0.0,1.0,,True,completed
111336_401_0,pkw,25966.0,25996.0,30.0,,448.286,0.0,0.0,30.0,1.924,,,0.0,1.0,,True,completed
146411_416_0,pkw,25964.0,25997.0,33.0,,451.625,0.0,0.0,33.0,1.655,,,0.0,1.0,,True,completed
173974_427_0,pkw,25982.0,26001.0,19.0,,193.872,0.0,0.0,19.0,5.297,,,0.0,1.0,,True,completed
107998_400_0,pkw,25969.0,26003.0,34.0,,446.841,0.0,0.0,34.0,2.59,,,0.0,1.0,,True,completed
118911_405_0,pkw,25967.0,26004.0,37.0,,445.668,0.0,0.0,37.0,1.98,,,0.0,1.0,,True,completed
109862_401_0,pkw,25994.0,26005.0,11.0,,200.686,0.0,0.0,11.0,0.617,,,0.0,1.0,,True,completed
102001_396_0,pkw,25974.0,26011.0,37.0,,451.235,0.0,0.0,37.0,1.453,,,0.0,1.0,,True,completed
95643_394_0,pkw,25966.0,26014.0,48.0,,427.321,1.0,1.0,47.0,8.963,,,0.0208,0.9792,,True,completed
155258_420_0,pkw,25999.0,26017.0,18.0,,152.482,0.0,0.0,18.0,7.776,,,0.0,1.0,,True,completed
124749_406_0,pkw,25989.0,26025.0,36.0,,440.541,0.0,0.0,36.0,8.51,,,0.0,1.0,,True,completed
137931_412_0,pkw,25986.0,26025.0,39.0,,445.695,0.0,0.0,39.0,4.87,,,0.0,1.0,,True,completed
141272_415_0,pkw,26011.0,26029.0,18.0,,196.722,0.0,0.0,18.0,6.599,,,0.0,1.0,,True,completed
112780_402_0,pkw,25991.0,26030.0,39.0,,458.568,0.0,0.0,39.0,7.667,,,0.0,1.0,,True,completed
130651_409_0,pkw,25980.0,26030.0,50.0,,453.189,1.0,1.0,49.0,8.205,,,0.02,0.98,,True,completed
104503_397_0,pkw,25990.0,26031.0,41.0,,430.765,4.0,4.0,37.0,14.266,,,0.0976,0.9024,,True,completed
123860_406_0,pkw,25999.0,26031.0,32.0,,183.163,14.0,14.0,18.0,22.54,,,0.4375,0.5625,,True,completed
128887_408_0,pkw,26002.0,26031.0,29.0,,196.596,10.0,10.0,19.0,17.202,,,0.3448,0.6552,,True,completed
91248_391_0,pkw,25994.0,26032.0,38.0,,464.05,0.0,0.0,38.0,6.741,,,0.0,1.0,,True,completed
164943_423_0,pkw,25995.0,26035.0,40.0,,433.573,0.0,0.0,40.0,8.274,,,0.0,1.0,,True,completed
120720_405_0,pkw,25991.0,26036.0,45.0,,431.507,3.0,3.0,42.0,12.131,,,0.0667,0.9333,,True,completed
104991_398_0,pkw,25997.0,26037.0,40.0,,431.24,0.0,0.0,40.0,7.835,,,0.0,1.0,,True,completed
107750_400_0,pkw,25997.0,26037.0,40.0,,424.439,0.0,0.0,40.0,12.058,,,0.0,1.0,,True,completed
165168_423_0,pkw,26000.0,26039.0,39.0,,437.073,0.0,0.0,39.0,8.54,,,0.0,1.0,,True,completed
147039_416_0,pkw,26002.0,26041.0,39.0,,426.399,0.0,0.0,39.0,6.714,,,0.0,1.0,,True,completed
123353_406_0,pkw,26017.0,26042.0,25.0,,166.786,8.0,8.0,17.0,14.903,,,0.32,0.68,,True,completed
143450_415_0,pkw,26004.0,26043.0,39.0,,430.091,0.0,0.0,39.0,6.372,,,0.0,1.0,,True,completed
175059_428_0,pkw,26019.0,26043.0,24.0,,153.19,7.0,7.0,17.0,15.367,,,0.2917,0.7083,,True,completed
112364_401_0,pkw,26002.0,26045.0,43.0,,435.2,0.0,0.0,43.0,5.669,,,0.0,1.0,,True,completed
118760_405_0,pkw,26005.0,26045.0,40.0,,428.908,0.0,0.0,40.0,6.965,,,0.0,1.0,,True,completed
151525_419_0,pkw,26020.0,26045.0,25.0,,155.464,6.0,6.0,19.0,13.147,,,0.24,0.76,,True,completed
184959_431_0,pkw,26003.0,26046.0,43.0,,427.764,0.0,0.0,43.0,8.423,,,0.0,1.0,,True,completed
114624_403_0,pkw,26022.0,26047.0,25.0,,164.65,4.0,4.0,21.0,14.762,,,0.16,0.84,,True,completed
168951_425_0,pkw,26009.0,26047.0,38.0,,435.152,0.0,0.0,38.0,6.652,,,0.0,1.0,,True,completed
174745_427_0,pkw,26007.0,26048.0,41.0,,431.839,0.0,0.0,41.0,5.876,,,0.0,1.0,,True,completed
196432_436_0,pkw,26012.0,26048.0,36.0,,427.303,0.0,0.0,36.0,7.845,,,0.0,1.0,,True,completed
193955_435_0,pkw,26023.0,26049.0,26.0,,155.356,4.0,4.0,22.0,16.234,,,0.1538,0.8462,,True,completed
157226_421_0,pkw,26014.0,26050.0,36.0,,434.42,0.0,0.0,36.0,5.748,,,0.0,1.0,,True,completed
135055_411_0,pkw,26004.0,26051.0,47.0,,440.302,9.0,9.0,38.0,20.074,,,0.1915,0.8085,,True,completed
143271_415_0,pkw,26010.0,26051.0,41.0,,437.356,0.0,0.0,41.0,3.078,,,0.0,1.0,,True,completed
145576_416_0,pkw,26025.0,26051.0,26.0,,157.731,3.0,3.0,23.0,14.835,,,0.1154,0.8846,,True,completed
188921_434_0,pkw,26027.0,26053.0,26.0,,164.727,3.0,3.0,23.0,15.716,,,0.1154,0.8846,,True,completed
147371_416_0,pkw,26014.0,26055.0,41.0,,447.457,0.0,0.0,41.0,8.773,,,0.0,1.0,,True,completed
95064_393_0,pkw,26029.0,26056.0,27.0,,165.458,1.0,1.0,26.0,15.019,,,0.037,0.963,,True,completed
146365_416_0,pkw,26031.0,26057.0,26.0,,158.328,1.0,1.0,25.0,16.154,,,0.0385,0.9615,,True,completed
129239_408_0,pkw,26019.0,26058.0,39.0,,449.114,0.0,0.0,39.0,5.302,,,0.0,1.0,,True,completed
127805_407_0,pkw,26027.0,26061.0,34.0,,191.887,14.0,14.0,20.0,23.916,,,0.4118,0.5882,,True,completed
148337_417_0,pkw,26039.0,26063.0,24.0,,189.011,1.0,2.0,22.0,14.344,,,0.0833,0.9167,,True,completed
110138_401_0,pkw,26037.0,26065.0,28.0,,200.164,4.0,4.0,24.0,16.87,,,0.1429,0.8571,,True,completed
119604_405_0,pkw,26042.0,26065.0,23.0,,188.682,1.0,1.0,22.0,10.956,,,0.0435,0.9565,,True,completed
183604_431_0,pkw,26018.0,26071.0,53.0,,429.972,18.0,18.0,35.0,24.939,,,0.3396,0.6604,,True,completed
190126_434_0,pkw,26042.0,26072.0,30.0,,167.445,9.0,9.0,21.0,17.16,,,0.3,0.7,,True,completed
122769_406_0,pkw,26045.0,26073.0,28.0,,156.801,9.0,9.0,19.0,18.101,,,0.3214,0.6786,,True,completed
128898_408_0,pkw,26047.0,26075.0,28.0,,162.89,8.0,8.0,20.0,17.897,,,0.2857,0.7143,,True,completed
183293_431_0,pkw,26039.0,26075.0,36.0,,438.0,0.0,1.0,35.0,5.068,,,0.0278,0.9722,,True,completed
184170_431_0,pkw,26050.0,26076.0,26.0,,153.769,7.0,7.0,19.0,17.243,,,0.2692,0.7308,,True,completed
147619_416_0,pkw,26016.0,26077.0,61.0,,433.647,18.0,18.0,43.0,23.836,,,0.2951,0.7049,,True,completed
123020_406_0,pkw,26051.0,26078.0,27.0,,164.904,6.0,6.0,21.0,16.948,,,0.2222,0.7778,,True,completed
131381_410_0,pkw,26024.0,26079.0,55.0,,445.534,18.0,18.0,37.0,26.348,,,0.3273,0.6727,,True,completed
175678_428_0,pkw,26053.0,26080.0,27.0,,158.938,5.0,5.0,22.0,14.454,,,0.1852,0.8148,,True,completed
114290_402_0,pkw,26029.0,26082.0,53.0,,444.745,13.0,13.0,40.0,22.392,,,0.2453,0.7547,,True,completed
153999_420_0,pkw,26055.0,26082.0,27.0,,166.407,4.0,4.0,23.0,16.672,,,0.1481,0.8519,,True,completed
154682_420_0,pkw,26057.0,26083.0,26.0,,157.829,4.0,4.0,22.0,16.488,,,0.1538,0.8462,,True,completed
113502_402_0,pkw,26059.0,26085.0,26.0,,167.286,4.0,4.0,22.0,16.71,,,0.1538,0.8462,,True,completed
120397_405_0,pkw,26073.0,26086.0,13.0,,153.56,0.0,0.0,13.0,2.306,,,0.0,1.0,,True,completed
142839_415_0,pkw,26046.0,26088.0,42.0,,443.618,0.0,0.0,42.0,8.962,,,0.0,1.0,,True,completed
120972_405_0,pkw,26076.0,26089.0,13.0,,157.739,0.0,0.0,13.0,1.004,,,0.0,1.0,,True,completed
185736_432_0,pkw,26078.0,26091.0,13.0,,166.076,0.0,0.0,13.0,1.987,,,0.0,1.0,,True,completed
178124_430_0,pkw,26080.0,26092.0,12.0,,158.062,0.0,0.0,12.0,1.577,,,0.0,1.0,,True,completed
149395_417_0,pkw,26082.0,26094.0,12.0,,166.512,0.0,0.0,12.0,1.547,,,0.0,1.0,,True,completed
128717_408_0,pkw,26086.0,26099.0,13.0,,202.809,0.0,0.0,13.0,1.474,,,0.0,1.0,,True,completed
156856_421_0,pkw,26064.0,26101.0,37.0,,171.484,17.0,17.0,20.0,24.135,,,0.4595,0.5405,,True,completed
137355_412_0,pkw,26087.0,26102.0,15.0,,200.694,0.0,0.0,15.0,0.645,,,0.0,1.0,,True,completed
160420_421_0,pkw,26092.0,26105.0,13.0,,191.362,0.0,0.0,13.0,0.531,,,0.0,1.0,,True,completed
127709_407_0,pkw,26103.0,26115.0,12.0,,182.849,0.0,0.0,12.0,0.491,,,0.0,1.0,,True,completed
185926_432_0,pkw,26071.0,26120.0,49.0,,425.112,11.0,11.0,38.0,17.799,,,0.2245,0.7755,,True,completed
198554_436_0,pkw,26090.0,26124.0,34.0,,429.314,0.0,0.0,34.0,1.789,,,0.0,1.0,,True,completed
157808_421_0,pkw,26098.0,26131.0,33.0,,185.382,15.0,15.0,18.0,23.218,,,0.4545,0.5455,,True,completed
163719_422_0,pkw,26107.0,26131.0,24.0,,186.027,6.0,6.0,18.0,13.36,,,0.25,0.75,,True,completed
172984_426_0,pkw,26090.0,26131.0,41.0,,203.54,19.0,21.0,20.0,30.351,,,0.5122,0.4878,,True,completed
147117_416_0,pkw,26109.0,26134.0,25.0,,191.909,4.0,4.0,21.0,12.155,,,0.16,0.84,,True,completed
198762_436_0,pkw,26095.0,26141.0,46.0,,432.653,2.0,2.0,44.0,9.115,,,0.0435,0.9565,,True,completed
173017_426_0,pkw,26128.0,26145.0,17.0,,159.47,0.0,0.0,17.0,7.493,,,0.0,1.0,,True,completed
173628_427_0,pkw,26129.0,26147.0,18.0,,161.693,0.0,0.0,18.0,4.996,,,0.0,1.0,,True,completed
186127_432_0,pkw,26132.0,26149.0,17.0,,158.706,0.0,0.0,17.0,7.789,,,0.0,1.0,,True,completed
201617_438_0,pkw,26134.0,26151.0,17.0,,165.61,0.0,0.0,17.0,6.158,,,0.0,1.0,,True,completed
173550_427_0,pkw,26138.0,26152.0,14.0,,153.475,0.0,0.0,14.0,3.703,,,0.0,1.0,,True,completed
179915_430_0,pkw,26128.0,26159.0,31.0,,430.763,0.0,0.0,31.0,1.527,,,0.0,1.0,,True,completed
154087_420_0,pkw,26150.0,26171.0,21.0,,194.84,1.0,1.0,20.0,11.07,,,0.0476,0.9524,,True,completed
182215_431_0,pkw,26151.0,26171.0,20.0,,178.375,0.0,0.0,20.0,7.783,,,0.0,1.0,,True,completed
144735_416_0,pkw,26154.0,26172.0,18.0,,190.695,0.0,0.0,18.0,7.825,,,0.0,1.0,,True,completed
162087_421_0,pkw,26153.0,26173.0,20.0,,192.527,0.0,0.0,20.0,9.388,,,0.0,1.0,,True,completed
144596_416_0,pkw,26156.0,26174.0,18.0,,196.519,0.0,0.0,18.0,8.403,,,0.0,1.0,,True,completed
167635_425_0,pkw,26154.0,26175.0,21.0,,201.652,0.0,0.0,21.0,9.666,,,0.0,1.0,,True,completed
91928_392_0,pkw,26155.0,26176.0,21.0,,203.38,0.0,0.0,21.0,9.27,,,0.0,1.0,,True,completed
143722_416_0,pkw,26137.0,26180.0,43.0,,426.685,5.0,5.0,38.0,11.717,,,0.1163,0.8837,,True,completed
180053_430_0,pkw,26141.0,26180.0,39.0,,432.766,0.0,0.0,39.0,7.695,,,0.0,1.0,,True,completed
193009_435_0,pkw,26164.0,26180.0,16.0,,141.621,0.0,0.0,16.0,6.744,,,0.0,1.0,,True,completed
132635_410_0,pkw,26148.0,26182.0,34.0,,431.538,0.0,0.0,34.0,1.807,,,0.0,1.0,,True,completed
141374_415_0,pkw,26144.0,26183.0,39.0,,431.31,0.0,0.0,39.0,6.973,,,0.0,1.0,,True,completed
187756_433_0,pkw,26157.0,26189.0,32.0,,167.68,12.0,12.0,20.0,21.126,,,0.375,0.625,,True,completed
175861_428_0,pkw,26165.0,26190.0,25.0,,184.668,4.0,4.0,21.0,15.431,,,0.16,0.84,,True,completed
82141_389_0,pkw,26165.0,26191.0,26.0,,169.978,5.0,5.0,21.0,12.646,,,0.1923,0.8077,,True,completed
87651_391_0,pkw,26167.0,26191.0,24.0,,167.631,3.0,4.0,20.0,12.663,,,0.1667,0.8333,,True,completed
172508_426_0,pkw,26168.0,26193.0,25.0,,199.114,2.0,2.0,23.0,12.075,,,0.08,0.92,,True,completed
120336_405_0,pkw,26173.0,26194.0,21.0,,176.991,0.0,0.0,21.0,10.116,,,0.0,1.0,,True,completed
150909_418_0,pkw,26175.0,26195.0,20.0,,168.537,0.0,0.0,20.0,9.902,,,0.0,1.0,,True,completed
144456_416_0,pkw,26164.0,26198.0,34.0,,432.602,0.0,0.0,34.0,3.021,,,0.0,1.0,,True,completed
132991_410_0,pkw,26162.0,26200.0,38.0,,432.241,1.0,1.0,37.0,9.98,,,0.0263,0.9737,,True,completed
186295_432_0,pkw,26168.0,26203.0,35.0,,451.963,0.0,0.0,35.0,6.786,,,0.0,1.0,,True,completed
174836_427_0,pkw,26173.0,26206.0,33.0,,430.806,0.0,0.0,33.0,1.631,,,0.0,1.0,,True,completed
185000_431_0,pkw,26186.0,26211.0,25.0,,173.602,4.0,4.0,21.0,12.059,,,0.16,0.84,,True,completed
196852_436_0,pkw,26186.0,26211.0,25.0,,202.56,8.0,8.0,17.0,13.782,,,0.32,0.68,,True,completed
121160_405_0,pkw,26192.0,26213.0,21.0,,173.876,0.0,0.0,21.0,8.867,,,0.0,1.0,,True,completed
137750_412_0,pkw,26196.0,26213.0,17.0,,197.184,0.0,1.0,16.0,4.82,,,0.0588,0.9412,,True,completed
137942_412_0,pkw,26199.0,26214.0,15.0,,194.94,0.0,0.0,15.0,4.427,,,0.0,1.0,,True,completed
119795_405_0,pkw,26205.0,26217.0,12.0,,200.55,0.0,0.0,12.0,0.723,,,0.0,1.0,,True,completed
144203_416_0,pkw,26175.0,26220.0,45.0,,428.812,6.0,6.0,39.0,12.96,,,0.1333,0.8667,,True,completed
209386_441_0,pkw,26169.0,26221.0,52.0,,430.93,6.0,6.0,46.0,13.17,,,0.1154,0.8846,,True,completed
194750_436_0,pkw,26171.0,26223.0,52.0,,435.172,6.0,6.0,46.0,19.302,,,0.1154,0.8846,,True,completed
201408_438_0,pkw,26190.0,26223.0,33.0,,433.536,0.0,0.0,33.0,2.286,,,0.0,1.0,,True,completed
140506_414_0,pkw,26214.0,26228.0,14.0,,187.665,0.0,0.0,14.0,4.199,,,0.0,1.0,,True,completed
130863_409_0,pkw,26217.0,26230.0,13.0,,198.646,0.0,0.0,13.0,2.953,,,0.0,1.0,,True,completed
115245_403_0,pkw,26220.0,26231.0,11.0,,179.976,0.0,0.0,11.0,0.995,,,0.0,1.0,,True,completed
138028_412_0,pkw,26211.0,26231.0,20.0,,203.533,1.0,1.0,19.0,8.706,,,0.05,0.95,,True,completed
151977_419_0,pkw,26220.0,26232.0,12.0,,191.382,0.0,0.0,12.0,0.706,,,0.0,1.0,,True,completed
155346_420_0,pkw,26215.0,26232.0,17.0,,190.432,0.0,0.0,17.0,5.919,,,0.0,1.0,,True,completed
75906_386_0,pkw,26187.0,26232.0,45.0,,488.574,0.0,0.0,45.0,2.827,,,0.0,1.0,,True,completed
125309_406_0,pkw,26218.0,26234.0,16.0,,201.12,0.0,0.0,16.0,4.36,,,0.0,1.0,,True,completed
120918_405_0,pkw,26222.0,26235.0,13.0,,202.401,0.0,0.0,13.0,0.652,,,0.0,1.0,,True,completed
132053_410_0,pkw,26220.0,26236.0,16.0,,193.3,0.0,0.0,16.0,1.784,,,0.0,1.0,,True,completed
78744_387_0,pkw,26223.0,26236.0,13.0,,190.303,0.0,0.0,13.0,0.547,,,0.0,1.0,,True,completed
106576_399_0,pkw,26225.0,26238.0,13.0,,188.568,0.0,0.0,13.0,0.493,,,0.0,1.0,,True,completed
138869_413_0,pkw,26222.0,26238.0,16.0,,201.837,0.0,0.0,16.0,6.492,,,0.0,1.0,,True,completed
113977_402_0,pkw,26224.0,26239.0,15.0,,194.349,0.0,0.0,15.0,4.789,,,0.0,1.0,,True,completed
158704_421_0,pkw,26230.0,26241.0,11.0,,190.868,0.0,0.0,11.0,0.314,,,0.0,1.0,,True,completed
160045_421_0,pkw,26225.0,26241.0,16.0,,201.909,0.0,0.0,16.0,4.598,,,0.0,1.0,,True,completed
66799_380_0,pkw,26227.0,26242.0,15.0,,192.46,0.0,0.0,15.0,4.262,,,0.0,1.0,,True,completed
140904_414_0,pkw,26231.0,26243.0,12.0,,186.882,0.0,0.0,12.0,1.366,,,0.0,1.0,,True,completed
157524_421_0,pkw,26228.0,26244.0,16.0,,196.343,0.0,0.0,16.0,6.041,,,0.0,1.0,,True,completed
179847_430_0,pkw,26226.0,26244.0,18.0,,168.086,0.0,0.0,18.0,7.05,,,0.0,1.0,,True,completed
164859_422_0,pkw,26233.0,26245.0,12.0,,199.077,0.0,0.0,12.0,1.585,,,0.0,1.0,,True,completed
161366_421_0,pkw,26230.0,26246.0,16.0,,203.291,0.0,0.0,16.0,4.266,,,0.0,1.0,,True,completed
174068_427_0,pkw,26237.0,26247.0,10.0,,186.063,0.0,0.0,10.0,0.24,,,0.0,1.0,,True,completed
159876_421_0,pkw,26237.0,26251.0,14.0,,196.571,0.0,0.0,14.0,0.676,,,0.0,1.0,,True,completed
160613_421_0,pkw,26228.0,26251.0,23.0,,178.514,3.0,3.0,20.0,10.25,,,0.1304,0.8696,,True,completed
152190_419_0,pkw,26235.0,26253.0,18.0,,179.557,0.0,0.0,18.0,6.318,,,0.0,1.0,,True,completed
174976_428_0,pkw,26240.0,26253.0,13.0,,200.81,0.0,0.0,13.0,1.832,,,0.0,1.0,,True,completed
134487_411_0,pkw,26237.0,26254.0,17.0,,171.686,0.0,0.0,17.0,6.262,,,0.0,1.0,,True,completed
158001_421_0,pkw,26239.0,26256.0,17.0,,169.782,0.0,0.0,17.0,3.854,,,0.0,1.0,,True,completed
117166_404_0,pkw,26221.0,26259.0,38.0,,429.606,0.0,0.0,38.0,11.708,,,0.0,1.0,,True,completed
131968_410_0,pkw,26207.0,26261.0,54.0,,444.672,13.0,13.0,41.0,23.087,,,0.2407,0.7593,,True,completed
195072_436_0,pkw,26219.0,26262.0,43.0,,427.021,3.0,3.0,40.0,9.815,,,0.0698,0.9302,,True,completed
84251_390_0,pkw,26219.0,26262.0,43.0,,425.684,0.0,0.0,43.0,7.527,,,0.0,1.0,,True,completed
141693_415_0,pkw,26222.0,26264.0,42.0,,443.548,0.0,0.0,42.0,12.826,,,0.0,1.0,,True,completed
148073_417_0,pkw,26256.0,26268.0,12.0,,190.553,0.0,0.0,12.0,1.699,,,0.0,1.0,,True,completed
182242_431_0,pkw,26241.0,26269.0,28.0,,165.36,5.0,5.0,23.0,18.579,,,0.1786,0.8214,,True,completed
168247_425_0,pkw,26250.0,26271.0,21.0,,178.937,1.0,1.0,20.0,10.043,,,0.0476,0.9524,,True,completed
203685_439_0,pkw,26244.0,26271.0,27.0,,163.669,3.0,3.0,24.0,13.951,,,0.1111,0.8889,,True,completed
199507_437_0,pkw,26257.0,26273.0,16.0,,202.362,0.0,0.0,16.0,6.127,,,0.0,1.0,,True,completed
153702_420_0,pkw,26219.0,26278.0,59.0,,460.1,19.0,19.0,40.0,26.294,,,0.322,0.678,,True,completed
205411_440_0,pkw,26264.0,26279.0,15.0,,139.748,0.0,0.0,15.0,4.351,,,0.0,1.0,,True,completed
194948_436_0,pkw,26238.0,26281.0,43.0,,444.102,5.0,5.0,38.0,14.241,,,0.1163,0.8837,,True,completed
165285_423_0,pkw,26246.0,26282.0,36.0,,432.454,0.0,0.0,36.0,6.505,,,0.0,1.0,,True,completed
210154_441_0,pkw,26257.0,26288.0,31.0,,432.256,0.0,0.0,31.0,1.257,,,0.0,1.0,,True,completed
175859_428_0,pkw,26253.0,26290.0,37.0,,438.315,0.0,0.0,37.0,4.068,,,0.0,1.0,,True,completed
195114_436_0,pkw,26248.0,26291.0,43.0,,435.793,0.0,0.0,43.0,2.535,,,0.0,1.0,,True,completed
176788_429_0,pkw,26259.0,26292.0,33.0,,446.642,0.0,0.0,33.0,6.812,,,0.0,1.0,,True,completed
173174_427_0,pkw,26255.0,26293.0,38.0,,431.477,0.0,0.0,38.0,2.01,,,0.0,1.0,,True,completed
88667_391_0,pkw,26260.0,26299.0,39.0,,446.105,0.0,0.0,39.0,2.127,,,0.0,1.0,,True,completed
169310_425_0,pkw,26271.0,26300.0,29.0,,167.674,11.0,11.0,18.0,19.417,,,0.3793,0.6207,,True,completed
162342_421_0,pkw,26275.0,26301.0,26.0,,189.157,6.0,6.0,20.0,15.691,,,0.2308,0.7692,,True,completed
142019_415_0,pkw,26279.0,26303.0,24.0,,199.12,1.0,1.0,23.0,12.802,,,0.0417,0.9583,,True,completed
161953_421_0,pkw,26277.0,26303.0,26.0,,199.43,6.0,6.0,20.0,14.333,,,0.2308,0.7692,,True,completed
138350_412_0,pkw,26285.0,26304.0,19.0,,189.119,0.0,1.0,18.0,8.215,,,0.0526,0.9474,,True,completed
155654_420_0,pkw,26290.0,26306.0,16.0,,198.969,0.0,0.0,16.0,4.737,,,0.0,1.0,,True,completed
188437_433_0,pkw,26288.0,26306.0,18.0,,196.976,0.0,0.0,18.0,5.954,,,0.0,1.0,,True,completed
186005_432_0,pkw,26293.0,26308.0,15.0,,202.535,0.0,0.0,15.0,2.467,,,0.0,1.0,,True,completed
165304_423_0,pkw,26264.0,26311.0,47.0,,424.673,4.0,4.0,43.0,14.129,,,0.0851,0.9149,,True,completed
168278_425_0,pkw,26266.0,26311.0,45.0,,429.117,6.0,6.0,39.0,14.286,,,0.1333,0.8667,,True,completed
170962_426_0,pkw,26272.0,26313.0,41.0,,432.697,5.0,5.0,36.0,14.946,,,0.122,0.878,,True,completed
208014_441_0,pkw,26277.0,26314.0,37.0,,436.423,0.0,0.0,37.0,2.128,,,0.0,1.0,,True,completed
209977_441_0,pkw,26263.0,26315.0,52.0,,436.034,2.0,2.0,50.0,9.749,,,0.0385,0.9615,,True,completed
209865_441_0,pkw,26280.0,26316.0,36.0,,444.964,0.0,0.0,36.0,6.312,,,0.0,1.0,,True,completed
152256_419_0,pkw,26295.0,26321.0,26.0,,193.767,6.0,6.0,20.0,14.539,,,0.2308,0.7692,,True,completed
166403_424_0,pkw,26301.0,26321.0,20.0,,196.179,1.0,1.0,19.0,9.44,,,0.05,0.95,,True,completed
173762_427_0,pkw,26294.0,26321.0,27.0,,174.475,7.0,7.0,20.0,15.098,,,0.2593,0.7407,,True,completed
89293_391_0,pkw,26296.0,26323.0,27.0,,179.585,7.0,7.0,20.0,16.248,,,0.2593,0.7407,,True,completed
168315_425_0,pkw,26298.0,26324.0,26.0,,196.332,7.0,7.0,19.0,17.153,,,0.2692,0.7308,,True,completed
182027_431_0,pkw,26297.0,26324.0,27.0,,197.942,3.0,3.0,24.0,11.917,,,0.1111,0.8889,,True,completed
181741_431_0,pkw,26300.0,26326.0,26.0,,203.086,3.0,3.0,23.0,13.884,,,0.1154,0.8846,,True,completed
195063_436_0,pkw,26302.0,26326.0,24.0,,202.839,3.0,3.0,21.0,13.374,,,0.125,0.875,,True,completed
195766_436_0,pkw,26304.0,26327.0,23.0,,194.589,0.0,0.0,23.0,11.973,,,0.0,1.0,,True,completed
196636_436_0,pkw,26306.0,26328.0,22.0,,201.78,0.0,0.0,22.0,11.164,,,0.0,1.0,,True,completed
168584_425_0,pkw,26308.0,26329.0,21.0,,201.457,0.0,0.0,21.0,8.233,,,0.0,1.0,,True,completed
194383_436_0,pkw,26310.0,26329.0,19.0,,193.205,0.0,0.0,19.0,9.817,,,0.0,1.0,,True,completed
193929_435_0,pkw,26314.0,26330.0,16.0,,192.906,0.0,0.0,16.0,5.017,,,0.0,1.0,,True,completed
99791_396_0,pkw,26319.0,26330.0,11.0,,192.547,0.0,0.0,11.0,0.24,,,0.0,1.0,,True,completed
130655_409_0,pkw,26312.0,26334.0,22.0,,189.517,0.0,0.0,22.0,12.818,,,0.0,1.0,,True,completed
167177_425_0,pkw,26323.0,26336.0,13.0,,187.824,0.0,0.0,13.0,3.712,,,0.0,1.0,,True,completed
168218_425_0,pkw,26325.0,26337.0,12.0,,168.551,0.0,0.0,12.0,2.47,,,0.0,1.0,,True,completed
184915_431_0,pkw,26327.0,26339.0,12.0,,167.788,0.0,0.0,12.0,1.466,,,0.0,1.0,,True,completed
164124_422_0,pkw,26330.0,26350.0,20.0,,136.689,3.0,3.0,17.0,12.164,,,0.15,0.85,,True,completed
97664_395_0,pkw,26328.0,26351.0,23.0,,190.964,4.0,4.0,19.0,11.693,,,0.1739,0.8261,,True,completed
118113_405_0,pkw,26332.0,26353.0,21.0,,188.02,2.0,2.0,19.0,9.846,,,0.0952,0.9048,,True,completed
180186_430_0,pkw,26338.0,26355.0,17.0,,192.175,0.0,0.0,17.0,5.924,,,0.0,1.0,,True,completed
196515_436_0,pkw,26342.0,26355.0,13.0,,169.943,0.0,0.0,13.0,2.534,,,0.0,1.0,,True,completed
118404_405_0,pkw,26322.0,26357.0,35.0,,467.288,0.0,0.0,35.0,4.752,,,0.0,1.0,,True,completed
155659_420_0,pkw,26318.0,26361.0,43.0,,430.055,2.0,2.0,41.0,7.973,,,0.0465,0.9535,,True,completed
198014_436_0,pkw,26296.0,26361.0,65.0,,450.149,23.0,24.0,41.0,36.724,,,0.3692,0.6308,,True,completed
156933_421_0,pkw,26327.0,26363.0,36.0,,426.148,0.0,0.0,36.0,1.854,,,0.0,1.0,,True,completed
198956_436_0,pkw,26299.0,26364.0,65.0,,456.114,21.0,21.0,44.0,30.753,,,0.3231,0.6769,,True,completed
187305_433_0,pkw,26331.0,26369.0,38.0,,446.112,0.0,0.0,38.0,2.238,,,0.0,1.0,,True,completed
152154_419_0,pkw,26337.0,26371.0,34.0,,424.583,0.0,0.0,34.0,1.722,,,0.0,1.0,,True,completed
78694_387_0,pkw,26336.0,26371.0,35.0,,454.625,0.0,0.0,35.0,3.976,,,0.0,1.0,,True,completed
206972_441_0,pkw,26334.0,26378.0,44.0,,464.457,3.0,3.0,41.0,13.961,,,0.0682,0.9318,,True,completed
157880_421_0,pkw,26347.0,26382.0,35.0,,439.353,0.0,0.0,35.0,1.728,,,0.0,1.0,,True,completed
146877_416_0,pkw,26349.0,26383.0,34.0,,430.702,0.0,0.0,34.0,11.334,,,0.0,1.0,,True,completed
115471_403_0,pkw,26351.0,26385.0,34.0,,437.736,0.0,0.0,34.0,2.839,,,0.0,1.0,,True,completed
182895_431_0,pkw,26378.0,26393.0,15.0,,161.644,0.0,0.0,15.0,3.664,,,0.0,1.0,,True,completed
97909_395_0,pkw,26361.0,26395.0,34.0,,434.269,0.0,0.0,34.0,1.543,,,0.0,1.0,,True,completed
161985_421_0,pkw,26381.0,26396.0,15.0,,154.693,0.0,0.0,15.0,4.914,,,0.0,1.0,,True,completed
98702_395_0,pkw,26384.0,26396.0,12.0,,144.853,0.0,0.0,12.0,1.002,,,0.0,1.0,,True,completed
169701_426_0,pkw,26385.0,26398.0,13.0,,198.555,0.0,0.0,13.0,1.88,,,0.0,1.0,,True,completed
107161_400_0,pkw,26371.0,26401.0,30.0,,186.6,11.0,11.0,19.0,19.693,,,0.3667,0.6333,,True,completed
160151_421_0,pkw,26390.0,26401.0,11.0,,194.441,0.0,0.0,11.0,0.232,,,0.0,1.0,,True,completed
165758_423_0,pkw,26389.0,26401.0,12.0,,197.045,0.0,0.0,12.0,0.472,,,0.0,1.0,,True,completed
185401_432_0,pkw,26368.0,26404.0,36.0,,427.453,0.0,0.0,36.0,1.817,,,0.0,1.0,,True,completed
191059_435_0,pkw,26363.0,26410.0,47.0,,437.566,9.0,10.0,37.0,15.025,,,0.2128,0.7872,,True,completed
181532_431_0,pkw,26390.0,26412.0,22.0,,170.369,4.0,4.0,18.0,10.139,,,0.1818,0.8182,,True,completed
94386_393_0,pkw,26380.0,26412.0,32.0,,444.357,0.0,0.0,32.0,4.281,,,0.0,1.0,,True,completed
145141_416_0,pkw,26382.0,26413.0,31.0,,435.808,0.0,0.0,31.0,2.484,,,0.0,1.0,,True,completed
82166_389_0,pkw,26385.0,26416.0,31.0,,429.729,0.0,0.0,31.0,1.575,,,0.0,1.0,,True,completed
207870_441_0,pkw,26384.0,26420.0,36.0,,432.1,0.0,0.0,36.0,1.707,,,0.0,1.0,,True,completed
172772_426_0,pkw,26409.0,26422.0,13.0,,166.418,0.0,0.0,13.0,1.518,,,0.0,1.0,,True,completed
158141_421_0,pkw,26395.0,26424.0,29.0,,430.761,0.0,0.0,29.0,1.728,,,0.0,1.0,,True,completed
178553_430_0,pkw,26397.0,26427.0,30.0,,432.502,0.0,0.0,30.0,2.03,,,0.0,1.0,,True,completed
53404_371_0,pkw,26401.0,26431.0,30.0,,437.36,0.0,0.0,30.0,1.265,,,0.0,1.0,,True,completed
142215_415_0,pkw,26399.0,26432.0,33.0,,437.05,0.0,0.0,33.0,1.915,,,0.0,1.0,,True,completed
191859_435_0,pkw,26416.0,26440.0,24.0,,188.765,1.0,2.0,22.0,13.44,,,0.0833,0.9167,,True,completed
173046_427_0,pkw,26405.0,26441.0,36.0,,200.337,17.0,17.0,19.0,25.344,,,0.4722,0.5278,,True,completed
116224_404_0,pkw,26425.0,26442.0,17.0,,188.218,0.0,1.0,16.0,6.473,,,0.0588,0.9412,,True,completed
145696_416_0,pkw,26427.0,26442.0,15.0,,198.086,0.0,0.0,15.0,4.438,,,0.0,1.0,,True,completed
185227_432_0,pkw,26434.0,26446.0,12.0,,190.44,0.0,0.0,12.0,0.848,,,0.0,1.0,,True,completed
92274_392_0,pkw,26436.0,26446.0,10.0,,180.838,0.0,0.0,10.0,0.339,,,0.0,1.0,,True,completed
169383_426_0,pkw,26436.0,26448.0,12.0,,187.953,0.0,0.0,12.0,1.332,,,0.0,1.0,,True,completed
173015_426_0,pkw,26432.0,26448.0,16.0,,176.278,0.0,0.0,16.0,4.18,,,0.0,1.0,,True,completed
156189_420_0,pkw,26429.0,26450.0,21.0,,192.243,0.0,0.0,21.0,10.19,,,0.0,1.0,,True,completed
179055_430_0,pkw,26437.0,26450.0,13.0,,194.238,0.0,0.0,13.0,1.598,,,0.0,1.0,,True,completed
157367_421_0,pkw,26438.0,26453.0,15.0,,186.173,0.0,0.0,15.0,5.068,,,0.0,1.0,,True,completed
164320_422_0,pkw,26441.0,26453.0,12.0,,182.978,0.0,0.0,12.0,0.916,,,0.0,1.0,,True,completed
83577_390_0,pkw,26440.0,26453.0,13.0,,189.263,0.0,0.0,13.0,0.495,,,0.0,1.0,,True,completed
123979_406_0,pkw,26442.0,26455.0,13.0,,194.717,0.0,0.0,13.0,1.209,,,0.0,1.0,,True,completed
165876_424_0,pkw,26436.0,26455.0,19.0,,177.582,0.0,0.0,19.0,7.805,,,0.0,1.0,,True,completed
149975_417_0,pkw,26434.0,26456.0,22.0,,196.595,0.0,0.0,22.0,8.991,,,0.0,1.0,,True,completed
118434_405_0,pkw,26439.0,26457.0,18.0,,171.268,0.0,0.0,18.0,7.866,,,0.0,1.0,,True,completed
167945_425_0,pkw,26444.0,26457.0,13.0,,200.304,0.0,0.0,13.0,2.384,,,0.0,1.0,,True,completed
177207_429_0,pkw,26441.0,26459.0,18.0,,202.094,0.0,0.0,18.0,5.413,,,0.0,1.0,,True,completed
131058_409_0,pkw,26438.0,26460.0,22.0,,145.034,6.0,6.0,16.0,11.951,,,0.2727,0.7273,,True,completed
174028_427_0,pkw,26431.0,26461.0,30.0,,164.732,13.0,13.0,17.0,19.114,,,0.4333,0.5667,,True,completed
178534_430_0,pkw,26416.0,26461.0,45.0,,442.58,2.0,2.0,43.0,10.688,,,0.0444,0.9556,,True,completed
130643_409_0,pkw,26440.0,26462.0,22.0,,151.152,5.0,5.0,17.0,11.909,,,0.2273,0.7727,,True,completed
185869_432_0,pkw,26422.0,26463.0,41.0,,438.778,0.0,0.0,41.0,7.864,,,0.0,1.0,,True,completed
97861_395_0,pkw,26425.0,26465.0,40.0,,442.078,0.0,0.0,40.0,5.284,,,0.0,1.0,,True,completed
104234_397_0,pkw,26427.0,26468.0,41.0,,464.131,0.0,0.0,41.0,5.404,,,0.0,1.0,,True,completed
171071_426_0,pkw,26430.0,26468.0,38.0,,431.286,0.0,0.0,38.0,2.288,,,0.0,1.0,,True,completed
200602_437_0,pkw,26432.0,26469.0,37.0,,455.212,0.0,0.0,37.0,5.814,,,0.0,1.0,,True,completed
159102_421_0,pkw,26446.0,26472.0,26.0,,197.519,5.0,5.0,21.0,12.274,,,0.1923,0.8077,,True,completed
186289_432_0,pkw,26442.0,26472.0,30.0,,170.253,9.0,9.0,21.0,18.753,,,0.3,0.7,,True,completed
201635_438_0,pkw,26449.0,26473.0,24.0,,188.531,1.0,1.0,23.0,14.039,,,0.0417,0.9583,,True,completed
115123_403_0,pkw,26444.0,26475.0,31.0,,193.912,8.0,8.0,23.0,18.74,,,0.2581,0.7419,,True,completed
83716_390_0,pkw,26455.0,26475.0,20.0,,198.508,0.0,0.0,20.0,8.377,,,0.0,1.0,,True,completed
168011_425_0,pkw,26445.0,26476.0,31.0,,168.111,6.0,6.0,25.0,19.844,,,0.1935,0.8065,,True,completed
158192_421_0,pkw,26451.0,26478.0,27.0,,174.301,4.0,4.0,23.0,15.35,,,0.1481,0.8519,,True,completed
194747_436_0,pkw,26442.0,26481.0,39.0,,442.677,2.0,2.0,37.0,10.869,,,0.0513,0.9487,,True,completed
68057_381_0,pkw,26434.0,26481.0,47.0,,453.367,8.0,8.0,39.0,16.676,,,0.1702,0.8298,,True,completed
197106_436_0,pkw,26449.0,26482.0,33.0,,432.093,0.0,0.0,33.0,2.342,,,0.0,1.0,,True,completed
211311_442_0,pkw,26444.0,26482.0,38.0,,432.538,0.0,0.0,38.0,4.567,,,0.0,1.0,,True,completed
137478_412_0,pkw,26426.0,26483.0,57.0,,463.287,15.0,15.0,42.0,23.742,,,0.2632,0.7368,,True,completed
169788_426_0,pkw,26476.0,26488.0,12.0,,195.84,0.0,0.0,12.0,1.406,,,0.0,1.0,,True,completed
186423_432_0,pkw,26475.0,26488.0,13.0,,186.549,0.0,0.0,13.0,1.469,,,0.0,1.0,,True,completed
163326_422_0,pkw,26479.0,26492.0,13.0,,188.707,0.0,0.0,13.0,0.549,,,0.0,1.0,,True,completed
186205_432_0,pkw,26481.0,26493.0,12.0,,185.078,0.0,0.0,12.0,0.735,,,0.0,1.0,,True,completed
180573_430_0,pkw,26452.0,26495.0,43.0,,187.028,13.0,13.0,30.0,32.138,,,0.3023,0.6977,,True,completed
177265_429_0,pkw,26461.0,26498.0,37.0,,200.198,9.0,9.0,28.0,26.2,,,0.2432,0.7568,,True,completed
179115_430_0,pkw,26472.0,26499.0,27.0,,435.356,0.0,0.0,27.0,1.055,,,0.0,1.0,,True,completed
173602_427_0,pkw,26470.0,26504.0,34.0,,444.509,0.0,0.0,34.0,2.784,,,0.0,1.0,,True,completed
155212_420_0,pkw,26473.0,26505.0,32.0,,435.449,0.0,0.0,32.0,2.88,,,0.0,1.0,,True,completed
204221_440_0,pkw,26475.0,26508.0,33.0,,436.992,0.0,0.0,33.0,2.093,,,0.0,1.0,,True,completed
144043_416_0,pkw,26477.0,26512.0,35.0,,433.227,0.0,0.0,35.0,1.949,,,0.0,1.0,,True,completed
172041_426_0,pkw,26475.0,26516.0,41.0,,459.253,0.0,0.0,41.0,3.517,,,0.0,1.0,,True,completed
195823_436_0,pkw,26482.0,26521.0,39.0,,434.731,0.0,0.0,39.0,2.186,,,0.0,1.0,,True,completed
94331_393_0,pkw,26492.0,26522.0,30.0,,429.516,0.0,0.0,30.0,1.117,,,0.0,1.0,,True,completed
181090_431_0,pkw,26491.0,26526.0,35.0,,441.409,0.0,0.0,35.0,1.958,,,0.0,1.0,,True,completed
104840_398_0,pkw,26497.0,26530.0,33.0,,435.374,0.0,0.0,33.0,1.713,,,0.0,1.0,,True,completed
40062_360_0,pkw,26493.0,26533.0,40.0,,440.967,0.0,0.0,40.0,2.543,,,0.0,1.0,,True,completed
164467_422_0,pkw,26496.0,26534.0,38.0,,432.772,0.0,0.0,38.0,8.351,,,0.0,1.0,,True,completed
115512_403_0,pkw,26497.0,26538.0,41.0,,434.787,0.0,0.0,41.0,3.127,,,0.0,1.0,,True,completed
119139_405_0,pkw,26483.0,26538.0,55.0,,699.444,0.0,0.0,55.0,4.315,,,0.0,1.0,,True,completed
198106_436_0,pkw,26529.0,26542.0,13.0,,159.619,0.0,0.0,13.0,2.865,,,0.0,1.0,,True,completed
146478_416_0,pkw,26505.0,26545.0,40.0,,436.433,0.0,0.0,40.0,3.138,,,0.0,1.0,,True,completed
74484_385_0,pkw,26511.0,26547.0,36.0,,444.439,0.0,0.0,36.0,5.541,,,0.0,1.0,,True,completed
139036_413_0,pkw,26534.0,26548.0,14.0,,187.279,0.0,0.0,14.0,3.842,,,0.0,1.0,,True,completed
186999_432_0,pkw,26537.0,26550.0,13.0,,192.117,0.0,0.0,13.0,1.341,,,0.0,1.0,,True,completed
161516_421_0,pkw,26481.0,26552.0,71.0,,198.535,49.0,50.0,21.0,60.202,,,0.7042,0.2958,,True,completed
184714_431_0,pkw,26538.0,26552.0,14.0,,202.812,0.0,0.0,14.0,2.676,,,0.0,1.0,,True,completed
172220_426_0,pkw,26485.0,26553.0,68.0,,177.353,48.0,48.0,20.0,56.622,,,0.7059,0.2941,,True,completed
196360_436_0,pkw,26540.0,26553.0,13.0,,192.905,0.0,0.0,13.0,2.439,,,0.0,1.0,,True,completed
166993_424_0,pkw,26535.0,26555.0,20.0,,174.409,0.0,1.0,19.0,7.215,,,0.05,0.95,,True,completed
153330_420_0,pkw,26523.0,26556.0,33.0,,438.146,0.0,0.0,33.0,1.785,,,0.0,1.0,,True,completed
151154_418_0,pkw,26540.0,26557.0,17.0,,198.107,0.0,0.0,17.0,5.683,,,0.0,1.0,,True,completed
74794_385_0,pkw,26517.0,26557.0,40.0,,193.632,17.0,17.0,23.0,30.36,,,0.425,0.575,,True,completed
131090_409_0,pkw,26516.0,26559.0,43.0,,438.304,0.0,0.0,43.0,2.402,,,0.0,1.0,,True,completed
203991_439_0,pkw,26515.0,26561.0,46.0,,446.096,7.0,7.0,39.0,14.747,,,0.1522,0.8478,,True,completed
155067_420_0,pkw,26524.0,26562.0,38.0,,436.653,0.0,0.0,38.0,3.131,,,0.0,1.0,,True,completed
178950_430_0,pkw,26527.0,26563.0,36.0,,437.055,0.0,0.0,36.0,1.686,,,0.0,1.0,,True,completed
191303_435_0,pkw,26525.0,26564.0,39.0,,438.572,0.0,0.0,39.0,1.493,,,0.0,1.0,,True,completed
192872_435_0,pkw,26530.0,26564.0,34.0,,445.636,0.0,0.0,34.0,5.141,,,0.0,1.0,,True,completed
143401_415_0,pkw,26531.0,26567.0,36.0,,435.744,0.0,0.0,36.0,2.49,,,0.0,1.0,,True,completed
190104_434_0,pkw,26523.0,26567.0,44.0,,457.799,0.0,0.0,44.0,8.385,,,0.0,1.0,,True,completed
120913_405_0,pkw,26533.0,26569.0,36.0,,445.618,0.0,0.0,36.0,6.453,,,0.0,1.0,,True,completed
61393_376_0,pkw,26537.0,26570.0,33.0,,437.938,0.0,0.0,33.0,7.732,,,0.0,1.0,,True,completed
98108_395_0,pkw,26542.0,26575.0,33.0,,435.892,0.0,0.0,33.0,1.736,,,0.0,1.0,,True,completed
159128_421_0,pkw,26544.0,26576.0,32.0,,453.142,0.0,0.0,32.0,2.333,,,0.0,1.0,,True,completed
123108_406_0,pkw,26565.0,26578.0,13.0,,189.22,0.0,0.0,13.0,3.568,,,0.0,1.0,,True,completed
176845_429_0,pkw,26567.0,26578.0,11.0,,192.567,0.0,0.0,11.0,0.426,,,0.0,1.0,,True,completed
130204_409_0,pkw,26571.0,26582.0,11.0,,188.309,0.0,0.0,11.0,0.457,,,0.0,1.0,,True,completed
155883_420_0,pkw,26572.0,26582.0,10.0,,184.785,0.0,0.0,10.0,0.262,,,0.0,1.0,,True,completed
181870_431_0,pkw,26573.0,26584.0,11.0,,184.675,0.0,0.0,11.0,0.394,,,0.0,1.0,,True,completed
196109_436_0,pkw,26569.0,26585.0,16.0,,191.28,0.0,1.0,15.0,4.953,,,0.0625,0.9375,,True,completed
206714_440_0,pkw,26540.0,26587.0,47.0,,437.824,2.0,2.0,45.0,10.419,,,0.0426,0.9574,,True,completed
95554_394_0,pkw,26544.0,26591.0,47.0,,444.81,8.0,8.0,39.0,17.706,,,0.1702,0.8298,,True,completed
172308_426_0,pkw,26546.0,26592.0,46.0,,434.025,8.0,8.0,38.0,16.701,,,0.1739,0.8261,,True,completed
119240_405_0,pkw,26548.0,26594.0,46.0,,442.263,4.0,4.0,42.0,13.095,,,0.087,0.913,,True,completed
169233_425_0,pkw,26586.0,26598.0,12.0,,148.541,0.0,0.0,12.0,0.649,,,0.0,1.0,,True,completed
120811_405_0,pkw,26589.0,26600.0,11.0,,143.572,0.0,0.0,11.0,0.808,,,0.0,1.0,,True,completed
202009_438_0,pkw,26558.0,26600.0,42.0,,433.972,0.0,0.0,42.0,2.79,,,0.0,1.0,,True,completed
155263_420_0,pkw,26561.0,26602.0,41.0,,440.953,0.0,0.0,41.0,12.133,,,0.0,1.0,,True,completed
163242_422_0,pkw,26562.0,26603.0,41.0,,433.222,0.0,0.0,41.0,7.986,,,0.0,1.0,,True,completed
155483_420_0,pkw,26568.0,26606.0,38.0,,452.814,0.0,0.0,38.0,5.083,,,0.0,1.0,,True,completed
171964_426_0,pkw,26547.0,26606.0,59.0,,451.385,15.0,15.0,44.0,21.673,,,0.2542,0.7458,,True,completed
148973_417_0,pkw,26579.0,26611.0,32.0,,190.831,12.0,12.0,20.0,22.023,,,0.375,0.625,,True,completed
185990_432_0,pkw,26586.0,26611.0,25.0,,193.754,6.0,6.0,19.0,13.957,,,0.24,0.76,,True,completed
126929_407_0,pkw,26562.0,26612.0,50.0,,461.003,5.0,5.0,45.0,15.512,,,0.1,0.9,,True,completed
143358_415_0,pkw,26575.0,26612.0,37.0,,467.905,0.0,0.0,37.0,6.803,,,0.0,1.0,,True,completed
154448_420_0,pkw,26578.0,26613.0,35.0,,192.755,14.0,14.0,21.0,22.108,,,0.4,0.6,,True,completed
192379_435_0,pkw,26588.0,26613.0,25.0,,185.729,4.0,4.0,21.0,13.965,,,0.16,0.84,,True,completed
194226_436_0,pkw,26583.0,26613.0,30.0,,197.705,9.0,9.0,21.0,19.89,,,0.3,0.7,,True,completed
172669_426_0,pkw,26593.0,26614.0,21.0,,184.851,0.0,1.0,20.0,11.224,,,0.0476,0.9524,,True,completed
175306_428_0,pkw,26584.0,26615.0,31.0,,406.076,0.0,0.0,31.0,4.289,,,0.0,1.0,,True,completed
157327_421_0,pkw,26597.0,26616.0,19.0,,201.883,0.0,0.0,19.0,9.586,,,0.0,1.0,,True,completed
206443_440_0,pkw,26580.0,26616.0,36.0,,428.159,0.0,0.0,36.0,1.997,,,0.0,1.0,,True,completed
218594_446_0,pkw,26612.0,26616.0,4.0,,65.027,0.0,0.0,4.0,0.137,,,0.0,1.0,,True,completed
139710_413_0,pkw,26590.0,26617.0,27.0,,176.216,1.0,1.0,26.0,16.56,,,0.037,0.963,,True,completed
201047_437_0,pkw,26598.0,26617.0,19.0,,192.858,0.0,0.0,19.0,8.405,,,0.0,1.0,,True,completed
168981_425_0,pkw,26570.0,26622.0,52.0,,437.122,9.0,9.0,43.0,16.369,,,0.1731,0.8269,,True,completed
159997_421_0,pkw,26572.0,26624.0,52.0,,442.958,8.0,8.0,44.0,20.877,,,0.1538,0.8462,,True,completed
153114_420_0,pkw,26575.0,26626.0,51.0,,439.476,7.0,7.0,44.0,21.581,,,0.1373,0.8627,,True,completed
172886_426_0,pkw,26576.0,26627.0,51.0,,428.546,6.0,6.0,45.0,24.718,,,0.1176,0.8824,,True,completed
202246_438_0,pkw,26600.0,26627.0,27.0,,157.724,5.0,5.0,22.0,17.439,,,0.1852,0.8148,,True,completed
109546_401_0,pkw,26574.0,26628.0,54.0,,464.15,9.0,9.0,45.0,20.092,,,0.1667,0.8333,,True,completed
69734_381_0,pkw,26595.0,26629.0,34.0,,454.114,0.0,0.0,34.0,6.455,,,0.0,1.0,,True,completed
202023_438_0,pkw,26603.0,26631.0,28.0,,176.936,8.0,8.0,20.0,16.163,,,0.2857,0.7143,,True,completed
159252_421_0,pkw,26601.0,26632.0,31.0,,201.56,6.0,6.0,25.0,18.696,,,0.1935,0.8065,,True,completed
177075_429_0,pkw,26603.0,26632.0,29.0,,187.584,7.0,7.0,22.0,17.02,,,0.2414,0.7586,,True,completed
153284_420_0,pkw,26576.0,26633.0,57.0,,442.912,16.0,16.0,41.0,23.64,,,0.2807,0.7193,,True,completed
172588_426_0,pkw,26605.0,26633.0,28.0,,192.205,5.0,5.0,23.0,15.712,,,0.1786,0.8214,,True,completed
154418_420_0,pkw,26609.0,26634.0,25.0,,188.826,5.0,5.0,20.0,14.483,,,0.2,0.8,,True,completed
199461_437_0,pkw,26609.0,26635.0,26.0,,200.832,4.0,4.0,22.0,14.955,,,0.1538,0.8462,,True,completed
179661_430_0,pkw,26596.0,26636.0,40.0,,445.7,0.0,0.0,40.0,8.903,,,0.0,1.0,,True,completed
180862_431_0,pkw,26614.0,26636.0,22.0,,190.783,0.0,0.0,22.0,12.936,,,0.0,1.0,,True,completed
141719_415_0,pkw,26615.0,26638.0,23.0,,199.318,0.0,0.0,23.0,11.41,,,0.0,1.0,,True,completed
199832_437_0,pkw,26612.0,26638.0,26.0,,197.419,2.0,2.0,24.0,16.322,,,0.0769,0.9231,,True,completed
116773_404_0,pkw,26577.0,26640.0,63.0,,455.613,20.0,20.0,43.0,33.528,,,0.3175,0.6825,,True,completed
114840_403_0,pkw,26579.0,26641.0,62.0,,453.572,19.0,19.0,43.0,36.489,,,0.3065,0.6935,,True,completed
178506_430_0,pkw,26582.0,26641.0,59.0,,183.065,27.0,27.0,32.0,48.183,,,0.4576,0.5424,,True,completed
135176_411_0,pkw,26587.0,26642.0,55.0,,438.301,8.0,8.0,47.0,26.37,,,0.1455,0.8545,,True,completed
102516_396_0,pkw,26599.0,26643.0,44.0,,189.451,7.0,7.0,37.0,32.329,,,0.1591,0.8409,,True,completed
122646_406_0,pkw,26589.0,26643.0,54.0,,431.663,7.0,7.0,47.0,20.534,,,0.1296,0.8704,,True,completed
126395_407_0,pkw,26603.0,26645.0,42.0,,440.136,1.0,1.0,41.0,13.023,,,0.0238,0.9762,,True,completed
144022_416_0,pkw,26581.0,26645.0,64.0,,466.256,17.0,17.0,47.0,33.356,,,0.2656,0.7344,,True,completed
168558_425_0,pkw,26605.0,26647.0,42.0,,434.316,0.0,0.0,42.0,8.38,,,0.0,1.0,,True,completed
198317_436_0,pkw,26600.0,26647.0,47.0,,408.066,4.0,4.0,43.0,21.51,,,0.0851,0.9149,,True,completed
178981_430_0,pkw,26618.0,26650.0,32.0,,188.109,6.0,6.0,26.0,21.922,,,0.1875,0.8125,,True,completed
137018_412_0,pkw,26616.0,26651.0,35.0,,195.498,9.0,9.0,26.0,24.569,,,0.2571,0.7429,,True,completed
168129_425_0,pkw,26620.0,26652.0,32.0,,189.521,5.0,5.0,27.0,20.018,,,0.1562,0.8438,,True,completed
126538_407_0,pkw,26620.0,26653.0,33.0,,202.738,9.0,9.0,24.0,22.694,,,0.2727,0.7273,,True,completed
154330_420_0,pkw,26622.0,26654.0,32.0,,191.502,7.0,7.0,25.0,20.996,,,0.2188,0.7812,,True,completed
212753_443_0,pkw,26627.0,26654.0,27.0,,200.275,4.0,4.0,23.0,16.434,,,0.1481,0.8519,,True,completed
194257_436_0,pkw,26624.0,26656.0,32.0,,195.455,6.0,6.0,26.0,21.892,,,0.1875,0.8125,,True,completed
190451_434_0,pkw,26618.0,26660.0,42.0,,434.424,3.0,3.0,39.0,10.487,,,0.0714,0.9286,,True,completed
181412_431_0,pkw,26610.0,26661.0,51.0,,444.766,7.0,7.0,44.0,14.672,,,0.1373,0.8627,,True,completed
85301_390_0,pkw,26585.0,26661.0,76.0,,465.325,21.0,21.0,55.0,46.122,,,0.2763,0.7237,,True,completed
214686_445_0,pkw,26627.0,26662.0,35.0,,436.412,0.0,0.0,35.0,2.984,,,0.0,1.0,,True,completed
214993_445_0,pkw,26631.0,26664.0,33.0,,442.327,0.0,0.0,33.0,4.235,,,0.0,1.0,,True,completed
145383_416_0,pkw,26623.0,26665.0,42.0,,435.947,0.0,0.0,42.0,2.41,,,0.0,1.0,,True,completed
181130_431_0,pkw,26593.0,26665.0,72.0,,671.992,4.0,4.0,68.0,23.754,,,0.0556,0.9444,,True,completed
71443_383_0,pkw,26633.0,26667.0,34.0,,437.638,0.0,0.0,34.0,2.566,,,0.0,1.0,,True,completed
157683_421_0,pkw,26635.0,26669.0,34.0,,446.638,0.0,0.0,34.0,3.069,,,0.0,1.0,,True,completed
186090_432_0,pkw,26639.0,26672.0,33.0,,427.71,0.0,0.0,33.0,1.449,,,0.0,1.0,,True,completed
196735_436_0,pkw,26643.0,26681.0,38.0,,196.461,18.0,18.0,20.0,26.427,,,0.4737,0.5263,,True,completed
202497_438_0,pkw,26646.0,26681.0,35.0,,188.997,15.0,15.0,20.0,24.301,,,0.4286,0.5714,,True,completed
92127_392_0,pkw,26641.0,26681.0,40.0,,399.528,2.0,2.0,38.0,12.36,,,0.05,0.95,,True,completed
208082_441_0,pkw,26649.0,26682.0,33.0,,187.824,14.0,14.0,19.0,22.06,,,0.4242,0.5758,,True,completed
137134_412_0,pkw,26647.0,26683.0,36.0,,408.815,0.0,0.0,36.0,7.876,,,0.0,1.0,,True,completed
189897_434_0,pkw,26653.0,26683.0,30.0,,201.033,10.0,10.0,20.0,18.453,,,0.3333,0.6667,,True,completed
147570_416_0,pkw,26662.0,26684.0,22.0,,190.441,0.0,0.0,22.0,10.421,,,0.0,1.0,,True,completed
190771_435_0,pkw,26658.0,26685.0,27.0,,201.194,2.0,3.0,24.0,15.735,,,0.1111,0.8889,,True,completed
142599_415_0,pkw,26665.0,26687.0,22.0,,189.187,0.0,1.0,21.0,12.216,,,0.0455,0.9545,,True,completed
199575_437_0,pkw,26649.0,26690.0,41.0,,403.891,3.0,3.0,38.0,13.524,,,0.0732,0.9268,,True,completed
190466_434_0,pkw,26637.0,26691.0,54.0,,440.298,4.0,4.0,50.0,12.553,,,0.0741,0.9259,,True,completed
205417_440_0,pkw,26645.0,26691.0,46.0,,429.784,1.0,1.0,45.0,7.243,,,0.0217,0.9783,,True,completed
157491_421_0,pkw,26641.0,26693.0,52.0,,443.607,3.0,3.0,49.0,24.1,,,0.0577,0.9423,,True,completed
206619_440_0,pkw,26643.0,26695.0,52.0,,444.457,2.0,2.0,50.0,21.305,,,0.0385,0.9615,,True,completed
88877_391_0,pkw,26648.0,26696.0,48.0,,436.118,2.0,2.0,46.0,17.814,,,0.0417,0.9583,,True,completed
85004_390_0,pkw,26664.0,26697.0,33.0,,463.073,0.0,0.0,33.0,5.24,,,0.0,1.0,,True,completed
184195_431_0,pkw,26661.0,26699.0,38.0,,359.695,2.0,2.0,36.0,13.106,,,0.0526,0.9474,,True,completed
101049_396_0,pkw,26679.0,26701.0,22.0,,189.301,3.0,3.0,19.0,12.219,,,0.1364,0.8636,,True,completed
132886_410_0,pkw,26673.0,26701.0,28.0,,191.251,6.0,6.0,22.0,17.54,,,0.2143,0.7857,,True,completed
229091_450_0,pkw,26667.0,26702.0,35.0,,404.518,0.0,0.0,35.0,7.547,,,0.0,1.0,,True,completed
141030_414_0,pkw,26691.0,26703.0,12.0,,196.914,0.0,0.0,12.0,1.237,,,0.0,1.0,,True,completed
201858_438_0,pkw,26693.0,26703.0,10.0,,142.605,0.0,0.0,10.0,1.749,,,0.0,1.0,,True,completed
212161_442_0,pkw,26673.0,26703.0,30.0,,392.345,0.0,0.0,30.0,4.884,,,0.0,1.0,,True,completed
116252_404_0,pkw,26670.0,26705.0,35.0,,452.095,0.0,1.0,34.0,6.134,,,0.0286,0.9714,,True,completed
209956_441_0,pkw,26664.0,26708.0,44.0,,407.914,4.0,4.0,40.0,17.521,,,0.0909,0.9091,,True,completed
156877_421_0,pkw,26650.0,26710.0,60.0,,438.264,12.0,12.0,48.0,23.083,,,0.2,0.8,,True,completed
214628_444_0,pkw,26666.0,26712.0,46.0,,443.472,5.0,5.0,41.0,12.353,,,0.1087,0.8913,,True,completed
204162_439_0,pkw,26668.0,26714.0,46.0,,445.534,2.0,2.0,44.0,12.326,,,0.0435,0.9565,,True,completed
123117_406_0,pkw,26671.0,26715.0,44.0,,429.318,1.0,1.0,43.0,11.575,,,0.0227,0.9773,,True,completed
150684_418_0,pkw,26682.0,26717.0,35.0,,435.763,0.0,0.0,35.0,2.432,,,0.0,1.0,,True,completed
155886_420_0,pkw,26673.0,26717.0,44.0,,437.729,1.0,1.0,43.0,17.3,,,0.0227,0.9773,,True,completed
155549_420_0,pkw,26685.0,26718.0,33.0,,427.784,0.0,0.0,33.0,3.82,,,0.0,1.0,,True,completed
214401_444_0,pkw,26675.0,26719.0,44.0,,440.31,1.0,1.0,43.0,15.676,,,0.0227,0.9773,,True,completed
188593_434_0,pkw,26677.0,26720.0,43.0,,427.841,0.0,0.0,43.0,14.923,,,0.0,1.0,,True,completed
208939_441_0,pkw,26687.0,26720.0,33.0,,433.674,0.0,0.0,33.0,5.033,,,0.0,1.0,,True,completed
182832_431_0,pkw,26688.0,26722.0,34.0,,431.184,0.0,0.0,34.0,1.82,,,0.0,1.0,,True,completed
99677_396_0,pkw,26676.0,26722.0,46.0,,453.59,5.0,5.0,41.0,15.479,,,0.1087,0.8913,,True,completed
162502_422_0,pkw,26681.0,26723.0,42.0,,450.194,3.0,3.0,39.0,14.71,,,0.0714,0.9286,,True,completed
199431_437_0,pkw,26679.0,26723.0,44.0,,436.384,0.0,0.0,44.0,6.274,,,0.0,1.0,,True,completed
110984_401_0,pkw,26680.0,26725.0,45.0,,444.285,0.0,0.0,45.0,16.758,,,0.0,1.0,,True,completed
211811_442_0,pkw,26672.0,26725.0,53.0,,680.445,0.0,0.0,53.0,12.278,,,0.0,1.0,,True,completed
170018_426_0,pkw,26684.0,26726.0,42.0,,434.487,0.0,0.0,42.0,8.571,,,0.0,1.0,,True,completed
103034_397_0,pkw,26691.0,26727.0,36.0,,431.887,0.0,0.0,36.0,1.851,,,0.0,1.0,,True,completed
199704_437_0,pkw,26679.0,26728.0,49.0,,451.006,4.0,4.0,45.0,13.428,,,0.0816,0.9184,,True,completed
133105_410_0,pkw,26683.0,26729.0,46.0,,446.141,1.0,1.0,45.0,13.531,,,0.0217,0.9783,,True,completed
136672_411_0,pkw,26708.0,26731.0,23.0,,193.061,5.0,5.0,18.0,13.883,,,0.2174,0.7826,,True,completed
165167_423_0,pkw,26678.0,26731.0,53.0,,399.457,14.0,14.0,39.0,24.347,,,0.2642,0.7358,,True,completed
206270_440_0,pkw,26690.0,26731.0,41.0,,364.191,5.0,5.0,36.0,15.805,,,0.122,0.878,,True,completed
169567_426_0,pkw,26701.0,26733.0,32.0,,427.516,0.0,0.0,32.0,1.282,,,0.0,1.0,,True,completed
76361_386_0,pkw,26716.0,26733.0,17.0,,200.946,0.0,0.0,17.0,5.355,,,0.0,1.0,,True,completed
185866_432_0,pkw,26696.0,26735.0,39.0,,407.148,0.0,0.0,39.0,9.655,,,0.0,1.0,,True,completed
127789_407_0,pkw,26704.0,26736.0,32.0,,396.515,0.0,0.0,32.0,4.887,,,0.0,1.0,,True,completed
204094_439_0,pkw,26698.0,26740.0,42.0,,394.766,1.0,1.0,41.0,18.168,,,0.0238,0.9762,,True,completed
207244_441_0,pkw,26686.0,26740.0,54.0,,432.721,8.0,8.0,46.0,26.063,,,0.1481,0.8519,,True,completed
173429_427_0,pkw,26706.0,26741.0,35.0,,430.204,0.0,0.0,35.0,1.724,,,0.0,1.0,,True,completed
211553_442_0,pkw,26693.0,26741.0,48.0,,434.024,8.0,8.0,40.0,16.678,,,0.1667,0.8333,,True,completed
195523_436_0,pkw,26692.0,26742.0,50.0,,441.901,6.0,6.0,44.0,15.441,,,0.12,0.88,,True,completed
122410_406_0,pkw,26690.0,26743.0,53.0,,432.2,8.0,8.0,45.0,17.35,,,0.1509,0.8491,,True,completed
165006_423_0,pkw,26701.0,26743.0,42.0,,399.113,1.0,1.0,41.0,18.472,,,0.0238,0.9762,,True,completed
196643_436_0,pkw,26694.0,26743.0,49.0,,431.179,5.0,5.0,44.0,20.437,,,0.102,0.898,,True,completed
124332_406_0,pkw,26696.0,26745.0,49.0,,436.239,6.0,6.0,43.0,14.539,,,0.1224,0.8776,,True,completed
108941_400_0,pkw,26697.0,26746.0,49.0,,430.729,3.0,3.0,46.0,14.422,,,0.0612,0.9388,,True,completed
194707_436_0,pkw,26695.0,26746.0,51.0,,429.993,4.0,4.0,47.0,11.443,,,0.0784,0.9216,,True,completed
200836_437_0,pkw,26709.0,26747.0,38.0,,452.379,0.0,0.0,38.0,4.508,,,0.0,1.0,,True,completed
234991_451_0,pkw,26720.0,26749.0,29.0,,408.027,0.0,0.0,29.0,3.654,,,0.0,1.0,,True,completed
193510_435_0,pkw,26732.0,26750.0,18.0,,190.983,0.0,0.0,18.0,7.591,,,0.0,1.0,,True,completed
155897_420_0,pkw,26735.0,26752.0,17.0,,187.979,0.0,0.0,17.0,5.073,,,0.0,1.0,,True,completed
151053_418_0,pkw,26690.0,26755.0,65.0,,449.422,15.0,15.0,50.0,32.152,,,0.2308,0.7692,,True,completed
185014_431_0,pkw,26696.0,26756.0,60.0,,441.607,14.0,14.0,46.0,34.169,,,0.2333,0.7667,,True,completed
183790_431_0,pkw,26676.0,26759.0,83.0,,670.488,16.0,16.0,67.0,31.87,,,0.1928,0.8072,,True,completed
186689_432_0,pkw,26688.0,26759.0,71.0,,452.399,17.0,17.0,54.0,31.076,,,0.2394,0.7606,,True,completed
160692_421_0,pkw,26694.0,26760.0,66.0,,443.7,14.0,14.0,52.0,35.158,,,0.2121,0.7879,,True,completed
181512_431_0,pkw,26706.0,26760.0,54.0,,407.73,9.0,9.0,45.0,27.101,,,0.1667,0.8333,,True,completed
197962_436_0,pkw,26711.0,26760.0,49.0,,425.821,9.0,9.0,40.0,17.074,,,0.1837,0.8163,,True,completed
189721_434_0,pkw,26692.0,26761.0,69.0,,675.663,6.0,6.0,63.0,22.73,,,0.087,0.913,,True,completed
192573_435_0,pkw,26712.0,26761.0,49.0,,398.782,6.0,6.0,43.0,21.039,,,0.1224,0.8776,,True,completed
208367_441_0,pkw,26699.0,26761.0,62.0,,446.784,8.0,8.0,54.0,23.614,,,0.129,0.871,,True,completed
123465_406_0,pkw,26698.0,26762.0,64.0,,447.705,13.0,13.0,51.0,30.178,,,0.2031,0.7969,,True,completed
198226_436_0,pkw,26701.0,26762.0,61.0,,437.62,8.0,8.0,53.0,31.335,,,0.1311,0.8689,,True,completed
182162_431_0,pkw,26712.0,26763.0,51.0,,435.139,8.0,8.0,43.0,19.389,,,0.1569,0.8431,,True,completed
183279_431_0,pkw,26714.0,26763.0,49.0,,406.281,3.0,3.0,46.0,19.673,,,0.0612,0.9388,,True,completed
134334_411_0,pkw,26702.0,26764.0,62.0,,441.407,6.0,6.0,56.0,32.02,,,0.0968,0.9032,,True,completed
116480_404_0,pkw,26710.0,26765.0,55.0,,436.879,7.0,7.0,48.0,21.25,,,0.1273,0.8727,,True,completed
208574_441_0,pkw,26708.0,26765.0,57.0,,433.599,6.0,6.0,51.0,25.68,,,0.1053,0.8947,,True,completed
114619_403_0,pkw,26723.0,26766.0,43.0,,399.305,3.0,3.0,40.0,19.136,,,0.0698,0.9302,,True,completed
182185_431_0,pkw,26707.0,26766.0,59.0,,424.986,6.0,6.0,53.0,24.983,,,0.1017,0.8983,,True,completed
164904_423_0,pkw,26725.0,26767.0,42.0,,441.331,1.0,1.0,41.0,9.398,,,0.0238,0.9762,,True,completed
155279_420_0,pkw,26745.0,26772.0,27.0,,191.862,4.0,4.0,23.0,15.053,,,0.1481,0.8519,,True,completed
196620_436_0,pkw,26702.0,26772.0,70.0,,444.837,19.0,19.0,51.0,39.95,,,0.2714,0.7286,,True,completed
187195_433_0,pkw,26757.0,26774.0,17.0,,201.219,0.0,1.0,16.0,6.157,,,0.0588,0.9412,,True,completed
161240_421_0,pkw,26704.0,26775.0,71.0,,448.467,18.0,18.0,53.0,38.924,,,0.2535,0.7465,,True,completed
196884_436_0,pkw,26700.0,26778.0,78.0,,449.165,20.0,20.0,58.0,38.438,,,0.2564,0.7436,,True,completed
166951_424_0,pkw,26726.0,26779.0,53.0,,404.007,6.0,6.0,47.0,27.196,,,0.1132,0.8868,,True,completed
190330_434_0,pkw,26710.0,26779.0,69.0,,446.461,15.0,15.0,54.0,36.971,,,0.2174,0.7826,,True,completed
167910_425_0,pkw,26750.0,26781.0,31.0,,438.747,0.0,0.0,31.0,3.117,,,0.0,1.0,,True,completed
169627_426_0,pkw,26729.0,26781.0,52.0,,409.125,4.0,4.0,48.0,23.067,,,0.0769,0.9231,,True,completed
175971_428_0,pkw,26706.0,26781.0,75.0,,446.31,15.0,15.0,60.0,38.158,,,0.2,0.8,,True,completed
191612_435_0,pkw,26746.0,26782.0,36.0,,431.328,0.0,0.0,36.0,6.824,,,0.0,1.0,,True,completed
220505_447_0,pkw,26743.0,26784.0,41.0,,409.53,0.0,0.0,41.0,12.071,,,0.0,1.0,,True,completed
202707_439_0,pkw,26756.0,26786.0,30.0,,430.405,0.0,0.0,30.0,1.074,,,0.0,1.0,,True,completed
191999_435_0,pkw,26748.0,26787.0,39.0,,395.549,0.0,0.0,39.0,7.586,,,0.0,1.0,,True,completed
159356_421_0,pkw,26712.0,26789.0,77.0,,449.26,20.0,20.0,57.0,50.335,,,0.2597,0.7403,,True,completed
178677_430_0,pkw,26741.0,26790.0,49.0,,435.167,10.0,10.0,39.0,19.218,,,0.2041,0.7959,,True,completed
172890_426_0,pkw,26756.0,26791.0,35.0,,425.44,0.0,0.0,35.0,6.023,,,0.0,1.0,,True,completed
85432_390_0,pkw,26732.0,26791.0,59.0,,443.36,17.0,17.0,42.0,26.643,,,0.2881,0.7119,,True,completed
170798_426_0,pkw,26734.0,26792.0,58.0,,432.933,17.0,17.0,41.0,26.267,,,0.2931,0.7069,,True,completed
188043_433_0,pkw,26736.0,26794.0,58.0,,433.311,13.0,13.0,45.0,23.885,,,0.2241,0.7759,,True,completed
171430_426_0,pkw,26737.0,26799.0,62.0,,443.655,5.0,5.0,57.0,27.84,,,0.0806,0.9194,,True,completed
174566_427_0,pkw,26725.0,26799.0,74.0,,451.74,10.0,10.0,64.0,38.043,,,0.1351,0.8649,,True,completed
207739_441_0,pkw,26740.0,26800.0,60.0,,444.339,4.0,4.0,56.0,30.092,,,0.0667,0.9333,,True,completed
134028_411_0,pkw,26747.0,26802.0,55.0,,451.396,3.0,3.0,52.0,23.394,,,0.0545,0.9455,,True,completed
202599_439_0,pkw,26742.0,26802.0,60.0,,449.293,4.0,4.0,56.0,28.28,,,0.0667,0.9333,,True,completed
212455_443_0,pkw,26757.0,26802.0,45.0,,405.746,2.0,2.0,43.0,14.432,,,0.0444,0.9556,,True,completed
189975_434_0,pkw,26733.0,26803.0,70.0,,670.5,2.0,2.0,68.0,22.452,,,0.0286,0.9714,,True,completed
155322_420_0,pkw,26749.0,26805.0,56.0,,447.818,2.0,2.0,54.0,22.544,,,0.0357,0.9643,,True,completed
206637_440_0,pkw,26754.0,26806.0,52.0,,452.854,3.0,3.0,49.0,19.776,,,0.0577,0.9423,,True,completed
198123_436_0,pkw,26756.0,26807.0,51.0,,451.457,3.0,3.0,48.0,19.264,,,0.0588,0.9412,,True,completed
137085_412_0,pkw,26745.0,26808.0,63.0,,672.979,0.0,0.0,63.0,12.26,,,0.0,1.0,,True,completed
159086_421_0,pkw,26766.0,26810.0,44.0,,435.315,8.0,8.0,36.0,14.568,,,0.1818,0.8182,,True,completed
169718_426_0,pkw,26773.0,26817.0,44.0,,428.082,0.0,0.0,44.0,8.453,,,0.0,1.0,,True,completed
166525_424_0,pkw,26768.0,26819.0,51.0,,435.808,7.0,7.0,44.0,17.358,,,0.1373,0.8627,,True,completed
192452_435_0,pkw,26764.0,26819.0,55.0,,429.406,9.0,9.0,46.0,15.644,,,0.1636,0.8364,,True,completed
175425_428_0,pkw,26805.0,26820.0,15.0,,171.309,0.0,0.0,15.0,2.879,,,0.0,1.0,,True,completed
160263_421_0,pkw,26759.0,26821.0,62.0,,451.533,10.0,10.0,52.0,31.827,,,0.1613,0.8387,,True,completed
215436_445_0,pkw,26781.0,26821.0,40.0,,427.847,0.0,1.0,39.0,4.394,,,0.025,0.975,,True,completed
106515_399_0,pkw,26762.0,26823.0,61.0,,453.323,9.0,9.0,52.0,30.802,,,0.1475,0.8525,,True,completed
141293_415_0,pkw,26813.0,26824.0,11.0,,192.062,0.0,0.0,11.0,0.328,,,0.0,1.0,,True,completed
126682_407_0,pkw,26764.0,26826.0,62.0,,445.576,9.0,9.0,53.0,29.692,,,0.1452,0.8548,,True,completed
173161_427_0,pkw,26769.0,26829.0,60.0,,448.191,7.0,7.0,53.0,28.874,,,0.1167,0.8833,,True,completed
188297_433_0,pkw,26778.0,26830.0,52.0,,428.569,13.0,13.0,39.0,22.494,,,0.25,0.75,,True,completed
157721_421_0,pkw,26766.0,26831.0,65.0,,449.954,9.0,9.0,56.0,29.241,,,0.1385,0.8615,,True,completed
180060_430_0,pkw,26771.0,26831.0,60.0,,442.949,6.0,6.0,54.0,28.075,,,0.1,0.9,,True,completed
147632_416_0,pkw,26780.0,26832.0,52.0,,434.834,10.0,10.0,42.0,19.71,,,0.1923,0.8077,,True,completed
156181_420_0,pkw,26775.0,26833.0,58.0,,431.756,12.0,12.0,46.0,20.184,,,0.2069,0.7931,,True,completed
176125_428_0,pkw,26774.0,26833.0,59.0,,446.709,6.0,6.0,53.0,26.989,,,0.1017,0.8983,,True,completed
181649_431_0,pkw,26743.0,26833.0,90.0,,445.155,28.0,28.0,62.0,36.309,,,0.3111,0.6889,,True,completed
141566_415_0,pkw,26786.0,26835.0,49.0,,435.884,5.0,5.0,44.0,10.981,,,0.102,0.898,,True,completed
180063_430_0,pkw,26785.0,26835.0,50.0,,446.676,4.0,4.0,46.0,19.871,,,0.08,0.92,,True,completed
194474_436_0,pkw,26787.0,26837.0,50.0,,444.362,3.0,3.0,47.0,19.382,,,0.06,0.94,,True,completed
210113_441_0,pkw,26808.0,26838.0,30.0,,423.629,0.0,0.0,30.0,3.429,,,0.0,1.0,,True,completed
160346_421_0,pkw,26791.0,26839.0,48.0,,442.016,3.0,3.0,45.0,19.069,,,0.0625,0.9375,,True,completed
202155_438_0,pkw,26783.0,26840.0,57.0,,448.574,5.0,5.0,52.0,19.011,,,0.0877,0.9123,,True,completed
162885_422_0,pkw,26795.0,26841.0,46.0,,445.524,1.0,1.0,45.0,18.593,,,0.0217,0.9783,,True,completed
181759_431_0,pkw,26793.0,26843.0,50.0,,452.222,2.0,2.0,48.0,20.655,,,0.04,0.96,,True,completed
139806_413_0,pkw,26808.0,26844.0,36.0,,428.41,0.0,0.0,36.0,2.845,,,0.0,1.0,,True,completed
166496_424_0,pkw,26789.0,26844.0,55.0,,453.049,3.0,3.0,52.0,18.35,,,0.0545,0.9455,,True,completed
153986_420_0,pkw,26800.0,26845.0,45.0,,448.821,1.0,1.0,44.0,16.621,,,0.0222,0.9778,,True,completed
86811_391_0,pkw,26797.0,26845.0,48.0,,444.47,1.0,1.0,47.0,19.155,,,0.0208,0.9792,,True,completed
178732_430_0,pkw,26810.0,26846.0,36.0,,436.494,0.0,0.0,36.0,3.158,,,0.0,1.0,,True,completed
199254_437_0,pkw,26812.0,26846.0,34.0,,437.658,0.0,0.0,34.0,4.284,,,0.0,1.0,,True,completed
194522_436_0,pkw,26817.0,26851.0,34.0,,190.434,13.0,13.0,21.0,23.318,,,0.3824,0.6176,,True,completed
198484_436_0,pkw,26819.0,26853.0,34.0,,196.478,11.0,11.0,23.0,21.352,,,0.3235,0.6765,,True,completed
170713_426_0,pkw,26813.0,26856.0,43.0,,437.363,0.0,0.0,43.0,7.774,,,0.0,1.0,,True,completed
210539_441_0,pkw,26814.0,26860.0,46.0,,442.175,5.0,5.0,41.0,17.571,,,0.1087,0.8913,,True,completed
196579_436_0,pkw,26816.0,26862.0,46.0,,444.919,5.0,5.0,41.0,14.472,,,0.1087,0.8913,,True,completed
172767_426_0,pkw,26813.0,26871.0,58.0,,442.564,16.0,16.0,42.0,26.274,,,0.2759,0.7241,,True,completed
93088_392_0,pkw,26815.0,26871.0,56.0,,443.068,15.0,15.0,41.0,27.402,,,0.2679,0.7321,,True,completed
122002_406_0,pkw,26846.0,26874.0,28.0,,424.387,0.0,0.0,28.0,1.028,,,0.0,1.0,,True,completed
133168_410_0,pkw,26821.0,26876.0,55.0,,445.066,12.0,12.0,43.0,21.846,,,0.2182,0.7818,,True,completed
173131_427_0,pkw,26830.0,26877.0,47.0,,447.462,2.0,3.0,44.0,14.889,,,0.0638,0.9362,,True,completed
194810_436_0,pkw,26843.0,26880.0,37.0,,175.623,17.0,17.0,20.0,27.161,,,0.4595,0.5405,,True,completed
216529_445_0,pkw,26868.0,26884.0,16.0,,172.339,0.0,1.0,15.0,4.845,,,0.0625,0.9375,,True,completed
210786_442_0,pkw,26852.0,26885.0,33.0,,428.754,0.0,0.0,33.0,1.531,,,0.0,1.0,,True,completed
187712_433_0,pkw,26863.0,26891.0,28.0,,188.974,8.0,8.0,20.0,17.867,,,0.2857,0.7143,,True,completed
210474_441_0,pkw,26877.0,26893.0,16.0,,193.836,0.0,0.0,16.0,5.34,,,0.0,1.0,,True,completed
175062_428_0,pkw,26840.0,26900.0,60.0,,672.172,5.0,5.0,55.0,15.334,,,0.0833,0.9167,,True,completed
191154_435_0,pkw,26845.0,26902.0,57.0,,680.806,3.0,3.0,54.0,15.074,,,0.0526,0.9474,,True,completed
167028_424_0,pkw,26847.0,26903.0,56.0,,671.944,1.0,1.0,55.0,14.272,,,0.0179,0.9821,,True,completed
170886_426_0,pkw,26849.0,26909.0,60.0,,426.514,18.0,18.0,42.0,29.42,,,0.3,0.7,,True,completed
121000_405_0,pkw,26850.0,26910.0,60.0,,672.848,0.0,0.0,60.0,7.16,,,0.0,1.0,,True,completed
95804_394_0,pkw,26840.0,26910.0,70.0,,435.631,24.0,24.0,46.0,32.378,,,0.3429,0.6571,,True,completed
161064_421_0,pkw,26884.0,26912.0,28.0,,196.768,9.0,9.0,19.0,15.867,,,0.3214,0.6786,,True,completed
212566_443_0,pkw,26864.0,26912.0,48.0,,408.987,4.0,4.0,44.0,17.911,,,0.0833,0.9167,,True,completed
98170_395_0,pkw,26867.0,26912.0,45.0,,452.048,6.0,6.0,39.0,14.804,,,0.1333,0.8667,,True,completed
128880_408_0,pkw,26898.0,26914.0,16.0,,202.853,0.0,1.0,15.0,5.212,,,0.0625,0.9375,,True,completed
154637_420_0,pkw,26875.0,26914.0,39.0,,444.259,0.0,0.0,39.0,10.974,,,0.0,1.0,,True,completed
133941_411_0,pkw,26859.0,26920.0,61.0,,426.335,16.0,16.0,45.0,29.419,,,0.2623,0.7377,,True,completed
140723_414_0,pkw,26843.0,26921.0,78.0,,445.272,28.0,28.0,50.0,49.598,,,0.359,0.641,,True,completed
95956_394_0,pkw,26861.0,26921.0,60.0,,424.595,14.0,14.0,46.0,35.596,,,0.2333,0.7667,,True,completed
194757_436_0,pkw,26852.0,26922.0,70.0,,675.064,7.0,7.0,63.0,21.499,,,0.1,0.9,,True,completed
153308_420_0,pkw,26873.0,26923.0,50.0,,449.576,0.0,0.0,50.0,9.797,,,0.0,1.0,,True,completed
157832_421_0,pkw,26859.0,26923.0,64.0,,443.972,14.0,14.0,50.0,32.327,,,0.2188,0.7812,,True,completed
101804_396_0,pkw,26857.0,26924.0,67.0,,679.153,5.0,5.0,62.0,26.344,,,0.0746,0.9254,,True,completed
159817_421_0,pkw,26864.0,26924.0,60.0,,436.193,12.0,12.0,48.0,31.095,,,0.2,0.8,,True,completed
154050_420_0,pkw,26884.0,26925.0,41.0,,438.298,0.0,0.0,41.0,8.677,,,0.0,1.0,,True,completed
120342_405_0,pkw,26866.0,26926.0,60.0,,434.668,10.0,10.0,50.0,34.402,,,0.1667,0.8333,,True,completed
131229_409_0,pkw,26896.0,26926.0,30.0,,436.638,0.0,0.0,30.0,1.252,,,0.0,1.0,,True,completed
163067_422_0,pkw,26883.0,26926.0,43.0,,424.996,3.0,3.0,40.0,13.343,,,0.0698,0.9302,,True,completed
208970_441_0,pkw,26865.0,26926.0,61.0,,464.874,13.0,13.0,48.0,32.786,,,0.2131,0.7869,,True,completed
154737_420_0,pkw,26854.0,26927.0,73.0,,677.179,6.0,6.0,67.0,18.042,,,0.0822,0.9178,,True,completed
174449_427_0,pkw,26880.0,26931.0,51.0,,453.704,10.0,10.0,41.0,21.723,,,0.1961,0.8039,,True,completed
213502_444_0,pkw,26909.0,26932.0,23.0,,151.944,6.0,6.0,17.0,12.838,,,0.2609,0.7391,,True,completed
110934_401_0,pkw,26859.0,26933.0,74.0,,677.761,3.0,3.0,71.0,15.422,,,0.0405,0.9595,,True,completed
129789_409_0,pkw,26886.0,26936.0,50.0,,444.48,7.0,7.0,43.0,19.162,,,0.14,0.86,,True,completed
163484_422_0,pkw,26924.0,26937.0,13.0,,169.132,0.0,0.0,13.0,1.958,,,0.0,1.0,,True,completed
168384_425_0,pkw,26882.0,26937.0,55.0,,448.628,9.0,9.0,46.0,20.378,,,0.1636,0.8364,,True,completed
139390_413_0,pkw,26905.0,26938.0,33.0,,436.398,0.0,0.0,33.0,5.56,,,0.0,1.0,,True,completed
118972_405_0,pkw,26888.0,26939.0,51.0,,453.637,5.0,5.0,46.0,21.944,,,0.098,0.902,,True,completed
203534_439_0,pkw,26881.0,26941.0,60.0,,436.674,12.0,12.0,48.0,28.605,,,0.2,0.8,,True,completed
237623_451_0,pkw,26907.0,26941.0,34.0,,428.049,0.0,0.0,34.0,4.034,,,0.0,1.0,,True,completed
217911_446_0,pkw,26914.0,26946.0,32.0,,437.203,0.0,0.0,32.0,2.6,,,0.0,1.0,,True,completed
243360_452_0,pkw,26909.0,26948.0,39.0,,434.179,0.0,0.0,39.0,4.185,,,0.0,1.0,,True,completed
154918_420_0,pkw,26902.0,26949.0,47.0,,429.277,2.0,2.0,45.0,8.333,,,0.0426,0.9574,,True,completed
72437_384_0,pkw,26936.0,26950.0,14.0,,192.869,0.0,0.0,14.0,3.579,,,0.0,1.0,,True,completed
173222_427_0,pkw,26893.0,26952.0,59.0,,447.994,10.0,10.0,49.0,28.397,,,0.1695,0.8305,,True,completed
240182_452_0,pkw,26890.0,26952.0,62.0,,442.79,11.0,11.0,51.0,28.961,,,0.1774,0.8226,,True,completed
134619_411_0,pkw,26904.0,26955.0,51.0,,445.949,4.0,4.0,47.0,21.291,,,0.0784,0.9216,,True,completed
142058_415_0,pkw,26900.0,26955.0,55.0,,448.452,4.0,4.0,51.0,23.38,,,0.0727,0.9273,,True,completed
163968_422_0,pkw,26941.0,26955.0,14.0,,178.78,0.0,0.0,14.0,3.779,,,0.0,1.0,,True,completed
202533_438_0,pkw,26906.0,26957.0,51.0,,443.77,3.0,3.0,48.0,20.362,,,0.0588,0.9412,,True,completed
220192_447_0,pkw,26928.0,26957.0,29.0,,422.679,0.0,0.0,29.0,1.423,,,0.0,1.0,,True,completed
227412_450_0,pkw,26915.0,26960.0,45.0,,430.405,5.0,5.0,40.0,12.669,,,0.1111,0.8889,,True,completed
159074_421_0,pkw,26919.0,26962.0,43.0,,427.927,6.0,6.0,37.0,13.474,,,0.1395,0.8605,,True,completed
169017_425_0,pkw,26917.0,26962.0,45.0,,434.963,0.0,0.0,45.0,3.786,,,0.0,1.0,,True,completed
241064_452_0,pkw,26951.0,26964.0,13.0,,162.149,0.0,0.0,13.0,1.744,,,0.0,1.0,,True,completed
163834_422_0,pkw,26953.0,26968.0,15.0,,158.285,0.0,0.0,15.0,4.781,,,0.0,1.0,,True,completed
198716_436_0,pkw,26928.0,26968.0,40.0,,436.711,0.0,1.0,39.0,5.814,,,0.025,0.975,,True,completed
232267_451_0,pkw,26924.0,26968.0,44.0,,431.744,0.0,0.0,44.0,7.89,,,0.0,1.0,,True,completed
204631_440_0,pkw,26908.0,26969.0,61.0,,443.549,9.0,9.0,52.0,32.265,,,0.1475,0.8525,,True,completed
181724_431_0,pkw,26934.0,26970.0,36.0,,435.918,0.0,0.0,36.0,10.163,,,0.0,1.0,,True,completed
159582_421_0,pkw,26932.0,26971.0,39.0,,428.205,0.0,0.0,39.0,8.44,,,0.0,1.0,,True,completed
164638_422_0,pkw,26949.0,26971.0,22.0,,196.574,2.0,2.0,20.0,11.707,,,0.0909,0.9091,,True,completed
132666_410_0,pkw,26946.0,26973.0,27.0,,194.155,2.0,2.0,25.0,16.619,,,0.0741,0.9259,,True,completed
133174_410_0,pkw,26914.0,26974.0,60.0,,446.965,6.0,6.0,54.0,29.292,,,0.1,0.9,,True,completed
184360_431_0,pkw,26910.0,26974.0,64.0,,442.511,8.0,8.0,56.0,30.764,,,0.125,0.875,,True,completed
196663_436_0,pkw,26948.0,26974.0,26.0,,184.529,2.0,2.0,24.0,15.737,,,0.0769,0.9231,,True,completed
175142_428_0,pkw,26956.0,26975.0,19.0,,200.891,0.0,0.0,19.0,7.477,,,0.0,1.0,,True,completed
121408_406_0,pkw,26916.0,26979.0,63.0,,451.782,4.0,4.0,59.0,28.176,,,0.0635,0.9365,,True,completed
113797_402_0,pkw,26937.0,26980.0,43.0,,429.029,8.0,8.0,35.0,13.813,,,0.186,0.814,,True,completed
185414_432_0,pkw,26933.0,26981.0,48.0,,463.395,9.0,9.0,39.0,14.872,,,0.1875,0.8125,,True,completed
210566_441_0,pkw,26941.0,26982.0,41.0,,449.809,1.0,1.0,40.0,8.769,,,0.0244,0.9756,,True,completed
196189_436_0,pkw,26938.0,26987.0,49.0,,434.887,4.0,4.0,45.0,12.726,,,0.0816,0.9184,,True,completed
186834_432_0,pkw,26921.0,26992.0,71.0,,451.56,9.0,9.0,62.0,41.315,,,0.1268,0.8732,,True,completed
209415_441_0,pkw,26961.0,26992.0,31.0,,424.796,0.0,0.0,31.0,1.351,,,0.0,1.0,,True,completed
160192_421_0,pkw,26950.0,26993.0,43.0,,431.806,0.0,1.0,42.0,4.756,,,0.0233,0.9767,,True,completed
162954_422_0,pkw,26918.0,26994.0,76.0,,452.392,13.0,13.0,63.0,44.217,,,0.1711,0.8289,,True,completed
246556_455_0,pkw,26982.0,26998.0,16.0,,163.364,0.0,0.0,16.0,4.094,,,0.0,1.0,,True,completed
108921_400_0,pkw,26959.0,27000.0,41.0,,447.929,3.0,3.0,38.0,11.497,,,0.0732,0.9268,,True,completed
170536_426_0,pkw,26961.0,27002.0,41.0,,175.418,19.0,21.0,20.0,28.03,,,0.5122,0.4878,,True,completed
181651_431_0,pkw,26968.0,27010.0,42.0,,187.276,22.0,22.0,20.0,31.06,,,0.5238,0.4762,,True,completed
210323_441_0,pkw,26970.0,27011.0,41.0,,196.526,16.0,16.0,25.0,29.791,,,0.3902,0.6098,,True,completed
178338_430_0,pkw,26968.0,27012.0,44.0,,433.942,5.0,5.0,39.0,12.818,,,0.1136,0.8864,,True,completed
214606_444_0,pkw,26971.0,27012.0,41.0,,191.762,22.0,22.0,19.0,30.321,,,0.5366,0.4634,,True,completed
216812_446_0,pkw,26977.0,27012.0,35.0,,187.833,8.0,8.0,27.0,25.634,,,0.2286,0.7714,,True,completed
209806_441_0,pkw,26987.0,27014.0,27.0,,190.366,3.0,4.0,23.0,14.119,,,0.1481,0.8519,,True,completed
211678_442_0,pkw,26964.0,27014.0,50.0,,430.464,8.0,8.0,42.0,15.999,,,0.16,0.84,,True,completed
191882_435_0,pkw,26982.0,27015.0,33.0,,174.143,4.0,4.0,29.0,21.428,,,0.1212,0.8788,,True,completed
232545_451_0,pkw,26978.0,27015.0,37.0,,437.603,0.0,0.0,37.0,4.035,,,0.0,1.0,,True,completed
148517_417_0,pkw,26978.0,27016.0,38.0,,430.311,0.0,1.0,37.0,7.266,,,0.0263,0.9737,,True,completed
173301_427_0,pkw,26992.0,27016.0,24.0,,197.717,0.0,0.0,24.0,13.734,,,0.0,1.0,,True,completed
192098_435_0,pkw,26988.0,27016.0,28.0,,166.458,2.0,2.0,26.0,17.898,,,0.0714,0.9286,,True,completed
114809_403_0,pkw,27005.0,27019.0,14.0,,193.904,0.0,0.0,14.0,2.405,,,0.0,1.0,,True,completed
139333_413_0,pkw,26971.0,27020.0,49.0,,438.355,2.0,2.0,47.0,10.362,,,0.0408,0.9592,,True,completed
170350_426_0,pkw,27007.0,27020.0,13.0,,201.626,0.0,0.0,13.0,2.846,,,0.0,1.0,,True,completed
117057_404_0,pkw,26961.0,27024.0,63.0,,677.201,2.0,2.0,61.0,13.182,,,0.0317,0.9683,,True,completed
141728_415_0,pkw,27009.0,27025.0,16.0,,172.477,0.0,0.0,16.0,3.265,,,0.0,1.0,,True,completed
190778_435_0,pkw,27014.0,27025.0,11.0,,199.738,0.0,0.0,11.0,0.437,,,0.0,1.0,,True,completed
80266_388_0,pkw,26967.0,27026.0,59.0,,676.453,0.0,0.0,59.0,8.413,,,0.0,1.0,,True,completed
120762_405_0,pkw,26963.0,27031.0,68.0,,444.786,28.0,28.0,40.0,35.124,,,0.4118,0.5882,,True,completed
234642_451_0,pkw,26977.0,27031.0,54.0,,436.582,12.0,12.0,42.0,18.292,,,0.2222,0.7778,,True,completed
229922_450_0,pkw,26965.0,27033.0,68.0,,442.487,23.0,23.0,45.0,32.031,,,0.3382,0.6618,,True,completed
216790_446_0,pkw,26975.0,27034.0,59.0,,434.662,20.0,20.0,39.0,29.017,,,0.339,0.661,,True,completed
217758_446_0,pkw,26985.0,27036.0,51.0,,442.205,13.0,13.0,38.0,21.459,,,0.2549,0.7451,,True,completed
168307_425_0,pkw,27002.0,27037.0,35.0,,446.844,0.0,0.0,35.0,5.128,,,0.0,1.0,,True,completed
203962_439_0,pkw,27007.0,27039.0,32.0,,441.13,0.0,0.0,32.0,3.464,,,0.0,1.0,,True,completed
156205_420_0,pkw,27019.0,27041.0,22.0,,188.931,3.0,3.0,19.0,12.667,,,0.1364,0.8636,,True,completed
163022_422_0,pkw,27026.0,27043.0,17.0,,197.485,0.0,0.0,17.0,7.736,,,0.0,1.0,,True,completed
174195_427_0,pkw,27029.0,27046.0,17.0,,177.533,0.0,0.0,17.0,4.326,,,0.0,1.0,,True,completed
225112_449_0,pkw,27012.0,27046.0,34.0,,443.116,0.0,0.0,34.0,2.407,,,0.0,1.0,,True,completed
170927_426_0,pkw,27032.0,27047.0,15.0,,193.265,0.0,0.0,15.0,3.559,,,0.0,1.0,,True,completed
187528_433_0,pkw,27036.0,27049.0,13.0,,194.885,0.0,0.0,13.0,0.907,,,0.0,1.0,,True,completed
220226_447_0,pkw,27010.0,27049.0,39.0,,453.975,0.0,0.0,39.0,2.101,,,0.0,1.0,,True,completed
241134_452_0,pkw,27014.0,27049.0,35.0,,444.629,0.0,0.0,35.0,2.437,,,0.0,1.0,,True,completed
195513_436_0,pkw,27038.0,27051.0,13.0,,203.155,0.0,0.0,13.0,0.707,,,0.0,1.0,,True,completed
175010_428_0,pkw,27016.0,27064.0,48.0,,446.566,6.0,6.0,42.0,12.326,,,0.125,0.875,,True,completed
204936_440_0,pkw,27038.0,27064.0,26.0,,420.65,0.0,0.0,26.0,0.978,,,0.0,1.0,,True,completed
207710_441_0,pkw,27028.0,27064.0,36.0,,453.471,0.0,0.0,36.0,4.932,,,0.0,1.0,,True,completed
175329_428_0,pkw,27032.0,27066.0,34.0,,447.03,0.0,0.0,34.0,2.544,,,0.0,1.0,,True,completed
153599_420_0,pkw,27024.0,27067.0,43.0,,444.092,0.0,0.0,43.0,5.975,,,0.0,1.0,,True,completed
185184_432_0,pkw,27045.0,27071.0,26.0,,173.226,8.0,8.0,18.0,13.228,,,0.3077,0.6923,,True,completed
206794_441_0,pkw,27048.0,27073.0,25.0,,194.708,6.0,6.0,19.0,12.85,,,0.24,0.76,,True,completed
195383_436_0,pkw,27051.0,27075.0,24.0,,201.391,2.0,2.0,22.0,13.637,,,0.0833,0.9167,,True,completed
167409_425_0,pkw,27056.0,27076.0,20.0,,172.568,0.0,0.0,20.0,8.396,,,0.0,1.0,,True,completed
201205_438_0,pkw,27036.0,27080.0,44.0,,435.14,2.0,2.0,42.0,8.744,,,0.0455,0.9545,,True,completed
211449_442_0,pkw,27036.0,27080.0,44.0,,436.569,8.0,8.0,36.0,15.271,,,0.1818,0.8182,,True,completed
126262_407_0,pkw,27040.0,27081.0,41.0,,445.425,4.0,4.0,37.0,14.57,,,0.0976,0.9024,,True,completed
184032_431_0,pkw,27038.0,27083.0,45.0,,445.46,0.0,0.0,45.0,9.736,,,0.0,1.0,,True,completed
121822_406_0,pkw,27071.0,27086.0,15.0,,165.193,0.0,0.0,15.0,2.497,,,0.0,1.0,,True,completed
146107_416_0,pkw,27050.0,27087.0,37.0,,437.686,0.0,1.0,36.0,4.324,,,0.027,0.973,,True,completed
209914_441_0,pkw,27042.0,27090.0,48.0,,188.657,30.0,30.0,18.0,37.016,,,0.625,0.375,,True,completed
176927_429_0,pkw,27066.0,27091.0,25.0,,178.079,4.0,4.0,21.0,13.932,,,0.16,0.84,,True,completed
81537_389_0,pkw,27069.0,27092.0,23.0,,169.418,2.0,2.0,21.0,12.669,,,0.087,0.913,,True,completed
206967_441_0,pkw,27078.0,27094.0,16.0,,188.312,0.0,1.0,15.0,5.367,,,0.0625,0.9375,,True,completed
175826_428_0,pkw,27084.0,27099.0,15.0,,170.142,0.0,0.0,15.0,2.43,,,0.0,1.0,,True,completed
140825_414_0,pkw,27084.0,27101.0,17.0,,164.563,0.0,0.0,17.0,5.144,,,0.0,1.0,,True,completed
193423_435_0,pkw,27078.0,27101.0,23.0,,142.478,7.0,7.0,16.0,13.12,,,0.3043,0.6957,,True,completed
87716_391_0,pkw,27088.0,27104.0,16.0,,165.433,0.0,0.0,16.0,4.952,,,0.0,1.0,,True,completed
227362_450_0,pkw,27094.0,27107.0,13.0,,161.728,0.0,0.0,13.0,2.119,,,0.0,1.0,,True,completed
207293_441_0,pkw,27096.0,27109.0,13.0,,164.023,0.0,0.0,13.0,2.578,,,0.0,1.0,,True,completed
117603_404_0,pkw,27099.0,27121.0,22.0,,182.164,3.0,3.0,19.0,11.841,,,0.1364,0.8636,,True,completed
233726_451_0,pkw,27100.0,27121.0,21.0,,191.792,2.0,2.0,19.0,10.004,,,0.0952,0.9048,,True,completed
67327_380_0,pkw,27107.0,27122.0,15.0,,193.686,0.0,0.0,15.0,4.025,,,0.0,1.0,,True,completed
171735_426_0,pkw,27093.0,27125.0,32.0,,178.942,7.0,7.0,25.0,20.142,,,0.2188,0.7812,,True,completed
212001_442_0,pkw,27107.0,27126.0,19.0,,170.397,0.0,1.0,18.0,7.822,,,0.0526,0.9474,,True,completed
119542_405_0,pkw,27111.0,27127.0,16.0,,235.087,0.0,0.0,16.0,0.558,,,0.0,1.0,,True,completed
171107_426_0,pkw,27117.0,27128.0,11.0,,156.572,0.0,0.0,11.0,1.324,,,0.0,1.0,,True,completed
182808_431_0,pkw,27119.0,27130.0,11.0,,163.517,0.0,0.0,11.0,0.974,,,0.0,1.0,,True,completed
175230_428_0,pkw,27113.0,27132.0,19.0,,177.599,0.0,0.0,19.0,5.788,,,0.0,1.0,,True,completed
179071_430_0,pkw,27121.0,27134.0,13.0,,154.752,0.0,0.0,13.0,3.755,,,0.0,1.0,,True,completed
246126_454_0,pkw,27082.0,27140.0,58.0,,436.387,18.0,18.0,40.0,24.814,,,0.3103,0.6897,,True,completed
139115_413_0,pkw,27117.0,27141.0,24.0,,242.69,0.0,0.0,24.0,1.538,,,0.0,1.0,,True,completed
164329_422_0,pkw,27088.0,27141.0,53.0,,437.303,12.0,12.0,41.0,20.611,,,0.2264,0.7736,,True,completed
166016_424_0,pkw,27113.0,27146.0,33.0,,436.001,0.0,0.0,33.0,1.48,,,0.0,1.0,,True,completed
127605_407_0,pkw,27136.0,27149.0,13.0,,150.729,0.0,0.0,13.0,4.331,,,0.0,1.0,,True,completed
148670_417_0,pkw,27128.0,27151.0,23.0,,195.092,3.0,3.0,20.0,11.002,,,0.1304,0.8696,,True,completed
163068_422_0,pkw,27121.0,27151.0,30.0,,174.419,11.0,11.0,19.0,18.491,,,0.3667,0.6333,,True,completed
172295_426_0,pkw,27123.0,27153.0,30.0,,179.769,8.0,8.0,22.0,20.197,,,0.2667,0.7333,,True,completed
111547_401_0,pkw,27115.0,27161.0,46.0,,456.396,5.0,5.0,41.0,11.232,,,0.1087,0.8913,,True,completed
124915_406_0,pkw,27149.0,27161.0,12.0,,155.616,0.0,0.0,12.0,0.809,,,0.0,1.0,,True,completed
135186_411_0,pkw,27140.0,27164.0,24.0,,187.192,1.0,2.0,22.0,12.12,,,0.0833,0.9167,,True,completed
228492_450_0,pkw,27117.0,27170.0,53.0,,432.919,11.0,11.0,42.0,22.993,,,0.2075,0.7925,,True,completed
93058_392_0,pkw,27113.0,27171.0,58.0,,432.079,11.0,12.0,46.0,22.605,,,0.2069,0.7931,,True,completed
109216_400_0,pkw,27138.0,27174.0,36.0,,442.878,0.0,1.0,35.0,5.719,,,0.0278,0.9722,,True,completed
205657_440_0,pkw,27164.0,27177.0,13.0,,157.771,0.0,0.0,13.0,2.984,,,0.0,1.0,,True,completed
217993_446_0,pkw,27165.0,27177.0,12.0,,166.86,0.0,0.0,12.0,1.834,,,0.0,1.0,,True,completed
212294_442_0,pkw,27121.0,27179.0,58.0,,676.793,0.0,0.0,58.0,9.02,,,0.0,1.0,,True,completed
79749_387_0,pkw,27155.0,27183.0,28.0,,187.927,10.0,10.0,18.0,18.069,,,0.3571,0.6429,,True,completed
210898_442_0,pkw,27175.0,27187.0,12.0,,191.337,0.0,0.0,12.0,1.63,,,0.0,1.0,,True,completed
106222_399_0,pkw,27172.0,27191.0,19.0,,163.734,1.0,1.0,18.0,9.451,,,0.0526,0.9474,,True,completed
131415_410_0,pkw,27170.0,27192.0,22.0,,151.648,4.0,4.0,18.0,11.848,,,0.1818,0.8182,,True,completed
109219_400_0,pkw,27157.0,27193.0,36.0,,428.47,0.0,0.0,36.0,1.842,,,0.0,1.0,,True,completed
144759_416_0,pkw,27153.0,27194.0,41.0,,428.753,0.0,0.0,41.0,6.979,,,0.0,1.0,,True,completed
138080_412_0,pkw,27161.0,27195.0,34.0,,434.206,0.0,0.0,34.0,2.785,,,0.0,1.0,,True,completed
178502_430_0,pkw,27184.0,27195.0,11.0,,105.123,0.0,0.0,11.0,2.542,,,0.0,1.0,,True,completed
218754_446_0,pkw,27180.0,27195.0,15.0,,151.331,0.0,0.0,15.0,5.643,,,0.0,1.0,,True,completed
148683_417_0,pkw,27179.0,27201.0,22.0,,190.858,4.0,4.0,18.0,12.219,,,0.1818,0.8182,,True,completed
204753_440_0,pkw,27181.0,27203.0,22.0,,196.7,2.0,2.0,20.0,10.727,,,0.0909,0.9091,,True,completed
218208_446_0,pkw,27127.0,27203.0,76.0,,672.724,15.0,15.0,61.0,26.612,,,0.1974,0.8026,,True,completed
223047_449_0,pkw,27185.0,27204.0,19.0,,189.256,0.0,0.0,19.0,8.86,,,0.0,1.0,,True,completed
238855_451_0,pkw,27187.0,27210.0,23.0,,137.549,8.0,8.0,15.0,14.682,,,0.3478,0.6522,,True,completed
212264_442_0,pkw,27185.0,27211.0,26.0,,155.665,7.0,7.0,19.0,17.19,,,0.2692,0.7308,,True,completed
137789_412_0,pkw,27177.0,27213.0,36.0,,436.702,0.0,0.0,36.0,5.323,,,0.0,1.0,,True,completed
247422_455_0,pkw,27200.0,27213.0,13.0,,147.513,0.0,1.0,12.0,4.599,,,0.0769,0.9231,,True,completed
183969_431_0,pkw,27168.0,27214.0,46.0,,431.658,5.0,5.0,41.0,12.16,,,0.1087,0.8913,,True,completed
210570_441_0,pkw,27191.0,27214.0,23.0,,156.53,1.0,1.0,22.0,12.723,,,0.0435,0.9565,,True,completed
203334_439_0,pkw,27195.0,27220.0,25.0,,157.339,1.0,1.0,24.0,14.996,,,0.04,0.96,,True,completed
217944_446_0,pkw,27186.0,27221.0,35.0,,358.826,0.0,0.0,35.0,9.306,,,0.0,1.0,,True,completed
241202_452_0,pkw,27152.0,27222.0,70.0,,191.824,49.0,49.0,21.0,58.115,,,0.7,0.3,,True,completed
249401_456_0,pkw,27185.0,27232.0,47.0,,428.853,7.0,7.0,40.0,15.205,,,0.1489,0.8511,,True,completed
179278_430_0,pkw,27218.0,27241.0,23.0,,186.445,4.0,4.0,19.0,13.763,,,0.1739,0.8261,,True,completed
195280_436_0,pkw,27205.0,27241.0,36.0,,434.948,0.0,0.0,36.0,1.916,,,0.0,1.0,,True,completed
227724_450_0,pkw,27216.0,27241.0,25.0,,198.971,6.0,6.0,19.0,12.812,,,0.24,0.76,,True,completed
243650_453_0,pkw,27198.0,27241.0,43.0,,400.175,2.0,2.0,41.0,17.28,,,0.0465,0.9535,,True,completed
204511_440_0,pkw,27222.0,27242.0,20.0,,188.829,1.0,1.0,19.0,9.775,,,0.05,0.95,,True,completed
217045_446_0,pkw,27196.0,27244.0,48.0,,396.565,4.0,4.0,44.0,17.102,,,0.0833,0.9167,,True,completed
215363_445_0,pkw,27222.0,27246.0,24.0,,195.617,1.0,1.0,23.0,11.717,,,0.0417,0.9583,,True,completed
93191_392_0,pkw,27214.0,27249.0,35.0,,456.078,0.0,0.0,35.0,3.852,,,0.0,1.0,,True,completed
161173_421_0,pkw,27229.0,27250.0,21.0,,142.075,4.0,4.0,17.0,11.789,,,0.1905,0.8095,,True,completed
205143_440_0,pkw,27227.0,27252.0,25.0,,157.497,8.0,8.0,17.0,16.542,,,0.32,0.68,,True,completed
237305_451_0,pkw,27233.0,27252.0,19.0,,144.732,2.0,2.0,17.0,8.853,,,0.1053,0.8947,,True,completed
85102_390_0,pkw,27208.0,27252.0,44.0,,428.404,5.0,5.0,39.0,12.595,,,0.1136,0.8864,,True,completed
211867_442_0,pkw,27239.0,27253.0,14.0,,136.277,0.0,0.0,14.0,4.772,,,0.0,1.0,,True,completed
158397_421_0,pkw,27235.0,27270.0,35.0,,431.078,0.0,1.0,34.0,8.844,,,0.0286,0.9714,,True,completed
139411_413_0,pkw,27251.0,27271.0,20.0,,158.008,1.0,1.0,19.0,8.224,,,0.05,0.95,,True,completed
194552_436_0,pkw,27259.0,27272.0,13.0,,154.14,0.0,0.0,13.0,4.002,,,0.0,1.0,,True,completed
157509_421_0,pkw,27254.0,27274.0,20.0,,165.105,1.0,1.0,19.0,10.836,,,0.05,0.95,,True,completed
153655_420_0,pkw,27266.0,27277.0,11.0,,142.29,0.0,0.0,11.0,0.879,,,0.0,1.0,,True,completed
143018_415_0,pkw,27270.0,27280.0,10.0,,150.631,0.0,0.0,10.0,0.706,,,0.0,1.0,,True,completed
239386_451_0,pkw,27243.0,27281.0,38.0,,436.104,0.0,0.0,38.0,2.6,,,0.0,1.0,,True,completed
169613_426_0,pkw,27273.0,27283.0,10.0,,151.674,0.0,0.0,10.0,0.592,,,0.0,1.0,,True,completed
221457_448_0,pkw,27275.0,27285.0,10.0,,151.632,0.0,0.0,10.0,0.789,,,0.0,1.0,,True,completed
203236_439_0,pkw,27275.0,27288.0,13.0,,202.939,0.0,0.0,13.0,2.228,,,0.0,1.0,,True,completed
211213_442_0,pkw,27273.0,27290.0,17.0,,192.613,0.0,0.0,17.0,5.926,,,0.0,1.0,,True,completed
105828_399_0,pkw,27275.0,27291.0,16.0,,189.781,0.0,0.0,16.0,3.861,,,0.0,1.0,,True,completed
109609_401_0,pkw,27270.0,27291.0,21.0,,197.678,2.0,2.0,19.0,11.091,,,0.0952,0.9048,,True,completed
120871_405_0,pkw,27255.0,27291.0,36.0,,427.772,0.0,0.0,36.0,3.933,,,0.0,1.0,,True,completed
246396_454_0,pkw,27257.0,27292.0,35.0,,397.997,0.0,0.0,35.0,9.506,,,0.0,1.0,,True,completed
165546_423_0,pkw,27280.0,27294.0,14.0,,187.126,0.0,0.0,14.0,4.179,,,0.0,1.0,,True,completed
95613_394_0,pkw,27281.0,27294.0,13.0,,188.828,0.0,0.0,13.0,0.967,,,0.0,1.0,,True,completed
237504_451_0,pkw,27258.0,27296.0,38.0,,434.568,0.0,0.0,38.0,2.638,,,0.0,1.0,,True,completed
228707_450_0,pkw,27277.0,27300.0,23.0,,141.642,6.0,6.0,17.0,13.243,,,0.2609,0.7391,,True,completed
209092_441_0,pkw,27279.0,27302.0,23.0,,143.91,5.0,5.0,18.0,14.184,,,0.2174,0.7826,,True,completed
237346_451_0,pkw,27261.0,27302.0,41.0,,435.529,0.0,0.0,41.0,3.434,,,0.0,1.0,,True,completed
194926_436_0,pkw,27271.0,27303.0,32.0,,429.15,0.0,0.0,32.0,1.2,,,0.0,1.0,,True,completed
238525_451_0,pkw,27281.0,27304.0,23.0,,152.887,4.0,4.0,19.0,12.507,,,0.1739,0.8261,,True,completed
173926_427_0,pkw,27296.0,27305.0,9.0,,137.066,0.0,0.0,9.0,1.093,,,0.0,1.0,,True,completed
115923_403_0,pkw,27291.0,27308.0,17.0,,153.913,0.0,0.0,17.0,7.13,,,0.0,1.0,,True,completed
124545_406_0,pkw,27279.0,27315.0,36.0,,426.589,0.0,0.0,36.0,1.417,,,0.0,1.0,,True,completed
198026_436_0,pkw,27284.0,27316.0,32.0,,432.463,0.0,0.0,32.0,1.457,,,0.0,1.0,,True,completed
153826_420_0,pkw,27288.0,27322.0,34.0,,429.257,0.0,0.0,34.0,1.365,,,0.0,1.0,,True,completed
213386_443_0,pkw,27289.0,27324.0,35.0,,432.518,0.0,0.0,35.0,1.668,,,0.0,1.0,,True,completed
251382_457_0,pkw,27301.0,27327.0,26.0,,162.708,9.0,9.0,17.0,16.619,,,0.3462,0.6538,,True,completed
151629_419_0,pkw,27298.0,27329.0,31.0,,423.56,0.0,0.0,31.0,1.2,,,0.0,1.0,,True,completed
183836_431_0,pkw,27289.0,27330.0,41.0,,441.28,0.0,0.0,41.0,2.878,,,0.0,1.0,,True,completed
166231_424_0,pkw,27309.0,27341.0,32.0,,437.959,0.0,0.0,32.0,1.237,,,0.0,1.0,,True,completed
224986_449_0,pkw,27335.0,27348.0,13.0,,193.923,0.0,0.0,13.0,2.386,,,0.0,1.0,,True,completed
262299_462_0,pkw,27348.0,27357.0,9.0,,177.704,0.0,0.0,9.0,0.318,,,0.0,1.0,,True,completed
143392_415_0,pkw,27350.0,27359.0,9.0,,179.538,0.0,0.0,9.0,0.235,,,0.0,1.0,,True,completed
225810_450_0,pkw,27311.0,27367.0,56.0,,458.363,11.0,11.0,45.0,18.856,,,0.1964,0.8036,,True,completed
177390_429_0,pkw,27356.0,27369.0,13.0,,197.709,0.0,0.0,13.0,0.447,,,0.0,1.0,,True,completed
166051_424_0,pkw,27358.0,27370.0,12.0,,193.688,0.0,0.0,12.0,0.386,,,0.0,1.0,,True,completed
159714_421_0,pkw,27361.0,27372.0,11.0,,194.582,0.0,0.0,11.0,0.309,,,0.0,1.0,,True,completed
159954_421_0,pkw,27368.0,27378.0,10.0,,183.678,0.0,0.0,10.0,0.258,,,0.0,1.0,,True,completed
244106_453_0,pkw,27347.0,27381.0,34.0,,405.86,0.0,0.0,34.0,2.979,,,0.0,1.0,,True,completed
118713_405_0,pkw,27365.0,27384.0,19.0,,198.905,1.0,1.0,18.0,8.562,,,0.0526,0.9474,,True,completed
81887_389_0,pkw,27347.0,27391.0,44.0,,435.93,1.0,1.0,43.0,7.961,,,0.0227,0.9773,,True,completed
195428_436_0,pkw,27383.0,27400.0,17.0,,199.616,0.0,0.0,17.0,6.412,,,0.0,1.0,,True,completed
209678_441_0,pkw,27381.0,27401.0,20.0,,194.161,1.0,1.0,19.0,8.836,,,0.05,0.95,,True,completed
163530_422_0,pkw,27390.0,27403.0,13.0,,197.664,0.0,0.0,13.0,1.936,,,0.0,1.0,,True,completed
214568_444_0,pkw,27388.0,27403.0,15.0,,190.274,0.0,0.0,15.0,5.158,,,0.0,1.0,,True,completed
118194_405_0,pkw,27365.0,27405.0,40.0,,463.945,0.0,0.0,40.0,7.966,,,0.0,1.0,,True,completed
160161_421_0,pkw,27389.0,27407.0,18.0,,202.175,0.0,0.0,18.0,4.02,,,0.0,1.0,,True,completed
160491_421_0,pkw,27398.0,27408.0,10.0,,194.479,0.0,0.0,10.0,0.224,,,0.0,1.0,,True,completed
231849_451_0,pkw,27388.0,27426.0,38.0,,458.756,0.0,0.0,38.0,2.328,,,0.0,1.0,,True,completed
180904_431_0,pkw,27418.0,27430.0,12.0,,197.376,0.0,0.0,12.0,0.464,,,0.0,1.0,,True,completed
263940_462_0,pkw,27411.0,27431.0,20.0,,185.817,0.0,0.0,20.0,9.697,,,0.0,1.0,,True,completed
212875_443_0,pkw,27416.0,27432.0,16.0,,187.257,0.0,0.0,16.0,4.162,,,0.0,1.0,,True,completed
133399_410_0,pkw,27421.0,27433.0,12.0,,188.32,0.0,0.0,12.0,2.759,,,0.0,1.0,,True,completed
138640_413_0,pkw,27428.0,27438.0,10.0,,180.639,0.0,0.0,10.0,0.304,,,0.0,1.0,,True,completed
174228_427_0,pkw,27447.0,27458.0,11.0,,191.513,0.0,0.0,11.0,1.529,,,0.0,1.0,,True,completed
91291_391_0,pkw,27427.0,27458.0,31.0,,448.669,0.0,0.0,31.0,5.405,,,0.0,1.0,,True,completed
258346_461_0,pkw,27443.0,27460.0,17.0,,185.902,0.0,0.0,17.0,7.049,,,0.0,1.0,,True,completed
152118_419_0,pkw,27436.0,27461.0,25.0,,189.523,7.0,7.0,18.0,12.534,,,0.28,0.72,,True,completed
121157_405_0,pkw,27446.0,27463.0,17.0,,197.08,0.0,0.0,17.0,6.541,,,0.0,1.0,,True,completed
169194_425_0,pkw,27452.0,27465.0,13.0,,190.843,0.0,0.0,13.0,0.497,,,0.0,1.0,,True,completed
113757_402_0,pkw,27455.0,27466.0,11.0,,181.842,0.0,0.0,11.0,1.898,,,0.0,1.0,,True,completed
149711_417_0,pkw,27454.0,27466.0,12.0,,201.669,0.0,0.0,12.0,0.4,,,0.0,1.0,,True,completed
184609_431_0,pkw,27432.0,27471.0,39.0,,458.387,0.0,0.0,39.0,5.946,,,0.0,1.0,,True,completed
220524_447_0,pkw,27422.0,27471.0,49.0,,428.097,4.0,4.0,45.0,11.217,,,0.0816,0.9184,,True,completed
160005_421_0,pkw,27438.0,27472.0,34.0,,451.356,0.0,0.0,34.0,4.45,,,0.0,1.0,,True,completed
200684_437_0,pkw,27461.0,27480.0,19.0,,181.966,0.0,0.0,19.0,8.558,,,0.0,1.0,,True,completed
159038_421_0,pkw,27458.0,27481.0,23.0,,189.314,3.0,3.0,20.0,12.98,,,0.1304,0.8696,,True,completed
119029_405_0,pkw,27465.0,27483.0,18.0,,194.318,0.0,0.0,18.0,8.31,,,0.0,1.0,,True,completed
173842_427_0,pkw,27443.0,27485.0,42.0,,200.417,19.0,19.0,23.0,32.306,,,0.4524,0.5476,,True,completed
201382_438_0,pkw,27469.0,27486.0,17.0,,187.303,0.0,0.0,17.0,6.929,,,0.0,1.0,,True,completed
161073_421_0,pkw,27444.0,27492.0,48.0,,425.749,4.0,4.0,44.0,13.406,,,0.0833,0.9167,,True,completed
209549_441_0,pkw,27457.0,27492.0,35.0,,459.982,0.0,0.0,35.0,5.703,,,0.0,1.0,,True,completed
159873_421_0,pkw,27454.0,27494.0,40.0,,445.83,0.0,0.0,40.0,10.057,,,0.0,1.0,,True,completed
95221_394_0,pkw,27476.0,27501.0,25.0,,186.503,7.0,7.0,18.0,13.272,,,0.28,0.72,,True,completed
120846_405_0,pkw,27479.0,27502.0,23.0,,196.801,3.0,3.0,20.0,12.336,,,0.1304,0.8696,,True,completed
198513_436_0,pkw,27494.0,27503.0,9.0,,175.214,0.0,0.0,9.0,0.65,,,0.0,1.0,,True,completed
238424_451_0,pkw,27482.0,27503.0,21.0,,183.368,2.0,2.0,19.0,10.151,,,0.0952,0.9048,,True,completed
223349_449_0,pkw,27493.0,27505.0,12.0,,190.66,0.0,0.0,12.0,1.169,,,0.0,1.0,,True,completed
241929_452_0,pkw,27475.0,27507.0,32.0,,464.101,0.0,0.0,32.0,2.831,,,0.0,1.0,,True,completed
202624_439_0,pkw,27475.0,27512.0,37.0,,433.263,0.0,0.0,37.0,2.304,,,0.0,1.0,,True,completed
191928_435_0,pkw,27482.0,27516.0,34.0,,463.902,0.0,0.0,34.0,5.257,,,0.0,1.0,,True,completed
118326_405_0,pkw,27506.0,27521.0,15.0,,197.477,0.0,0.0,15.0,5.85,,,0.0,1.0,,True,completed
164701_422_0,pkw,27510.0,27521.0,11.0,,185.877,0.0,0.0,11.0,0.369,,,0.0,1.0,,True,completed
210696_442_0,pkw,27501.0,27521.0,20.0,,195.017,0.0,0.0,20.0,8.424,,,0.0,1.0,,True,completed
203626_439_0,pkw,27507.0,27522.0,15.0,,182.125,0.0,0.0,15.0,4.608,,,0.0,1.0,,True,completed
108364_400_0,pkw,27509.0,27524.0,15.0,,192.303,0.0,0.0,15.0,3.757,,,0.0,1.0,,True,completed
234989_451_0,pkw,27512.0,27524.0,12.0,,190.07,0.0,0.0,12.0,0.362,,,0.0,1.0,,True,completed
168092_425_0,pkw,27510.0,27526.0,16.0,,195.234,0.0,0.0,16.0,3.268,,,0.0,1.0,,True,completed
151708_419_0,pkw,27478.0,27529.0,51.0,,193.845,27.0,27.0,24.0,39.028,,,0.5294,0.4706,,True,completed
109427_401_0,pkw,27488.0,27530.0,42.0,,433.078,6.0,6.0,36.0,13.137,,,0.1429,0.8571,,True,completed
232974_451_0,pkw,27486.0,27530.0,44.0,,429.913,4.0,4.0,40.0,13.007,,,0.0909,0.9091,,True,completed
190108_434_0,pkw,27498.0,27531.0,33.0,,429.479,0.0,0.0,33.0,1.995,,,0.0,1.0,,True,completed
150873_418_0,pkw,27522.0,27532.0,10.0,,142.481,0.0,0.0,10.0,0.842,,,0.0,1.0,,True,completed
243777_453_0,pkw,27492.0,27532.0,40.0,,438.887,3.0,3.0,37.0,12.85,,,0.075,0.925,,True,completed
191252_435_0,pkw,27505.0,27534.0,29.0,,425.462,0.0,0.0,29.0,1.131,,,0.0,1.0,,True,completed
264264_463_0,pkw,27494.0,27539.0,45.0,,358.055,7.0,7.0,38.0,14.542,,,0.1556,0.8444,,True,completed
113765_402_0,pkw,27522.0,27542.0,20.0,,191.923,0.0,0.0,20.0,10.698,,,0.0,1.0,,True,completed
187455_433_0,pkw,27529.0,27550.0,21.0,,143.811,4.0,4.0,17.0,10.932,,,0.1905,0.8095,,True,completed
129232_408_0,pkw,27519.0,27552.0,33.0,,426.112,0.0,0.0,33.0,3.162,,,0.0,1.0,,True,completed
186446_432_0,pkw,27531.0,27552.0,21.0,,149.229,3.0,3.0,18.0,11.802,,,0.1429,0.8571,,True,completed
96554_395_0,pkw,27521.0,27556.0,35.0,,432.116,0.0,0.0,35.0,2.94,,,0.0,1.0,,True,completed
196690_436_0,pkw,27531.0,27562.0,31.0,,166.046,11.0,11.0,20.0,20.219,,,0.3548,0.6452,,True,completed
223106_449_0,pkw,27534.0,27563.0,29.0,,154.557,9.0,9.0,20.0,17.982,,,0.3103,0.6897,,True,completed
156605_420_0,pkw,27537.0,27566.0,29.0,,168.572,6.0,6.0,23.0,16.499,,,0.2069,0.7931,,True,completed
225840_450_0,pkw,27538.0,27567.0,29.0,,158.709,4.0,4.0,25.0,17.954,,,0.1379,0.8621,,True,completed
108657_400_0,pkw,27540.0,27569.0,29.0,,152.441,4.0,4.0,25.0,19.509,,,0.1379,0.8621,,True,completed
146055_416_0,pkw,27524.0,27570.0,46.0,,436.839,9.0,10.0,36.0,20.559,,,0.2174,0.7826,,True,completed
119154_405_0,pkw,27542.0,27571.0,29.0,,158.083,4.0,4.0,25.0,18.691,,,0.1379,0.8621,,True,completed
179543_430_0,pkw,27545.0,27571.0,26.0,,146.761,8.0,8.0,18.0,13.084,,,0.3077,0.6923,,True,completed
195112_436_0,pkw,27531.0,27572.0,41.0,,440.475,0.0,0.0,41.0,7.546,,,0.0,1.0,,True,completed
255204_459_0,pkw,27546.0,27574.0,28.0,,164.236,3.0,3.0,25.0,15.344,,,0.1071,0.8929,,True,completed
191095_435_0,pkw,27548.0,27576.0,28.0,,170.128,2.0,2.0,26.0,18.266,,,0.0714,0.9286,,True,completed
192264_435_0,pkw,27550.0,27577.0,27.0,,153.786,2.0,2.0,25.0,18.059,,,0.0741,0.9259,,True,completed
235632_451_0,pkw,27553.0,27579.0,26.0,,165.881,2.0,2.0,24.0,15.884,,,0.0769,0.9231,,True,completed
189908_434_0,pkw,27556.0,27580.0,24.0,,154.02,1.0,1.0,23.0,14.272,,,0.0417,0.9583,,True,completed
118317_405_0,pkw,27566.0,27582.0,16.0,,157.358,0.0,0.0,16.0,5.228,,,0.0,1.0,,True,completed
196403_436_0,pkw,27568.0,27585.0,17.0,,160.809,0.0,0.0,17.0,3.287,,,0.0,1.0,,True,completed
124484_406_0,pkw,27571.0,27587.0,16.0,,168.062,0.0,0.0,16.0,5.984,,,0.0,1.0,,True,completed
227710_450_0,pkw,27577.0,27589.0,12.0,,201.608,0.0,0.0,12.0,0.535,,,0.0,1.0,,True,completed
240889_452_0,pkw,27576.0,27589.0,13.0,,197.386,0.0,0.0,13.0,0.464,,,0.0,1.0,,True,completed
211923_442_0,pkw,27579.0,27590.0,11.0,,186.545,0.0,0.0,11.0,2.129,,,0.0,1.0,,True,completed
221232_448_0,pkw,27543.0,27591.0,48.0,,192.755,29.0,29.0,19.0,38.003,,,0.6042,0.3958,,True,completed
90524_391_0,pkw,27538.0,27592.0,54.0,,197.177,35.0,35.0,19.0,40.837,,,0.6481,0.3519,,True,completed
241905_452_0,pkw,27544.0,27593.0,49.0,,188.987,30.0,30.0,19.0,35.97,,,0.6122,0.3878,,True,completed
199938_437_0,pkw,27582.0,27594.0,12.0,,197.683,0.0,0.0,12.0,0.355,,,0.0,1.0,,True,completed
235084_451_0,pkw,27584.0,27596.0,12.0,,189.046,0.0,0.0,12.0,0.656,,,0.0,1.0,,True,completed
245164_454_0,pkw,27584.0,27598.0,14.0,,187.249,0.0,0.0,14.0,3.852,,,0.0,1.0,,True,completed
192959_435_0,pkw,27551.0,27600.0,49.0,,428.153,11.0,11.0,38.0,20.908,,,0.2245,0.7755,,True,completed
97744_395_0,pkw,27556.0,27600.0,44.0,,426.611,8.0,8.0,36.0,13.704,,,0.1818,0.8182,,True,completed
234426_451_0,pkw,27563.0,27602.0,39.0,,432.041,1.0,1.0,38.0,8.391,,,0.0256,0.9744,,True,completed
250910_457_0,pkw,27553.0,27603.0,50.0,,445.63,8.0,8.0,42.0,17.209,,,0.16,0.84,,True,completed
203421_439_0,pkw,27559.0,27604.0,45.0,,435.292,4.0,4.0,41.0,11.474,,,0.0889,0.9111,,True,completed
228656_450_0,pkw,27572.0,27606.0,34.0,,442.662,0.0,0.0,34.0,2.065,,,0.0,1.0,,True,completed
247351_455_0,pkw,27581.0,27610.0,29.0,,157.711,9.0,9.0,20.0,18.695,,,0.3103,0.6897,,True,completed
141959_415_0,pkw,27587.0,27611.0,24.0,,198.063,5.0,5.0,19.0,12.097,,,0.2083,0.7917,,True,completed
179003_430_0,pkw,27584.0,27612.0,28.0,,164.736,6.0,6.0,22.0,16.56,,,0.2143,0.7857,,True,completed
144828_416_0,pkw,27590.0,27613.0,23.0,,201.714,2.0,2.0,21.0,11.607,,,0.087,0.913,,True,completed
194955_436_0,pkw,27586.0,27614.0,28.0,,189.087,9.0,9.0,19.0,17.672,,,0.3214,0.6786,,True,completed
198488_436_0,pkw,27593.0,27614.0,21.0,,193.367,1.0,1.0,20.0,10.104,,,0.0476,0.9524,,True,completed
203061_439_0,pkw,27594.0,27614.0,20.0,,193.609,0.0,0.0,20.0,9.999,,,0.0,1.0,,True,completed
158244_421_0,pkw,27588.0,27616.0,28.0,,189.748,7.0,7.0,21.0,17.101,,,0.25,0.75,,True,completed
171608_426_0,pkw,27596.0,27616.0,20.0,,202.49,0.0,0.0,20.0,9.179,,,0.0,1.0,,True,completed
181872_431_0,pkw,27601.0,27617.0,16.0,,191.703,0.0,0.0,16.0,5.333,,,0.0,1.0,,True,completed
243625_453_0,pkw,27585.0,27619.0,34.0,,433.205,0.0,0.0,34.0,5.299,,,0.0,1.0,,True,completed
209347_441_0,pkw,27592.0,27620.0,28.0,,191.872,3.0,3.0,25.0,17.892,,,0.1071,0.8929,,True,completed
243602_453_0,pkw,27574.0,27622.0,48.0,,429.012,4.0,4.0,44.0,13.995,,,0.0833,0.9167,,True,completed
163330_422_0,pkw,27583.0,27624.0,41.0,,444.702,0.0,0.0,41.0,7.445,,,0.0,1.0,,True,completed
179939_430_0,pkw,27585.0,27625.0,40.0,,430.427,0.0,0.0,40.0,2.479,,,0.0,1.0,,True,completed
246679_455_0,pkw,27587.0,27625.0,38.0,,434.989,0.0,0.0,38.0,8.318,,,0.0,1.0,,True,completed
165528_423_0,pkw,27590.0,27630.0,40.0,,150.803,15.0,15.0,25.0,30.408,,,0.375,0.625,,True,completed
128376_408_0,pkw,27593.0,27633.0,40.0,,165.144,11.0,11.0,29.0,29.129,,,0.275,0.725,,True,completed
238345_451_0,pkw,27548.0,27637.0,89.0,,187.549,65.0,65.0,24.0,77.441,,,0.7303,0.2697,,True,completed
256203_460_0,pkw,27607.0,27639.0,32.0,,395.018,0.0,0.0,32.0,3.848,,,0.0,1.0,,True,completed
159141_421_0,pkw,27612.0,27641.0,29.0,,202.984,10.0,10.0,19.0,18.644,,,0.3448,0.6552,,True,completed
213025_443_0,pkw,27608.0,27641.0,33.0,,199.799,14.0,14.0,19.0,20.343,,,0.4242,0.5758,,True,completed
224285_449_0,pkw,27621.0,27642.0,21.0,,192.032,0.0,1.0,20.0,9.953,,,0.0476,0.9524,,True,completed
184890_431_0,pkw,27615.0,27643.0,28.0,,203.066,6.0,6.0,22.0,14.791,,,0.2143,0.7857,,True,completed
153791_420_0,pkw,27624.0,27644.0,20.0,,196.404,0.0,0.0,20.0,9.657,,,0.0,1.0,,True,completed
168639_425_0,pkw,27622.0,27644.0,22.0,,193.06,0.0,0.0,22.0,9.881,,,0.0,1.0,,True,completed
235176_451_0,pkw,27630.0,27645.0,15.0,,185.821,0.0,0.0,15.0,4.639,,,0.0,1.0,,True,completed
178643_430_0,pkw,27626.0,27646.0,20.0,,201.55,0.0,0.0,20.0,7.672,,,0.0,1.0,,True,completed
233874_451_0,pkw,27598.0,27651.0,53.0,,156.306,23.0,23.0,30.0,43.454,,,0.434,0.566,,True,completed
270606_465_0,pkw,27625.0,27653.0,28.0,,159.688,6.0,6.0,22.0,16.901,,,0.2143,0.7857,,True,completed
239972_452_0,pkw,27630.0,27655.0,25.0,,170.011,6.0,6.0,19.0,14.244,,,0.24,0.76,,True,completed
177151_429_0,pkw,27632.0,27656.0,24.0,,160.924,4.0,4.0,20.0,13.74,,,0.1667,0.8333,,True,completed
100271_396_0,pkw,27554.0,27662.0,108.0,,196.038,75.0,75.0,33.0,98.061,,,0.6944,0.3056,,True,completed
199552_437_0,pkw,27567.0,27663.0,96.0,,187.512,65.0,65.0,31.0,84.547,,,0.6771,0.3229,,True,completed
83081_390_0,pkw,27597.0,27664.0,67.0,,177.804,41.0,41.0,26.0,57.641,,,0.6119,0.3881,,True,completed
118134_405_0,pkw,27599.0,27667.0,68.0,,190.827,40.0,40.0,28.0,57.072,,,0.5882,0.4118,,True,completed
172307_426_0,pkw,27602.0,27670.0,68.0,,436.057,33.0,33.0,35.0,39.252,,,0.4853,0.5147,,True,completed
210369_441_0,pkw,27600.0,27670.0,70.0,,425.886,32.0,32.0,38.0,38.561,,,0.4571,0.5429,,True,completed
161303_421_0,pkw,27622.0,27671.0,49.0,,424.0,12.0,12.0,37.0,19.3,,,0.2449,0.7551,,True,completed
200661_437_0,pkw,27630.0,27672.0,42.0,,434.459,5.0,6.0,36.0,16.93,,,0.1429,0.8571,,True,completed
141916_415_0,pkw,27637.0,27673.0,36.0,,425.781,0.0,0.0,36.0,8.407,,,0.0,1.0,,True,completed
180172_430_0,pkw,27633.0,27673.0,40.0,,434.407,0.0,0.0,40.0,8.229,,,0.0,1.0,,True,completed
207900_441_0,pkw,27635.0,27675.0,40.0,,439.577,0.0,0.0,40.0,3.475,,,0.0,1.0,,True,completed
107922_400_0,pkw,27638.0,27676.0,38.0,,430.831,0.0,0.0,38.0,3.26,,,0.0,1.0,,True,completed
195696_436_0,pkw,27645.0,27676.0,31.0,,429.792,0.0,0.0,31.0,3.235,,,0.0,1.0,,True,completed
212251_442_0,pkw,27642.0,27677.0,35.0,,424.039,0.0,0.0,35.0,5.918,,,0.0,1.0,,True,completed
180843_431_0,pkw,27634.0,27681.0,47.0,,201.029,25.0,25.0,22.0,36.822,,,0.5319,0.4681,,True,completed
217057_446_0,pkw,27658.0,27681.0,23.0,,145.196,5.0,5.0,18.0,13.755,,,0.2174,0.7826,,True,completed
168899_425_0,pkw,27637.0,27682.0,45.0,,185.828,24.0,24.0,21.0,34.701,,,0.5333,0.4667,,True,completed
142005_415_0,pkw,27659.0,27683.0,24.0,,142.367,5.0,5.0,19.0,13.566,,,0.2083,0.7917,,True,completed
238249_451_0,pkw,27646.0,27684.0,38.0,,164.552,15.0,15.0,23.0,27.66,,,0.3947,0.6053,,True,completed
157882_421_0,pkw,27651.0,27685.0,34.0,,154.894,11.0,11.0,23.0,23.872,,,0.3235,0.6765,,True,completed
234904_451_0,pkw,27661.0,27685.0,24.0,,147.196,3.0,3.0,21.0,14.204,,,0.125,0.875,,True,completed
266204_464_0,pkw,27638.0,27686.0,48.0,,195.968,25.0,25.0,23.0,37.514,,,0.5208,0.4792,,True,completed
136424_411_0,pkw,27645.0,27688.0,43.0,,191.04,14.0,14.0,29.0,31.162,,,0.3256,0.6744,,True,completed
204034_439_0,pkw,27649.0,27688.0,39.0,,196.424,12.0,13.0,26.0,29.596,,,0.3333,0.6667,,True,completed
167003_424_0,pkw,27649.0,27691.0,42.0,,427.254,3.0,3.0,39.0,10.686,,,0.0714,0.9286,,True,completed
250949_457_0,pkw,27660.0,27691.0,31.0,,436.301,0.0,0.0,31.0,3.396,,,0.0,1.0,,True,completed
227841_450_0,pkw,27662.0,27692.0,30.0,,426.797,0.0,0.0,30.0,3.298,,,0.0,1.0,,True,completed
231790_451_0,pkw,27652.0,27698.0,46.0,,169.923,14.0,14.0,32.0,32.908,,,0.3043,0.6957,,True,completed
252222_457_0,pkw,27656.0,27699.0,43.0,,158.688,9.0,9.0,34.0,31.06,,,0.2093,0.7907,,True,completed
260830_461_0,pkw,27677.0,27701.0,24.0,,167.655,0.0,0.0,24.0,13.524,,,0.0,1.0,,True,completed
116829_404_0,pkw,27601.0,27705.0,104.0,,194.363,70.0,70.0,34.0,93.127,,,0.6731,0.3269,,True,completed
86506_391_0,pkw,27603.0,27706.0,103.0,,181.775,64.0,64.0,39.0,92.81,,,0.6214,0.3786,,True,completed
197410_436_0,pkw,27611.0,27708.0,97.0,,185.081,57.0,57.0,40.0,86.356,,,0.5876,0.4124,,True,completed
204325_440_0,pkw,27638.0,27710.0,72.0,,192.144,36.0,36.0,36.0,62.568,,,0.5,0.5,,True,completed
234986_451_0,pkw,27645.0,27712.0,67.0,,195.734,31.0,31.0,36.0,56.212,,,0.4627,0.5373,,True,completed
243434_452_0,pkw,27648.0,27715.0,67.0,,188.302,30.0,30.0,37.0,57.57,,,0.4478,0.5522,,True,completed
107911_400_0,pkw,27680.0,27721.0,41.0,,159.423,15.0,15.0,26.0,30.423,,,0.3659,0.6341,,True,completed
136371_411_0,pkw,27683.0,27723.0,40.0,,163.082,15.0,15.0,25.0,29.799,,,0.375,0.625,,True,completed
202020_438_0,pkw,27685.0,27724.0,39.0,,152.93,13.0,13.0,26.0,28.821,,,0.3333,0.6667,,True,completed
209919_441_0,pkw,27702.0,27726.0,24.0,,158.941,4.0,5.0,19.0,14.35,,,0.2083,0.7917,,True,completed
189864_434_0,pkw,27667.0,27730.0,63.0,,434.29,28.0,28.0,35.0,35.095,,,0.4444,0.5556,,True,completed
201027_437_0,pkw,27682.0,27730.0,48.0,,429.571,14.0,14.0,34.0,21.409,,,0.2917,0.7083,,True,completed
216082_445_0,pkw,27697.0,27732.0,35.0,,435.388,0.0,1.0,34.0,4.039,,,0.0286,0.9714,,True,completed
219229_446_0,pkw,27688.0,27734.0,46.0,,464.549,6.0,6.0,40.0,15.077,,,0.1304,0.8696,,True,completed
266025_464_0,pkw,27641.0,27734.0,93.0,,679.437,24.0,24.0,69.0,46.876,,,0.2581,0.7419,,True,completed
216370_445_0,pkw,27691.0,27735.0,44.0,,450.193,2.0,2.0,42.0,12.13,,,0.0455,0.9545,,True,completed
247971_455_0,pkw,27705.0,27736.0,31.0,,430.423,0.0,0.0,31.0,1.87,,,0.0,1.0,,True,completed
158340_421_0,pkw,27650.0,27740.0,90.0,,186.398,47.0,47.0,43.0,80.169,,,0.5222,0.4778,,True,completed
154920_420_0,pkw,27714.0,27743.0,29.0,,162.079,10.0,10.0,19.0,18.216,,,0.3448,0.6552,,True,completed
170077_426_0,pkw,27718.0,27744.0,26.0,,151.646,8.0,8.0,18.0,16.327,,,0.3077,0.6923,,True,completed
82661_389_0,pkw,27652.0,27750.0,98.0,,188.488,51.0,51.0,47.0,87.417,,,0.5204,0.4796,,True,completed
142312_415_0,pkw,27653.0,27751.0,98.0,,179.557,54.0,54.0,44.0,88.846,,,0.551,0.449,,True,completed
209414_441_0,pkw,27718.0,27751.0,33.0,,432.966,0.0,0.0,33.0,1.565,,,0.0,1.0,,True,completed
179815_430_0,pkw,27655.0,27753.0,98.0,,186.299,54.0,54.0,44.0,86.418,,,0.551,0.449,,True,completed
148428_417_0,pkw,27657.0,27755.0,98.0,,195.289,52.0,52.0,46.0,87.922,,,0.5306,0.4694,,True,completed
245045_453_0,pkw,27703.0,27761.0,58.0,,433.451,13.0,13.0,45.0,20.965,,,0.2241,0.7759,,True,completed
265895_464_0,pkw,27720.0,27761.0,41.0,,427.727,0.0,0.0,41.0,2.638,,,0.0,1.0,,True,completed
244405_453_0,pkw,27707.0,27762.0,55.0,,437.395,11.0,11.0,44.0,25.016,,,0.2,0.8,,True,completed
233343_451_0,pkw,27732.0,27763.0,31.0,,432.602,0.0,0.0,31.0,2.222,,,0.0,1.0,,True,completed
267402_464_0,pkw,27709.0,27764.0,55.0,,440.98,11.0,11.0,44.0,25.318,,,0.2,0.8,,True,completed
259106_461_0,pkw,27727.0,27765.0,38.0,,433.017,0.0,0.0,38.0,8.749,,,0.0,1.0,,True,completed
197127_436_0,pkw,27669.0,27770.0,101.0,,193.472,50.0,50.0,51.0,90.665,,,0.495,0.505,,True,completed
143000_415_0,pkw,27721.0,27771.0,50.0,,158.187,25.0,25.0,25.0,40.505,,,0.5,0.5,,True,completed
198556_436_0,pkw,27672.0,27774.0,102.0,,191.778,49.0,49.0,53.0,90.594,,,0.4804,0.5196,,True,completed
122055_406_0,pkw,27688.0,27775.0,87.0,,181.301,40.0,40.0,47.0,76.409,,,0.4598,0.5402,,True,completed
198727_436_0,pkw,27662.0,27778.0,116.0,,457.374,43.0,48.0,68.0,83.717,,,0.4138,0.5862,,True,completed
138857_413_0,pkw,27736.0,27781.0,45.0,,426.732,3.0,3.0,42.0,9.887,,,0.0667,0.9333,,True,completed
219903_447_0,pkw,27739.0,27781.0,42.0,,430.017,0.0,0.0,42.0,7.832,,,0.0,1.0,,True,completed
110504_401_0,pkw,27743.0,27783.0,40.0,,439.252,0.0,0.0,40.0,11.412,,,0.0,1.0,,True,completed
206544_440_0,pkw,27746.0,27783.0,37.0,,434.551,0.0,0.0,37.0,11.091,,,0.0,1.0,,True,completed
220359_447_0,pkw,27741.0,27784.0,43.0,,432.965,0.0,0.0,43.0,3.398,,,0.0,1.0,,True,completed
179963_430_0,pkw,27747.0,27786.0,39.0,,436.578,0.0,0.0,39.0,5.543,,,0.0,1.0,,True,completed
213302_443_0,pkw,27751.0,27786.0,35.0,,440.376,0.0,0.0,35.0,9.55,,,0.0,1.0,,True,completed
263211_462_0,pkw,27745.0,27786.0,41.0,,437.033,0.0,0.0,41.0,3.516,,,0.0,1.0,,True,completed
175141_428_0,pkw,27749.0,27787.0,38.0,,429.68,0.0,0.0,38.0,6.36,,,0.0,1.0,,True,completed
203697_439_0,pkw,27753.0,27789.0,36.0,,445.416,0.0,0.0,36.0,2.22,,,0.0,1.0,,True,completed
238908_451_0,pkw,27760.0,27789.0,29.0,,427.97,0.0,0.0,29.0,1.212,,,0.0,1.0,,True,completed
120014_405_0,pkw,27755.0,27794.0,39.0,,434.306,0.0,0.0,39.0,1.744,,,0.0,1.0,,True,completed
192037_435_0,pkw,27757.0,27794.0,37.0,,435.952,0.0,0.0,37.0,3.297,,,0.0,1.0,,True,completed
202100_438_0,pkw,27765.0,27795.0,30.0,,433.047,0.0,0.0,30.0,1.166,,,0.0,1.0,,True,completed
252867_458_0,pkw,27759.0,27796.0,37.0,,446.254,0.0,0.0,37.0,4.944,,,0.0,1.0,,True,completed
193845_435_0,pkw,27769.0,27799.0,30.0,,434.758,0.0,0.0,30.0,2.022,,,0.0,1.0,,True,completed
148137_417_0,pkw,27715.0,27802.0,87.0,,464.873,22.0,22.0,65.0,51.039,,,0.2529,0.7471,,True,completed
211205_442_0,pkw,27766.0,27805.0,39.0,,453.861,0.0,0.0,39.0,4.992,,,0.0,1.0,,True,completed
182295_431_0,pkw,27768.0,27807.0,39.0,,462.583,0.0,0.0,39.0,4.174,,,0.0,1.0,,True,completed
219025_446_0,pkw,27792.0,27807.0,15.0,,158.434,0.0,0.0,15.0,4.242,,,0.0,1.0,,True,completed
225137_449_0,pkw,27770.0,27807.0,37.0,,443.267,0.0,0.0,37.0,2.604,,,0.0,1.0,,True,completed
220709_447_0,pkw,27733.0,27811.0,78.0,,195.467,58.0,58.0,20.0,66.111,,,0.7436,0.2564,,True,completed
268789_465_0,pkw,27774.0,27811.0,37.0,,196.536,18.0,18.0,19.0,26.575,,,0.4865,0.5135,,True,completed
140435_414_0,pkw,27796.0,27813.0,17.0,,202.893,0.0,1.0,16.0,6.242,,,0.0588,0.9412,,True,completed
196961_436_0,pkw,27799.0,27814.0,15.0,,192.788,0.0,0.0,15.0,4.604,,,0.0,1.0,,True,completed
157354_421_0,pkw,27804.0,27815.0,11.0,,200.921,0.0,0.0,11.0,0.241,,,0.0,1.0,,True,completed
188278_433_0,pkw,27717.0,27820.0,103.0,,182.457,56.0,56.0,47.0,91.435,,,0.5437,0.4563,,True,completed
184237_431_0,pkw,27772.0,27821.0,49.0,,441.757,6.0,6.0,43.0,20.973,,,0.1224,0.8776,,True,completed
77659_386_0,pkw,27774.0,27822.0,48.0,,431.76,6.0,6.0,42.0,19.129,,,0.125,0.875,,True,completed
198676_436_0,pkw,27778.0,27824.0,46.0,,438.381,1.0,1.0,45.0,10.898,,,0.0217,0.9783,,True,completed
231519_451_0,pkw,27786.0,27825.0,39.0,,430.569,0.0,0.0,39.0,10.803,,,0.0,1.0,,True,completed
208046_441_0,pkw,27776.0,27826.0,50.0,,430.961,9.0,9.0,41.0,17.625,,,0.18,0.82,,True,completed
261734_461_0,pkw,27784.0,27827.0,43.0,,423.081,4.0,4.0,39.0,13.359,,,0.093,0.907,,True,completed
141260_415_0,pkw,27793.0,27828.0,35.0,,442.389,0.0,0.0,35.0,6.875,,,0.0,1.0,,True,completed
223231_449_0,pkw,27788.0,27828.0,40.0,,428.712,0.0,0.0,40.0,3.605,,,0.0,1.0,,True,completed
180849_431_0,pkw,27795.0,27830.0,35.0,,434.653,0.0,0.0,35.0,2.388,,,0.0,1.0,,True,completed
216121_445_0,pkw,27787.0,27830.0,43.0,,451.667,3.0,3.0,40.0,15.286,,,0.0698,0.9302,,True,completed
238407_451_0,pkw,27792.0,27831.0,39.0,,427.422,0.0,0.0,39.0,6.517,,,0.0,1.0,,True,completed
179656_430_0,pkw,27801.0,27833.0,32.0,,426.038,0.0,0.0,32.0,1.493,,,0.0,1.0,,True,completed
131469_410_0,pkw,27719.0,27838.0,119.0,,460.158,40.0,51.0,68.0,90.297,,,0.4286,0.5714,,True,completed
237810_451_0,pkw,27805.0,27841.0,36.0,,430.418,0.0,0.0,36.0,2.034,,,0.0,1.0,,True,completed
103910_397_0,pkw,27721.0,27843.0,122.0,,462.326,33.0,48.0,74.0,89.022,,,0.3934,0.6066,,True,completed
236097_451_0,pkw,27804.0,27844.0,40.0,,436.952,0.0,0.0,40.0,2.836,,,0.0,1.0,,True,completed
204768_440_0,pkw,27723.0,27845.0,122.0,,461.614,31.0,46.0,76.0,89.686,,,0.377,0.623,,True,completed
210990_442_0,pkw,27807.0,27846.0,39.0,,443.89,0.0,0.0,39.0,9.083,,,0.0,1.0,,True,completed
262726_462_0,pkw,27814.0,27846.0,32.0,,424.173,0.0,0.0,32.0,3.233,,,0.0,1.0,,True,completed
269546_465_0,pkw,27812.0,27846.0,34.0,,461.429,0.0,0.0,34.0,4.312,,,0.0,1.0,,True,completed
213088_443_0,pkw,27808.0,27847.0,39.0,,435.642,0.0,0.0,39.0,6.732,,,0.0,1.0,,True,completed
184591_431_0,pkw,27816.0,27848.0,32.0,,428.512,0.0,0.0,32.0,3.063,,,0.0,1.0,,True,completed
131349_410_0,pkw,27810.0,27849.0,39.0,,443.848,0.0,0.0,39.0,4.623,,,0.0,1.0,,True,completed
233479_451_0,pkw,27812.0,27850.0,38.0,,435.718,0.0,0.0,38.0,9.408,,,0.0,1.0,,True,completed
232421_451_0,pkw,27814.0,27852.0,38.0,,445.368,0.0,0.0,38.0,4.751,,,0.0,1.0,,True,completed
244285_453_0,pkw,27817.0,27853.0,36.0,,436.95,0.0,0.0,36.0,3.892,,,0.0,1.0,,True,completed
118292_405_0,pkw,27842.0,27855.0,13.0,,150.418,0.0,0.0,13.0,0.748,,,0.0,1.0,,True,completed
218695_446_0,pkw,27819.0,27856.0,37.0,,436.605,0.0,0.0,37.0,2.171,,,0.0,1.0,,True,completed
85760_390_0,pkw,27844.0,27856.0,12.0,,142.178,0.0,0.0,12.0,2.024,,,0.0,1.0,,True,completed
134094_411_0,pkw,27811.0,27861.0,50.0,,191.367,31.0,31.0,19.0,40.007,,,0.62,0.38,,True,completed
241723_452_0,pkw,27815.0,27861.0,46.0,,200.198,28.0,28.0,18.0,36.273,,,0.6087,0.3913,,True,completed
142640_415_0,pkw,27821.0,27863.0,42.0,,198.773,20.0,20.0,22.0,30.464,,,0.4762,0.5238,,True,completed
244628_453_0,pkw,27817.0,27863.0,46.0,,201.027,24.0,24.0,22.0,34.59,,,0.5217,0.4783,,True,completed
196953_436_0,pkw,27827.0,27864.0,37.0,,186.442,13.0,14.0,23.0,26.986,,,0.3784,0.6216,,True,completed
219770_447_0,pkw,27823.0,27865.0,42.0,,201.988,19.0,19.0,23.0,30.064,,,0.4524,0.5476,,True,completed
188890_434_0,pkw,27829.0,27866.0,37.0,,192.209,13.0,13.0,24.0,27.16,,,0.3514,0.6486,,True,completed
191823_435_0,pkw,27836.0,27866.0,30.0,,189.354,8.0,8.0,22.0,18.785,,,0.2667,0.7333,,True,completed
215445_445_0,pkw,27849.0,27868.0,19.0,,203.263,0.0,1.0,18.0,8.986,,,0.0526,0.9474,,True,completed
240674_452_0,pkw,27841.0,27868.0,27.0,,197.959,3.0,4.0,23.0,16.237,,,0.1481,0.8519,,True,completed
180378_430_0,pkw,27821.0,27872.0,51.0,,430.941,8.0,8.0,43.0,23.768,,,0.1569,0.8431,,True,completed
212053_442_0,pkw,27839.0,27873.0,34.0,,432.358,0.0,0.0,34.0,1.189,,,0.0,1.0,,True,completed
248573_456_0,pkw,27827.0,27873.0,46.0,,437.215,9.0,9.0,37.0,17.122,,,0.1957,0.8043,,True,completed
210089_441_0,pkw,27823.0,27874.0,51.0,,694.295,0.0,0.0,51.0,4.546,,,0.0,1.0,,True,completed
262601_462_0,pkw,27835.0,27874.0,39.0,,439.062,0.0,0.0,39.0,9.125,,,0.0,1.0,,True,completed
183959_431_0,pkw,27843.0,27879.0,36.0,,431.644,0.0,0.0,36.0,2.37,,,0.0,1.0,,True,completed
241894_452_0,pkw,27847.0,27880.0,33.0,,428.6,0.0,0.0,33.0,1.376,,,0.0,1.0,,True,completed
98961_396_0,pkw,27849.0,27883.0,34.0,,443.487,0.0,0.0,34.0,1.946,,,0.0,1.0,,True,completed
213498_444_0,pkw,27852.0,27886.0,34.0,,428.67,0.0,0.0,34.0,1.508,,,0.0,1.0,,True,completed
149367_417_0,pkw,27852.0,27891.0,39.0,,196.856,15.0,15.0,24.0,27.004,,,0.3846,0.6154,,True,completed
262023_461_0,pkw,27844.0,27891.0,47.0,,175.116,18.0,18.0,29.0,35.598,,,0.383,0.617,,True,completed
166906_424_0,pkw,27856.0,27892.0,36.0,,197.461,14.0,14.0,22.0,24.942,,,0.3889,0.6111,,True,completed
196263_436_0,pkw,27829.0,27892.0,63.0,,466.504,21.0,21.0,42.0,32.074,,,0.3333,0.6667,,True,completed
245459_454_0,pkw,27860.0,27892.0,32.0,,188.428,12.0,12.0,20.0,20.722,,,0.375,0.625,,True,completed
165327_423_0,pkw,27832.0,27893.0,61.0,,698.412,5.0,5.0,56.0,15.253,,,0.082,0.918,,True,completed
211632_442_0,pkw,27872.0,27894.0,22.0,,199.806,0.0,1.0,21.0,11.644,,,0.0455,0.9545,,True,completed
109459_401_0,pkw,27875.0,27896.0,21.0,,197.558,0.0,0.0,21.0,8.168,,,0.0,1.0,,True,completed
200401_437_0,pkw,27862.0,27896.0,34.0,,201.77,12.0,12.0,22.0,21.795,,,0.3529,0.6471,,True,completed
114529_402_0,pkw,27870.0,27897.0,27.0,,172.766,2.0,3.0,24.0,16.526,,,0.1111,0.8889,,True,completed
163322_422_0,pkw,27881.0,27897.0,16.0,,190.307,0.0,0.0,16.0,4.937,,,0.0,1.0,,True,completed
222452_448_0,pkw,27834.0,27899.0,65.0,,699.994,0.0,0.0,65.0,10.801,,,0.0,1.0,,True,completed
144378_416_0,pkw,27879.0,27900.0,21.0,,184.568,2.0,2.0,19.0,10.563,,,0.0952,0.9048,,True,completed
212613_443_0,pkw,27878.0,27900.0,22.0,,177.316,0.0,0.0,22.0,7.917,,,0.0,1.0,,True,completed
190075_434_0,pkw,27851.0,27901.0,50.0,,436.093,9.0,9.0,41.0,13.913,,,0.18,0.82,,True,completed
215528_445_0,pkw,27853.0,27902.0,49.0,,440.229,8.0,8.0,41.0,24.52,,,0.1633,0.8367,,True,completed
264022_463_0,pkw,27864.0,27903.0,39.0,,429.142,2.0,2.0,37.0,10.571,,,0.0513,0.9487,,True,completed
193139_435_0,pkw,27856.0,27904.0,48.0,,443.66,6.0,6.0,42.0,17.795,,,0.125,0.875,,True,completed
231031_450_0,pkw,27874.0,27905.0,31.0,,433.309,0.0,0.0,31.0,2.731,,,0.0,1.0,,True,completed
118864_405_0,pkw,27867.0,27906.0,39.0,,437.184,0.0,0.0,39.0,8.135,,,0.0,1.0,,True,completed
190180_434_0,pkw,27889.0,27909.0,20.0,,146.135,3.0,3.0,17.0,9.442,,,0.15,0.85,,True,completed
261319_461_0,pkw,27883.0,27911.0,28.0,,196.622,6.0,6.0,22.0,16.42,,,0.2143,0.7857,,True,completed
150838_418_0,pkw,27895.0,27912.0,17.0,,181.595,0.0,0.0,17.0,6.873,,,0.0,1.0,,True,completed
235489_451_0,pkw,27887.0,27913.0,26.0,,179.764,8.0,8.0,18.0,15.251,,,0.3077,0.6923,,True,completed
112564_401_0,pkw,27900.0,27914.0,14.0,,192.962,0.0,0.0,14.0,4.731,,,0.0,1.0,,True,completed
248908_456_0,pkw,27897.0,27916.0,19.0,,193.285,0.0,0.0,19.0,7.392,,,0.0,1.0,,True,completed
243275_452_0,pkw,27881.0,27920.0,39.0,,431.992,1.0,1.0,38.0,8.694,,,0.0256,0.9744,,True,completed
250378_456_0,pkw,27887.0,27928.0,41.0,,441.741,0.0,0.0,41.0,2.638,,,0.0,1.0,,True,completed
259376_461_0,pkw,27897.0,27929.0,32.0,,433.018,0.0,0.0,32.0,4.004,,,0.0,1.0,,True,completed
226991_450_0,pkw,27893.0,27931.0,38.0,,427.446,0.0,0.0,38.0,3.981,,,0.0,1.0,,True,completed
241913_452_0,pkw,27886.0,27931.0,45.0,,465.725,9.0,10.0,35.0,15.136,,,0.2222,0.7778,,True,completed
255723_460_0,pkw,27900.0,27935.0,35.0,,432.479,0.0,0.0,35.0,2.15,,,0.0,1.0,,True,completed
110772_401_0,pkw,27920.0,27941.0,21.0,,189.84,0.0,0.0,21.0,9.452,,,0.0,1.0,,True,completed
230168_450_0,pkw,27913.0,27941.0,28.0,,194.67,9.0,9.0,19.0,15.678,,,0.3214,0.6786,,True,completed
198494_436_0,pkw,27927.0,27943.0,16.0,,199.347,0.0,0.0,16.0,5.812,,,0.0,1.0,,True,completed
218049_446_0,pkw,27922.0,27943.0,21.0,,200.52,0.0,1.0,20.0,8.824,,,0.0476,0.9524,,True,completed
54426_371_0,pkw,27928.0,27944.0,16.0,,191.495,0.0,0.0,16.0,5.188,,,0.0,1.0,,True,completed
254314_459_0,pkw,27910.0,27950.0,40.0,,437.742,1.0,1.0,39.0,9.422,,,0.025,0.975,,True,completed
135934_411_0,pkw,27925.0,27953.0,28.0,,432.911,0.0,0.0,28.0,1.597,,,0.0,1.0,,True,completed
204235_440_0,pkw,27927.0,27957.0,30.0,,435.698,0.0,0.0,30.0,1.704,,,0.0,1.0,,True,completed
183954_431_0,pkw,27911.0,27969.0,58.0,,693.311,0.0,0.0,58.0,8.412,,,0.0,1.0,,True,completed
248160_455_0,pkw,27937.0,27971.0,34.0,,436.984,0.0,0.0,34.0,2.388,,,0.0,1.0,,True,completed
239308_451_0,pkw,27935.0,27973.0,38.0,,442.02,0.0,0.0,38.0,2.385,,,0.0,1.0,,True,completed
274043_467_0,pkw,27944.0,27978.0,34.0,,438.151,0.0,0.0,34.0,1.717,,,0.0,1.0,,True,completed
269667_465_0,pkw,27946.0,27988.0,42.0,,446.838,0.0,0.0,42.0,2.945,,,0.0,1.0,,True,completed
78515_387_0,pkw,27950.0,27989.0,39.0,,437.665,0.0,0.0,39.0,10.252,,,0.0,1.0,,True,completed
270659_466_0,pkw,27952.0,27991.0,39.0,,445.56,0.0,0.0,39.0,5.51,,,0.0,1.0,,True,completed
262168_462_0,pkw,27957.0,27992.0,35.0,,435.962,0.0,0.0,35.0,2.39,,,0.0,1.0,,True,completed
251011_457_0,pkw,27959.0,27994.0,35.0,,446.076,0.0,0.0,35.0,3.622,,,0.0,1.0,,True,completed
183196_431_0,pkw,27961.0,27995.0,34.0,,436.088,0.0,0.0,34.0,3.234,,,0.0,1.0,,True,completed
164980_423_0,pkw,27985.0,27997.0,12.0,,184.339,0.0,0.0,12.0,2.02,,,0.0,1.0,,True,completed
225089_449_0,pkw,27957.0,28001.0,44.0,,197.249,25.0,25.0,19.0,31.761,,,0.5682,0.4318,,True,completed
152741_419_0,pkw,27947.0,28004.0,57.0,,694.036,0.0,0.0,57.0,4.536,,,0.0,1.0,,True,completed
250236_456_0,pkw,27989.0,28019.0,30.0,,438.395,0.0,0.0,30.0,1.576,,,0.0,1.0,,True,completed
253740_458_0,pkw,27991.0,28023.0,32.0,,444.086,0.0,0.0,32.0,1.628,,,0.0,1.0,,True,completed
243617_453_0,pkw,27993.0,28027.0,34.0,,446.302,0.0,0.0,34.0,1.916,,,0.0,1.0,,True,completed
226344_450_0,pkw,27995.0,28028.0,33.0,,437.057,0.0,0.0,33.0,6.329,,,0.0,1.0,,True,completed
162223_421_0,pkw,27997.0,28031.0,34.0,,438.784,0.0,0.0,34.0,2.142,,,0.0,1.0,,True,completed
208005_441_0,pkw,27999.0,28032.0,33.0,,429.84,0.0,0.0,33.0,4.208,,,0.0,1.0,,True,completed
237039_451_0,pkw,28001.0,28034.0,33.0,,440.758,0.0,0.0,33.0,3.203,,,0.0,1.0,,True,completed
247391_455_0,pkw,28003.0,28038.0,35.0,,434.424,0.0,0.0,35.0,2.103,,,0.0,1.0,,True,completed
171784_426_0,pkw,28005.0,28040.0,35.0,,441.223,0.0,0.0,35.0,2.466,,,0.0,1.0,,True,completed
235273_451_0,pkw,28007.0,28041.0,34.0,,432.965,0.0,0.0,34.0,6.43,,,0.0,1.0,,True,completed
228790_450_0,pkw,28009.0,28044.0,35.0,,435.998,0.0,0.0,35.0,2.047,,,0.0,1.0,,True,completed
235200_451_0,pkw,28030.0,28051.0,21.0,,198.587,1.0,1.0,20.0,9.523,,,0.0476,0.9524,,True,completed
260867_461_0,pkw,28030.0,28051.0,21.0,,202.979,2.0,2.0,19.0,9.775,,,0.0952,0.9048,,True,completed
212453_443_0,pkw,28036.0,28052.0,16.0,,191.839,0.0,0.0,16.0,5.221,,,0.0,1.0,,True,completed
246710_455_0,pkw,28032.0,28052.0,20.0,,188.25,1.0,1.0,19.0,8.31,,,0.05,0.95,,True,completed
223854_449_0,pkw,28038.0,28055.0,17.0,,172.88,0.0,0.0,17.0,3.58,,,0.0,1.0,,True,completed
270405_465_0,pkw,28043.0,28055.0,12.0,,188.852,0.0,0.0,12.0,0.799,,,0.0,1.0,,True,completed
223553_449_0,pkw,28040.0,28057.0,17.0,,203.557,0.0,0.0,17.0,4.68,,,0.0,1.0,,True,completed
183270_431_0,pkw,28031.0,28066.0,35.0,,442.439,0.0,0.0,35.0,1.845,,,0.0,1.0,,True,completed
204088_439_0,pkw,28033.0,28068.0,35.0,,432.185,0.0,0.0,35.0,2.095,,,0.0,1.0,,True,completed
270102_465_0,pkw,28035.0,28070.0,35.0,,436.665,0.0,0.0,35.0,2.19,,,0.0,1.0,,True,completed
216920_446_0,pkw,28037.0,28074.0,37.0,,427.873,0.0,0.0,37.0,1.985,,,0.0,1.0,,True,completed
211579_442_0,pkw,28037.0,28075.0,38.0,,445.278,0.0,0.0,38.0,2.182,,,0.0,1.0,,True,completed
177898_430_0,pkw,28039.0,28076.0,37.0,,435.75,0.0,0.0,37.0,5.828,,,0.0,1.0,,True,completed
174994_428_0,pkw,28045.0,28081.0,36.0,,173.778,19.0,20.0,16.0,24.589,,,0.5556,0.4444,,True,completed
262563_462_0,pkw,28047.0,28083.0,36.0,,171.964,16.0,16.0,20.0,23.233,,,0.4444,0.5556,,True,completed
185436_432_0,pkw,28051.0,28085.0,34.0,,174.983,12.0,12.0,22.0,21.014,,,0.3529,0.6471,,True,completed
169791_426_0,pkw,28059.0,28086.0,27.0,,197.134,5.0,5.0,22.0,16.641,,,0.1852,0.8148,,True,completed
178886_430_0,pkw,28055.0,28087.0,32.0,,175.563,8.0,8.0,24.0,19.397,,,0.25,0.75,,True,completed
247873_455_0,pkw,28062.0,28088.0,26.0,,203.081,1.0,1.0,25.0,15.139,,,0.0385,0.9615,,True,completed
241118_452_0,pkw,28041.0,28090.0,49.0,,434.771,3.0,3.0,46.0,10.26,,,0.0612,0.9388,,True,completed
242389_452_0,pkw,28043.0,28093.0,50.0,,443.339,0.0,0.0,50.0,7.825,,,0.0,1.0,,True,completed
268385_465_0,pkw,28046.0,28094.0,48.0,,434.047,0.0,0.0,48.0,21.073,,,0.0,1.0,,True,completed
237469_451_0,pkw,28047.0,28096.0,49.0,,442.13,0.0,0.0,49.0,18.856,,,0.0,1.0,,True,completed
274349_467_0,pkw,28051.0,28096.0,45.0,,425.102,0.0,0.0,45.0,13.42,,,0.0,1.0,,True,completed
203186_439_0,pkw,28049.0,28097.0,48.0,,432.241,0.0,0.0,48.0,20.865,,,0.0,1.0,,True,completed
243994_453_0,pkw,28071.0,28100.0,29.0,,185.802,5.0,5.0,24.0,18.582,,,0.1724,0.8276,,True,completed
124843_406_0,pkw,28045.0,28101.0,56.0,,447.311,17.0,17.0,39.0,24.806,,,0.3036,0.6964,,True,completed
175166_428_0,pkw,28079.0,28102.0,23.0,,196.479,4.0,4.0,19.0,11.682,,,0.1739,0.8261,,True,completed
234102_451_0,pkw,28072.0,28103.0,31.0,,199.909,5.0,5.0,26.0,20.36,,,0.1613,0.8387,,True,completed
188229_433_0,pkw,28076.0,28104.0,28.0,,191.599,5.0,5.0,23.0,18.754,,,0.1786,0.8214,,True,completed
186635_432_0,pkw,28073.0,28105.0,32.0,,202.218,4.0,4.0,28.0,17.794,,,0.125,0.875,,True,completed
190724_435_0,pkw,28054.0,28105.0,51.0,,453.097,8.0,8.0,43.0,19.812,,,0.1569,0.8431,,True,completed
213148_443_0,pkw,28048.0,28107.0,59.0,,449.068,15.0,15.0,44.0,22.761,,,0.2542,0.7458,,True,completed
252528_458_0,pkw,28061.0,28108.0,47.0,,453.731,4.0,4.0,43.0,15.907,,,0.0851,0.9149,,True,completed
120613_405_0,pkw,28048.0,28112.0,64.0,,704.251,0.0,0.0,64.0,9.635,,,0.0,1.0,,True,completed
185099_432_0,pkw,28072.0,28112.0,40.0,,428.386,0.0,0.0,40.0,9.221,,,0.0,1.0,,True,completed
206926_441_0,pkw,28061.0,28112.0,51.0,,461.911,8.0,8.0,43.0,15.812,,,0.1569,0.8431,,True,completed
246348_454_0,pkw,28057.0,28112.0,55.0,,435.77,8.0,8.0,47.0,16.31,,,0.1455,0.8545,,True,completed
144723_416_0,pkw,28053.0,28113.0,60.0,,690.592,0.0,0.0,60.0,14.397,,,0.0,1.0,,True,completed
200207_437_0,pkw,28051.0,28114.0,63.0,,703.028,0.0,0.0,63.0,8.207,,,0.0,1.0,,True,completed
216447_445_0,pkw,28068.0,28114.0,46.0,,450.286,0.0,0.0,46.0,7.493,,,0.0,1.0,,True,completed
251062_457_0,pkw,28074.0,28114.0,40.0,,431.61,0.0,0.0,40.0,6.622,,,0.0,1.0,,True,completed
127493_407_0,pkw,28079.0,28115.0,36.0,,441.007,0.0,0.0,36.0,6.065,,,0.0,1.0,,True,completed
213750_444_0,pkw,28071.0,28116.0,45.0,,456.733,0.0,0.0,45.0,12.435,,,0.0,1.0,,True,completed
224883_449_0,pkw,28085.0,28116.0,31.0,,424.191,0.0,0.0,31.0,1.879,,,0.0,1.0,,True,completed
159488_421_0,pkw,28055.0,28117.0,62.0,,703.91,0.0,0.0,62.0,8.798,,,0.0,1.0,,True,completed
158820_421_0,pkw,28068.0,28121.0,53.0,,448.116,6.0,6.0,47.0,23.727,,,0.1132,0.8868,,True,completed
112058_401_0,pkw,28066.0,28122.0,56.0,,453.115,7.0,7.0,49.0,23.728,,,0.125,0.875,,True,completed
227464_450_0,pkw,28091.0,28123.0,32.0,,166.932,8.0,8.0,24.0,21.748,,,0.25,0.75,,True,completed
238062_451_0,pkw,28082.0,28125.0,43.0,,437.301,0.0,0.0,43.0,14.135,,,0.0,1.0,,True,completed
211385_442_0,pkw,28080.0,28127.0,47.0,,430.967,0.0,0.0,47.0,3.121,,,0.0,1.0,,True,completed
259707_461_0,pkw,28090.0,28127.0,37.0,,443.463,0.0,0.0,37.0,6.459,,,0.0,1.0,,True,completed
255757_460_0,pkw,28117.0,28128.0,11.0,,146.743,0.0,0.0,11.0,0.776,,,0.0,1.0,,True,completed
98552_395_0,pkw,28075.0,28129.0,54.0,,443.871,4.0,4.0,50.0,18.727,,,0.0741,0.9259,,True,completed
217155_446_0,pkw,28097.0,28130.0,33.0,,153.706,9.0,9.0,24.0,23.165,,,0.2727,0.7273,,True,completed
226520_450_0,pkw,28096.0,28131.0,35.0,,433.814,0.0,0.0,35.0,2.221,,,0.0,1.0,,True,completed
177303_429_0,pkw,28103.0,28132.0,29.0,,161.606,6.0,6.0,23.0,17.98,,,0.2069,0.7931,,True,completed
205604_440_0,pkw,28104.0,28134.0,30.0,,161.633,6.0,6.0,24.0,17.622,,,0.2,0.8,,True,completed
138457_412_0,pkw,28106.0,28136.0,30.0,,168.784,3.0,3.0,27.0,19.02,,,0.1,0.9,,True,completed
277699_469_0,pkw,28119.0,28138.0,19.0,,170.414,0.0,0.0,19.0,7.706,,,0.0,1.0,,True,completed
142017_415_0,pkw,28127.0,28139.0,12.0,,195.377,0.0,0.0,12.0,0.95,,,0.0,1.0,,True,completed
113553_402_0,pkw,28097.0,28141.0,44.0,,200.069,24.0,24.0,20.0,33.039,,,0.5455,0.4545,,True,completed
239610_451_0,pkw,28092.0,28141.0,49.0,,177.76,26.0,26.0,23.0,37.66,,,0.5306,0.4694,,True,completed
184328_431_0,pkw,28117.0,28144.0,27.0,,197.033,3.0,4.0,23.0,15.958,,,0.1481,0.8519,,True,completed
100634_396_0,pkw,28107.0,28150.0,43.0,,443.443,5.0,5.0,38.0,14.221,,,0.1163,0.8837,,True,completed
143800_416_0,pkw,28105.0,28152.0,47.0,,460.337,5.0,5.0,42.0,12.338,,,0.1064,0.8936,,True,completed
194444_436_0,pkw,28109.0,28152.0,43.0,,432.3,3.0,3.0,40.0,10.843,,,0.0698,0.9302,,True,completed
158601_421_0,pkw,28108.0,28154.0,46.0,,452.615,4.0,4.0,42.0,13.852,,,0.087,0.913,,True,completed
267784_465_0,pkw,28111.0,28154.0,43.0,,444.479,2.0,2.0,41.0,13.255,,,0.0465,0.9535,,True,completed
233560_451_0,pkw,28128.0,28156.0,28.0,,434.407,0.0,0.0,28.0,1.095,,,0.0,1.0,,True,completed
229282_450_0,pkw,28148.0,28164.0,16.0,,203.28,0.0,0.0,16.0,4.988,,,0.0,1.0,,True,completed
260221_461_0,pkw,28129.0,28169.0,40.0,,429.876,0.0,0.0,40.0,6.992,,,0.0,1.0,,True,completed
138014_412_0,pkw,28131.0,28170.0,39.0,,453.09,0.0,0.0,39.0,4.929,,,0.0,1.0,,True,completed
197584_436_0,pkw,28128.0,28170.0,42.0,,444.12,0.0,1.0,41.0,5.183,,,0.0238,0.9762,,True,completed
237875_451_0,pkw,28122.0,28172.0,50.0,,457.708,5.0,5.0,45.0,12.821,,,0.1,0.9,,True,completed
241599_452_0,pkw,28131.0,28172.0,41.0,,443.785,0.0,0.0,41.0,9.86,,,0.0,1.0,,True,completed
273407_466_0,pkw,28133.0,28173.0,40.0,,432.696,0.0,0.0,40.0,13.892,,,0.0,1.0,,True,completed
240250_452_0,pkw,28134.0,28177.0,43.0,,431.603,0.0,0.0,43.0,2.265,,,0.0,1.0,,True,completed
115406_403_0,pkw,28134.0,28178.0,44.0,,443.962,8.0,8.0,36.0,16.235,,,0.1818,0.8182,,True,completed
248501_456_0,pkw,28124.0,28182.0,58.0,,460.396,8.0,8.0,50.0,26.252,,,0.1379,0.8621,,True,completed
189371_434_0,pkw,28126.0,28183.0,57.0,,451.607,7.0,7.0,50.0,30.466,,,0.1228,0.8772,,True,completed
205117_440_0,pkw,28140.0,28183.0,43.0,,449.99,5.0,5.0,38.0,14.374,,,0.1163,0.8837,,True,completed
265964_464_0,pkw,28136.0,28184.0,48.0,,443.986,8.0,8.0,40.0,14.75,,,0.1667,0.8333,,True,completed
192060_435_0,pkw,28156.0,28186.0,30.0,,197.877,6.0,6.0,24.0,17.88,,,0.2,0.8,,True,completed
169529_426_0,pkw,28163.0,28187.0,24.0,,186.737,2.0,2.0,22.0,14.038,,,0.0833,0.9167,,True,completed
202005_438_0,pkw,28144.0,28187.0,43.0,,441.898,0.0,0.0,43.0,10.88,,,0.0,1.0,,True,completed
157483_421_0,pkw,28146.0,28198.0,52.0,,445.304,10.0,10.0,42.0,25.352,,,0.1923,0.8077,,True,completed
224682_449_0,pkw,28147.0,28200.0,53.0,,429.383,12.0,12.0,41.0,19.576,,,0.2264,0.7736,,True,completed
251309_457_0,pkw,28138.0,28201.0,63.0,,453.519,16.0,16.0,47.0,29.175,,,0.254,0.746,,True,completed
228010_450_0,pkw,28166.0,28202.0,36.0,,432.838,0.0,0.0,36.0,3.907,,,0.0,1.0,,True,completed
283267_472_0,pkw,28164.0,28202.0,38.0,,436.49,0.0,0.0,38.0,2.099,,,0.0,1.0,,True,completed
180968_431_0,pkw,28171.0,28203.0,32.0,,445.542,0.0,0.0,32.0,4.0,,,0.0,1.0,,True,completed
185690_432_0,pkw,28169.0,28203.0,34.0,,434.726,0.0,0.0,34.0,1.646,,,0.0,1.0,,True,completed
221545_448_0,pkw,28152.0,28203.0,51.0,,442.894,9.0,9.0,42.0,22.719,,,0.1765,0.8235,,True,completed
193777_435_0,pkw,28158.0,28205.0,47.0,,449.138,7.0,7.0,40.0,20.554,,,0.1489,0.8511,,True,completed
186001_432_0,pkw,28154.0,28208.0,54.0,,448.924,9.0,9.0,45.0,22.345,,,0.1667,0.8333,,True,completed
201038_437_0,pkw,28150.0,28208.0,58.0,,448.932,9.0,9.0,49.0,22.104,,,0.1552,0.8448,,True,completed
222821_448_0,pkw,28172.0,28210.0,38.0,,453.552,0.0,1.0,37.0,10.634,,,0.0263,0.9737,,True,completed
198097_436_0,pkw,28173.0,28211.0,38.0,,440.232,0.0,0.0,38.0,2.491,,,0.0,1.0,,True,completed
230732_450_0,pkw,28162.0,28211.0,49.0,,448.932,6.0,6.0,43.0,17.925,,,0.1224,0.8776,,True,completed
236914_451_0,pkw,28177.0,28214.0,37.0,,445.162,0.0,0.0,37.0,2.009,,,0.0,1.0,,True,completed
153510_420_0,pkw,28190.0,28226.0,36.0,,427.025,0.0,0.0,36.0,1.753,,,0.0,1.0,,True,completed
122475_406_0,pkw,28193.0,28227.0,34.0,,445.755,0.0,0.0,34.0,3.044,,,0.0,1.0,,True,completed
136022_411_0,pkw,28193.0,28229.0,36.0,,433.756,0.0,0.0,36.0,1.825,,,0.0,1.0,,True,completed
232786_451_0,pkw,28195.0,28230.0,35.0,,434.214,0.0,0.0,35.0,1.769,,,0.0,1.0,,True,completed
259614_461_0,pkw,28197.0,28230.0,33.0,,442.03,0.0,0.0,33.0,4.348,,,0.0,1.0,,True,completed
270722_466_0,pkw,28199.0,28231.0,32.0,,431.588,0.0,0.0,32.0,1.283,,,0.0,1.0,,True,completed
272033_466_0,pkw,28199.0,28231.0,32.0,,429.418,0.0,0.0,32.0,2.441,,,0.0,1.0,,True,completed
168779_425_0,pkw,28175.0,28232.0,57.0,,452.821,13.0,13.0,44.0,22.759,,,0.2281,0.7719,,True,completed
153149_420_0,pkw,28197.0,28234.0,37.0,,439.02,0.0,0.0,37.0,1.51,,,0.0,1.0,,True,completed
214099_444_0,pkw,28203.0,28239.0,36.0,,429.404,0.0,0.0,36.0,1.773,,,0.0,1.0,,True,completed
243343_452_0,pkw,28203.0,28241.0,38.0,,191.388,20.0,20.0,18.0,27.366,,,0.5263,0.4737,,True,completed
128389_408_0,pkw,28217.0,28242.0,25.0,,186.505,4.0,4.0,21.0,10.461,,,0.16,0.84,,True,completed
192641_435_0,pkw,28205.0,28243.0,38.0,,190.811,16.0,17.0,21.0,25.858,,,0.4474,0.5526,,True,completed
102374_396_0,pkw,28224.0,28244.0,20.0,,140.902,2.0,2.0,18.0,9.747,,,0.1,0.9,,True,completed
164516_422_0,pkw,28220.0,28244.0,24.0,,192.097,3.0,3.0,21.0,12.864,,,0.125,0.875,,True,completed
138188_412_0,pkw,28224.0,28245.0,21.0,,197.467,1.0,1.0,20.0,9.921,,,0.0476,0.9524,,True,completed
193036_435_0,pkw,28223.0,28245.0,22.0,,182.339,2.0,2.0,20.0,11.821,,,0.0909,0.9091,,True,completed
269181_465_0,pkw,28211.0,28245.0,34.0,,438.543,0.0,0.0,34.0,1.38,,,0.0,1.0,,True,completed
156507_420_0,pkw,28214.0,28246.0,32.0,,430.235,0.0,0.0,32.0,4.632,,,0.0,1.0,,True,completed
209839_441_0,pkw,28207.0,28246.0,39.0,,435.715,0.0,0.0,39.0,2.142,,,0.0,1.0,,True,completed
177103_429_0,pkw,28212.0,28247.0,35.0,,428.289,0.0,0.0,35.0,6.78,,,0.0,1.0,,True,completed
243431_452_0,pkw,28216.0,28248.0,32.0,,436.329,0.0,0.0,32.0,3.791,,,0.0,1.0,,True,completed
143945_416_0,pkw,28218.0,28250.0,32.0,,443.046,0.0,0.0,32.0,1.69,,,0.0,1.0,,True,completed
166507_424_0,pkw,28233.0,28260.0,27.0,,435.727,0.0,0.0,27.0,1.489,,,0.0,1.0,,True,completed
251039_457_0,pkw,28215.0,28260.0,45.0,,461.764,6.0,6.0,39.0,14.485,,,0.1333,0.8667,,True,completed
117127_404_0,pkw,28220.0,28261.0,41.0,,451.405,2.0,2.0,39.0,9.02,,,0.0488,0.9512,,True,completed
161686_421_0,pkw,28189.0,28262.0,73.0,,453.474,33.0,33.0,40.0,40.633,,,0.4521,0.5479,,True,completed
180268_430_0,pkw,28210.0,28270.0,60.0,,461.715,13.0,13.0,47.0,23.298,,,0.2167,0.7833,,True,completed
244321_453_0,pkw,28215.0,28270.0,55.0,,463.951,8.0,8.0,47.0,21.13,,,0.1455,0.8545,,True,completed
285558_474_0,pkw,28237.0,28271.0,34.0,,427.652,0.0,0.0,34.0,4.487,,,0.0,1.0,,True,completed
189906_434_0,pkw,28235.0,28272.0,37.0,,445.598,0.0,0.0,37.0,2.215,,,0.0,1.0,,True,completed
243333_452_0,pkw,28238.0,28273.0,35.0,,437.232,0.0,0.0,35.0,5.174,,,0.0,1.0,,True,completed
240589_452_0,pkw,28263.0,28274.0,11.0,,138.759,0.0,0.0,11.0,1.032,,,0.0,1.0,,True,completed
280500_471_0,pkw,28240.0,28275.0,35.0,,445.869,0.0,0.0,35.0,6.46,,,0.0,1.0,,True,completed
166643_424_0,pkw,28237.0,28276.0,39.0,,457.405,2.0,2.0,37.0,9.969,,,0.0513,0.9487,,True,completed
250663_456_0,pkw,28241.0,28277.0,36.0,,449.403,0.0,0.0,36.0,6.05,,,0.0,1.0,,True,completed
289688_477_0,pkw,28241.0,28282.0,41.0,,433.874,0.0,0.0,41.0,2.119,,,0.0,1.0,,True,completed
198650_436_0,pkw,28251.0,28283.0,32.0,,438.955,0.0,0.0,32.0,1.749,,,0.0,1.0,,True,completed
224664_449_0,pkw,28257.0,28288.0,31.0,,437.483,0.0,0.0,31.0,1.424,,,0.0,1.0,,True,completed
277750_469_0,pkw,28262.0,28292.0,30.0,,425.714,0.0,0.0,30.0,1.378,,,0.0,1.0,,True,completed
252459_458_0,pkw,28259.0,28294.0,35.0,,432.69,0.0,0.0,35.0,2.313,,,0.0,1.0,,True,completed
146134_416_0,pkw,28285.0,28298.0,13.0,,193.0,0.0,0.0,13.0,1.604,,,0.0,1.0,,True,completed
212076_442_0,pkw,28259.0,28298.0,39.0,,428.861,0.0,0.0,39.0,2.14,,,0.0,1.0,,True,completed
132229_410_0,pkw,28270.0,28300.0,30.0,,428.798,0.0,0.0,30.0,1.045,,,0.0,1.0,,True,completed
241031_452_0,pkw,28244.0,28301.0,57.0,,190.933,38.0,38.0,19.0,44.618,,,0.6667,0.3333,,True,completed
269273_465_0,pkw,28279.0,28301.0,22.0,,193.419,2.0,2.0,20.0,10.898,,,0.0909,0.9091,,True,completed
120205_405_0,pkw,28272.0,28303.0,31.0,,437.327,0.0,0.0,31.0,1.088,,,0.0,1.0,,True,completed
265825_464_0,pkw,28283.0,28303.0,20.0,,190.357,0.0,0.0,20.0,8.484,,,0.0,1.0,,True,completed
263319_462_0,pkw,28286.0,28304.0,18.0,,192.269,0.0,0.0,18.0,6.97,,,0.0,1.0,,True,completed
119889_405_0,pkw,28264.0,28310.0,46.0,,437.623,8.0,8.0,38.0,14.386,,,0.1739,0.8261,,True,completed
207751_441_0,pkw,28289.0,28311.0,22.0,,154.924,5.0,5.0,17.0,12.149,,,0.2273,0.7727,,True,completed
238336_451_0,pkw,28267.0,28311.0,44.0,,427.884,6.0,6.0,38.0,13.441,,,0.1364,0.8636,,True,completed
256684_460_0,pkw,28270.0,28313.0,43.0,,427.999,5.0,5.0,38.0,15.051,,,0.1163,0.8837,,True,completed
252410_458_0,pkw,28272.0,28316.0,44.0,,441.935,0.0,0.0,44.0,5.985,,,0.0,1.0,,True,completed
246686_455_0,pkw,28278.0,28317.0,39.0,,433.108,0.0,0.0,39.0,2.976,,,0.0,1.0,,True,completed
258714_461_0,pkw,28266.0,28323.0,57.0,,456.901,9.0,9.0,48.0,22.666,,,0.1579,0.8421,,True,completed
106740_399_0,pkw,28293.0,28324.0,31.0,,194.414,7.0,7.0,24.0,20.537,,,0.2258,0.7742,,True,completed
244056_453_0,pkw,28281.0,28324.0,43.0,,453.469,1.0,1.0,42.0,10.502,,,0.0233,0.9767,,True,completed
177745_430_0,pkw,28291.0,28326.0,35.0,,441.493,0.0,0.0,35.0,5.693,,,0.0,1.0,,True,completed
209686_441_0,pkw,28301.0,28326.0,25.0,,193.512,2.0,2.0,23.0,14.719,,,0.08,0.92,,True,completed
238695_451_0,pkw,28288.0,28329.0,41.0,,447.602,0.0,0.0,41.0,6.285,,,0.0,1.0,,True,completed
81814_389_0,pkw,28305.0,28335.0,30.0,,438.774,0.0,0.0,30.0,1.368,,,0.0,1.0,,True,completed
219724_447_0,pkw,28302.0,28336.0,34.0,,438.138,0.0,0.0,34.0,1.71,,,0.0,1.0,,True,completed
141639_415_0,pkw,28296.0,28343.0,47.0,,446.82,6.0,6.0,41.0,15.225,,,0.1277,0.8723,,True,completed
223379_449_0,pkw,28314.0,28343.0,29.0,,154.507,11.0,11.0,18.0,20.177,,,0.3793,0.6207,,True,completed
169086_425_0,pkw,28303.0,28345.0,42.0,,452.059,0.0,0.0,42.0,15.126,,,0.0,1.0,,True,completed
254616_459_0,pkw,28319.0,28345.0,26.0,,161.684,4.0,4.0,22.0,14.959,,,0.1538,0.8462,,True,completed
227886_450_0,pkw,28304.0,28346.0,42.0,,435.061,0.0,0.0,42.0,2.192,,,0.0,1.0,,True,completed
214892_445_0,pkw,28302.0,28347.0,45.0,,442.929,1.0,1.0,44.0,13.047,,,0.0222,0.9778,,True,completed
260001_461_0,pkw,28298.0,28347.0,49.0,,442.623,5.0,5.0,44.0,21.998,,,0.102,0.898,,True,completed
274645_467_0,pkw,28310.0,28349.0,39.0,,362.464,4.0,4.0,35.0,14.703,,,0.1026,0.8974,,True,completed
235218_451_0,pkw,28310.0,28351.0,41.0,,449.443,0.0,0.0,41.0,10.632,,,0.0,1.0,,True,completed
274709_467_0,pkw,28330.0,28351.0,21.0,,202.37,1.0,1.0,20.0,10.646,,,0.0476,0.9524,,True,completed
240148_452_0,pkw,28312.0,28352.0,40.0,,440.926,0.0,0.0,40.0,11.349,,,0.0,1.0,,True,completed
275618_468_0,pkw,28332.0,28354.0,22.0,,201.702,1.0,1.0,21.0,10.745,,,0.0455,0.9545,,True,completed
217016_446_0,pkw,28315.0,28355.0,40.0,,446.944,0.0,0.0,40.0,8.35,,,0.0,1.0,,True,completed
273435_466_0,pkw,28305.0,28355.0,50.0,,453.746,0.0,0.0,50.0,12.278,,,0.0,1.0,,True,completed
196786_436_0,pkw,28323.0,28356.0,33.0,,442.489,0.0,0.0,33.0,3.758,,,0.0,1.0,,True,completed
75163_386_0,pkw,28310.0,28359.0,49.0,,436.372,14.0,14.0,35.0,20.672,,,0.2857,0.7143,,True,completed
238318_451_0,pkw,28315.0,28362.0,47.0,,436.976,9.0,9.0,38.0,17.018,,,0.1915,0.8085,,True,completed
253347_458_0,pkw,28312.0,28362.0,50.0,,436.983,12.0,12.0,38.0,19.368,,,0.24,0.76,,True,completed
206378_440_0,pkw,28321.0,28363.0,42.0,,426.564,4.0,4.0,38.0,12.753,,,0.0952,0.9048,,True,completed
162803_422_0,pkw,28355.0,28367.0,12.0,,152.312,0.0,0.0,12.0,0.975,,,0.0,1.0,,True,completed
198061_436_0,pkw,28357.0,28367.0,10.0,,190.976,0.0,0.0,10.0,0.489,,,0.0,1.0,,True,completed
144547_416_0,pkw,28325.0,28369.0,44.0,,428.645,2.0,2.0,42.0,10.587,,,0.0455,0.9545,,True,completed
245027_453_0,pkw,28325.0,28371.0,46.0,,443.035,6.0,6.0,40.0,15.383,,,0.1304,0.8696,,True,completed
165863_424_0,pkw,28327.0,28372.0,45.0,,449.549,5.0,5.0,40.0,15.785,,,0.1111,0.8889,,True,completed
270291_465_0,pkw,28358.0,28373.0,15.0,,191.839,0.0,0.0,15.0,4.168,,,0.0,1.0,,True,completed
272079_466_0,pkw,28345.0,28376.0,31.0,,410.149,0.0,0.0,31.0,4.581,,,0.0,1.0,,True,completed
120533_405_0,pkw,28335.0,28378.0,43.0,,457.673,0.0,0.0,43.0,6.061,,,0.0,1.0,,True,completed
99139_396_0,pkw,28338.0,28382.0,44.0,,434.456,5.0,5.0,39.0,12.747,,,0.1136,0.8864,,True,completed
251226_457_0,pkw,28340.0,28384.0,44.0,,435.774,5.0,5.0,39.0,12.215,,,0.1136,0.8864,,True,completed
274220_467_0,pkw,28335.0,28384.0,49.0,,436.05,8.0,8.0,41.0,15.709,,,0.1633,0.8367,,True,completed
109174_400_0,pkw,28373.0,28385.0,12.0,,154.104,0.0,0.0,12.0,3.682,,,0.0,1.0,,True,completed
260340_461_0,pkw,28348.0,28385.0,37.0,,427.695,0.0,1.0,36.0,10.419,,,0.027,0.973,,True,completed
170152_426_0,pkw,28352.0,28386.0,34.0,,433.665,0.0,0.0,34.0,3.04,,,0.0,1.0,,True,completed
143117_415_0,pkw,28352.0,28387.0,35.0,,435.932,0.0,0.0,35.0,7.074,,,0.0,1.0,,True,completed
207277_441_0,pkw,28380.0,28393.0,13.0,,159.792,0.0,0.0,13.0,3.088,,,0.0,1.0,,True,completed
206948_441_0,pkw,28349.0,28396.0,47.0,,446.345,2.0,2.0,45.0,9.323,,,0.0426,0.9574,,True,completed
237644_451_0,pkw,28375.0,28401.0,26.0,,202.262,6.0,6.0,20.0,14.673,,,0.2308,0.7692,,True,completed
250322_456_0,pkw,28363.0,28401.0,38.0,,429.16,1.0,1.0,37.0,7.557,,,0.0263,0.9737,,True,completed
277666_469_0,pkw,28367.0,28403.0,36.0,,428.669,0.0,0.0,36.0,2.161,,,0.0,1.0,,True,completed
245482_454_0,pkw,28370.0,28406.0,36.0,,435.365,0.0,0.0,36.0,1.617,,,0.0,1.0,,True,completed
139595_413_0,pkw,28368.0,28407.0,39.0,,435.602,0.0,0.0,39.0,4.173,,,0.0,1.0,,True,completed
183233_431_0,pkw,28372.0,28407.0,35.0,,427.568,0.0,0.0,35.0,5.031,,,0.0,1.0,,True,completed
217238_446_0,pkw,28372.0,28408.0,36.0,,428.078,0.0,0.0,36.0,3.923,,,0.0,1.0,,True,completed
223164_449_0,pkw,28395.0,28414.0,19.0,,166.073,0.0,0.0,19.0,9.89,,,0.0,1.0,,True,completed
274061_467_0,pkw,28406.0,28417.0,11.0,,183.104,0.0,0.0,11.0,1.621,,,0.0,1.0,,True,completed
198636_436_0,pkw,28377.0,28418.0,41.0,,430.148,0.0,0.0,41.0,2.067,,,0.0,1.0,,True,completed
273089_466_0,pkw,28399.0,28423.0,24.0,,173.991,4.0,4.0,20.0,12.94,,,0.1667,0.8333,,True,completed
179708_430_0,pkw,28409.0,28430.0,21.0,,147.578,3.0,3.0,18.0,11.625,,,0.1429,0.8571,,True,completed
190487_434_0,pkw,28412.0,28431.0,19.0,,154.946,1.0,1.0,18.0,8.835,,,0.0526,0.9474,,True,completed
221062_448_0,pkw,28392.0,28434.0,42.0,,437.613,2.0,2.0,40.0,8.429,,,0.0476,0.9524,,True,completed
226009_450_0,pkw,28388.0,28437.0,49.0,,432.024,5.0,5.0,44.0,12.307,,,0.102,0.898,,True,completed
219097_446_0,pkw,28395.0,28439.0,44.0,,435.279,0.0,0.0,44.0,7.706,,,0.0,1.0,,True,completed
276708_468_0,pkw,28408.0,28439.0,31.0,,444.105,0.0,0.0,31.0,1.738,,,0.0,1.0,,True,completed
283127_472_0,pkw,28397.0,28439.0,42.0,,429.864,0.0,0.0,42.0,7.481,,,0.0,1.0,,True,completed
210631_442_0,pkw,28402.0,28440.0,38.0,,427.499,0.0,0.0,38.0,5.993,,,0.0,1.0,,True,completed
234716_451_0,pkw,28400.0,28441.0,41.0,,435.312,0.0,0.0,41.0,9.667,,,0.0,1.0,,True,completed
175195_428_0,pkw,28407.0,28442.0,35.0,,455.802,0.0,0.0,35.0,4.855,,,0.0,1.0,,True,completed
185249_432_0,pkw,28405.0,28442.0,37.0,,433.068,0.0,0.0,37.0,4.535,,,0.0,1.0,,True,completed
257421_460_0,pkw,28431.0,28443.0,12.0,,150.664,0.0,0.0,12.0,0.979,,,0.0,1.0,,True,completed
282984_472_0,pkw,28408.0,28444.0,36.0,,452.793,0.0,0.0,36.0,3.93,,,0.0,1.0,,True,completed
261765_461_0,pkw,28413.0,28445.0,32.0,,445.746,0.0,0.0,32.0,1.512,,,0.0,1.0,,True,completed
240015_452_0,pkw,28421.0,28451.0,30.0,,184.516,11.0,11.0,19.0,20.806,,,0.3667,0.6333,,True,completed
87483_391_0,pkw,28425.0,28451.0,26.0,,191.512,6.0,6.0,20.0,15.522,,,0.2308,0.7692,,True,completed
238737_451_0,pkw,28414.0,28453.0,39.0,,430.653,0.0,0.0,39.0,8.651,,,0.0,1.0,,True,completed
244831_453_0,pkw,28434.0,28453.0,19.0,,194.129,0.0,0.0,19.0,7.789,,,0.0,1.0,,True,completed
252235_457_0,pkw,28438.0,28454.0,16.0,,196.118,0.0,0.0,16.0,5.367,,,0.0,1.0,,True,completed
275670_468_0,pkw,28413.0,28454.0,41.0,,438.568,0.0,0.0,41.0,8.911,,,0.0,1.0,,True,completed
234190_451_0,pkw,28415.0,28455.0,40.0,,431.012,0.0,0.0,40.0,9.573,,,0.0,1.0,,True,completed
239457_451_0,pkw,28420.0,28455.0,35.0,,430.435,0.0,0.0,35.0,4.243,,,0.0,1.0,,True,completed
260663_461_0,pkw,28443.0,28455.0,12.0,,177.687,0.0,0.0,12.0,2.541,,,0.0,1.0,,True,completed
273064_466_0,pkw,28417.0,28455.0,38.0,,399.611,0.0,0.0,38.0,11.699,,,0.0,1.0,,True,completed
136857_411_0,pkw,28445.0,28460.0,15.0,,170.256,0.0,0.0,15.0,3.46,,,0.0,1.0,,True,completed
252693_458_0,pkw,28429.0,28461.0,32.0,,429.017,0.0,0.0,32.0,1.905,,,0.0,1.0,,True,completed
183679_431_0,pkw,28441.0,28462.0,21.0,,147.889,4.0,4.0,17.0,10.44,,,0.1905,0.8095,,True,completed
264934_463_0,pkw,28426.0,28462.0,36.0,,436.989,0.0,0.0,36.0,1.772,,,0.0,1.0,,True,completed
257226_460_0,pkw,28434.0,28470.0,36.0,,406.337,0.0,0.0,36.0,7.797,,,0.0,1.0,,True,completed
205082_440_0,pkw,28447.0,28471.0,24.0,,175.529,5.0,5.0,19.0,11.538,,,0.2083,0.7917,,True,completed
274394_467_0,pkw,28446.0,28471.0,25.0,,201.186,7.0,7.0,18.0,13.315,,,0.28,0.72,,True,completed
140549_414_0,pkw,28449.0,28472.0,23.0,,189.659,4.0,4.0,19.0,12.975,,,0.1739,0.8261,,True,completed
111032_401_0,pkw,28444.0,28475.0,31.0,,439.982,0.0,0.0,31.0,1.331,,,0.0,1.0,,True,completed
282723_472_0,pkw,28443.0,28476.0,33.0,,399.451,0.0,0.0,33.0,4.749,,,0.0,1.0,,True,completed
277242_469_0,pkw,28445.0,28477.0,32.0,,391.283,0.0,0.0,32.0,8.385,,,0.0,1.0,,True,completed
241082_452_0,pkw,28439.0,28479.0,40.0,,429.146,5.0,5.0,35.0,11.183,,,0.125,0.875,,True,completed
261015_461_0,pkw,28469.0,28480.0,11.0,,185.719,0.0,0.0,11.0,0.222,,,0.0,1.0,,True,completed
226436_450_0,pkw,28449.0,28483.0,34.0,,429.978,0.0,0.0,34.0,1.845,,,0.0,1.0,,True,completed
268263_465_0,pkw,28450.0,28483.0,33.0,,397.003,0.0,0.0,33.0,5.09,,,0.0,1.0,,True,completed
141828_415_0,pkw,28461.0,28492.0,31.0,,152.039,14.0,14.0,17.0,20.76,,,0.4516,0.5484,,True,completed
279534_470_0,pkw,28478.0,28493.0,15.0,,142.958,0.0,1.0,14.0,5.966,,,0.0667,0.9333,,True,completed
210748_442_0,pkw,28482.0,28495.0,13.0,,146.822,0.0,0.0,13.0,2.023,,,0.0,1.0,,True,completed
277320_469_0,pkw,28464.0,28502.0,38.0,,392.603,0.0,0.0,38.0,10.778,,,0.0,1.0,,True,completed
193108_435_0,pkw,28499.0,28511.0,12.0,,187.856,0.0,0.0,12.0,0.409,,,0.0,1.0,,True,completed
279691_470_0,pkw,28504.0,28516.0,12.0,,193.484,0.0,0.0,12.0,0.385,,,0.0,1.0,,True,completed
259136_461_0,pkw,28459.0,28517.0,58.0,,428.872,14.0,14.0,44.0,20.713,,,0.2414,0.7586,,True,completed
144781_416_0,pkw,28488.0,28519.0,31.0,,441.65,0.0,0.0,31.0,2.064,,,0.0,1.0,,True,completed
169648_426_0,pkw,28485.0,28519.0,34.0,,443.725,0.0,0.0,34.0,2.222,,,0.0,1.0,,True,completed
246226_454_0,pkw,28490.0,28521.0,31.0,,449.686,0.0,0.0,31.0,2.968,,,0.0,1.0,,True,completed
218915_446_0,pkw,28492.0,28522.0,30.0,,441.034,0.0,0.0,30.0,1.68,,,0.0,1.0,,True,completed
195396_436_0,pkw,28494.0,28528.0,34.0,,448.017,0.0,0.0,34.0,1.788,,,0.0,1.0,,True,completed
253861_459_0,pkw,28495.0,28528.0,33.0,,443.325,0.0,0.0,33.0,2.39,,,0.0,1.0,,True,completed
187042_432_0,pkw,28497.0,28529.0,32.0,,440.699,0.0,0.0,32.0,4.906,,,0.0,1.0,,True,completed
260408_461_0,pkw,28487.0,28530.0,43.0,,137.677,27.0,27.0,16.0,33.001,,,0.6279,0.3721,,True,completed
221860_448_0,pkw,28503.0,28534.0,31.0,,441.478,0.0,0.0,31.0,1.252,,,0.0,1.0,,True,completed
134733_411_0,pkw,28506.0,28539.0,33.0,,448.597,0.0,0.0,33.0,1.425,,,0.0,1.0,,True,completed
110587_401_0,pkw,28518.0,28541.0,23.0,,201.016,4.0,4.0,19.0,11.698,,,0.1739,0.8261,,True,completed
140690_414_0,pkw,28509.0,28541.0,32.0,,451.41,0.0,0.0,32.0,1.239,,,0.0,1.0,,True,completed
178414_430_0,pkw,28521.0,28541.0,20.0,,192.319,0.0,0.0,20.0,7.965,,,0.0,1.0,,True,completed
104899_398_0,pkw,28527.0,28543.0,16.0,,201.185,0.0,0.0,16.0,4.948,,,0.0,1.0,,True,completed
152370_419_0,pkw,28512.0,28548.0,36.0,,444.639,0.0,0.0,36.0,1.82,,,0.0,1.0,,True,completed
277465_469_0,pkw,28514.0,28550.0,36.0,,404.092,0.0,0.0,36.0,7.192,,,0.0,1.0,,True,completed
210588_441_0,pkw,28540.0,28555.0,15.0,,168.953,0.0,0.0,15.0,2.063,,,0.0,1.0,,True,completed
261183_461_0,pkw,28489.0,28555.0,66.0,,434.946,24.0,24.0,42.0,31.762,,,0.3636,0.6364,,True,completed
159963_421_0,pkw,28547.0,28558.0,11.0,,185.907,0.0,0.0,11.0,0.517,,,0.0,1.0,,True,completed
237662_451_0,pkw,28543.0,28559.0,16.0,,197.857,0.0,0.0,16.0,2.126,,,0.0,1.0,,True,completed
75563_386_0,pkw,28523.0,28561.0,38.0,,445.681,0.0,0.0,38.0,8.405,,,0.0,1.0,,True,completed
220942_447_0,pkw,28547.0,28563.0,16.0,,181.564,0.0,0.0,16.0,3.137,,,0.0,1.0,,True,completed
157359_421_0,pkw,28552.0,28564.0,12.0,,185.709,0.0,0.0,12.0,0.521,,,0.0,1.0,,True,completed
204473_440_0,pkw,28533.0,28564.0,31.0,,444.98,0.0,0.0,31.0,4.299,,,0.0,1.0,,True,completed
250018_456_0,pkw,28549.0,28565.0,16.0,,191.215,0.0,0.0,16.0,4.236,,,0.0,1.0,,True,completed
154706_420_0,pkw,28525.0,28568.0,43.0,,445.295,0.0,0.0,43.0,7.434,,,0.0,1.0,,True,completed
118698_405_0,pkw,28529.0,28571.0,42.0,,451.461,0.0,0.0,42.0,5.273,,,0.0,1.0,,True,completed
120822_405_0,pkw,28535.0,28572.0,37.0,,453.745,0.0,0.0,37.0,3.439,,,0.0,1.0,,True,completed
109284_400_0,pkw,28537.0,28575.0,38.0,,447.443,0.0,0.0,38.0,2.65,,,0.0,1.0,,True,completed
174411_427_0,pkw,28549.0,28581.0,32.0,,448.503,0.0,0.0,32.0,1.428,,,0.0,1.0,,True,completed
267732_465_0,pkw,28545.0,28581.0,36.0,,444.165,0.0,0.0,36.0,2.228,,,0.0,1.0,,True,completed
161070_421_0,pkw,28551.0,28583.0,32.0,,449.623,0.0,0.0,32.0,1.642,,,0.0,1.0,,True,completed
149947_417_0,pkw,28578.0,28588.0,10.0,,177.053,0.0,0.0,10.0,0.309,,,0.0,1.0,,True,completed
216822_446_0,pkw,28580.0,28591.0,11.0,,184.909,0.0,0.0,11.0,0.813,,,0.0,1.0,,True,completed
238211_451_0,pkw,28553.0,28591.0,38.0,,446.728,0.0,0.0,38.0,1.788,,,0.0,1.0,,True,completed
241394_452_0,pkw,28578.0,28591.0,13.0,,174.395,0.0,0.0,13.0,0.562,,,0.0,1.0,,True,completed
177680_430_0,pkw,28537.0,28593.0,56.0,,431.093,17.0,17.0,39.0,23.207,,,0.3036,0.6964,,True,completed
270525_465_0,pkw,28537.0,28594.0,57.0,,438.337,17.0,17.0,40.0,23.656,,,0.2982,0.7018,,True,completed
175533_428_0,pkw,28585.0,28598.0,13.0,,193.984,0.0,0.0,13.0,2.069,,,0.0,1.0,,True,completed
147621_416_0,pkw,28555.0,28599.0,44.0,,446.441,8.0,8.0,36.0,14.435,,,0.1818,0.8182,,True,completed
174918_427_0,pkw,28579.0,28602.0,23.0,,192.13,3.0,3.0,20.0,9.287,,,0.1304,0.8696,,True,completed
229126_450_0,pkw,28591.0,28602.0,11.0,,186.209,0.0,0.0,11.0,0.392,,,0.0,1.0,,True,completed
257544_460_0,pkw,28565.0,28603.0,38.0,,443.034,0.0,1.0,37.0,6.212,,,0.0263,0.9737,,True,completed
211492_442_0,pkw,28574.0,28606.0,32.0,,450.806,0.0,0.0,32.0,2.193,,,0.0,1.0,,True,completed
220308_447_0,pkw,28570.0,28606.0,36.0,,452.401,0.0,0.0,36.0,4.161,,,0.0,1.0,,True,completed
280794_471_0,pkw,28596.0,28608.0,12.0,,148.824,0.0,0.0,12.0,1.51,,,0.0,1.0,,True,completed
292028_479_0,pkw,28586.0,28617.0,31.0,,448.276,0.0,0.0,31.0,1.595,,,0.0,1.0,,True,completed
148835_417_0,pkw,28608.0,28619.0,11.0,,196.55,0.0,0.0,11.0,0.271,,,0.0,1.0,,True,completed
128388_408_0,pkw,28602.0,28621.0,19.0,,202.727,0.0,0.0,19.0,5.966,,,0.0,1.0,,True,completed
213851_444_0,pkw,28610.0,28622.0,12.0,,190.489,0.0,0.0,12.0,0.468,,,0.0,1.0,,True,completed
178689_430_0,pkw,28612.0,28623.0,11.0,,181.942,0.0,0.0,11.0,0.919,,,0.0,1.0,,True,completed
252054_457_0,pkw,28595.0,28623.0,28.0,,438.055,0.0,0.0,28.0,1.816,,,0.0,1.0,,True,completed
143726_416_0,pkw,28593.0,28624.0,31.0,,447.496,0.0,0.0,31.0,1.306,,,0.0,1.0,,True,completed
181432_431_0,pkw,28616.0,28627.0,11.0,,183.279,0.0,0.0,11.0,0.183,,,0.0,1.0,,True,completed
177905_430_0,pkw,28612.0,28628.0,16.0,,188.761,0.0,0.0,16.0,4.595,,,0.0,1.0,,True,completed
207390_441_0,pkw,28620.0,28632.0,12.0,,187.73,0.0,0.0,12.0,0.429,,,0.0,1.0,,True,completed
169513_426_0,pkw,28612.0,28641.0,29.0,,435.802,0.0,0.0,29.0,1.034,,,0.0,1.0,,True,completed
196090_436_0,pkw,28610.0,28645.0,35.0,,452.235,0.0,0.0,35.0,3.142,,,0.0,1.0,,True,completed
204241_440_0,pkw,28619.0,28647.0,28.0,,165.372,6.0,6.0,22.0,18.61,,,0.2143,0.7857,,True,completed
161562_421_0,pkw,28607.0,28651.0,44.0,,451.047,0.0,0.0,44.0,2.976,,,0.0,1.0,,True,completed
164332_422_0,pkw,28628.0,28651.0,23.0,,190.589,2.0,2.0,21.0,11.898,,,0.087,0.913,,True,completed
174556_427_0,pkw,28627.0,28652.0,25.0,,197.611,5.0,5.0,20.0,13.35,,,0.2,0.8,,True,completed
188487_433_0,pkw,28622.0,28652.0,30.0,,195.866,9.0,9.0,21.0,20.157,,,0.3,0.7,,True,completed
167883_425_0,pkw,28629.0,28653.0,24.0,,202.034,1.0,1.0,23.0,10.045,,,0.0417,0.9583,,True,completed
187196_433_0,pkw,28632.0,28654.0,22.0,,189.634,1.0,1.0,21.0,8.722,,,0.0455,0.9545,,True,completed
193673_435_0,pkw,28634.0,28654.0,20.0,,190.51,0.0,0.0,20.0,9.487,,,0.0,1.0,,True,completed
215313_445_0,pkw,28637.0,28656.0,19.0,,196.52,0.0,0.0,19.0,7.723,,,0.0,1.0,,True,completed
95711_394_0,pkw,28641.0,28661.0,20.0,,202.63,0.0,0.0,20.0,8.145,,,0.0,1.0,,True,completed
200235_437_0,pkw,28639.0,28662.0,23.0,,144.037,7.0,7.0,16.0,12.491,,,0.3043,0.6957,,True,completed
222401_448_0,pkw,28624.0,28663.0,39.0,,436.829,0.0,0.0,39.0,6.415,,,0.0,1.0,,True,completed
246942_455_0,pkw,28636.0,28663.0,27.0,,167.786,9.0,9.0,18.0,14.592,,,0.3333,0.6667,,True,completed
170276_426_0,pkw,28627.0,28664.0,37.0,,434.443,0.0,0.0,37.0,4.974,,,0.0,1.0,,True,completed
273641_466_0,pkw,28641.0,28664.0,23.0,,152.908,4.0,4.0,19.0,12.324,,,0.1739,0.8261,,True,completed
268829_465_0,pkw,28644.0,28665.0,21.0,,144.428,2.0,2.0,19.0,11.555,,,0.0952,0.9048,,True,completed
258498_461_0,pkw,28625.0,28666.0,41.0,,434.098,1.0,1.0,40.0,13.591,,,0.0244,0.9756,,True,completed
241303_452_0,pkw,28634.0,28668.0,34.0,,427.146,0.0,0.0,34.0,1.489,,,0.0,1.0,,True,completed
159521_421_0,pkw,28645.0,28671.0,26.0,,191.605,5.0,5.0,21.0,13.582,,,0.1923,0.8077,,True,completed
193501_435_0,pkw,28647.0,28671.0,24.0,,186.837,4.0,4.0,20.0,13.217,,,0.1667,0.8333,,True,completed
186627_432_0,pkw,28649.0,28673.0,24.0,,199.462,4.0,4.0,20.0,12.888,,,0.1667,0.8333,,True,completed
211771_442_0,pkw,28656.0,28674.0,18.0,,191.282,0.0,0.0,18.0,7.618,,,0.0,1.0,,True,completed
242357_452_0,pkw,28652.0,28674.0,22.0,,197.297,1.0,1.0,21.0,9.277,,,0.0455,0.9545,,True,completed
132573_410_0,pkw,28665.0,28679.0,14.0,,188.049,0.0,0.0,14.0,3.912,,,0.0,1.0,,True,completed
226950_450_0,pkw,28669.0,28679.0,10.0,,191.615,0.0,0.0,10.0,0.286,,,0.0,1.0,,True,completed
122299_406_0,pkw,28635.0,28680.0,45.0,,426.105,10.0,10.0,35.0,15.298,,,0.2222,0.7778,,True,completed
188168_433_0,pkw,28666.0,28680.0,14.0,,199.863,0.0,0.0,14.0,1.698,,,0.0,1.0,,True,completed
154939_420_0,pkw,28671.0,28682.0,11.0,,200.725,0.0,0.0,11.0,0.47,,,0.0,1.0,,True,completed
123193_406_0,pkw,28639.0,28683.0,44.0,,447.315,0.0,0.0,44.0,6.071,,,0.0,1.0,,True,completed
262090_462_0,pkw,28644.0,28683.0,39.0,,435.396,0.0,1.0,38.0,10.144,,,0.0256,0.9744,,True,completed
263548_462_0,pkw,28637.0,28684.0,47.0,,429.086,8.0,8.0,39.0,14.831,,,0.1702,0.8298,,True,completed
97220_395_0,pkw,28648.0,28686.0,38.0,,430.245,0.0,0.0,38.0,7.339,,,0.0,1.0,,True,completed
246477_455_0,pkw,28646.0,28689.0,43.0,,431.647,0.0,0.0,43.0,10.642,,,0.0,1.0,,True,completed
176159_429_0,pkw,28678.0,28701.0,23.0,,199.689,4.0,4.0,19.0,10.734,,,0.1739,0.8261,,True,completed
127187_407_0,pkw,28684.0,28702.0,18.0,,193.143,0.0,0.0,18.0,6.484,,,0.0,1.0,,True,completed
107596_400_0,pkw,28693.0,28708.0,15.0,,195.256,0.0,0.0,15.0,0.423,,,0.0,1.0,,True,completed
82062_389_0,pkw,28653.0,28708.0,55.0,,105.554,38.0,38.0,17.0,44.431,,,0.6909,0.3091,,True,completed
125267_406_0,pkw,28673.0,28710.0,37.0,,443.949,0.0,0.0,37.0,1.965,,,0.0,1.0,,True,completed
110838_401_0,pkw,28702.0,28720.0,18.0,,185.811,0.0,0.0,18.0,7.722,,,0.0,1.0,,True,completed
256913_460_0,pkw,28701.0,28720.0,19.0,,187.469,2.0,2.0,17.0,9.494,,,0.1053,0.8947,,True,completed
238223_451_0,pkw,28698.0,28721.0,23.0,,184.876,3.0,3.0,20.0,12.831,,,0.1304,0.8696,,True,completed
238898_451_0,pkw,28706.0,28722.0,16.0,,199.293,0.0,0.0,16.0,5.541,,,0.0,1.0,,True,completed
296641_481_0,pkw,28678.0,28722.0,44.0,,357.477,0.0,0.0,44.0,6.905,,,0.0,1.0,,True,completed
192203_435_0,pkw,28705.0,28724.0,19.0,,192.696,0.0,0.0,19.0,8.543,,,0.0,1.0,,True,completed
155024_420_0,pkw,28712.0,28726.0,14.0,,191.88,0.0,0.0,14.0,1.847,,,0.0,1.0,,True,completed
225702_450_0,pkw,28714.0,28726.0,12.0,,190.52,0.0,0.0,12.0,0.477,,,0.0,1.0,,True,completed
249950_456_0,pkw,28681.0,28726.0,45.0,,443.456,0.0,0.0,45.0,7.644,,,0.0,1.0,,True,completed
85101_390_0,pkw,28690.0,28730.0,40.0,,442.499,0.0,0.0,40.0,4.782,,,0.0,1.0,,True,completed
140503_414_0,pkw,28686.0,28731.0,45.0,,430.981,10.0,11.0,34.0,16.261,,,0.2444,0.7556,,True,completed
189053_434_0,pkw,28688.0,28731.0,43.0,,458.251,1.0,1.0,42.0,9.311,,,0.0233,0.9767,,True,completed
200667_437_0,pkw,28696.0,28733.0,37.0,,435.988,0.0,0.0,37.0,4.372,,,0.0,1.0,,True,completed
85879_391_0,pkw,28694.0,28733.0,39.0,,461.119,0.0,0.0,39.0,11.928,,,0.0,1.0,,True,completed
141290_415_0,pkw,28725.0,28739.0,14.0,,189.278,0.0,0.0,14.0,3.704,,,0.0,1.0,,True,completed
201697_438_0,pkw,28720.0,28739.0,19.0,,148.774,2.0,2.0,17.0,7.008,,,0.1053,0.8947,,True,completed
191519_435_0,pkw,28722.0,28740.0,18.0,,138.359,0.0,0.0,18.0,9.551,,,0.0,1.0,,True,completed
210408_441_0,pkw,28723.0,28740.0,17.0,,192.419,0.0,0.0,17.0,6.707,,,0.0,1.0,,True,completed
168076_425_0,pkw,28703.0,28741.0,38.0,,442.948,0.0,0.0,38.0,8.598,,,0.0,1.0,,True,completed
262958_462_0,pkw,28727.0,28742.0,15.0,,200.029,0.0,1.0,14.0,4.379,,,0.0667,0.9333,,True,completed
293474_480_0,pkw,28729.0,28742.0,13.0,,191.61,0.0,0.0,13.0,2.856,,,0.0,1.0,,True,completed
134495_411_0,pkw,28733.0,28744.0,11.0,,141.139,0.0,0.0,11.0,0.933,,,0.0,1.0,,True,completed
167277_425_0,pkw,28696.0,28744.0,48.0,,445.016,4.0,4.0,44.0,12.498,,,0.0833,0.9167,,True,completed
169474_426_0,pkw,28734.0,28744.0,10.0,,189.961,0.0,0.0,10.0,0.599,,,0.0,1.0,,True,completed
233666_451_0,pkw,28730.0,28744.0,14.0,,195.07,0.0,0.0,14.0,1.98,,,0.0,1.0,,True,completed
233677_451_0,pkw,28736.0,28746.0,10.0,,144.453,0.0,0.0,10.0,0.961,,,0.0,1.0,,True,completed
178461_430_0,pkw,28717.0,28747.0,30.0,,190.071,7.0,7.0,23.0,19.428,,,0.2333,0.7667,,True,completed
228744_450_0,pkw,28740.0,28750.0,10.0,,195.281,0.0,0.0,10.0,0.244,,,0.0,1.0,,True,completed
209482_441_0,pkw,28754.0,28767.0,13.0,,150.758,0.0,0.0,13.0,3.978,,,0.0,1.0,,True,completed
164264_422_0,pkw,28733.0,28768.0,35.0,,460.474,0.0,0.0,35.0,2.191,,,0.0,1.0,,True,completed
276894_469_0,pkw,28756.0,28769.0,13.0,,159.672,0.0,0.0,13.0,2.141,,,0.0,1.0,,True,completed
272087_466_0,pkw,28761.0,28772.0,11.0,,156.164,0.0,0.0,11.0,0.818,,,0.0,1.0,,True,completed
149318_417_0,pkw,28740.0,28773.0,33.0,,445.742,0.0,0.0,33.0,1.509,,,0.0,1.0,,True,completed
212428_443_0,pkw,28742.0,28776.0,34.0,,454.64,0.0,0.0,34.0,4.818,,,0.0,1.0,,True,completed
181664_431_0,pkw,28766.0,28779.0,13.0,,161.019,0.0,0.0,13.0,2.548,,,0.0,1.0,,True,completed
273300_466_0,pkw,28763.0,28780.0,17.0,,142.37,0.0,0.0,17.0,7.473,,,0.0,1.0,,True,completed
245399_454_0,pkw,28768.0,28781.0,13.0,,164.483,0.0,0.0,13.0,2.737,,,0.0,1.0,,True,completed
265524_463_0,pkw,28766.0,28782.0,16.0,,142.104,0.0,0.0,16.0,4.728,,,0.0,1.0,,True,completed
151101_418_0,pkw,28750.0,28785.0,35.0,,433.779,0.0,0.0,35.0,1.577,,,0.0,1.0,,True,completed
183935_431_0,pkw,28749.0,28785.0,36.0,,433.298,0.0,0.0,36.0,1.715,,,0.0,1.0,,True,completed
90263_391_0,pkw,28772.0,28785.0,13.0,,146.072,0.0,0.0,13.0,2.827,,,0.0,1.0,,True,completed
210132_441_0,pkw,28771.0,28791.0,20.0,,196.919,1.0,1.0,19.0,9.653,,,0.05,0.95,,True,completed
124522_406_0,pkw,28769.0,28792.0,23.0,,202.789,4.0,4.0,19.0,12.897,,,0.1739,0.8261,,True,completed
209434_441_0,pkw,28775.0,28793.0,18.0,,202.023,0.0,0.0,18.0,5.701,,,0.0,1.0,,True,completed
124717_406_0,pkw,28784.0,,16.0,,72.535,2.0,2.0,14.0,10.839,,,0.125,0.875,,False,on_map_at_end
157794_421_0,pkw,28776.0,,24.0,,51.789,18.0,17.0,7.0,19.031,,,0.7083,0.2917,,False,on_map_at_end
162933_422_0,pkw,28798.0,,2.0,,11.657,0.0,0.0,2.0,1.241,,,0.0,1.0,,False,on_map_at_end
194505_436_0,pkw,28774.0,,26.0,,378.768,0.0,0.0,26.0,1.302,,,0.0,1.0,,False,on_map_at_end
202861_439_0,pkw,28796.0,,4.0,,23.221,0.0,0.0,4.0,2.365,,,0.0,1.0,,False,on_map_at_end
217173_446_0,pkw,28781.0,,19.0,,125.948,3.0,3.0,16.0,11.23,,,0.1579,0.8421,,False,on_map_at_end
219862_447_0,pkw,28787.0,,13.0,,53.168,0.0,0.0,13.0,9.056,,,0.0,1.0,,False,on_map_at_end
227471_450_0,pkw,28779.0,,21.0,,214.864,0.0,0.0,21.0,6.112,,,0.0,1.0,,False,on_map_at_end
237260_451_0,pkw,28773.0,,27.0,,297.782,0.0,0.0,27.0,8.423,,,0.0,1.0,,False,on_map_at_end
245940_454_0,pkw,28783.0,,17.0,,98.453,3.0,3.0,14.0,10.92,,,0.1765,0.8235,,False,on_map_at_end
251407_457_0,pkw,28774.0,,26.0,,259.147,0.0,0.0,26.0,8.086,,,0.0,1.0,,False,on_map_at_end
251867_457_0,pkw,28800.0,,0.0,,0.0,0.0,0.0,0.0,0.0,,,0.0,0.0,,False,on_map_at_end
253859_459_0,pkw,28777.0,,23.0,,234.446,0.0,0.0,23.0,6.169,,,0.0,1.0,,False,on_map_at_end
255224_459_0,pkw,28779.0,,21.0,,45.988,15.0,14.0,7.0,16.858,,,0.6667,0.3333,,False,on_map_at_end
255631_460_0,pkw,28789.0,,11.0,,36.42,0.0,0.0,11.0,7.532,,,0.0,1.0,,False,on_map_at_end
292024_479_0,pkw,28779.0,,21.0,,153.042,4.0,4.0,17.0,11.47,,,0.1905,0.8095,,False,on_map_at_end
