vehicle_id,vehicle_type,enter_time_s,departure_time_s,travel_time_s,route_distance_m,distance_traveled_m,accumulated_waiting_time_s,custom_wait_s,moving_time_s,time_loss_s,free_flow_time_s,delay_s,waiting_fraction,moving_fraction,schedule_efficiency,completed_trip,trip_status
124779_406_0,pkw,25206.0,25218.0,12.0,,154.888,0.0,0.0,12.0,1.398,,,0.0,1.0,,True,completed
98305_395_0,pkw,25212.0,25222.0,10.0,,165.594,0.0,0.0,10.0,0.589,,,0.0,1.0,,True,completed
102535_396_0,pkw,25219.0,25229.0,10.0,,153.132,0.0,0.0,10.0,0.693,,,0.0,1.0,,True,completed
147209_416_0,pkw,25221.0,25231.0,10.0,,157.684,0.0,0.0,10.0,0.792,,,0.0,1.0,,True,completed
151372_418_0,pkw,25208.0,25238.0,30.0,,402.732,0.0,0.0,30.0,4.88,,,0.0,1.0,,True,completed
123965_406_0,pkw,25219.0,25257.0,38.0,,430.424,0.0,0.0,38.0,1.834,,,0.0,1.0,,True,completed
120663_405_0,pkw,25247.0,25258.0,11.0,,197.608,0.0,0.0,11.0,1.263,,,0.0,1.0,,True,completed
91582_392_0,pkw,25219.0,25258.0,39.0,,457.003,0.0,0.0,39.0,4.979,,,0.0,1.0,,True,completed
121258_405_0,pkw,25241.0,25261.0,20.0,,188.394,1.0,1.0,19.0,9.32,,,0.05,0.95,,True,completed
102630_396_0,pkw,25253.0,25263.0,10.0,,191.677,0.0,0.0,10.0,0.26,,,0.0,1.0,,True,completed
113509_402_0,pkw,25249.0,25263.0,14.0,,179.479,0.0,0.0,14.0,1.489,,,0.0,1.0,,True,completed
126742_407_0,pkw,25243.0,25263.0,20.0,,195.364,0.0,0.0,20.0,8.896,,,0.0,1.0,,True,completed
102501_396_0,pkw,25245.0,25265.0,20.0,,197.915,0.0,0.0,20.0,6.51,,,0.0,1.0,,True,completed
122194_406_0,pkw,25256.0,25267.0,11.0,,187.395,0.0,0.0,11.0,0.371,,,0.0,1.0,,True,completed
130147_409_0,pkw,25252.0,25267.0,15.0,,187.134,0.0,0.0,15.0,4.282,,,0.0,1.0,,True,completed
135103_411_0,pkw,25258.0,25269.0,11.0,,197.582,0.0,0.0,11.0,1.804,,,0.0,1.0,,True,completed
122376_406_0,pkw,25255.0,25270.0,15.0,,199.3,0.0,0.0,15.0,2.306,,,0.0,1.0,,True,completed
133955_411_0,pkw,25260.0,25271.0,11.0,,197.882,0.0,0.0,11.0,0.3,,,0.0,1.0,,True,completed
152958_419_0,pkw,25258.0,25271.0,13.0,,188.808,0.0,0.0,13.0,3.134,,,0.0,1.0,,True,completed
129253_408_0,pkw,25262.0,25272.0,10.0,,186.657,0.0,0.0,10.0,0.437,,,0.0,1.0,,True,completed
125613_406_0,pkw,25260.0,25273.0,13.0,,194.451,0.0,0.0,13.0,0.555,,,0.0,1.0,,True,completed
120275_405_0,pkw,25262.0,25274.0,12.0,,185.968,0.0,0.0,12.0,1.138,,,0.0,1.0,,True,completed
135201_411_0,pkw,25265.0,25277.0,12.0,,190.351,0.0,0.0,12.0,0.577,,,0.0,1.0,,True,completed
57065_374_0,pkw,25267.0,25278.0,11.0,,185.792,0.0,0.0,11.0,0.426,,,0.0,1.0,,True,completed
134807_411_0,pkw,25264.0,25279.0,15.0,,199.581,0.0,0.0,15.0,4.476,,,0.0,1.0,,True,completed
86189_391_0,pkw,25267.0,25279.0,12.0,,189.29,0.0,0.0,12.0,0.254,,,0.0,1.0,,True,completed
129519_408_0,pkw,25269.0,25280.0,11.0,,196.688,0.0,0.0,11.0,0.62,,,0.0,1.0,,True,completed
82015_389_0,pkw,25269.0,25281.0,12.0,,199.464,0.0,0.0,12.0,1.465,,,0.0,1.0,,True,completed
135431_411_0,pkw,25271.0,25282.0,11.0,,187.993,0.0,0.0,11.0,0.425,,,0.0,1.0,,True,completed
136204_411_0,pkw,25270.0,25284.0,14.0,,198.022,0.0,0.0,14.0,0.629,,,0.0,1.0,,True,completed
146814_416_0,pkw,25272.0,25285.0,13.0,,188.82,0.0,0.0,13.0,3.573,,,0.0,1.0,,True,completed
125316_406_0,pkw,25274.0,25287.0,13.0,,198.079,0.0,0.0,13.0,3.14,,,0.0,1.0,,True,completed
118286_405_0,pkw,25275.0,25288.0,13.0,,189.043,0.0,0.0,13.0,2.881,,,0.0,1.0,,True,completed
118931_405_0,pkw,25278.0,25288.0,10.0,,190.812,0.0,0.0,10.0,0.237,,,0.0,1.0,,True,completed
134435_411_0,pkw,25277.0,25290.0,13.0,,197.549,0.0,0.0,13.0,2.377,,,0.0,1.0,,True,completed
108236_400_0,pkw,25279.0,25291.0,12.0,,187.184,0.0,0.0,12.0,0.492,,,0.0,1.0,,True,completed
146536_416_0,pkw,25279.0,25291.0,12.0,,197.631,0.0,0.0,12.0,0.345,,,0.0,1.0,,True,completed
110905_401_0,pkw,25281.0,25293.0,12.0,,196.163,0.0,0.0,12.0,0.217,,,0.0,1.0,,True,completed
94647_393_0,pkw,25281.0,25293.0,12.0,,191.905,0.0,0.0,12.0,1.033,,,0.0,1.0,,True,completed
137559_412_0,pkw,25283.0,25294.0,11.0,,185.448,0.0,0.0,11.0,0.855,,,0.0,1.0,,True,completed
157203_421_0,pkw,25282.0,25295.0,13.0,,201.037,0.0,0.0,13.0,1.991,,,0.0,1.0,,True,completed
106268_399_0,pkw,25285.0,25296.0,11.0,,191.529,0.0,0.0,11.0,0.376,,,0.0,1.0,,True,completed
139731_413_0,pkw,25284.0,25296.0,12.0,,190.095,0.0,0.0,12.0,0.416,,,0.0,1.0,,True,completed
148629_417_0,pkw,25285.0,25297.0,12.0,,187.153,0.0,0.0,12.0,0.393,,,0.0,1.0,,True,completed
160150_421_0,pkw,25221.0,25301.0,80.0,,444.31,39.0,39.0,41.0,49.825,,,0.4875,0.5125,,True,completed
149029_417_0,pkw,25237.0,25302.0,65.0,,194.133,43.0,43.0,22.0,52.181,,,0.6615,0.3385,,True,completed
162814_422_0,pkw,25234.0,25303.0,69.0,,438.734,25.0,25.0,44.0,34.347,,,0.3623,0.6377,,True,completed
130602_409_0,pkw,25269.0,25305.0,36.0,,435.45,0.0,0.0,36.0,1.737,,,0.0,1.0,,True,completed
128446_408_0,pkw,25274.0,25308.0,34.0,,458.998,0.0,0.0,34.0,3.853,,,0.0,1.0,,True,completed
115444_403_0,pkw,25295.0,25309.0,14.0,,164.502,0.0,0.0,14.0,5.039,,,0.0,1.0,,True,completed
103540_397_0,pkw,25301.0,25314.0,13.0,,160.337,0.0,0.0,13.0,2.2,,,0.0,1.0,,True,completed
83516_390_0,pkw,25276.0,25317.0,41.0,,464.086,0.0,0.0,41.0,3.685,,,0.0,1.0,,True,completed
113303_402_0,pkw,25284.0,25318.0,34.0,,450.149,0.0,0.0,34.0,6.188,,,0.0,1.0,,True,completed
136082_411_0,pkw,25278.0,25319.0,41.0,,438.31,0.0,1.0,40.0,4.264,,,0.0244,0.9756,,True,completed
85818_390_0,pkw,25281.0,25321.0,40.0,,443.451,0.0,0.0,40.0,3.765,,,0.0,1.0,,True,completed
86583_391_0,pkw,25290.0,25322.0,32.0,,434.993,0.0,0.0,32.0,4.219,,,0.0,1.0,,True,completed
120878_405_0,pkw,25292.0,25324.0,32.0,,442.416,0.0,0.0,32.0,3.061,,,0.0,1.0,,True,completed
85922_391_0,pkw,25294.0,25325.0,31.0,,433.17,0.0,0.0,31.0,4.224,,,0.0,1.0,,True,completed
137244_412_0,pkw,25296.0,25335.0,39.0,,435.986,0.0,0.0,39.0,1.988,,,0.0,1.0,,True,completed
138220_412_0,pkw,25310.0,25339.0,29.0,,427.407,0.0,0.0,29.0,1.382,,,0.0,1.0,,True,completed
118963_405_0,pkw,25305.0,25340.0,35.0,,443.149,0.0,0.0,35.0,2.213,,,0.0,1.0,,True,completed
136152_411_0,pkw,25314.0,25346.0,32.0,,432.685,0.0,0.0,32.0,3.901,,,0.0,1.0,,True,completed
142412_415_0,pkw,25308.0,25347.0,39.0,,433.697,0.0,0.0,39.0,2.361,,,0.0,1.0,,True,completed
127662_407_0,pkw,25345.0,25361.0,16.0,,195.554,0.0,0.0,16.0,5.137,,,0.0,1.0,,True,completed
133688_411_0,pkw,25286.0,25361.0,75.0,,188.451,57.0,57.0,18.0,64.798,,,0.76,0.24,,True,completed
149973_417_0,pkw,25345.0,25363.0,18.0,,198.12,0.0,1.0,17.0,6.8,,,0.0556,0.9444,,True,completed
133819_411_0,pkw,25348.0,25364.0,16.0,,187.871,0.0,0.0,16.0,4.916,,,0.0,1.0,,True,completed
161963_421_0,pkw,25353.0,25366.0,13.0,,190.379,0.0,0.0,13.0,0.557,,,0.0,1.0,,True,completed
99716_396_0,pkw,25352.0,25367.0,15.0,,202.57,0.0,0.0,15.0,1.244,,,0.0,1.0,,True,completed
130372_409_0,pkw,25328.0,25371.0,43.0,,459.605,4.0,4.0,39.0,12.449,,,0.093,0.907,,True,completed
162096_421_0,pkw,25307.0,25371.0,64.0,,403.504,18.0,18.0,46.0,33.498,,,0.2812,0.7188,,True,completed
167799_425_0,pkw,25328.0,25371.0,43.0,,432.765,3.0,3.0,40.0,9.027,,,0.0698,0.9302,,True,completed
104806_398_0,pkw,25330.0,25372.0,42.0,,450.165,4.0,4.0,38.0,13.137,,,0.0952,0.9048,,True,completed
122154_406_0,pkw,25338.0,25372.0,34.0,,423.979,0.0,0.0,34.0,3.52,,,0.0,1.0,,True,completed
175147_428_0,pkw,25325.0,25372.0,47.0,,392.708,6.0,6.0,41.0,22.908,,,0.1277,0.8723,,True,completed
140822_414_0,pkw,25360.0,25380.0,20.0,,183.993,1.0,1.0,19.0,10.108,,,0.05,0.95,,True,completed
161648_421_0,pkw,25364.0,25382.0,18.0,,188.061,0.0,0.0,18.0,7.905,,,0.0,1.0,,True,completed
146948_416_0,pkw,25355.0,25383.0,28.0,,200.401,5.0,5.0,23.0,13.556,,,0.1786,0.8214,,True,completed
154120_420_0,pkw,25361.0,25383.0,22.0,,202.391,1.0,1.0,21.0,9.31,,,0.0455,0.9545,,True,completed
109585_401_0,pkw,25366.0,25384.0,18.0,,195.318,0.0,0.0,18.0,7.378,,,0.0,1.0,,True,completed
121429_406_0,pkw,25363.0,25384.0,21.0,,194.733,0.0,0.0,21.0,10.823,,,0.0,1.0,,True,completed
101928_396_0,pkw,25369.0,25385.0,16.0,,187.252,0.0,0.0,16.0,4.806,,,0.0,1.0,,True,completed
155579_420_0,pkw,25370.0,25387.0,17.0,,192.627,0.0,0.0,17.0,4.718,,,0.0,1.0,,True,completed
134511_411_0,pkw,25365.0,25388.0,23.0,,193.857,0.0,0.0,23.0,12.294,,,0.0,1.0,,True,completed
135138_411_0,pkw,25350.0,25390.0,40.0,,434.937,7.0,7.0,33.0,13.395,,,0.175,0.825,,True,completed
161721_421_0,pkw,25338.0,25390.0,52.0,,395.652,12.0,12.0,40.0,27.477,,,0.2308,0.7692,,True,completed
121091_405_0,pkw,25346.0,25391.0,45.0,,439.434,6.0,6.0,39.0,13.673,,,0.1333,0.8667,,True,completed
150753_418_0,pkw,25352.0,25392.0,40.0,,449.461,0.0,0.0,40.0,8.827,,,0.0,1.0,,True,completed
169772_426_0,pkw,25348.0,25393.0,45.0,,441.383,4.0,4.0,41.0,13.581,,,0.0889,0.9111,,True,completed
114183_402_0,pkw,25360.0,25395.0,35.0,,436.351,0.0,0.0,35.0,2.094,,,0.0,1.0,,True,completed
120618_405_0,pkw,25364.0,25396.0,32.0,,427.251,0.0,0.0,32.0,4.711,,,0.0,1.0,,True,completed
148536_417_0,pkw,25362.0,25396.0,34.0,,456.761,0.0,0.0,34.0,4.022,,,0.0,1.0,,True,completed
165043_423_0,pkw,25367.0,25402.0,35.0,,449.082,0.0,0.0,35.0,4.182,,,0.0,1.0,,True,completed
137508_412_0,pkw,25368.0,25404.0,36.0,,431.761,0.0,0.0,36.0,4.966,,,0.0,1.0,,True,completed
167170_425_0,pkw,25366.0,25405.0,39.0,,436.537,0.0,0.0,39.0,1.996,,,0.0,1.0,,True,completed
173487_427_0,pkw,25370.0,25406.0,36.0,,443.26,0.0,0.0,36.0,8.019,,,0.0,1.0,,True,completed
111249_401_0,pkw,25367.0,25407.0,40.0,,196.484,12.0,12.0,28.0,29.622,,,0.3,0.7,,True,completed
163503_422_0,pkw,25376.0,25412.0,36.0,,425.304,0.0,0.0,36.0,2.143,,,0.0,1.0,,True,completed
115620_403_0,pkw,25378.0,25414.0,36.0,,430.865,0.0,0.0,36.0,3.906,,,0.0,1.0,,True,completed
162547_422_0,pkw,25371.0,25415.0,44.0,,440.219,0.0,0.0,44.0,2.745,,,0.0,1.0,,True,completed
127513_407_0,pkw,25379.0,25416.0,37.0,,436.546,0.0,0.0,37.0,3.077,,,0.0,1.0,,True,completed
171810_426_0,pkw,25374.0,25416.0,42.0,,432.521,0.0,0.0,42.0,8.299,,,0.0,1.0,,True,completed
95948_394_0,pkw,25377.0,25417.0,40.0,,427.333,0.0,0.0,40.0,7.664,,,0.0,1.0,,True,completed
104556_397_0,pkw,25371.0,25420.0,49.0,,171.614,27.0,27.0,22.0,38.598,,,0.551,0.449,,True,completed
125385_406_0,pkw,25373.0,25423.0,50.0,,199.059,25.0,25.0,25.0,39.672,,,0.5,0.5,,True,completed
93126_392_0,pkw,25375.0,25424.0,49.0,,189.679,25.0,25.0,24.0,37.443,,,0.5102,0.4898,,True,completed
120308_405_0,pkw,25377.0,25426.0,49.0,,199.637,25.0,25.0,24.0,39.16,,,0.5102,0.4898,,True,completed
119040_405_0,pkw,25387.0,25430.0,43.0,,423.739,6.0,6.0,37.0,13.593,,,0.1395,0.8605,,True,completed
84424_390_0,pkw,25381.0,25430.0,49.0,,444.934,8.0,8.0,41.0,18.181,,,0.1633,0.8367,,True,completed
100057_396_0,pkw,25385.0,25432.0,47.0,,442.3,5.0,5.0,42.0,11.693,,,0.1064,0.8936,,True,completed
92315_392_0,pkw,25389.0,25433.0,44.0,,433.102,2.0,2.0,42.0,9.912,,,0.0455,0.9545,,True,completed
163150_422_0,pkw,25394.0,25434.0,40.0,,461.623,0.0,0.0,40.0,3.87,,,0.0,1.0,,True,completed
105238_398_0,pkw,25396.0,25435.0,39.0,,451.148,0.0,0.0,39.0,5.55,,,0.0,1.0,,True,completed
139080_413_0,pkw,25398.0,25435.0,37.0,,432.583,0.0,0.0,37.0,5.772,,,0.0,1.0,,True,completed
113625_402_0,pkw,25379.0,25441.0,62.0,,188.857,31.0,31.0,31.0,50.132,,,0.5,0.5,,True,completed
117534_404_0,pkw,25373.0,25441.0,68.0,,188.902,47.0,47.0,21.0,56.678,,,0.6912,0.3088,,True,completed
117148_404_0,pkw,25376.0,25443.0,67.0,,196.199,46.0,46.0,21.0,56.734,,,0.6866,0.3134,,True,completed
116804_404_0,pkw,25412.0,25444.0,32.0,,186.302,7.0,8.0,24.0,22.786,,,0.25,0.75,,True,completed
154290_420_0,pkw,25432.0,25444.0,12.0,,189.026,0.0,0.0,12.0,0.388,,,0.0,1.0,,True,completed
129330_408_0,pkw,25434.0,25446.0,12.0,,181.523,0.0,0.0,12.0,0.804,,,0.0,1.0,,True,completed
144491_416_0,pkw,25418.0,25446.0,28.0,,193.362,5.0,5.0,23.0,16.031,,,0.1786,0.8214,,True,completed
140041_414_0,pkw,25404.0,25447.0,43.0,,189.403,7.0,8.0,35.0,33.387,,,0.186,0.814,,True,completed
107932_400_0,pkw,25427.0,25448.0,21.0,,199.912,0.0,1.0,20.0,9.982,,,0.0476,0.9524,,True,completed
139126_413_0,pkw,25381.0,25449.0,68.0,,175.234,30.0,30.0,38.0,56.63,,,0.4412,0.5588,,True,completed
114134_402_0,pkw,25414.0,25452.0,38.0,,454.694,0.0,0.0,38.0,6.789,,,0.0,1.0,,True,completed
149846_417_0,pkw,25400.0,25452.0,52.0,,435.004,8.0,8.0,44.0,16.404,,,0.1538,0.8462,,True,completed
100926_396_0,pkw,25402.0,25454.0,52.0,,433.139,6.0,6.0,46.0,22.226,,,0.1154,0.8846,,True,completed
145157_416_0,pkw,25411.0,25456.0,45.0,,439.678,5.0,5.0,40.0,16.013,,,0.1111,0.8889,,True,completed
141862_415_0,pkw,25413.0,25457.0,44.0,,433.305,0.0,0.0,44.0,2.851,,,0.0,1.0,,True,completed
121964_406_0,pkw,25420.0,25460.0,40.0,,440.674,0.0,0.0,40.0,11.096,,,0.0,1.0,,True,completed
176093_428_0,pkw,25418.0,25461.0,43.0,,433.924,0.0,0.0,43.0,2.837,,,0.0,1.0,,True,completed
97739_395_0,pkw,25426.0,25465.0,39.0,,437.267,0.0,0.0,39.0,2.231,,,0.0,1.0,,True,completed
106883_399_0,pkw,25409.0,25470.0,61.0,,199.281,23.0,23.0,38.0,48.87,,,0.377,0.623,,True,completed
114601_403_0,pkw,25418.0,25471.0,53.0,,189.356,24.0,24.0,29.0,43.06,,,0.4528,0.5472,,True,completed
137320_412_0,pkw,25415.0,25471.0,56.0,,399.507,15.0,15.0,41.0,29.898,,,0.2679,0.7321,,True,completed
148479_417_0,pkw,25424.0,25473.0,49.0,,199.42,20.0,20.0,29.0,37.797,,,0.4082,0.5918,,True,completed
106784_399_0,pkw,25427.0,25474.0,47.0,,188.221,17.0,17.0,30.0,37.662,,,0.3617,0.6383,,True,completed
117960_404_0,pkw,25434.0,25481.0,47.0,,456.369,8.0,8.0,39.0,14.31,,,0.1702,0.8298,,True,completed
121832_406_0,pkw,25429.0,25482.0,53.0,,433.979,5.0,5.0,48.0,10.9,,,0.0943,0.9057,,True,completed
104968_398_0,pkw,25444.0,25483.0,39.0,,426.005,0.0,0.0,39.0,9.377,,,0.0,1.0,,True,completed
131495_410_0,pkw,25445.0,25486.0,41.0,,459.561,0.0,0.0,41.0,6.566,,,0.0,1.0,,True,completed
129025_408_0,pkw,25457.0,25488.0,31.0,,437.316,0.0,0.0,31.0,1.187,,,0.0,1.0,,True,completed
89629_391_0,pkw,25447.0,25488.0,41.0,,464.696,0.0,0.0,41.0,10.266,,,0.0,1.0,,True,completed
138516_412_0,pkw,25455.0,25489.0,34.0,,451.993,0.0,0.0,34.0,9.153,,,0.0,1.0,,True,completed
124133_406_0,pkw,25459.0,25491.0,32.0,,431.936,0.0,0.0,32.0,1.358,,,0.0,1.0,,True,completed
101974_396_0,pkw,25457.0,25492.0,35.0,,450.615,0.0,0.0,35.0,4.228,,,0.0,1.0,,True,completed
67983_381_0,pkw,25459.0,25498.0,39.0,,461.606,0.0,0.0,39.0,3.827,,,0.0,1.0,,True,completed
102805_396_0,pkw,25471.0,25500.0,29.0,,190.806,10.0,10.0,19.0,16.311,,,0.3448,0.6552,,True,completed
119623_405_0,pkw,25436.0,25500.0,64.0,,690.741,8.0,8.0,56.0,16.92,,,0.125,0.875,,True,completed
145391_416_0,pkw,25467.0,25501.0,34.0,,197.342,15.0,15.0,19.0,24.42,,,0.4412,0.5588,,True,completed
145855_416_0,pkw,25470.0,25501.0,31.0,,187.112,12.0,12.0,19.0,19.846,,,0.3871,0.6129,,True,completed
153635_420_0,pkw,25461.0,25501.0,40.0,,189.59,21.0,21.0,19.0,30.072,,,0.525,0.475,,True,completed
119004_405_0,pkw,25480.0,25502.0,22.0,,185.031,0.0,1.0,21.0,13.259,,,0.0455,0.9545,,True,completed
161689_421_0,pkw,25468.0,25503.0,35.0,,407.615,0.0,0.0,35.0,5.466,,,0.0,1.0,,True,completed
164382_422_0,pkw,25470.0,25504.0,34.0,,400.023,0.0,0.0,34.0,11.324,,,0.0,1.0,,True,completed
100928_396_0,pkw,25473.0,25506.0,33.0,,409.347,0.0,0.0,33.0,8.935,,,0.0,1.0,,True,completed
110033_401_0,pkw,25481.0,25508.0,27.0,,197.017,1.0,1.0,26.0,14.851,,,0.037,0.963,,True,completed
149073_417_0,pkw,25478.0,25509.0,31.0,,177.077,6.0,6.0,25.0,20.513,,,0.1935,0.8065,,True,completed
130797_409_0,pkw,25483.0,25510.0,27.0,,193.445,1.0,1.0,26.0,14.327,,,0.037,0.963,,True,completed
129413_408_0,pkw,25461.0,25511.0,50.0,,436.112,9.0,9.0,41.0,14.118,,,0.18,0.82,,True,completed
140819_414_0,pkw,25462.0,25511.0,49.0,,431.021,9.0,9.0,40.0,17.717,,,0.1837,0.8163,,True,completed
126718_407_0,pkw,25486.0,25512.0,26.0,,201.008,0.0,0.0,26.0,16.37,,,0.0,1.0,,True,completed
148120_417_0,pkw,25463.0,25512.0,49.0,,441.098,8.0,8.0,41.0,19.473,,,0.1633,0.8367,,True,completed
156366_420_0,pkw,25466.0,25513.0,47.0,,428.038,6.0,6.0,41.0,13.445,,,0.1277,0.8723,,True,completed
75513_386_0,pkw,25465.0,25513.0,48.0,,431.576,8.0,8.0,40.0,18.814,,,0.1667,0.8333,,True,completed
140123_414_0,pkw,25468.0,25515.0,47.0,,438.065,7.0,7.0,40.0,18.28,,,0.1489,0.8511,,True,completed
97374_395_0,pkw,25469.0,25515.0,46.0,,452.342,4.0,4.0,42.0,21.292,,,0.087,0.913,,True,completed
142878_415_0,pkw,25478.0,25516.0,38.0,,431.282,0.0,0.0,38.0,8.084,,,0.0,1.0,,True,completed
95712_394_0,pkw,25472.0,25517.0,45.0,,437.639,4.0,4.0,41.0,12.764,,,0.0889,0.9111,,True,completed
154948_420_0,pkw,25505.0,25519.0,14.0,,183.976,0.0,0.0,14.0,3.693,,,0.0,1.0,,True,completed
159287_421_0,pkw,25504.0,25521.0,17.0,,193.933,0.0,0.0,17.0,5.374,,,0.0,1.0,,True,completed
124728_406_0,pkw,25494.0,25522.0,28.0,,198.731,9.0,9.0,19.0,16.904,,,0.3214,0.6786,,True,completed
95692_394_0,pkw,25511.0,25522.0,11.0,,180.678,0.0,0.0,11.0,1.077,,,0.0,1.0,,True,completed
153383_420_0,pkw,25496.0,25523.0,27.0,,197.206,4.0,4.0,23.0,15.378,,,0.1481,0.8519,,True,completed
137952_412_0,pkw,25496.0,25524.0,28.0,,193.917,7.0,7.0,21.0,16.265,,,0.25,0.75,,True,completed
126197_407_0,pkw,25501.0,25525.0,24.0,,191.417,2.0,2.0,22.0,10.699,,,0.0833,0.9167,,True,completed
175864_428_0,pkw,25491.0,25526.0,35.0,,400.107,0.0,0.0,35.0,3.155,,,0.0,1.0,,True,completed
146065_416_0,pkw,25483.0,25527.0,44.0,,450.507,0.0,0.0,44.0,9.626,,,0.0,1.0,,True,completed
129661_409_0,pkw,25490.0,25528.0,38.0,,442.209,0.0,0.0,38.0,4.835,,,0.0,1.0,,True,completed
110527_401_0,pkw,25474.0,25530.0,56.0,,431.909,10.0,10.0,46.0,27.709,,,0.1786,0.8214,,True,completed
126424_407_0,pkw,25488.0,25531.0,43.0,,197.119,11.0,11.0,32.0,31.901,,,0.2558,0.7442,,True,completed
118661_405_0,pkw,25481.0,25532.0,51.0,,437.18,5.0,5.0,46.0,13.529,,,0.098,0.902,,True,completed
61354_376_0,pkw,25487.0,25532.0,45.0,,442.823,6.0,6.0,39.0,17.12,,,0.1333,0.8667,,True,completed
80409_388_0,pkw,25491.0,25533.0,42.0,,427.582,2.0,2.0,40.0,10.146,,,0.0476,0.9524,,True,completed
121971_406_0,pkw,25489.0,25534.0,45.0,,445.225,5.0,5.0,40.0,16.237,,,0.1111,0.8889,,True,completed
139795_413_0,pkw,25493.0,25535.0,42.0,,431.954,2.0,2.0,40.0,13.62,,,0.0476,0.9524,,True,completed
128533_408_0,pkw,25497.0,25536.0,39.0,,426.72,0.0,0.0,39.0,9.272,,,0.0,1.0,,True,completed
119953_405_0,pkw,25492.0,25537.0,45.0,,442.698,9.0,10.0,35.0,18.532,,,0.2222,0.7778,,True,completed
162490_421_0,pkw,25485.0,25537.0,52.0,,464.353,1.0,1.0,51.0,9.624,,,0.0192,0.9808,,True,completed
136398_411_0,pkw,25495.0,25538.0,43.0,,432.972,0.0,0.0,43.0,6.988,,,0.0,1.0,,True,completed
159698_421_0,pkw,25494.0,25543.0,49.0,,398.116,1.0,1.0,48.0,15.509,,,0.0204,0.9796,,True,completed
160712_421_0,pkw,25515.0,25543.0,28.0,,183.821,8.0,8.0,20.0,15.1,,,0.2857,0.7143,,True,completed
123765_406_0,pkw,25498.0,25544.0,46.0,,441.114,6.0,6.0,40.0,16.668,,,0.1304,0.8696,,True,completed
148199_417_0,pkw,25529.0,25545.0,16.0,,188.238,0.0,1.0,15.0,5.511,,,0.0625,0.9375,,True,completed
183802_431_0,pkw,25499.0,25545.0,46.0,,405.716,4.0,4.0,42.0,15.806,,,0.087,0.913,,True,completed
130240_409_0,pkw,25500.0,25546.0,46.0,,445.063,5.0,5.0,41.0,16.252,,,0.1087,0.8913,,True,completed
100304_396_0,pkw,25503.0,25550.0,47.0,,434.873,10.0,10.0,37.0,17.667,,,0.2128,0.7872,,True,completed
163672_422_0,pkw,25502.0,25551.0,49.0,,408.033,1.0,1.0,48.0,21.557,,,0.0204,0.9796,,True,completed
98410_395_0,pkw,25501.0,25551.0,50.0,,434.492,6.0,6.0,44.0,18.323,,,0.12,0.88,,True,completed
133024_410_0,pkw,25507.0,25552.0,45.0,,425.952,5.0,5.0,40.0,15.529,,,0.1111,0.8889,,True,completed
145219_416_0,pkw,25503.0,25552.0,49.0,,431.85,9.0,9.0,40.0,17.278,,,0.1837,0.8163,,True,completed
95319_394_0,pkw,25514.0,25552.0,38.0,,396.571,1.0,1.0,37.0,13.84,,,0.0263,0.9737,,True,completed
96309_394_0,pkw,25509.0,25553.0,44.0,,424.287,4.0,4.0,40.0,13.803,,,0.0909,0.9091,,True,completed
150442_418_0,pkw,25519.0,25554.0,35.0,,446.008,0.0,0.0,35.0,7.349,,,0.0,1.0,,True,completed
171615_426_0,pkw,25521.0,25555.0,34.0,,436.531,0.0,0.0,34.0,5.571,,,0.0,1.0,,True,completed
117253_404_0,pkw,25523.0,25557.0,34.0,,445.173,0.0,0.0,34.0,3.093,,,0.0,1.0,,True,completed
172151_426_0,pkw,25523.0,25557.0,34.0,,430.253,0.0,0.0,34.0,2.111,,,0.0,1.0,,True,completed
131147_409_0,pkw,25502.0,25559.0,57.0,,450.939,11.0,11.0,46.0,28.623,,,0.193,0.807,,True,completed
131095_409_0,pkw,25533.0,25561.0,28.0,,193.245,8.0,8.0,20.0,14.777,,,0.2857,0.7143,,True,completed
164286_422_0,pkw,25517.0,25562.0,45.0,,395.481,4.0,4.0,41.0,15.513,,,0.0889,0.9111,,True,completed
139907_414_0,pkw,25536.0,25563.0,27.0,,190.084,7.0,7.0,20.0,16.032,,,0.2593,0.7407,,True,completed
113597_402_0,pkw,25536.0,25564.0,28.0,,172.893,8.0,8.0,20.0,17.54,,,0.2857,0.7143,,True,completed
134042_411_0,pkw,25519.0,25564.0,45.0,,405.364,2.0,2.0,43.0,20.341,,,0.0444,0.9556,,True,completed
99939_396_0,pkw,25526.0,25565.0,39.0,,394.668,1.0,1.0,38.0,13.873,,,0.0256,0.9744,,True,completed
137917_412_0,pkw,25531.0,25567.0,36.0,,401.643,0.0,0.0,36.0,12.733,,,0.0,1.0,,True,completed
125917_406_0,pkw,25548.0,25570.0,22.0,,136.434,6.0,6.0,16.0,12.902,,,0.2727,0.7273,,True,completed
151628_419_0,pkw,25537.0,25571.0,34.0,,428.267,0.0,0.0,34.0,1.793,,,0.0,1.0,,True,completed
153290_420_0,pkw,25541.0,25573.0,32.0,,444.73,0.0,0.0,32.0,1.815,,,0.0,1.0,,True,completed
81559_389_0,pkw,25538.0,25573.0,35.0,,432.887,0.0,0.0,35.0,2.934,,,0.0,1.0,,True,completed
128339_408_0,pkw,25543.0,25574.0,31.0,,433.809,0.0,0.0,31.0,3.044,,,0.0,1.0,,True,completed
168358_425_0,pkw,25540.0,25578.0,38.0,,449.402,0.0,0.0,38.0,5.025,,,0.0,1.0,,True,completed
137953_412_0,pkw,25549.0,25579.0,30.0,,422.832,0.0,0.0,30.0,1.067,,,0.0,1.0,,True,completed
125962_406_0,pkw,25554.0,25581.0,27.0,,421.229,0.0,0.0,27.0,1.126,,,0.0,1.0,,True,completed
136669_411_0,pkw,25567.0,25589.0,22.0,,161.091,4.0,4.0,18.0,12.599,,,0.1818,0.8182,,True,completed
80745_388_0,pkw,25533.0,25591.0,58.0,,677.992,0.0,0.0,58.0,9.336,,,0.0,1.0,,True,completed
151094_418_0,pkw,25558.0,25594.0,36.0,,401.248,0.0,0.0,36.0,10.174,,,0.0,1.0,,True,completed
164112_422_0,pkw,25547.0,25596.0,49.0,,399.253,5.0,5.0,44.0,20.082,,,0.102,0.898,,True,completed
119325_405_0,pkw,25562.0,25600.0,38.0,,430.14,0.0,0.0,38.0,8.685,,,0.0,1.0,,True,completed
184119_431_0,pkw,25583.0,25600.0,17.0,,148.201,0.0,0.0,17.0,7.726,,,0.0,1.0,,True,completed
106037_399_0,pkw,25563.0,25604.0,41.0,,431.462,1.0,1.0,40.0,10.141,,,0.0244,0.9756,,True,completed
163382_422_0,pkw,25575.0,25604.0,29.0,,434.566,0.0,0.0,29.0,1.468,,,0.0,1.0,,True,completed
116532_404_0,pkw,25580.0,25611.0,31.0,,190.075,10.0,10.0,21.0,18.907,,,0.3226,0.6774,,True,completed
157011_421_0,pkw,25564.0,25611.0,47.0,,396.58,7.0,7.0,40.0,20.846,,,0.1489,0.8511,,True,completed
102993_397_0,pkw,25586.0,25613.0,27.0,,193.098,8.0,8.0,19.0,14.49,,,0.2963,0.7037,,True,completed
171718_426_0,pkw,25554.0,25613.0,59.0,,398.12,13.0,13.0,46.0,34.387,,,0.2203,0.7797,,True,completed
135158_411_0,pkw,25588.0,25615.0,27.0,,192.584,6.0,6.0,21.0,16.666,,,0.2222,0.7778,,True,completed
144457_416_0,pkw,25535.0,25615.0,80.0,,674.069,16.0,16.0,64.0,27.217,,,0.2,0.8,,True,completed
137007_411_0,pkw,25566.0,25619.0,53.0,,404.535,11.0,11.0,42.0,25.791,,,0.2075,0.7925,,True,completed
157569_421_0,pkw,25568.0,25621.0,53.0,,404.516,4.0,4.0,49.0,20.915,,,0.0755,0.9245,,True,completed
120597_405_0,pkw,25573.0,25622.0,49.0,,395.112,3.0,3.0,46.0,25.251,,,0.0612,0.9388,,True,completed
135845_411_0,pkw,25544.0,25622.0,78.0,,675.446,6.0,6.0,72.0,16.668,,,0.0769,0.9231,,True,completed
73311_385_0,pkw,25573.0,25622.0,49.0,,464.884,4.0,4.0,45.0,15.737,,,0.0816,0.9184,,True,completed
133712_411_0,pkw,25581.0,25626.0,45.0,,400.014,4.0,4.0,41.0,16.095,,,0.0889,0.9111,,True,completed
149870_417_0,pkw,25577.0,25630.0,53.0,,433.38,15.0,15.0,38.0,22.119,,,0.283,0.717,,True,completed
126858_407_0,pkw,25599.0,25631.0,32.0,,450.663,0.0,0.0,32.0,1.319,,,0.0,1.0,,True,completed
150141_417_0,pkw,25589.0,25633.0,44.0,,441.771,5.0,5.0,39.0,16.464,,,0.1136,0.8864,,True,completed
136800_411_0,pkw,25619.0,25634.0,15.0,,148.523,0.0,1.0,14.0,3.182,,,0.0667,0.9333,,True,completed
145336_416_0,pkw,25599.0,25634.0,35.0,,430.874,0.0,0.0,35.0,1.599,,,0.0,1.0,,True,completed
167353_425_0,pkw,25603.0,25634.0,31.0,,431.188,0.0,0.0,31.0,2.313,,,0.0,1.0,,True,completed
154066_420_0,pkw,25592.0,25637.0,45.0,,457.473,4.0,4.0,41.0,15.112,,,0.0889,0.9111,,True,completed
129962_409_0,pkw,25623.0,25639.0,16.0,,167.194,0.0,0.0,16.0,4.685,,,0.0,1.0,,True,completed
115551_403_0,pkw,25606.0,25641.0,35.0,,191.446,10.0,10.0,25.0,23.777,,,0.2857,0.7143,,True,completed
130601_409_0,pkw,25615.0,25642.0,27.0,,199.053,6.0,6.0,21.0,14.495,,,0.2222,0.7778,,True,completed
130800_409_0,pkw,25603.0,25642.0,39.0,,184.069,7.0,7.0,32.0,28.382,,,0.1795,0.8205,,True,completed
83429_390_0,pkw,25609.0,25642.0,33.0,,180.483,3.0,3.0,30.0,22.841,,,0.0909,0.9091,,True,completed
136839_411_0,pkw,25627.0,25643.0,16.0,,191.186,0.0,1.0,15.0,4.324,,,0.0625,0.9375,,True,completed
118825_405_0,pkw,25585.0,25645.0,60.0,,395.226,12.0,12.0,48.0,33.97,,,0.2,0.8,,True,completed
129729_409_0,pkw,25570.0,25647.0,77.0,,675.798,8.0,8.0,69.0,26.674,,,0.1039,0.8961,,True,completed
163004_422_0,pkw,25629.0,25648.0,19.0,,171.721,0.0,1.0,18.0,7.175,,,0.0526,0.9474,,True,completed
102219_396_0,pkw,25616.0,25650.0,34.0,,427.33,0.0,0.0,34.0,2.722,,,0.0,1.0,,True,completed
122916_406_0,pkw,25606.0,25650.0,44.0,,431.89,3.0,3.0,41.0,13.468,,,0.0682,0.9318,,True,completed
149660_417_0,pkw,25628.0,25651.0,23.0,,154.267,6.0,6.0,17.0,13.917,,,0.2609,0.7391,,True,completed
121463_406_0,pkw,25611.0,25652.0,41.0,,428.738,3.0,3.0,38.0,9.673,,,0.0732,0.9268,,True,completed
144494_416_0,pkw,25631.0,25652.0,21.0,,142.04,3.0,3.0,18.0,10.018,,,0.1429,0.8571,,True,completed
152517_419_0,pkw,25608.0,25652.0,44.0,,434.656,3.0,3.0,41.0,13.091,,,0.0682,0.9318,,True,completed
147215_416_0,pkw,25604.0,25653.0,49.0,,437.949,9.0,9.0,40.0,16.407,,,0.1837,0.8163,,True,completed
149887_417_0,pkw,25618.0,25653.0,35.0,,462.004,0.0,0.0,35.0,5.129,,,0.0,1.0,,True,completed
115445_403_0,pkw,25619.0,25654.0,35.0,,441.92,0.0,0.0,35.0,5.189,,,0.0,1.0,,True,completed
126699_407_0,pkw,25633.0,25654.0,21.0,,146.773,2.0,2.0,19.0,11.982,,,0.0952,0.9048,,True,completed
117915_404_0,pkw,25621.0,25655.0,34.0,,431.841,0.0,0.0,34.0,4.261,,,0.0,1.0,,True,completed
151757_419_0,pkw,25612.0,25656.0,44.0,,449.194,10.0,10.0,34.0,21.696,,,0.2273,0.7727,,True,completed
153000_419_0,pkw,25636.0,25656.0,20.0,,154.464,2.0,2.0,18.0,9.177,,,0.1,0.9,,True,completed
148994_417_0,pkw,25623.0,25657.0,34.0,,440.862,0.0,0.0,34.0,4.155,,,0.0,1.0,,True,completed
183244_431_0,pkw,25638.0,25658.0,20.0,,153.618,1.0,1.0,19.0,10.0,,,0.05,0.95,,True,completed
183534_431_0,pkw,25640.0,25660.0,20.0,,163.617,0.0,0.0,20.0,10.458,,,0.0,1.0,,True,completed
153446_420_0,pkw,25625.0,25662.0,37.0,,432.317,0.0,0.0,37.0,2.129,,,0.0,1.0,,True,completed
127353_407_0,pkw,25594.0,25664.0,70.0,,400.407,18.0,18.0,52.0,43.003,,,0.2571,0.7429,,True,completed
129792_409_0,pkw,25592.0,25666.0,74.0,,406.957,24.0,24.0,50.0,50.768,,,0.3243,0.6757,,True,completed
142911_415_0,pkw,25583.0,25669.0,86.0,,681.44,16.0,16.0,70.0,37.716,,,0.186,0.814,,True,completed
115533_403_0,pkw,25643.0,25671.0,28.0,,158.238,7.0,7.0,21.0,16.926,,,0.25,0.75,,True,completed
139583_413_0,pkw,25625.0,25671.0,46.0,,442.983,5.0,5.0,41.0,12.249,,,0.1087,0.8913,,True,completed
152845_419_0,pkw,25632.0,25672.0,40.0,,428.822,3.0,3.0,37.0,12.138,,,0.075,0.925,,True,completed
115499_403_0,pkw,25634.0,25674.0,40.0,,433.169,0.0,0.0,40.0,3.05,,,0.0,1.0,,True,completed
172050_426_0,pkw,25654.0,25674.0,20.0,,154.643,2.0,2.0,18.0,9.823,,,0.1,0.9,,True,completed
162832_422_0,pkw,25648.0,25678.0,30.0,,161.882,6.0,6.0,24.0,20.099,,,0.2,0.8,,True,completed
183577_431_0,pkw,25642.0,25679.0,37.0,,437.444,0.0,0.0,37.0,3.742,,,0.0,1.0,,True,completed
84905_390_0,pkw,25650.0,25680.0,30.0,,162.183,5.0,5.0,25.0,19.942,,,0.1667,0.8333,,True,completed
140984_414_0,pkw,25669.0,25682.0,13.0,,199.157,0.0,0.0,13.0,1.322,,,0.0,1.0,,True,completed
132695_410_0,pkw,25646.0,25684.0,38.0,,444.624,0.0,0.0,38.0,5.774,,,0.0,1.0,,True,completed
111580_401_0,pkw,25640.0,25685.0,45.0,,448.034,2.0,2.0,43.0,9.403,,,0.0444,0.9556,,True,completed
149663_417_0,pkw,25671.0,25685.0,14.0,,202.041,0.0,0.0,14.0,2.922,,,0.0,1.0,,True,completed
185399_432_0,pkw,25621.0,25685.0,64.0,,361.028,16.0,16.0,48.0,39.315,,,0.25,0.75,,True,completed
115970_403_0,pkw,25651.0,25686.0,35.0,,450.062,0.0,0.0,35.0,6.121,,,0.0,1.0,,True,completed
136077_411_0,pkw,25613.0,25687.0,74.0,,455.189,13.0,13.0,61.0,45.429,,,0.1757,0.8243,,True,completed
145229_416_0,pkw,25649.0,25687.0,38.0,,449.694,0.0,0.0,38.0,4.193,,,0.0,1.0,,True,completed
155751_420_0,pkw,25596.0,25689.0,93.0,,400.336,27.0,27.0,66.0,61.528,,,0.2903,0.7097,,True,completed
148932_417_0,pkw,25650.0,25690.0,40.0,,429.527,4.0,4.0,36.0,10.559,,,0.1,0.9,,True,completed
158154_421_0,pkw,25651.0,25690.0,39.0,,428.029,9.0,10.0,29.0,16.235,,,0.2564,0.7436,,True,completed
134481_411_0,pkw,25604.0,25691.0,87.0,,409.078,21.0,21.0,66.0,58.927,,,0.2414,0.7586,,True,completed
145875_416_0,pkw,25645.0,25691.0,46.0,,429.948,7.0,7.0,39.0,17.912,,,0.1522,0.8478,,True,completed
160711_421_0,pkw,25652.0,25692.0,40.0,,432.086,2.0,2.0,38.0,10.148,,,0.05,0.95,,True,completed
142600_415_0,pkw,25659.0,25696.0,37.0,,436.003,0.0,0.0,37.0,6.504,,,0.0,1.0,,True,completed
107063_400_0,pkw,25660.0,25698.0,38.0,,452.733,2.0,2.0,36.0,12.978,,,0.0526,0.9474,,True,completed
159995_421_0,pkw,25653.0,25698.0,45.0,,435.516,1.0,1.0,44.0,9.002,,,0.0222,0.9778,,True,completed
169028_425_0,pkw,25661.0,25698.0,37.0,,426.997,0.0,0.0,37.0,5.923,,,0.0,1.0,,True,completed
142128_415_0,pkw,25678.0,25703.0,25.0,,169.741,2.0,3.0,22.0,14.389,,,0.12,0.88,,True,completed
143002_415_0,pkw,25614.0,25707.0,93.0,,402.322,23.0,23.0,70.0,68.723,,,0.2473,0.7527,,True,completed
111352_401_0,pkw,25696.0,25708.0,12.0,,190.197,0.0,0.0,12.0,2.339,,,0.0,1.0,,True,completed
168568_425_0,pkw,25617.0,25710.0,93.0,,395.872,21.0,21.0,72.0,69.06,,,0.2258,0.7742,,True,completed
100992_396_0,pkw,25619.0,25711.0,92.0,,461.833,21.0,21.0,71.0,59.224,,,0.2283,0.7717,,True,completed
136394_411_0,pkw,25666.0,25711.0,45.0,,453.455,0.0,0.0,45.0,5.932,,,0.0,1.0,,True,completed
67430_381_0,pkw,25640.0,25711.0,71.0,,405.77,26.0,26.0,45.0,47.534,,,0.3662,0.6338,,True,completed
123239_406_0,pkw,25606.0,25712.0,106.0,,398.029,35.0,35.0,71.0,75.643,,,0.3302,0.6698,,True,completed
156946_421_0,pkw,25609.0,25713.0,104.0,,680.94,13.0,13.0,91.0,56.575,,,0.125,0.875,,True,completed
161200_421_0,pkw,25669.0,25713.0,44.0,,434.044,4.0,4.0,40.0,11.981,,,0.0909,0.9091,,True,completed
164298_422_0,pkw,25666.0,25714.0,48.0,,430.665,6.0,6.0,42.0,17.89,,,0.125,0.875,,True,completed
106720_399_0,pkw,25705.0,25717.0,12.0,,196.061,0.0,0.0,12.0,0.864,,,0.0,1.0,,True,completed
173616_427_0,pkw,25657.0,25717.0,60.0,,426.444,11.0,11.0,49.0,27.995,,,0.1833,0.8167,,True,completed
172599_426_0,pkw,25607.0,25718.0,111.0,,680.207,24.0,24.0,87.0,57.824,,,0.2162,0.7838,,True,completed
129342_408_0,pkw,25692.0,25720.0,28.0,,140.102,11.0,11.0,17.0,17.823,,,0.3929,0.6071,,True,completed
171772_426_0,pkw,25682.0,25720.0,38.0,,431.739,0.0,0.0,38.0,4.837,,,0.0,1.0,,True,completed
130627_409_0,pkw,25664.0,25721.0,57.0,,433.575,18.0,18.0,39.0,26.188,,,0.3158,0.6842,,True,completed
111993_401_0,pkw,25700.0,25722.0,22.0,,144.429,3.0,4.0,18.0,11.496,,,0.1818,0.8182,,True,completed
172273_426_0,pkw,25686.0,25722.0,36.0,,160.728,14.0,14.0,22.0,26.085,,,0.3889,0.6111,,True,completed
122032_406_0,pkw,25668.0,25723.0,55.0,,443.812,16.0,16.0,39.0,24.662,,,0.2909,0.7091,,True,completed
167388_425_0,pkw,25670.0,25724.0,54.0,,434.101,13.0,13.0,41.0,20.893,,,0.2407,0.7593,,True,completed
146142_416_0,pkw,25710.0,25725.0,15.0,,143.421,0.0,0.0,15.0,5.944,,,0.0,1.0,,True,completed
147412_416_0,pkw,25672.0,25726.0,54.0,,442.757,10.0,10.0,44.0,24.462,,,0.1852,0.8148,,True,completed
138240_412_0,pkw,25684.0,25727.0,43.0,,434.721,0.0,0.0,43.0,9.731,,,0.0,1.0,,True,completed
160004_421_0,pkw,25713.0,25727.0,14.0,,141.409,0.0,0.0,14.0,2.133,,,0.0,1.0,,True,completed
81109_389_0,pkw,25697.0,25729.0,32.0,,448.283,0.0,0.0,32.0,2.126,,,0.0,1.0,,True,completed
132718_410_0,pkw,25676.0,25730.0,54.0,,409.692,11.0,11.0,43.0,28.56,,,0.2037,0.7963,,True,completed
101521_396_0,pkw,25650.0,25731.0,81.0,,186.873,29.0,29.0,52.0,69.524,,,0.358,0.642,,True,completed
160485_421_0,pkw,25699.0,25731.0,32.0,,452.817,0.0,0.0,32.0,2.125,,,0.0,1.0,,True,completed
156748_421_0,pkw,25670.0,25732.0,62.0,,461.431,16.0,16.0,46.0,26.585,,,0.2581,0.7419,,True,completed
159332_421_0,pkw,25637.0,25732.0,95.0,,454.659,24.0,24.0,71.0,66.883,,,0.2526,0.7474,,True,completed
131253_409_0,pkw,25653.0,25733.0,80.0,,195.318,33.0,33.0,47.0,69.994,,,0.4125,0.5875,,True,completed
132148_410_0,pkw,25686.0,25734.0,48.0,,401.371,6.0,6.0,42.0,21.694,,,0.125,0.875,,True,completed
129132_408_0,pkw,25655.0,25735.0,80.0,,179.041,32.0,32.0,48.0,69.085,,,0.4,0.6,,True,completed
145487_416_0,pkw,25639.0,25737.0,98.0,,459.969,22.0,22.0,76.0,70.143,,,0.2245,0.7755,,True,completed
130024_409_0,pkw,25716.0,25740.0,24.0,,143.093,6.0,6.0,18.0,13.056,,,0.25,0.75,,True,completed
147206_416_0,pkw,25694.0,25740.0,46.0,,432.585,4.0,4.0,42.0,12.845,,,0.087,0.913,,True,completed
74935_386_0,pkw,25723.0,25742.0,19.0,,239.748,0.0,0.0,19.0,0.89,,,0.0,1.0,,True,completed
98476_395_0,pkw,25718.0,25742.0,24.0,,146.238,5.0,5.0,19.0,14.083,,,0.2083,0.7917,,True,completed
103722_397_0,pkw,25658.0,25743.0,85.0,,186.833,27.0,27.0,58.0,74.706,,,0.3176,0.6824,,True,completed
154752_420_0,pkw,25708.0,25743.0,35.0,,425.371,0.0,0.0,35.0,6.487,,,0.0,1.0,,True,completed
141027_414_0,pkw,25715.0,25745.0,30.0,,170.333,7.0,7.0,23.0,18.725,,,0.2333,0.7667,,True,completed
114202_402_0,pkw,25707.0,25746.0,39.0,,444.17,0.0,0.0,39.0,4.313,,,0.0,1.0,,True,completed
107400_400_0,pkw,25640.0,25748.0,108.0,,462.183,28.0,28.0,80.0,69.084,,,0.2593,0.7407,,True,completed
165592_423_0,pkw,25698.0,25748.0,50.0,,438.965,5.0,6.0,44.0,15.859,,,0.12,0.88,,True,completed
156448_420_0,pkw,25706.0,25749.0,43.0,,431.811,0.0,0.0,43.0,10.496,,,0.0,1.0,,True,completed
137699_412_0,pkw,25707.0,25751.0,44.0,,188.879,25.0,25.0,19.0,32.839,,,0.5682,0.4318,,True,completed
139035_413_0,pkw,25717.0,25751.0,34.0,,197.739,15.0,15.0,19.0,22.881,,,0.4412,0.5588,,True,completed
145274_416_0,pkw,25708.0,25751.0,43.0,,187.06,25.0,25.0,18.0,32.808,,,0.5814,0.4186,,True,completed
79851_387_0,pkw,25723.0,25753.0,30.0,,193.831,8.0,8.0,22.0,19.569,,,0.2667,0.7333,,True,completed
136792_411_0,pkw,25740.0,25756.0,16.0,,194.467,0.0,0.0,16.0,4.285,,,0.0,1.0,,True,completed
154816_420_0,pkw,25737.0,25757.0,20.0,,196.412,0.0,1.0,19.0,9.913,,,0.05,0.95,,True,completed
141742_415_0,pkw,25728.0,25758.0,30.0,,424.396,0.0,0.0,30.0,1.087,,,0.0,1.0,,True,completed
175367_428_0,pkw,25717.0,25760.0,43.0,,437.112,5.0,5.0,38.0,13.634,,,0.1163,0.8837,,True,completed
91426_392_0,pkw,25722.0,25762.0,40.0,,437.426,0.0,0.0,40.0,8.704,,,0.0,1.0,,True,completed
145735_416_0,pkw,25723.0,25764.0,41.0,,436.259,2.0,2.0,39.0,11.545,,,0.0488,0.9512,,True,completed
156401_420_0,pkw,25724.0,25764.0,40.0,,433.892,0.0,0.0,40.0,9.493,,,0.0,1.0,,True,completed
172682_426_0,pkw,25737.0,25764.0,27.0,,156.571,6.0,6.0,21.0,16.165,,,0.2222,0.7778,,True,completed
138827_413_0,pkw,25722.0,25766.0,44.0,,433.16,3.0,3.0,41.0,13.314,,,0.0682,0.9318,,True,completed
145534_416_0,pkw,25742.0,25766.0,24.0,,163.012,2.0,2.0,22.0,13.895,,,0.0833,0.9167,,True,completed
148872_417_0,pkw,25735.0,25767.0,32.0,,429.012,0.0,0.0,32.0,2.638,,,0.0,1.0,,True,completed
128382_408_0,pkw,25716.0,25770.0,54.0,,438.869,14.0,15.0,39.0,26.277,,,0.2778,0.7222,,True,completed
123398_406_0,pkw,25664.0,25771.0,107.0,,185.035,44.0,48.0,59.0,94.701,,,0.4486,0.5514,,True,completed
91826_392_0,pkw,25732.0,25772.0,40.0,,444.981,0.0,1.0,39.0,12.438,,,0.025,0.975,,True,completed
99386_396_0,pkw,25686.0,25773.0,87.0,,184.17,29.0,29.0,58.0,77.113,,,0.3333,0.6667,,True,completed
145192_416_0,pkw,25690.0,25774.0,84.0,,177.463,32.0,32.0,52.0,73.867,,,0.381,0.619,,True,completed
144175_416_0,pkw,25707.0,25776.0,69.0,,398.246,18.0,18.0,51.0,44.207,,,0.2609,0.7391,,True,completed
131143_409_0,pkw,25735.0,25777.0,42.0,,449.104,0.0,0.0,42.0,10.307,,,0.0,1.0,,True,completed
159733_421_0,pkw,25705.0,25779.0,74.0,,183.919,24.0,24.0,50.0,64.39,,,0.3243,0.6757,,True,completed
172104_426_0,pkw,25755.0,25780.0,25.0,,146.715,9.0,10.0,15.0,15.672,,,0.4,0.6,,True,completed
164009_422_0,pkw,25735.0,25781.0,46.0,,430.335,9.0,10.0,36.0,15.266,,,0.2174,0.7826,,True,completed
138541_412_0,pkw,25739.0,25786.0,47.0,,430.905,6.0,6.0,41.0,12.484,,,0.1277,0.8723,,True,completed
160223_421_0,pkw,25753.0,25788.0,35.0,,427.625,0.0,0.0,35.0,2.975,,,0.0,1.0,,True,completed
153784_420_0,pkw,25743.0,25791.0,48.0,,184.008,28.0,28.0,20.0,37.814,,,0.5833,0.4167,,True,completed
171227_426_0,pkw,25746.0,25793.0,47.0,,193.19,24.0,24.0,23.0,36.343,,,0.5106,0.4894,,True,completed
109448_401_0,pkw,25752.0,25795.0,43.0,,203.651,20.0,20.0,23.0,32.401,,,0.4651,0.5349,,True,completed
130570_409_0,pkw,25771.0,25797.0,26.0,,199.146,3.0,3.0,23.0,12.822,,,0.1154,0.8846,,True,completed
139001_413_0,pkw,25764.0,25797.0,33.0,,203.549,9.0,10.0,23.0,20.892,,,0.303,0.697,,True,completed
148483_417_0,pkw,25760.0,25803.0,43.0,,434.329,6.0,6.0,37.0,13.799,,,0.1395,0.8605,,True,completed
90782_391_0,pkw,25708.0,25803.0,95.0,,463.218,22.0,22.0,73.0,59.918,,,0.2316,0.7684,,True,completed
160390_421_0,pkw,25758.0,25804.0,46.0,,428.333,8.0,8.0,38.0,14.755,,,0.1739,0.8261,,True,completed
163598_422_0,pkw,25737.0,25805.0,68.0,,194.415,18.0,18.0,50.0,57.222,,,0.2647,0.7353,,True,completed
155578_420_0,pkw,25763.0,25807.0,44.0,,433.244,2.0,2.0,42.0,10.584,,,0.0455,0.9545,,True,completed
173889_427_0,pkw,25749.0,25807.0,58.0,,431.514,12.0,12.0,46.0,19.624,,,0.2069,0.7931,,True,completed
127924_407_0,pkw,25760.0,25808.0,48.0,,433.507,4.0,4.0,44.0,15.299,,,0.0833,0.9167,,True,completed
150982_418_0,pkw,25750.0,25808.0,58.0,,445.94,10.0,10.0,48.0,30.19,,,0.1724,0.8276,,True,completed
86606_391_0,pkw,25756.0,25809.0,53.0,,434.674,10.0,10.0,43.0,26.608,,,0.1887,0.8113,,True,completed
97088_395_0,pkw,25765.0,25809.0,44.0,,425.508,0.0,0.0,44.0,16.069,,,0.0,1.0,,True,completed
155604_420_0,pkw,25767.0,25810.0,43.0,,428.107,0.0,0.0,43.0,7.632,,,0.0,1.0,,True,completed
142101_415_0,pkw,25771.0,25811.0,40.0,,431.114,0.0,0.0,40.0,11.226,,,0.0,1.0,,True,completed
193213_435_0,pkw,25771.0,25812.0,41.0,,154.794,10.0,10.0,31.0,30.681,,,0.2439,0.7561,,True,completed
112443_401_0,pkw,25742.0,25816.0,74.0,,442.804,30.0,30.0,44.0,40.985,,,0.4054,0.5946,,True,completed
85853_391_0,pkw,25739.0,25816.0,77.0,,451.942,31.0,31.0,46.0,41.639,,,0.4026,0.5974,,True,completed
182289_431_0,pkw,25784.0,25820.0,36.0,,166.787,5.0,5.0,31.0,25.983,,,0.1389,0.8611,,True,completed
85490_390_0,pkw,25787.0,25821.0,34.0,,157.24,2.0,2.0,32.0,24.531,,,0.0588,0.9412,,True,completed
161062_421_0,pkw,25711.0,25823.0,112.0,,466.74,29.0,29.0,83.0,77.074,,,0.2589,0.7411,,True,completed
123430_406_0,pkw,25739.0,25824.0,85.0,,179.537,28.0,28.0,57.0,75.793,,,0.3294,0.6706,,True,completed
178737_430_0,pkw,25773.0,25824.0,51.0,,429.557,8.0,8.0,43.0,18.307,,,0.1569,0.8431,,True,completed
160050_421_0,pkw,25717.0,25825.0,108.0,,460.991,26.0,26.0,82.0,72.98,,,0.2407,0.7593,,True,completed
174965_428_0,pkw,25778.0,25826.0,48.0,,435.443,5.0,5.0,43.0,19.384,,,0.1042,0.8958,,True,completed
156076_420_0,pkw,25720.0,25827.0,107.0,,465.684,26.0,26.0,81.0,73.881,,,0.243,0.757,,True,completed
176609_429_0,pkw,25782.0,25827.0,45.0,,427.793,4.0,4.0,41.0,16.929,,,0.0889,0.9111,,True,completed
165056_423_0,pkw,25768.0,25828.0,60.0,,428.541,12.0,12.0,48.0,29.781,,,0.2,0.8,,True,completed
158997_421_0,pkw,25792.0,25831.0,39.0,,161.806,8.0,8.0,31.0,28.798,,,0.2051,0.7949,,True,completed
174325_427_0,pkw,25788.0,25831.0,43.0,,438.581,0.0,1.0,42.0,7.698,,,0.0233,0.9767,,True,completed
111313_401_0,pkw,25794.0,25832.0,38.0,,429.466,0.0,0.0,38.0,5.085,,,0.0,1.0,,True,completed
131279_410_0,pkw,25791.0,25832.0,41.0,,430.774,0.0,0.0,41.0,7.15,,,0.0,1.0,,True,completed
137920_412_0,pkw,25798.0,25834.0,36.0,,436.084,0.0,0.0,36.0,5.852,,,0.0,1.0,,True,completed
186072_432_0,pkw,25775.0,25834.0,59.0,,432.964,8.0,8.0,51.0,29.082,,,0.1356,0.8644,,True,completed
81826_389_0,pkw,25824.0,25834.0,10.0,,144.465,0.0,0.0,10.0,0.992,,,0.0,1.0,,True,completed
162562_422_0,pkw,25800.0,25835.0,35.0,,429.134,0.0,0.0,35.0,3.498,,,0.0,1.0,,True,completed
198450_436_0,pkw,25789.0,25838.0,49.0,,434.509,1.0,1.0,48.0,15.959,,,0.0204,0.9796,,True,completed
130856_409_0,pkw,25808.0,25843.0,35.0,,433.352,0.0,0.0,35.0,2.051,,,0.0,1.0,,True,completed
141170_414_0,pkw,25811.0,25848.0,37.0,,424.231,2.0,2.0,35.0,10.692,,,0.0541,0.9459,,True,completed
132261_410_0,pkw,25822.0,25850.0,28.0,,428.359,0.0,0.0,28.0,1.643,,,0.0,1.0,,True,completed
148257_417_0,pkw,25827.0,25851.0,24.0,,200.762,6.0,6.0,18.0,12.878,,,0.25,0.75,,True,completed
163588_422_0,pkw,25829.0,25862.0,33.0,,437.174,0.0,0.0,33.0,1.584,,,0.0,1.0,,True,completed
141469_415_0,pkw,25832.0,25866.0,34.0,,437.391,0.0,0.0,34.0,1.68,,,0.0,1.0,,True,completed
164052_422_0,pkw,25834.0,25867.0,33.0,,426.693,0.0,0.0,33.0,1.663,,,0.0,1.0,,True,completed
105770_399_0,pkw,25864.0,25875.0,11.0,,150.762,0.0,0.0,11.0,0.702,,,0.0,1.0,,True,completed
158714_421_0,pkw,25861.0,25876.0,15.0,,166.453,0.0,0.0,15.0,2.276,,,0.0,1.0,,True,completed
168843_425_0,pkw,25860.0,25892.0,32.0,,425.724,0.0,0.0,32.0,1.378,,,0.0,1.0,,True,completed
108740_400_0,pkw,25866.0,25896.0,30.0,,431.904,0.0,0.0,30.0,1.497,,,0.0,1.0,,True,completed
125284_406_0,pkw,25865.0,25897.0,32.0,,435.841,0.0,0.0,32.0,1.653,,,0.0,1.0,,True,completed
147033_416_0,pkw,25868.0,25900.0,32.0,,437.382,0.0,0.0,32.0,1.344,,,0.0,1.0,,True,completed
187954_433_0,pkw,25870.0,25904.0,34.0,,432.364,0.0,0.0,34.0,1.501,,,0.0,1.0,,True,completed
163833_422_0,pkw,25879.0,25909.0,30.0,,430.237,0.0,0.0,30.0,1.25,,,0.0,1.0,,True,completed
153369_420_0,pkw,25876.0,25913.0,37.0,,431.646,0.0,0.0,37.0,1.521,,,0.0,1.0,,True,completed
110198_401_0,pkw,25883.0,25917.0,34.0,,432.454,0.0,0.0,34.0,1.449,,,0.0,1.0,,True,completed
147762_416_0,pkw,25885.0,25919.0,34.0,,437.81,0.0,0.0,34.0,2.93,,,0.0,1.0,,True,completed
83512_390_0,pkw,25878.0,25919.0,41.0,,436.959,0.0,0.0,41.0,2.469,,,0.0,1.0,,True,completed
115085_403_0,pkw,25889.0,25920.0,31.0,,429.874,0.0,0.0,31.0,1.418,,,0.0,1.0,,True,completed
182594_431_0,pkw,25862.0,25921.0,59.0,,399.961,19.0,19.0,40.0,29.081,,,0.322,0.678,,True,completed
182638_431_0,pkw,25889.0,25921.0,32.0,,403.486,0.0,0.0,32.0,5.267,,,0.0,1.0,,True,completed
131869_410_0,pkw,25893.0,25922.0,29.0,,437.943,0.0,0.0,29.0,2.4,,,0.0,1.0,,True,completed
172178_426_0,pkw,25881.0,25924.0,43.0,,433.37,0.0,0.0,43.0,2.386,,,0.0,1.0,,True,completed
147231_416_0,pkw,25894.0,25925.0,31.0,,427.27,0.0,0.0,31.0,1.436,,,0.0,1.0,,True,completed
152995_419_0,pkw,25891.0,25929.0,38.0,,432.724,0.0,0.0,38.0,3.101,,,0.0,1.0,,True,completed
110628_401_0,pkw,25887.0,25930.0,43.0,,431.046,0.0,0.0,43.0,2.999,,,0.0,1.0,,True,completed
80499_388_0,pkw,25898.0,25932.0,34.0,,435.525,0.0,0.0,34.0,1.5,,,0.0,1.0,,True,completed
165160_423_0,pkw,25896.0,25934.0,38.0,,429.71,0.0,0.0,38.0,1.996,,,0.0,1.0,,True,completed
192205_435_0,pkw,25899.0,25934.0,35.0,,437.364,0.0,0.0,35.0,2.255,,,0.0,1.0,,True,completed
100734_396_0,pkw,25902.0,25936.0,34.0,,435.143,0.0,0.0,34.0,1.502,,,0.0,1.0,,True,completed
82214_389_0,pkw,25903.0,25936.0,33.0,,432.148,0.0,0.0,33.0,1.48,,,0.0,1.0,,True,completed
110659_401_0,pkw,25905.0,25939.0,34.0,,434.103,0.0,0.0,34.0,1.415,,,0.0,1.0,,True,completed
152391_419_0,pkw,25909.0,25949.0,40.0,,437.275,3.0,3.0,37.0,12.447,,,0.075,0.925,,True,completed
99177_396_0,pkw,25907.0,25955.0,48.0,,438.734,8.0,8.0,40.0,13.268,,,0.1667,0.8333,,True,completed
110876_401_0,pkw,25915.0,25957.0,42.0,,436.173,0.0,0.0,42.0,6.871,,,0.0,1.0,,True,completed
155932_420_0,pkw,25920.0,25959.0,39.0,,428.142,0.0,0.0,39.0,3.698,,,0.0,1.0,,True,completed
195693_436_0,pkw,25912.0,25959.0,47.0,,436.059,2.0,2.0,45.0,10.313,,,0.0426,0.9574,,True,completed
108574_400_0,pkw,25945.0,25960.0,15.0,,198.967,0.0,0.0,15.0,4.236,,,0.0,1.0,,True,completed
190202_434_0,pkw,25918.0,25961.0,43.0,,438.407,0.0,0.0,43.0,6.636,,,0.0,1.0,,True,completed
127556_407_0,pkw,25954.0,25967.0,13.0,,200.127,0.0,0.0,13.0,0.339,,,0.0,1.0,,True,completed
125646_406_0,pkw,25960.0,25973.0,13.0,,197.569,0.0,0.0,13.0,0.321,,,0.0,1.0,,True,completed
108475_400_0,pkw,25942.0,25977.0,35.0,,443.413,0.0,0.0,35.0,1.514,,,0.0,1.0,,True,completed
138405_412_0,pkw,25971.0,25981.0,10.0,,188.738,0.0,0.0,10.0,0.314,,,0.0,1.0,,True,completed
140141_414_0,pkw,25946.0,25982.0,36.0,,448.507,0.0,0.0,36.0,1.561,,,0.0,1.0,,True,completed
159229_421_0,pkw,25950.0,25991.0,41.0,,433.746,0.0,0.0,41.0,2.08,,,0.0,1.0,,True,completed
132821_410_0,pkw,25937.0,25992.0,55.0,,454.632,12.0,12.0,43.0,19.524,,,0.2182,0.7818,,True,completed
200404_437_0,pkw,25957.0,25993.0,36.0,,432.721,0.0,0.0,36.0,1.684,,,0.0,1.0,,True,completed
149484_417_0,pkw,25957.0,25994.0,37.0,,448.27,0.0,0.0,37.0,2.126,,,0.0,1.0,,True,completed
139104_413_0,pkw,25950.0,25997.0,47.0,,450.669,0.0,0.0,47.0,3.149,,,0.0,1.0,,True,completed
111336_401_0,pkw,25966.0,26000.0,34.0,,450.0,0.0,0.0,34.0,2.049,,,0.0,1.0,,True,completed
173974_427_0,pkw,25982.0,26000.0,18.0,,201.048,0.0,0.0,18.0,5.705,,,0.0,1.0,,True,completed
146411_416_0,pkw,25964.0,26001.0,37.0,,451.992,0.0,0.0,37.0,1.786,,,0.0,1.0,,True,completed
118911_405_0,pkw,25968.0,26002.0,34.0,,442.74,0.0,0.0,34.0,2.033,,,0.0,1.0,,True,completed
107998_400_0,pkw,25970.0,26003.0,33.0,,444.944,0.0,0.0,33.0,1.909,,,0.0,1.0,,True,completed
102001_396_0,pkw,25974.0,26004.0,30.0,,448.781,0.0,0.0,30.0,2.321,,,0.0,1.0,,True,completed
109862_401_0,pkw,25994.0,26005.0,11.0,,200.146,0.0,0.0,11.0,0.306,,,0.0,1.0,,True,completed
158101_421_0,pkw,25963.0,26014.0,51.0,,433.869,6.0,6.0,45.0,15.817,,,0.1176,0.8824,,True,completed
95643_394_0,pkw,25966.0,26014.0,48.0,,436.836,6.0,6.0,42.0,13.621,,,0.125,0.875,,True,completed
130651_409_0,pkw,25980.0,26018.0,38.0,,439.882,2.0,2.0,36.0,9.993,,,0.0526,0.9474,,True,completed
137931_412_0,pkw,25986.0,26021.0,35.0,,453.155,0.0,0.0,35.0,5.265,,,0.0,1.0,,True,completed
155258_420_0,pkw,25998.0,26023.0,25.0,,155.561,0.0,0.0,25.0,15.691,,,0.0,1.0,,True,completed
124749_406_0,pkw,25989.0,26025.0,36.0,,444.366,0.0,0.0,36.0,3.576,,,0.0,1.0,,True,completed
104503_397_0,pkw,25990.0,26029.0,39.0,,427.996,5.0,5.0,34.0,11.152,,,0.1282,0.8718,,True,completed
141272_415_0,pkw,26011.0,26032.0,21.0,,185.801,2.0,2.0,19.0,12.333,,,0.0952,0.9048,,True,completed
128887_408_0,pkw,26002.0,26034.0,32.0,,203.614,10.0,10.0,22.0,20.242,,,0.3125,0.6875,,True,completed
91248_391_0,pkw,25994.0,26034.0,40.0,,466.301,0.0,0.0,40.0,7.086,,,0.0,1.0,,True,completed
112780_402_0,pkw,25991.0,26035.0,44.0,,464.992,1.0,1.0,43.0,6.191,,,0.0227,0.9773,,True,completed
120720_405_0,pkw,25992.0,26036.0,44.0,,437.839,3.0,3.0,41.0,10.825,,,0.0682,0.9318,,True,completed
123860_406_0,pkw,25999.0,26037.0,38.0,,186.551,13.0,13.0,25.0,27.478,,,0.3421,0.6579,,True,completed
104991_398_0,pkw,25995.0,26038.0,43.0,,433.345,1.0,1.0,42.0,9.837,,,0.0233,0.9767,,True,completed
107750_400_0,pkw,25997.0,26040.0,43.0,,429.752,1.0,1.0,42.0,9.801,,,0.0233,0.9767,,True,completed
123353_406_0,pkw,26017.0,26041.0,24.0,,166.573,5.0,5.0,19.0,13.44,,,0.2083,0.7917,,True,completed
118760_405_0,pkw,26006.0,26043.0,37.0,,435.381,0.0,0.0,37.0,3.092,,,0.0,1.0,,True,completed
164943_423_0,pkw,25995.0,26043.0,48.0,,434.495,0.0,0.0,48.0,6.751,,,0.0,1.0,,True,completed
175059_428_0,pkw,26020.0,26043.0,23.0,,160.553,3.0,3.0,20.0,10.3,,,0.1304,0.8696,,True,completed
143271_415_0,pkw,26010.0,26044.0,34.0,,428.569,0.0,0.0,34.0,4.351,,,0.0,1.0,,True,completed
151525_419_0,pkw,26022.0,26045.0,23.0,,165.341,3.0,3.0,20.0,11.276,,,0.1304,0.8696,,True,completed
165168_423_0,pkw,26000.0,26045.0,45.0,,437.744,0.0,0.0,45.0,12.592,,,0.0,1.0,,True,completed
112364_401_0,pkw,26002.0,26046.0,44.0,,430.375,0.0,0.0,44.0,9.561,,,0.0,1.0,,True,completed
114624_403_0,pkw,26024.0,26046.0,22.0,,155.224,3.0,3.0,19.0,10.468,,,0.1364,0.8636,,True,completed
147039_416_0,pkw,26002.0,26046.0,44.0,,434.208,0.0,0.0,44.0,13.918,,,0.0,1.0,,True,completed
184959_431_0,pkw,26004.0,26048.0,44.0,,434.845,0.0,0.0,44.0,8.616,,,0.0,1.0,,True,completed
193955_435_0,pkw,26025.0,26049.0,24.0,,153.992,2.0,2.0,22.0,13.628,,,0.0833,0.9167,,True,completed
143450_415_0,pkw,26004.0,26050.0,46.0,,436.11,0.0,0.0,46.0,12.444,,,0.0,1.0,,True,completed
145576_416_0,pkw,26027.0,26051.0,24.0,,156.477,3.0,3.0,21.0,15.018,,,0.125,0.875,,True,completed
174745_427_0,pkw,26007.0,26051.0,44.0,,437.571,0.0,0.0,44.0,3.612,,,0.0,1.0,,True,completed
168951_425_0,pkw,26009.0,26052.0,43.0,,435.497,0.0,0.0,43.0,9.19,,,0.0,1.0,,True,completed
196432_436_0,pkw,26012.0,26052.0,40.0,,429.719,0.0,0.0,40.0,11.788,,,0.0,1.0,,True,completed
147371_416_0,pkw,26013.0,26054.0,41.0,,442.424,0.0,0.0,41.0,13.211,,,0.0,1.0,,True,completed
157226_421_0,pkw,26014.0,26054.0,40.0,,434.612,0.0,0.0,40.0,6.836,,,0.0,1.0,,True,completed
188921_434_0,pkw,26029.0,26054.0,25.0,,160.622,2.0,2.0,23.0,11.712,,,0.08,0.92,,True,completed
129239_408_0,pkw,26019.0,26056.0,37.0,,448.686,0.0,0.0,37.0,9.657,,,0.0,1.0,,True,completed
135055_411_0,pkw,26004.0,26056.0,52.0,,442.561,8.0,8.0,44.0,19.73,,,0.1538,0.8462,,True,completed
95064_393_0,pkw,26031.0,26057.0,26.0,,152.622,0.0,0.0,26.0,15.987,,,0.0,1.0,,True,completed
146365_416_0,pkw,26033.0,26059.0,26.0,,163.243,0.0,0.0,26.0,15.065,,,0.0,1.0,,True,completed
127805_407_0,pkw,26027.0,26062.0,35.0,,189.471,11.0,11.0,24.0,23.156,,,0.3143,0.6857,,True,completed
110138_401_0,pkw,26037.0,26064.0,27.0,,198.457,1.0,1.0,26.0,17.908,,,0.037,0.963,,True,completed
148337_417_0,pkw,26039.0,26064.0,25.0,,188.779,1.0,2.0,23.0,13.774,,,0.08,0.92,,True,completed
119604_405_0,pkw,26041.0,26066.0,25.0,,190.475,0.0,0.0,25.0,13.864,,,0.0,1.0,,True,completed
183604_431_0,pkw,26018.0,26069.0,51.0,,427.651,18.0,18.0,33.0,24.523,,,0.3529,0.6471,,True,completed
190126_434_0,pkw,26043.0,26072.0,29.0,,163.232,7.0,7.0,22.0,16.395,,,0.2414,0.7586,,True,completed
122769_406_0,pkw,26045.0,26073.0,28.0,,153.313,6.0,6.0,22.0,17.218,,,0.2143,0.7857,,True,completed
183293_431_0,pkw,26039.0,26074.0,35.0,,428.893,0.0,1.0,34.0,4.977,,,0.0286,0.9714,,True,completed
128898_408_0,pkw,26047.0,26075.0,28.0,,158.324,5.0,5.0,23.0,17.694,,,0.1786,0.8214,,True,completed
147619_416_0,pkw,26016.0,26075.0,59.0,,433.214,19.0,19.0,40.0,24.066,,,0.322,0.678,,True,completed
184170_431_0,pkw,26049.0,26077.0,28.0,,165.11,3.0,3.0,25.0,16.446,,,0.1071,0.8929,,True,completed
123020_406_0,pkw,26050.0,26079.0,29.0,,167.786,3.0,3.0,26.0,15.883,,,0.1034,0.8966,,True,completed
131381_410_0,pkw,26024.0,26080.0,56.0,,446.389,16.0,16.0,40.0,26.035,,,0.2857,0.7143,,True,completed
175678_428_0,pkw,26053.0,26081.0,28.0,,166.76,2.0,2.0,26.0,15.134,,,0.0714,0.9286,,True,completed
153999_420_0,pkw,26055.0,26082.0,27.0,,157.333,1.0,1.0,26.0,15.796,,,0.037,0.963,,True,completed
114290_402_0,pkw,26029.0,26083.0,54.0,,446.063,13.0,13.0,41.0,22.126,,,0.2407,0.7593,,True,completed
154682_420_0,pkw,26057.0,26084.0,27.0,,166.502,1.0,1.0,26.0,16.775,,,0.037,0.963,,True,completed
113502_402_0,pkw,26060.0,26085.0,25.0,,157.789,1.0,1.0,24.0,14.967,,,0.04,0.96,,True,completed
142839_415_0,pkw,26046.0,26085.0,39.0,,450.417,0.0,0.0,39.0,9.099,,,0.0,1.0,,True,completed
120397_405_0,pkw,26073.0,26087.0,14.0,,169.237,0.0,0.0,14.0,5.134,,,0.0,1.0,,True,completed
120972_405_0,pkw,26076.0,26089.0,13.0,,159.733,0.0,0.0,13.0,1.556,,,0.0,1.0,,True,completed
185736_432_0,pkw,26078.0,26090.0,12.0,,151.479,0.0,0.0,12.0,2.103,,,0.0,1.0,,True,completed
178124_430_0,pkw,26080.0,26093.0,13.0,,160.362,0.0,0.0,13.0,0.842,,,0.0,1.0,,True,completed
149395_417_0,pkw,26082.0,26095.0,13.0,,168.98,0.0,0.0,13.0,1.426,,,0.0,1.0,,True,completed
128717_408_0,pkw,26086.0,26099.0,13.0,,200.553,0.0,0.0,13.0,1.461,,,0.0,1.0,,True,completed
156856_421_0,pkw,26064.0,26101.0,37.0,,176.156,18.0,18.0,19.0,25.238,,,0.4865,0.5135,,True,completed
137355_412_0,pkw,26087.0,26102.0,15.0,,196.35,0.0,1.0,14.0,4.677,,,0.0667,0.9333,,True,completed
172984_426_0,pkw,26090.0,26104.0,14.0,,194.7,0.0,0.0,14.0,0.478,,,0.0,1.0,,True,completed
160420_421_0,pkw,26092.0,26105.0,13.0,,190.913,0.0,0.0,13.0,0.973,,,0.0,1.0,,True,completed
185926_432_0,pkw,26071.0,26109.0,38.0,,421.338,4.0,4.0,34.0,13.089,,,0.1053,0.8947,,True,completed
127709_407_0,pkw,26103.0,26121.0,18.0,,182.49,0.0,0.0,18.0,7.207,,,0.0,1.0,,True,completed
157808_421_0,pkw,26098.0,26122.0,24.0,,196.017,3.0,3.0,21.0,11.627,,,0.125,0.875,,True,completed
163719_422_0,pkw,26107.0,26126.0,19.0,,196.146,0.0,0.0,19.0,8.214,,,0.0,1.0,,True,completed
147117_416_0,pkw,26109.0,26127.0,18.0,,186.294,0.0,0.0,18.0,9.302,,,0.0,1.0,,True,completed
198554_436_0,pkw,26090.0,26131.0,41.0,,433.502,0.0,0.0,41.0,7.137,,,0.0,1.0,,True,completed
198762_436_0,pkw,26095.0,26132.0,37.0,,428.234,0.0,0.0,37.0,2.795,,,0.0,1.0,,True,completed
173017_426_0,pkw,26128.0,26140.0,12.0,,160.958,0.0,0.0,12.0,1.087,,,0.0,1.0,,True,completed
173628_427_0,pkw,26130.0,26142.0,12.0,,165.855,0.0,0.0,12.0,0.848,,,0.0,1.0,,True,completed
186127_432_0,pkw,26132.0,26143.0,11.0,,156.802,0.0,0.0,11.0,1.415,,,0.0,1.0,,True,completed
201617_438_0,pkw,26134.0,26145.0,11.0,,162.33,0.0,0.0,11.0,0.969,,,0.0,1.0,,True,completed
173550_427_0,pkw,26138.0,26151.0,13.0,,151.384,0.0,0.0,13.0,3.826,,,0.0,1.0,,True,completed
179915_430_0,pkw,26128.0,26164.0,36.0,,433.352,0.0,0.0,36.0,1.679,,,0.0,1.0,,True,completed
154087_420_0,pkw,26150.0,26171.0,21.0,,187.422,1.0,1.0,20.0,11.049,,,0.0476,0.9524,,True,completed
182215_431_0,pkw,26151.0,26171.0,20.0,,173.238,0.0,0.0,20.0,8.069,,,0.0,1.0,,True,completed
91928_392_0,pkw,26154.0,26172.0,18.0,,192.938,0.0,0.0,18.0,7.705,,,0.0,1.0,,True,completed
162087_421_0,pkw,26153.0,26173.0,20.0,,197.434,0.0,0.0,20.0,8.453,,,0.0,1.0,,True,completed
144735_416_0,pkw,26155.0,26174.0,19.0,,187.454,0.0,0.0,19.0,9.57,,,0.0,1.0,,True,completed
167635_425_0,pkw,26154.0,26174.0,20.0,,186.077,0.0,0.0,20.0,9.003,,,0.0,1.0,,True,completed
144596_416_0,pkw,26156.0,26176.0,20.0,,196.22,0.0,0.0,20.0,8.958,,,0.0,1.0,,True,completed
143722_416_0,pkw,26137.0,26180.0,43.0,,426.894,0.0,0.0,43.0,7.241,,,0.0,1.0,,True,completed
180053_430_0,pkw,26141.0,26180.0,39.0,,431.28,1.0,1.0,38.0,7.246,,,0.0256,0.9744,,True,completed
193009_435_0,pkw,26164.0,26180.0,16.0,,137.079,0.0,0.0,16.0,7.751,,,0.0,1.0,,True,completed
141374_415_0,pkw,26144.0,26182.0,38.0,,432.176,0.0,0.0,38.0,7.474,,,0.0,1.0,,True,completed
132635_410_0,pkw,26148.0,26183.0,35.0,,431.488,0.0,0.0,35.0,2.175,,,0.0,1.0,,True,completed
187756_433_0,pkw,26157.0,26189.0,32.0,,162.098,11.0,11.0,21.0,20.204,,,0.3438,0.6562,,True,completed
82141_389_0,pkw,26165.0,26191.0,26.0,,175.974,4.0,4.0,22.0,13.963,,,0.1538,0.8462,,True,completed
87651_391_0,pkw,26167.0,26191.0,24.0,,164.243,1.0,2.0,22.0,11.116,,,0.0833,0.9167,,True,completed
175861_428_0,pkw,26165.0,26192.0,27.0,,201.958,6.0,6.0,21.0,15.346,,,0.2222,0.7778,,True,completed
172508_426_0,pkw,26167.0,26193.0,26.0,,193.646,3.0,3.0,23.0,14.325,,,0.1154,0.8846,,True,completed
120336_405_0,pkw,26173.0,26194.0,21.0,,178.493,0.0,0.0,21.0,6.157,,,0.0,1.0,,True,completed
150909_418_0,pkw,26175.0,26195.0,20.0,,170.671,0.0,0.0,20.0,9.14,,,0.0,1.0,,True,completed
132991_410_0,pkw,26162.0,26200.0,38.0,,441.517,3.0,3.0,35.0,9.793,,,0.0789,0.9211,,True,completed
144456_416_0,pkw,26164.0,26202.0,38.0,,436.904,0.0,0.0,38.0,2.29,,,0.0,1.0,,True,completed
186295_432_0,pkw,26168.0,26203.0,35.0,,460.846,0.0,0.0,35.0,7.277,,,0.0,1.0,,True,completed
209386_441_0,pkw,26169.0,26203.0,34.0,,429.23,0.0,0.0,34.0,2.392,,,0.0,1.0,,True,completed
174836_427_0,pkw,26173.0,26204.0,31.0,,435.066,0.0,0.0,31.0,1.1,,,0.0,1.0,,True,completed
185000_431_0,pkw,26186.0,26210.0,24.0,,171.589,9.0,10.0,14.0,14.637,,,0.4167,0.5833,,True,completed
196852_436_0,pkw,26186.0,26211.0,25.0,,198.219,6.0,6.0,19.0,12.688,,,0.24,0.76,,True,completed
121160_405_0,pkw,26192.0,26213.0,21.0,,175.545,0.0,1.0,20.0,8.301,,,0.0476,0.9524,,True,completed
137750_412_0,pkw,26196.0,26213.0,17.0,,201.188,0.0,1.0,16.0,5.443,,,0.0588,0.9412,,True,completed
137942_412_0,pkw,26199.0,26213.0,14.0,,186.682,0.0,0.0,14.0,3.633,,,0.0,1.0,,True,completed
119795_405_0,pkw,26205.0,26215.0,10.0,,193.93,0.0,0.0,10.0,0.946,,,0.0,1.0,,True,completed
144203_416_0,pkw,26175.0,26221.0,46.0,,436.251,8.0,8.0,38.0,13.823,,,0.1739,0.8261,,True,completed
194750_436_0,pkw,26171.0,26221.0,50.0,,431.526,8.0,8.0,42.0,13.535,,,0.16,0.84,,True,completed
201408_438_0,pkw,26190.0,26222.0,32.0,,423.084,0.0,0.0,32.0,2.731,,,0.0,1.0,,True,completed
75906_386_0,pkw,26187.0,26227.0,40.0,,499.027,0.0,0.0,40.0,4.656,,,0.0,1.0,,True,completed
130863_409_0,pkw,26217.0,26229.0,12.0,,191.039,0.0,0.0,12.0,0.413,,,0.0,1.0,,True,completed
138028_412_0,pkw,26211.0,26231.0,20.0,,196.194,1.0,1.0,19.0,9.763,,,0.05,0.95,,True,completed
151977_419_0,pkw,26220.0,26231.0,11.0,,199.039,0.0,0.0,11.0,0.949,,,0.0,1.0,,True,completed
115245_403_0,pkw,26220.0,26232.0,12.0,,183.321,0.0,0.0,12.0,0.68,,,0.0,1.0,,True,completed
138869_413_0,pkw,26222.0,26232.0,10.0,,186.669,0.0,0.0,10.0,0.589,,,0.0,1.0,,True,completed
140506_414_0,pkw,26214.0,26233.0,19.0,,198.244,0.0,0.0,19.0,7.119,,,0.0,1.0,,True,completed
106576_399_0,pkw,26225.0,26234.0,9.0,,177.419,0.0,0.0,9.0,0.196,,,0.0,1.0,,True,completed
155346_420_0,pkw,26215.0,26234.0,19.0,,186.94,0.0,0.0,19.0,7.286,,,0.0,1.0,,True,completed
160045_421_0,pkw,26224.0,26235.0,11.0,,202.707,0.0,0.0,11.0,0.302,,,0.0,1.0,,True,completed
125309_406_0,pkw,26218.0,26236.0,18.0,,199.863,0.0,0.0,18.0,7.144,,,0.0,1.0,,True,completed
78744_387_0,pkw,26223.0,26236.0,13.0,,197.477,0.0,0.0,13.0,0.467,,,0.0,1.0,,True,completed
132053_410_0,pkw,26220.0,26237.0,17.0,,189.769,0.0,0.0,17.0,5.944,,,0.0,1.0,,True,completed
120918_405_0,pkw,26222.0,26239.0,17.0,,197.369,0.0,0.0,17.0,4.749,,,0.0,1.0,,True,completed
158704_421_0,pkw,26230.0,26240.0,10.0,,178.755,0.0,0.0,10.0,0.191,,,0.0,1.0,,True,completed
113977_402_0,pkw,26224.0,26241.0,17.0,,200.592,0.0,0.0,17.0,3.977,,,0.0,1.0,,True,completed
161366_421_0,pkw,26230.0,26242.0,12.0,,192.906,0.0,0.0,12.0,1.709,,,0.0,1.0,,True,completed
66799_380_0,pkw,26226.0,26242.0,16.0,,191.714,0.0,0.0,16.0,5.473,,,0.0,1.0,,True,completed
157524_421_0,pkw,26228.0,26244.0,16.0,,200.152,0.0,0.0,16.0,4.177,,,0.0,1.0,,True,completed
164859_422_0,pkw,26233.0,26245.0,12.0,,199.898,0.0,0.0,12.0,0.373,,,0.0,1.0,,True,completed
179847_430_0,pkw,26226.0,26245.0,19.0,,177.735,2.0,2.0,17.0,8.988,,,0.1053,0.8947,,True,completed
140904_414_0,pkw,26231.0,26246.0,15.0,,197.708,0.0,0.0,15.0,1.5,,,0.0,1.0,,True,completed
159876_421_0,pkw,26237.0,26248.0,11.0,,184.0,0.0,0.0,11.0,1.118,,,0.0,1.0,,True,completed
174068_427_0,pkw,26237.0,26248.0,11.0,,188.338,0.0,0.0,11.0,0.325,,,0.0,1.0,,True,completed
174976_428_0,pkw,26240.0,26251.0,11.0,,188.58,0.0,0.0,11.0,0.908,,,0.0,1.0,,True,completed
160613_421_0,pkw,26227.0,26252.0,25.0,,171.756,4.0,4.0,21.0,12.144,,,0.16,0.84,,True,completed
152190_419_0,pkw,26234.0,26254.0,20.0,,175.72,0.0,0.0,20.0,9.04,,,0.0,1.0,,True,completed
134487_411_0,pkw,26237.0,26256.0,19.0,,171.433,0.0,0.0,19.0,8.026,,,0.0,1.0,,True,completed
158001_421_0,pkw,26239.0,26258.0,19.0,,176.195,0.0,0.0,19.0,7.597,,,0.0,1.0,,True,completed
131968_410_0,pkw,26207.0,26260.0,53.0,,435.348,14.0,14.0,39.0,23.106,,,0.2642,0.7358,,True,completed
195072_436_0,pkw,26219.0,26262.0,43.0,,433.495,5.0,5.0,38.0,12.305,,,0.1163,0.8837,,True,completed
84251_390_0,pkw,26219.0,26262.0,43.0,,428.869,4.0,4.0,39.0,12.745,,,0.093,0.907,,True,completed
117166_404_0,pkw,26221.0,26264.0,43.0,,435.46,2.0,2.0,41.0,13.983,,,0.0465,0.9535,,True,completed
141693_415_0,pkw,26222.0,26266.0,44.0,,446.766,0.0,0.0,44.0,2.776,,,0.0,1.0,,True,completed
148073_417_0,pkw,26256.0,26269.0,13.0,,200.546,0.0,0.0,13.0,1.228,,,0.0,1.0,,True,completed
182242_431_0,pkw,26241.0,26271.0,30.0,,169.117,9.0,9.0,21.0,20.163,,,0.3,0.7,,True,completed
203685_439_0,pkw,26245.0,26272.0,27.0,,156.115,5.0,5.0,22.0,16.104,,,0.1852,0.8148,,True,completed
153702_420_0,pkw,26219.0,26273.0,54.0,,455.069,18.0,18.0,36.0,26.499,,,0.3333,0.6667,,True,completed
168247_425_0,pkw,26250.0,26274.0,24.0,,172.93,1.0,1.0,23.0,12.616,,,0.0417,0.9583,,True,completed
199507_437_0,pkw,26257.0,26274.0,17.0,,200.044,0.0,0.0,17.0,6.119,,,0.0,1.0,,True,completed
194948_436_0,pkw,26238.0,26280.0,42.0,,443.971,5.0,5.0,37.0,13.728,,,0.119,0.881,,True,completed
205411_440_0,pkw,26264.0,26280.0,16.0,,151.216,0.0,0.0,16.0,5.521,,,0.0,1.0,,True,completed
165285_423_0,pkw,26246.0,26282.0,36.0,,440.198,0.0,0.0,36.0,8.279,,,0.0,1.0,,True,completed
195114_436_0,pkw,26248.0,26282.0,34.0,,435.969,0.0,0.0,34.0,2.122,,,0.0,1.0,,True,completed
175859_428_0,pkw,26253.0,26285.0,32.0,,446.319,0.0,0.0,32.0,1.772,,,0.0,1.0,,True,completed
173174_427_0,pkw,26255.0,26289.0,34.0,,431.433,0.0,0.0,34.0,1.514,,,0.0,1.0,,True,completed
176788_429_0,pkw,26259.0,26289.0,30.0,,432.068,0.0,0.0,30.0,1.709,,,0.0,1.0,,True,completed
210154_441_0,pkw,26257.0,26289.0,32.0,,435.295,0.0,0.0,32.0,1.388,,,0.0,1.0,,True,completed
209977_441_0,pkw,26263.0,26292.0,29.0,,424.371,0.0,0.0,29.0,1.321,,,0.0,1.0,,True,completed
88667_391_0,pkw,26260.0,26293.0,33.0,,444.399,0.0,0.0,33.0,2.133,,,0.0,1.0,,True,completed
162342_421_0,pkw,26275.0,26301.0,26.0,,195.742,7.0,7.0,19.0,15.045,,,0.2692,0.7308,,True,completed
169310_425_0,pkw,26271.0,26301.0,30.0,,175.962,10.0,10.0,20.0,18.144,,,0.3333,0.6667,,True,completed
142019_415_0,pkw,26279.0,26303.0,24.0,,198.887,1.0,1.0,23.0,12.963,,,0.0417,0.9583,,True,completed
138350_412_0,pkw,26285.0,26304.0,19.0,,189.049,0.0,0.0,19.0,8.178,,,0.0,1.0,,True,completed
161953_421_0,pkw,26277.0,26304.0,27.0,,202.626,4.0,4.0,23.0,12.719,,,0.1481,0.8519,,True,completed
188437_433_0,pkw,26288.0,26305.0,17.0,,193.593,0.0,0.0,17.0,5.414,,,0.0,1.0,,True,completed
155654_420_0,pkw,26290.0,26307.0,17.0,,202.514,0.0,0.0,17.0,4.107,,,0.0,1.0,,True,completed
152256_419_0,pkw,26295.0,26308.0,13.0,,192.247,0.0,0.0,13.0,2.631,,,0.0,1.0,,True,completed
186005_432_0,pkw,26293.0,26308.0,15.0,,203.371,0.0,0.0,15.0,3.532,,,0.0,1.0,,True,completed
182027_431_0,pkw,26297.0,26310.0,13.0,,199.16,0.0,0.0,13.0,2.328,,,0.0,1.0,,True,completed
168315_425_0,pkw,26299.0,26311.0,12.0,,188.448,0.0,0.0,12.0,1.814,,,0.0,1.0,,True,completed
166403_424_0,pkw,26301.0,26312.0,11.0,,185.089,0.0,0.0,11.0,0.233,,,0.0,1.0,,True,completed
181741_431_0,pkw,26300.0,26313.0,13.0,,188.745,0.0,0.0,13.0,1.028,,,0.0,1.0,,True,completed
173762_427_0,pkw,26296.0,26315.0,19.0,,172.539,0.0,0.0,19.0,7.612,,,0.0,1.0,,True,completed
195063_436_0,pkw,26302.0,26315.0,13.0,,198.865,0.0,0.0,13.0,0.815,,,0.0,1.0,,True,completed
195766_436_0,pkw,26304.0,26316.0,12.0,,193.234,0.0,0.0,12.0,1.081,,,0.0,1.0,,True,completed
89293_391_0,pkw,26298.0,26317.0,19.0,,177.385,0.0,0.0,19.0,7.975,,,0.0,1.0,,True,completed
168278_425_0,pkw,26266.0,26320.0,54.0,,430.159,18.0,18.0,36.0,23.823,,,0.3333,0.6667,,True,completed
165304_423_0,pkw,26264.0,26321.0,57.0,,436.717,13.0,13.0,44.0,19.525,,,0.2281,0.7719,,True,completed
170962_426_0,pkw,26272.0,26323.0,51.0,,426.726,5.0,5.0,46.0,12.703,,,0.098,0.902,,True,completed
208014_441_0,pkw,26277.0,26325.0,48.0,,446.175,1.0,1.0,47.0,8.914,,,0.0208,0.9792,,True,completed
209865_441_0,pkw,26280.0,26326.0,46.0,,437.41,0.0,0.0,46.0,11.221,,,0.0,1.0,,True,completed
196636_436_0,pkw,26306.0,26330.0,24.0,,198.039,8.0,9.0,15.0,13.538,,,0.375,0.625,,True,completed
168584_425_0,pkw,26308.0,26331.0,23.0,,192.334,4.0,4.0,19.0,11.401,,,0.1739,0.8261,,True,completed
194383_436_0,pkw,26310.0,26332.0,22.0,,194.212,5.0,5.0,17.0,12.35,,,0.2273,0.7727,,True,completed
99791_396_0,pkw,26319.0,26332.0,13.0,,196.669,0.0,0.0,13.0,0.53,,,0.0,1.0,,True,completed
193929_435_0,pkw,26314.0,26333.0,19.0,,202.655,0.0,0.0,19.0,8.304,,,0.0,1.0,,True,completed
130655_409_0,pkw,26312.0,26336.0,24.0,,203.334,1.0,1.0,23.0,11.882,,,0.0417,0.9583,,True,completed
167177_425_0,pkw,26323.0,26338.0,15.0,,197.29,0.0,0.0,15.0,3.745,,,0.0,1.0,,True,completed
168218_425_0,pkw,26326.0,26339.0,13.0,,176.582,0.0,0.0,13.0,2.721,,,0.0,1.0,,True,completed
184915_431_0,pkw,26328.0,26341.0,13.0,,169.954,0.0,0.0,13.0,1.575,,,0.0,1.0,,True,completed
164124_422_0,pkw,26330.0,26350.0,20.0,,149.023,3.0,3.0,17.0,11.413,,,0.15,0.85,,True,completed
97664_395_0,pkw,26328.0,26352.0,24.0,,193.097,3.0,3.0,21.0,9.64,,,0.125,0.875,,True,completed
118113_405_0,pkw,26332.0,26354.0,22.0,,197.525,1.0,1.0,21.0,7.376,,,0.0455,0.9545,,True,completed
180186_430_0,pkw,26338.0,26354.0,16.0,,185.965,0.0,0.0,16.0,5.145,,,0.0,1.0,,True,completed
196515_436_0,pkw,26342.0,26355.0,13.0,,164.918,0.0,0.0,13.0,3.982,,,0.0,1.0,,True,completed
118404_405_0,pkw,26322.0,26359.0,37.0,,460.208,0.0,0.0,37.0,3.506,,,0.0,1.0,,True,completed
155659_420_0,pkw,26318.0,26360.0,42.0,,430.018,0.0,0.0,42.0,4.846,,,0.0,1.0,,True,completed
198014_436_0,pkw,26296.0,26361.0,65.0,,453.773,22.0,23.0,42.0,31.407,,,0.3538,0.6462,,True,completed
156933_421_0,pkw,26327.0,26363.0,36.0,,433.028,0.0,0.0,36.0,6.521,,,0.0,1.0,,True,completed
198956_436_0,pkw,26299.0,26363.0,64.0,,461.295,21.0,21.0,43.0,37.368,,,0.3281,0.6719,,True,completed
78694_387_0,pkw,26336.0,26375.0,39.0,,460.314,0.0,0.0,39.0,3.348,,,0.0,1.0,,True,completed
187305_433_0,pkw,26331.0,26376.0,45.0,,439.638,0.0,0.0,45.0,3.058,,,0.0,1.0,,True,completed
206972_441_0,pkw,26334.0,26376.0,42.0,,447.537,2.0,2.0,40.0,11.753,,,0.0476,0.9524,,True,completed
152154_419_0,pkw,26337.0,26378.0,41.0,,435.281,0.0,0.0,41.0,5.993,,,0.0,1.0,,True,completed
157880_421_0,pkw,26347.0,26381.0,34.0,,438.64,0.0,0.0,34.0,2.122,,,0.0,1.0,,True,completed
146877_416_0,pkw,26349.0,26383.0,34.0,,441.278,0.0,0.0,34.0,2.317,,,0.0,1.0,,True,completed
115471_403_0,pkw,26351.0,26384.0,33.0,,432.337,0.0,0.0,33.0,3.878,,,0.0,1.0,,True,completed
97909_395_0,pkw,26361.0,26390.0,29.0,,436.502,0.0,0.0,29.0,1.214,,,0.0,1.0,,True,completed
182895_431_0,pkw,26378.0,26392.0,14.0,,168.701,0.0,0.0,14.0,4.808,,,0.0,1.0,,True,completed
161985_421_0,pkw,26381.0,26394.0,13.0,,160.556,0.0,0.0,13.0,1.708,,,0.0,1.0,,True,completed
98702_395_0,pkw,26384.0,26395.0,11.0,,141.102,0.0,0.0,11.0,0.812,,,0.0,1.0,,True,completed
169701_426_0,pkw,26385.0,26398.0,13.0,,194.818,0.0,0.0,13.0,2.344,,,0.0,1.0,,True,completed
107161_400_0,pkw,26371.0,26400.0,29.0,,185.853,12.0,12.0,17.0,17.823,,,0.4138,0.5862,,True,completed
160151_421_0,pkw,26390.0,26401.0,11.0,,193.911,0.0,0.0,11.0,0.417,,,0.0,1.0,,True,completed
165758_423_0,pkw,26389.0,26401.0,12.0,,199.597,0.0,0.0,12.0,0.59,,,0.0,1.0,,True,completed
185401_432_0,pkw,26368.0,26405.0,37.0,,430.584,0.0,0.0,37.0,2.242,,,0.0,1.0,,True,completed
191059_435_0,pkw,26363.0,26410.0,47.0,,435.958,8.0,8.0,39.0,15.039,,,0.1702,0.8298,,True,completed
207870_441_0,pkw,26384.0,26412.0,28.0,,431.542,0.0,0.0,28.0,1.077,,,0.0,1.0,,True,completed
94386_393_0,pkw,26380.0,26413.0,33.0,,436.494,0.0,0.0,33.0,1.678,,,0.0,1.0,,True,completed
145141_416_0,pkw,26382.0,26414.0,32.0,,426.842,0.0,0.0,32.0,5.392,,,0.0,1.0,,True,completed
82166_389_0,pkw,26385.0,26414.0,29.0,,425.625,0.0,0.0,29.0,1.428,,,0.0,1.0,,True,completed
181532_431_0,pkw,26390.0,26420.0,30.0,,154.834,9.0,9.0,21.0,18.374,,,0.3,0.7,,True,completed
172772_426_0,pkw,26409.0,26422.0,13.0,,158.791,0.0,0.0,13.0,1.915,,,0.0,1.0,,True,completed
158141_421_0,pkw,26395.0,26432.0,37.0,,435.077,0.0,0.0,37.0,2.425,,,0.0,1.0,,True,completed
178553_430_0,pkw,26397.0,26434.0,37.0,,443.889,0.0,0.0,37.0,4.949,,,0.0,1.0,,True,completed
142215_415_0,pkw,26399.0,26435.0,36.0,,434.758,0.0,0.0,36.0,4.292,,,0.0,1.0,,True,completed
53404_371_0,pkw,26401.0,26435.0,34.0,,430.288,0.0,0.0,34.0,1.544,,,0.0,1.0,,True,completed
191859_435_0,pkw,26416.0,26440.0,24.0,,185.463,7.0,7.0,17.0,14.444,,,0.2917,0.7083,,True,completed
173046_427_0,pkw,26405.0,26441.0,36.0,,193.217,18.0,18.0,18.0,26.011,,,0.5,0.5,,True,completed
116224_404_0,pkw,26425.0,26443.0,18.0,,203.153,0.0,1.0,17.0,6.64,,,0.0556,0.9444,,True,completed
145696_416_0,pkw,26428.0,26444.0,16.0,,192.103,0.0,0.0,16.0,4.635,,,0.0,1.0,,True,completed
185227_432_0,pkw,26434.0,26446.0,12.0,,190.889,0.0,0.0,12.0,1.652,,,0.0,1.0,,True,completed
156189_420_0,pkw,26429.0,26449.0,20.0,,188.643,0.0,1.0,19.0,10.002,,,0.05,0.95,,True,completed
169383_426_0,pkw,26435.0,26449.0,14.0,,197.62,0.0,0.0,14.0,2.381,,,0.0,1.0,,True,completed
92274_392_0,pkw,26436.0,26449.0,13.0,,196.673,0.0,0.0,13.0,0.911,,,0.0,1.0,,True,completed
179055_430_0,pkw,26437.0,26450.0,13.0,,189.114,0.0,0.0,13.0,2.636,,,0.0,1.0,,True,completed
149975_417_0,pkw,26435.0,26451.0,16.0,,197.114,0.0,0.0,16.0,5.831,,,0.0,1.0,,True,completed
157367_421_0,pkw,26438.0,26452.0,14.0,,199.353,0.0,0.0,14.0,4.235,,,0.0,1.0,,True,completed
83577_390_0,pkw,26440.0,26453.0,13.0,,190.814,0.0,0.0,13.0,3.229,,,0.0,1.0,,True,completed
123979_406_0,pkw,26442.0,26454.0,12.0,,181.998,0.0,0.0,12.0,3.651,,,0.0,1.0,,True,completed
164320_422_0,pkw,26441.0,26454.0,13.0,,197.347,0.0,0.0,13.0,0.54,,,0.0,1.0,,True,completed
173015_426_0,pkw,26433.0,26456.0,23.0,,170.71,4.0,4.0,19.0,12.568,,,0.1739,0.8261,,True,completed
165876_424_0,pkw,26437.0,26459.0,22.0,,176.236,1.0,1.0,21.0,11.457,,,0.0455,0.9545,,True,completed
131058_409_0,pkw,26438.0,26460.0,22.0,,146.457,5.0,5.0,17.0,11.681,,,0.2273,0.7727,,True,completed
118434_405_0,pkw,26439.0,26461.0,22.0,,171.347,0.0,0.0,22.0,9.741,,,0.0,1.0,,True,completed
178534_430_0,pkw,26416.0,26461.0,45.0,,446.292,2.0,2.0,43.0,9.617,,,0.0444,0.9556,,True,completed
130643_409_0,pkw,26440.0,26462.0,22.0,,147.849,4.0,4.0,18.0,11.416,,,0.1818,0.8182,,True,completed
185869_432_0,pkw,26422.0,26462.0,40.0,,432.682,0.0,0.0,40.0,7.881,,,0.0,1.0,,True,completed
97861_395_0,pkw,26425.0,26464.0,39.0,,436.129,0.0,0.0,39.0,3.882,,,0.0,1.0,,True,completed
104234_397_0,pkw,26427.0,26465.0,38.0,,462.86,1.0,1.0,37.0,9.299,,,0.0263,0.9737,,True,completed
171071_426_0,pkw,26430.0,26465.0,35.0,,427.359,0.0,0.0,35.0,2.624,,,0.0,1.0,,True,completed
200602_437_0,pkw,26432.0,26469.0,37.0,,457.533,0.0,0.0,37.0,5.203,,,0.0,1.0,,True,completed
167945_425_0,pkw,26444.0,26472.0,28.0,,195.431,10.0,11.0,17.0,18.645,,,0.3929,0.6071,,True,completed
174028_427_0,pkw,26430.0,26472.0,42.0,,164.601,19.0,19.0,23.0,30.481,,,0.4524,0.5476,,True,completed
186289_432_0,pkw,26442.0,26472.0,30.0,,177.981,4.0,4.0,26.0,19.218,,,0.1333,0.8667,,True,completed
159102_421_0,pkw,26446.0,26474.0,28.0,,200.211,9.0,9.0,19.0,16.531,,,0.3214,0.6786,,True,completed
177207_429_0,pkw,26441.0,26474.0,33.0,,193.314,6.0,6.0,27.0,22.115,,,0.1818,0.8182,,True,completed
168011_425_0,pkw,26445.0,26475.0,30.0,,166.143,2.0,2.0,28.0,19.905,,,0.0667,0.9333,,True,completed
201635_438_0,pkw,26449.0,26475.0,26.0,,187.766,3.0,3.0,23.0,15.782,,,0.1154,0.8846,,True,completed
115123_403_0,pkw,26444.0,26476.0,32.0,,202.426,4.0,4.0,28.0,20.436,,,0.125,0.875,,True,completed
158192_421_0,pkw,26451.0,26477.0,26.0,,168.638,2.0,2.0,24.0,15.611,,,0.0769,0.9231,,True,completed
83716_390_0,pkw,26455.0,26477.0,22.0,,198.974,0.0,1.0,21.0,11.912,,,0.0455,0.9545,,True,completed
194747_436_0,pkw,26442.0,26481.0,39.0,,442.034,0.0,0.0,39.0,7.612,,,0.0,1.0,,True,completed
137478_412_0,pkw,26426.0,26482.0,56.0,,460.391,15.0,15.0,41.0,22.149,,,0.2679,0.7321,,True,completed
68057_381_0,pkw,26434.0,26482.0,48.0,,459.273,0.0,0.0,48.0,4.795,,,0.0,1.0,,True,completed
211311_442_0,pkw,26444.0,26483.0,39.0,,444.782,0.0,0.0,39.0,11.246,,,0.0,1.0,,True,completed
197106_436_0,pkw,26449.0,26485.0,36.0,,432.975,0.0,0.0,36.0,1.715,,,0.0,1.0,,True,completed
186423_432_0,pkw,26475.0,26488.0,13.0,,188.845,0.0,0.0,13.0,1.858,,,0.0,1.0,,True,completed
169788_426_0,pkw,26476.0,26489.0,13.0,,196.538,0.0,0.0,13.0,1.506,,,0.0,1.0,,True,completed
186205_432_0,pkw,26481.0,26491.0,10.0,,184.293,0.0,0.0,10.0,0.356,,,0.0,1.0,,True,completed
163326_422_0,pkw,26479.0,26493.0,14.0,,199.711,0.0,0.0,14.0,0.57,,,0.0,1.0,,True,completed
180573_430_0,pkw,26453.0,26495.0,42.0,,188.397,9.0,9.0,33.0,31.837,,,0.2143,0.7857,,True,completed
177265_429_0,pkw,26461.0,26497.0,36.0,,187.968,7.0,7.0,29.0,27.012,,,0.1944,0.8056,,True,completed
173602_427_0,pkw,26470.0,26508.0,38.0,,445.581,0.0,0.0,38.0,2.68,,,0.0,1.0,,True,completed
155212_420_0,pkw,26474.0,26511.0,37.0,,436.503,0.0,0.0,37.0,4.644,,,0.0,1.0,,True,completed
179115_430_0,pkw,26472.0,26512.0,40.0,,437.083,0.0,0.0,40.0,1.879,,,0.0,1.0,,True,completed
204221_440_0,pkw,26476.0,26513.0,37.0,,445.729,0.0,0.0,37.0,7.688,,,0.0,1.0,,True,completed
144043_416_0,pkw,26478.0,26514.0,36.0,,436.561,0.0,0.0,36.0,6.984,,,0.0,1.0,,True,completed
172041_426_0,pkw,26475.0,26514.0,39.0,,463.475,1.0,1.0,38.0,8.606,,,0.0256,0.9744,,True,completed
94331_393_0,pkw,26492.0,26521.0,29.0,,436.977,0.0,0.0,29.0,1.21,,,0.0,1.0,,True,completed
195823_436_0,pkw,26482.0,26522.0,40.0,,434.91,0.0,0.0,40.0,1.972,,,0.0,1.0,,True,completed
181090_431_0,pkw,26491.0,26523.0,32.0,,438.957,0.0,0.0,32.0,1.79,,,0.0,1.0,,True,completed
104840_398_0,pkw,26497.0,26529.0,32.0,,426.361,0.0,0.0,32.0,1.242,,,0.0,1.0,,True,completed
40062_360_0,pkw,26493.0,26529.0,36.0,,446.52,0.0,0.0,36.0,2.075,,,0.0,1.0,,True,completed
164467_422_0,pkw,26495.0,26530.0,35.0,,438.216,0.0,0.0,35.0,2.758,,,0.0,1.0,,True,completed
115512_403_0,pkw,26497.0,26532.0,35.0,,445.572,0.0,0.0,35.0,2.499,,,0.0,1.0,,True,completed
146478_416_0,pkw,26505.0,26538.0,33.0,,441.268,0.0,0.0,33.0,2.138,,,0.0,1.0,,True,completed
198106_436_0,pkw,26529.0,26542.0,13.0,,162.075,0.0,0.0,13.0,2.268,,,0.0,1.0,,True,completed
119139_405_0,pkw,26483.0,26543.0,60.0,,703.192,0.0,0.0,60.0,5.36,,,0.0,1.0,,True,completed
74484_385_0,pkw,26511.0,26543.0,32.0,,441.045,0.0,0.0,32.0,2.087,,,0.0,1.0,,True,completed
131090_409_0,pkw,26516.0,26545.0,29.0,,430.977,0.0,0.0,29.0,1.143,,,0.0,1.0,,True,completed
139036_413_0,pkw,26534.0,26548.0,14.0,,190.593,0.0,0.0,14.0,3.459,,,0.0,1.0,,True,completed
186999_432_0,pkw,26537.0,26550.0,13.0,,198.192,0.0,0.0,13.0,1.859,,,0.0,1.0,,True,completed
184714_431_0,pkw,26538.0,26551.0,13.0,,188.688,0.0,0.0,13.0,3.445,,,0.0,1.0,,True,completed
161516_421_0,pkw,26481.0,26552.0,71.0,,190.491,49.0,51.0,20.0,59.943,,,0.7183,0.2817,,True,completed
191303_435_0,pkw,26523.0,26552.0,29.0,,431.522,0.0,0.0,29.0,1.174,,,0.0,1.0,,True,completed
172220_426_0,pkw,26484.0,26553.0,69.0,,174.703,48.0,48.0,21.0,57.711,,,0.6957,0.3043,,True,completed
196360_436_0,pkw,26540.0,26553.0,13.0,,199.737,0.0,0.0,13.0,2.412,,,0.0,1.0,,True,completed
166993_424_0,pkw,26535.0,26556.0,21.0,,174.678,0.0,1.0,20.0,5.676,,,0.0476,0.9524,,True,completed
74794_385_0,pkw,26517.0,26557.0,40.0,,189.239,18.0,18.0,22.0,28.465,,,0.45,0.55,,True,completed
153330_420_0,pkw,26523.0,26559.0,36.0,,433.163,0.0,0.0,36.0,1.778,,,0.0,1.0,,True,completed
203991_439_0,pkw,26515.0,26560.0,45.0,,439.643,1.0,1.0,44.0,8.925,,,0.0222,0.9778,,True,completed
155067_420_0,pkw,26524.0,26562.0,38.0,,445.453,0.0,0.0,38.0,11.156,,,0.0,1.0,,True,completed
192872_435_0,pkw,26530.0,26563.0,33.0,,437.201,0.0,0.0,33.0,3.087,,,0.0,1.0,,True,completed
151154_418_0,pkw,26540.0,26567.0,27.0,,201.111,5.0,5.0,22.0,16.933,,,0.1852,0.8148,,True,completed
190104_434_0,pkw,26523.0,26568.0,45.0,,454.704,2.0,2.0,43.0,13.161,,,0.0444,0.9556,,True,completed
143401_415_0,pkw,26532.0,26569.0,37.0,,446.488,0.0,0.0,37.0,2.396,,,0.0,1.0,,True,completed
120913_405_0,pkw,26534.0,26570.0,36.0,,437.802,0.0,0.0,36.0,3.97,,,0.0,1.0,,True,completed
178950_430_0,pkw,26527.0,26571.0,44.0,,431.244,0.0,0.0,44.0,2.527,,,0.0,1.0,,True,completed
61393_376_0,pkw,26537.0,26571.0,34.0,,428.8,0.0,0.0,34.0,5.325,,,0.0,1.0,,True,completed
98108_395_0,pkw,26542.0,26575.0,33.0,,438.204,0.0,0.0,33.0,1.667,,,0.0,1.0,,True,completed
159128_421_0,pkw,26544.0,26576.0,32.0,,444.309,0.0,0.0,32.0,2.102,,,0.0,1.0,,True,completed
123108_406_0,pkw,26565.0,26578.0,13.0,,192.128,0.0,0.0,13.0,2.518,,,0.0,1.0,,True,completed
176845_429_0,pkw,26567.0,26579.0,12.0,,200.619,0.0,0.0,12.0,0.495,,,0.0,1.0,,True,completed
206714_440_0,pkw,26540.0,26581.0,41.0,,428.417,4.0,4.0,37.0,11.69,,,0.0976,0.9024,,True,completed
130204_409_0,pkw,26571.0,26582.0,11.0,,182.983,0.0,0.0,11.0,0.284,,,0.0,1.0,,True,completed
155883_420_0,pkw,26572.0,26585.0,13.0,,190.29,0.0,0.0,13.0,0.483,,,0.0,1.0,,True,completed
181870_431_0,pkw,26573.0,26585.0,12.0,,185.034,0.0,0.0,12.0,0.369,,,0.0,1.0,,True,completed
196109_436_0,pkw,26569.0,26587.0,18.0,,198.382,0.0,1.0,17.0,4.254,,,0.0556,0.9444,,True,completed
95554_394_0,pkw,26544.0,26591.0,47.0,,444.002,9.0,10.0,37.0,15.434,,,0.2128,0.7872,,True,completed
172308_426_0,pkw,26546.0,26593.0,47.0,,445.369,5.0,5.0,42.0,12.462,,,0.1064,0.8936,,True,completed
119240_405_0,pkw,26548.0,26594.0,46.0,,435.551,3.0,3.0,43.0,19.606,,,0.0652,0.9348,,True,completed
202009_438_0,pkw,26558.0,26596.0,38.0,,446.463,2.0,2.0,36.0,13.103,,,0.0526,0.9474,,True,completed
155263_420_0,pkw,26560.0,26597.0,37.0,,438.456,0.0,0.0,37.0,7.887,,,0.0,1.0,,True,completed
185990_432_0,pkw,26586.0,26599.0,13.0,,193.671,0.0,0.0,13.0,2.185,,,0.0,1.0,,True,completed
192379_435_0,pkw,26587.0,26601.0,14.0,,184.067,0.0,0.0,14.0,0.561,,,0.0,1.0,,True,completed
148973_417_0,pkw,26579.0,26602.0,23.0,,193.775,3.0,3.0,20.0,12.909,,,0.1304,0.8696,,True,completed
194226_436_0,pkw,26583.0,26602.0,19.0,,190.386,0.0,0.0,19.0,7.765,,,0.0,1.0,,True,completed
154448_420_0,pkw,26578.0,26603.0,25.0,,197.934,4.0,4.0,21.0,12.849,,,0.16,0.84,,True,completed
171964_426_0,pkw,26547.0,26604.0,57.0,,442.842,14.0,14.0,43.0,21.612,,,0.2456,0.7544,,True,completed
126929_407_0,pkw,26562.0,26605.0,43.0,,464.549,0.0,0.0,43.0,8.53,,,0.0,1.0,,True,completed
139710_413_0,pkw,26590.0,26606.0,16.0,,168.891,0.0,0.0,16.0,5.213,,,0.0,1.0,,True,completed
143358_415_0,pkw,26575.0,26606.0,31.0,,454.68,0.0,0.0,31.0,3.418,,,0.0,1.0,,True,completed
169233_425_0,pkw,26586.0,26610.0,24.0,,140.257,9.0,10.0,14.0,14.238,,,0.4167,0.5833,,True,completed
163242_422_0,pkw,26562.0,26611.0,49.0,,439.535,6.0,6.0,43.0,20.698,,,0.1224,0.8776,,True,completed
120811_405_0,pkw,26589.0,26612.0,23.0,,146.622,7.0,7.0,16.0,14.688,,,0.3043,0.6957,,True,completed
168981_425_0,pkw,26570.0,26612.0,42.0,,430.649,5.0,5.0,37.0,14.463,,,0.119,0.881,,True,completed
206443_440_0,pkw,26580.0,26613.0,33.0,,435.329,0.0,0.0,33.0,1.533,,,0.0,1.0,,True,completed
159997_421_0,pkw,26572.0,26614.0,42.0,,438.164,3.0,3.0,39.0,14.51,,,0.0714,0.9286,,True,completed
202246_438_0,pkw,26600.0,26615.0,15.0,,159.29,0.0,0.0,15.0,3.578,,,0.0,1.0,,True,completed
153114_420_0,pkw,26575.0,26616.0,41.0,,439.526,0.0,0.0,41.0,3.008,,,0.0,1.0,,True,completed
172886_426_0,pkw,26577.0,26617.0,40.0,,431.963,0.0,0.0,40.0,14.887,,,0.0,1.0,,True,completed
218594_446_0,pkw,26612.0,26617.0,5.0,,80.809,0.0,0.0,5.0,0.106,,,0.0,1.0,,True,completed
155483_420_0,pkw,26568.0,26618.0,50.0,,458.444,9.0,9.0,41.0,21.382,,,0.18,0.82,,True,completed
109546_401_0,pkw,26574.0,26620.0,46.0,,456.81,2.0,2.0,44.0,19.106,,,0.0435,0.9565,,True,completed
175306_428_0,pkw,26584.0,26620.0,36.0,,402.346,0.0,0.0,36.0,10.567,,,0.0,1.0,,True,completed
172669_426_0,pkw,26593.0,26621.0,28.0,,195.765,7.0,7.0,21.0,17.095,,,0.25,0.75,,True,completed
201047_437_0,pkw,26599.0,26621.0,22.0,,189.053,3.0,3.0,19.0,10.23,,,0.1364,0.8636,,True,completed
153284_420_0,pkw,26576.0,26623.0,47.0,,451.941,6.0,6.0,41.0,13.1,,,0.1277,0.8723,,True,completed
159252_421_0,pkw,26601.0,26623.0,22.0,,193.931,1.0,1.0,21.0,10.846,,,0.0455,0.9545,,True,completed
157327_421_0,pkw,26599.0,26625.0,26.0,,201.758,4.0,4.0,22.0,13.482,,,0.1538,0.8462,,True,completed
172588_426_0,pkw,26605.0,26626.0,21.0,,194.035,0.0,0.0,21.0,9.97,,,0.0,1.0,,True,completed
202023_438_0,pkw,26603.0,26626.0,23.0,,175.402,0.0,0.0,23.0,12.344,,,0.0,1.0,,True,completed
177075_429_0,pkw,26602.0,26627.0,25.0,,202.417,3.0,3.0,22.0,11.657,,,0.12,0.88,,True,completed
116773_404_0,pkw,26576.0,26628.0,52.0,,458.716,7.0,7.0,45.0,18.031,,,0.1346,0.8654,,True,completed
154418_420_0,pkw,26609.0,26628.0,19.0,,202.316,0.0,0.0,19.0,8.174,,,0.0,1.0,,True,completed
199461_437_0,pkw,26609.0,26628.0,19.0,,194.135,0.0,0.0,19.0,7.939,,,0.0,1.0,,True,completed
114840_403_0,pkw,26578.0,26629.0,51.0,,457.561,9.0,9.0,42.0,22.235,,,0.1765,0.8235,,True,completed
180862_431_0,pkw,26614.0,26629.0,15.0,,186.836,0.0,0.0,15.0,4.735,,,0.0,1.0,,True,completed
141719_415_0,pkw,26616.0,26631.0,15.0,,196.94,0.0,0.0,15.0,3.905,,,0.0,1.0,,True,completed
144022_416_0,pkw,26580.0,26631.0,51.0,,465.888,6.0,6.0,45.0,24.449,,,0.1176,0.8824,,True,completed
178981_430_0,pkw,26618.0,26631.0,13.0,,202.956,0.0,0.0,13.0,2.064,,,0.0,1.0,,True,completed
199832_437_0,pkw,26612.0,26631.0,19.0,,187.396,0.0,0.0,19.0,6.786,,,0.0,1.0,,True,completed
126538_407_0,pkw,26620.0,26632.0,12.0,,193.57,0.0,0.0,12.0,1.968,,,0.0,1.0,,True,completed
137018_412_0,pkw,26618.0,26633.0,15.0,,200.669,0.0,0.0,15.0,2.332,,,0.0,1.0,,True,completed
168129_425_0,pkw,26620.0,26634.0,14.0,,191.747,0.0,0.0,14.0,2.565,,,0.0,1.0,,True,completed
154330_420_0,pkw,26622.0,26636.0,14.0,,202.847,0.0,0.0,14.0,3.253,,,0.0,1.0,,True,completed
135176_411_0,pkw,26587.0,26640.0,53.0,,434.792,13.0,13.0,40.0,22.136,,,0.2453,0.7547,,True,completed
179661_430_0,pkw,26596.0,26640.0,44.0,,439.492,6.0,6.0,38.0,15.796,,,0.1364,0.8636,,True,completed
178506_430_0,pkw,26581.0,26641.0,60.0,,186.916,26.0,26.0,34.0,47.745,,,0.4333,0.5667,,True,completed
122646_406_0,pkw,26589.0,26642.0,53.0,,432.567,13.0,13.0,40.0,24.304,,,0.2453,0.7547,,True,completed
102516_396_0,pkw,26599.0,26643.0,44.0,,180.868,19.0,19.0,25.0,33.254,,,0.4318,0.5682,,True,completed
126395_407_0,pkw,26603.0,26644.0,41.0,,438.166,2.0,2.0,39.0,11.373,,,0.0488,0.9512,,True,completed
69734_381_0,pkw,26595.0,26645.0,50.0,,453.776,0.0,0.0,50.0,7.663,,,0.0,1.0,,True,completed
168558_425_0,pkw,26605.0,26646.0,41.0,,444.284,0.0,0.0,41.0,7.341,,,0.0,1.0,,True,completed
198317_436_0,pkw,26600.0,26646.0,46.0,,400.274,4.0,4.0,42.0,14.948,,,0.087,0.913,,True,completed
181412_431_0,pkw,26610.0,26647.0,37.0,,435.538,0.0,0.0,37.0,4.282,,,0.0,1.0,,True,completed
190451_434_0,pkw,26618.0,26654.0,36.0,,431.786,0.0,0.0,36.0,2.063,,,0.0,1.0,,True,completed
145383_416_0,pkw,26623.0,26656.0,33.0,,427.64,0.0,0.0,33.0,1.783,,,0.0,1.0,,True,completed
85301_390_0,pkw,26583.0,26661.0,78.0,,467.0,25.0,25.0,53.0,46.131,,,0.3205,0.6795,,True,completed
181130_431_0,pkw,26593.0,26669.0,76.0,,671.407,12.0,12.0,64.0,23.284,,,0.1579,0.8421,,True,completed
214993_445_0,pkw,26631.0,26671.0,40.0,,445.557,0.0,0.0,40.0,12.453,,,0.0,1.0,,True,completed
186090_432_0,pkw,26639.0,26672.0,33.0,,431.753,0.0,0.0,33.0,1.553,,,0.0,1.0,,True,completed
214686_445_0,pkw,26627.0,26672.0,45.0,,431.631,0.0,0.0,45.0,2.715,,,0.0,1.0,,True,completed
71443_383_0,pkw,26633.0,26673.0,40.0,,441.438,0.0,0.0,40.0,4.837,,,0.0,1.0,,True,completed
157683_421_0,pkw,26635.0,26674.0,39.0,,432.929,0.0,0.0,39.0,6.055,,,0.0,1.0,,True,completed
190466_434_0,pkw,26637.0,26676.0,39.0,,441.73,0.0,0.0,39.0,8.329,,,0.0,1.0,,True,completed
137134_412_0,pkw,26647.0,26680.0,33.0,,409.108,0.0,0.0,33.0,6.345,,,0.0,1.0,,True,completed
92127_392_0,pkw,26641.0,26680.0,39.0,,394.016,3.0,3.0,36.0,13.189,,,0.0769,0.9231,,True,completed
194257_436_0,pkw,26624.0,26681.0,57.0,,196.954,39.0,40.0,17.0,44.835,,,0.7018,0.2982,,True,completed
212753_443_0,pkw,26627.0,26681.0,54.0,,192.992,37.0,37.0,17.0,44.459,,,0.6852,0.3148,,True,completed
196735_436_0,pkw,26643.0,26682.0,39.0,,186.998,16.0,17.0,22.0,29.21,,,0.4359,0.5641,,True,completed
202497_438_0,pkw,26646.0,26682.0,36.0,,183.934,15.0,16.0,20.0,26.423,,,0.4444,0.5556,,True,completed
208082_441_0,pkw,26649.0,26684.0,35.0,,191.182,12.0,12.0,23.0,22.983,,,0.3429,0.6571,,True,completed
189897_434_0,pkw,26653.0,26685.0,32.0,,200.221,10.0,10.0,22.0,20.256,,,0.3125,0.6875,,True,completed
147570_416_0,pkw,26662.0,26686.0,24.0,,189.618,1.0,1.0,23.0,13.233,,,0.0417,0.9583,,True,completed
190771_435_0,pkw,26658.0,26686.0,28.0,,196.46,6.0,6.0,22.0,16.653,,,0.2143,0.7857,,True,completed
157491_421_0,pkw,26641.0,26690.0,49.0,,440.852,8.0,8.0,41.0,15.262,,,0.1633,0.8367,,True,completed
199575_437_0,pkw,26649.0,26691.0,42.0,,409.869,1.0,1.0,41.0,13.225,,,0.0238,0.9762,,True,completed
205417_440_0,pkw,26645.0,26691.0,46.0,,434.478,4.0,4.0,42.0,9.897,,,0.087,0.913,,True,completed
206619_440_0,pkw,26643.0,26692.0,49.0,,445.239,7.0,7.0,42.0,14.832,,,0.1429,0.8571,,True,completed
88877_391_0,pkw,26648.0,26693.0,45.0,,435.532,4.0,4.0,41.0,15.509,,,0.0889,0.9111,,True,completed
156877_421_0,pkw,26650.0,26695.0,45.0,,443.463,3.0,3.0,42.0,12.602,,,0.0667,0.9333,,True,completed
184195_431_0,pkw,26661.0,26698.0,37.0,,357.297,3.0,3.0,34.0,12.092,,,0.0811,0.9189,,True,completed
142599_415_0,pkw,26665.0,26701.0,36.0,,189.634,10.0,10.0,26.0,26.328,,,0.2778,0.7222,,True,completed
132886_410_0,pkw,26672.0,26702.0,30.0,,186.889,9.0,9.0,21.0,19.661,,,0.3,0.7,,True,completed
229091_450_0,pkw,26667.0,26702.0,35.0,,399.288,0.0,0.0,35.0,12.516,,,0.0,1.0,,True,completed
201858_438_0,pkw,26693.0,26703.0,10.0,,138.429,0.0,0.0,10.0,0.386,,,0.0,1.0,,True,completed
101049_396_0,pkw,26679.0,26704.0,25.0,,195.995,4.0,4.0,21.0,13.159,,,0.16,0.84,,True,completed
209956_441_0,pkw,26664.0,26708.0,44.0,,391.623,3.0,3.0,41.0,18.181,,,0.0682,0.9318,,True,completed
116252_404_0,pkw,26670.0,26710.0,40.0,,441.534,0.0,1.0,39.0,6.035,,,0.025,0.975,,True,completed
214628_444_0,pkw,26666.0,26710.0,44.0,,432.204,1.0,1.0,43.0,9.424,,,0.0227,0.9773,,True,completed
204162_439_0,pkw,26668.0,26712.0,44.0,,436.838,0.0,0.0,44.0,13.949,,,0.0,1.0,,True,completed
123117_406_0,pkw,26671.0,26714.0,43.0,,444.749,0.0,0.0,43.0,14.818,,,0.0,1.0,,True,completed
155886_420_0,pkw,26673.0,26716.0,43.0,,440.521,0.0,0.0,43.0,12.763,,,0.0,1.0,,True,completed
214401_444_0,pkw,26674.0,26717.0,43.0,,429.56,0.0,0.0,43.0,13.292,,,0.0,1.0,,True,completed
188593_434_0,pkw,26676.0,26719.0,43.0,,440.89,0.0,0.0,43.0,13.016,,,0.0,1.0,,True,completed
99677_396_0,pkw,26674.0,26719.0,45.0,,441.659,4.0,4.0,41.0,15.93,,,0.0889,0.9111,,True,completed
199431_437_0,pkw,26678.0,26720.0,42.0,,431.01,0.0,0.0,42.0,11.118,,,0.0,1.0,,True,completed
162502_422_0,pkw,26681.0,26721.0,40.0,,444.47,3.0,3.0,37.0,12.409,,,0.075,0.925,,True,completed
199704_437_0,pkw,26677.0,26721.0,44.0,,446.849,4.0,4.0,40.0,14.482,,,0.0909,0.9091,,True,completed
110984_401_0,pkw,26680.0,26722.0,42.0,,434.781,0.0,0.0,42.0,12.216,,,0.0,1.0,,True,completed
150684_418_0,pkw,26681.0,26724.0,43.0,,426.771,6.0,6.0,37.0,13.183,,,0.1395,0.8605,,True,completed
170018_426_0,pkw,26682.0,26724.0,42.0,,444.243,0.0,0.0,42.0,11.136,,,0.0,1.0,,True,completed
207244_441_0,pkw,26684.0,26725.0,41.0,,433.563,0.0,0.0,41.0,11.665,,,0.0,1.0,,True,completed
85004_390_0,pkw,26664.0,26725.0,61.0,,457.451,9.0,9.0,52.0,18.039,,,0.1475,0.8525,,True,completed
133105_410_0,pkw,26683.0,26726.0,43.0,,441.713,0.0,0.0,43.0,11.43,,,0.0,1.0,,True,completed
155549_420_0,pkw,26684.0,26726.0,42.0,,431.866,3.0,3.0,39.0,12.845,,,0.0714,0.9286,,True,completed
211811_442_0,pkw,26672.0,26727.0,55.0,,677.268,0.0,0.0,55.0,9.852,,,0.0,1.0,,True,completed
186689_432_0,pkw,26688.0,26728.0,40.0,,447.654,0.0,0.0,40.0,9.598,,,0.0,1.0,,True,completed
208939_441_0,pkw,26686.0,26728.0,42.0,,434.852,3.0,3.0,39.0,10.593,,,0.0714,0.9286,,True,completed
141030_414_0,pkw,26692.0,26731.0,39.0,,195.039,15.0,15.0,24.0,28.655,,,0.3846,0.6154,,True,completed
212161_442_0,pkw,26674.0,26732.0,58.0,,399.968,17.0,17.0,41.0,34.091,,,0.2931,0.7069,,True,completed
136672_411_0,pkw,26708.0,26733.0,25.0,,197.09,4.0,4.0,21.0,13.35,,,0.16,0.84,,True,completed
165167_423_0,pkw,26678.0,26734.0,56.0,,400.528,12.0,12.0,44.0,31.771,,,0.2143,0.7857,,True,completed
206270_440_0,pkw,26690.0,26734.0,44.0,,360.64,3.0,3.0,41.0,13.279,,,0.0682,0.9318,,True,completed
76361_386_0,pkw,26716.0,26734.0,18.0,,186.669,0.0,0.0,18.0,8.21,,,0.0,1.0,,True,completed
169567_426_0,pkw,26701.0,26735.0,34.0,,426.703,0.0,0.0,34.0,1.755,,,0.0,1.0,,True,completed
185866_432_0,pkw,26696.0,26735.0,39.0,,396.031,0.0,0.0,39.0,15.585,,,0.0,1.0,,True,completed
127789_407_0,pkw,26704.0,26736.0,32.0,,392.032,0.0,0.0,32.0,8.155,,,0.0,1.0,,True,completed
173429_427_0,pkw,26706.0,26741.0,35.0,,427.797,0.0,0.0,35.0,1.736,,,0.0,1.0,,True,completed
204094_439_0,pkw,26698.0,26741.0,43.0,,403.478,0.0,0.0,43.0,16.022,,,0.0,1.0,,True,completed
122410_406_0,pkw,26688.0,26743.0,55.0,,437.244,7.0,7.0,48.0,23.035,,,0.1273,0.8727,,True,completed
182832_431_0,pkw,26688.0,26743.0,55.0,,434.06,9.0,9.0,46.0,17.676,,,0.1636,0.8364,,True,completed
195523_436_0,pkw,26690.0,26744.0,54.0,,445.087,7.0,7.0,47.0,21.063,,,0.1296,0.8704,,True,completed
194707_436_0,pkw,26690.0,26745.0,55.0,,437.325,5.0,5.0,50.0,21.827,,,0.0909,0.9091,,True,completed
196643_436_0,pkw,26692.0,26745.0,53.0,,430.386,6.0,6.0,47.0,24.032,,,0.1132,0.8868,,True,completed
211553_442_0,pkw,26693.0,26746.0,53.0,,429.559,4.0,4.0,49.0,27.305,,,0.0755,0.9245,,True,completed
124332_406_0,pkw,26696.0,26747.0,51.0,,422.537,4.0,4.0,47.0,23.01,,,0.0784,0.9216,,True,completed
108941_400_0,pkw,26696.0,26748.0,52.0,,443.784,5.0,5.0,47.0,20.513,,,0.0962,0.9038,,True,completed
151053_418_0,pkw,26690.0,26748.0,58.0,,445.47,18.0,18.0,40.0,30.594,,,0.3103,0.6897,,True,completed
193510_435_0,pkw,26732.0,26751.0,19.0,,199.978,0.0,0.0,19.0,8.22,,,0.0,1.0,,True,completed
155897_420_0,pkw,26735.0,26752.0,17.0,,189.731,0.0,0.0,17.0,7.456,,,0.0,1.0,,True,completed
160692_421_0,pkw,26695.0,26752.0,57.0,,444.628,14.0,14.0,43.0,26.47,,,0.2456,0.7544,,True,completed
183790_431_0,pkw,26676.0,26757.0,81.0,,680.156,16.0,16.0,65.0,36.268,,,0.1975,0.8025,,True,completed
185014_431_0,pkw,26697.0,26757.0,60.0,,443.459,13.0,13.0,47.0,25.585,,,0.2167,0.7833,,True,completed
234991_451_0,pkw,26720.0,26757.0,37.0,,408.972,0.0,0.0,37.0,3.286,,,0.0,1.0,,True,completed
189721_434_0,pkw,26692.0,26759.0,67.0,,674.53,0.0,0.0,67.0,22.104,,,0.0,1.0,,True,completed
123465_406_0,pkw,26699.0,26760.0,61.0,,444.721,13.0,13.0,48.0,24.674,,,0.2131,0.7869,,True,completed
165006_423_0,pkw,26701.0,26760.0,59.0,,404.075,11.0,11.0,48.0,31.668,,,0.1864,0.8136,,True,completed
208367_441_0,pkw,26697.0,26760.0,63.0,,428.593,12.0,12.0,51.0,34.079,,,0.1905,0.8095,,True,completed
103034_397_0,pkw,26694.0,26761.0,67.0,,435.582,12.0,12.0,55.0,32.938,,,0.1791,0.8209,,True,completed
196884_436_0,pkw,26701.0,26761.0,60.0,,445.91,13.0,13.0,47.0,28.221,,,0.2167,0.7833,,True,completed
181512_431_0,pkw,26706.0,26762.0,56.0,,404.853,9.0,9.0,47.0,30.772,,,0.1607,0.8393,,True,completed
182185_431_0,pkw,26707.0,26762.0,55.0,,424.445,8.0,8.0,47.0,24.521,,,0.1455,0.8545,,True,completed
198226_436_0,pkw,26699.0,26762.0,63.0,,432.439,10.0,10.0,53.0,34.789,,,0.1587,0.8413,,True,completed
192573_435_0,pkw,26712.0,26763.0,51.0,,397.126,5.0,5.0,46.0,22.123,,,0.098,0.902,,True,completed
134334_411_0,pkw,26700.0,26764.0,64.0,,437.101,10.0,10.0,54.0,27.12,,,0.1562,0.8438,,True,completed
183279_431_0,pkw,26714.0,26766.0,52.0,,399.88,4.0,4.0,48.0,23.69,,,0.0769,0.9231,,True,completed
208574_441_0,pkw,26707.0,26766.0,59.0,,446.828,8.0,8.0,51.0,26.668,,,0.1356,0.8644,,True,completed
116480_404_0,pkw,26710.0,26767.0,57.0,,428.25,7.0,7.0,50.0,25.477,,,0.1228,0.8772,,True,completed
161240_421_0,pkw,26704.0,26772.0,68.0,,450.11,16.0,16.0,52.0,37.944,,,0.2353,0.7647,,True,completed
182162_431_0,pkw,26712.0,26772.0,60.0,,423.736,6.0,6.0,54.0,30.065,,,0.1,0.9,,True,completed
200836_437_0,pkw,26709.0,26772.0,63.0,,463.192,7.0,7.0,56.0,30.031,,,0.1111,0.8889,,True,completed
155279_420_0,pkw,26745.0,26775.0,30.0,,194.892,11.0,12.0,18.0,18.095,,,0.4,0.6,,True,completed
175971_428_0,pkw,26706.0,26775.0,69.0,,445.813,15.0,15.0,54.0,37.627,,,0.2174,0.7826,,True,completed
196620_436_0,pkw,26702.0,26775.0,73.0,,446.776,16.0,16.0,57.0,37.502,,,0.2192,0.7808,,True,completed
187195_433_0,pkw,26757.0,26777.0,20.0,,193.171,0.0,1.0,19.0,9.799,,,0.05,0.95,,True,completed
190330_434_0,pkw,26710.0,26778.0,68.0,,448.426,15.0,15.0,53.0,34.879,,,0.2206,0.7794,,True,completed
191612_435_0,pkw,26746.0,26778.0,32.0,,438.284,0.0,0.0,32.0,3.253,,,0.0,1.0,,True,completed
164904_423_0,pkw,26725.0,26780.0,55.0,,432.879,9.0,9.0,46.0,22.797,,,0.1636,0.8364,,True,completed
114619_403_0,pkw,26723.0,26781.0,58.0,,408.732,9.0,9.0,49.0,33.467,,,0.1552,0.8448,,True,completed
159356_421_0,pkw,26712.0,26781.0,69.0,,452.554,15.0,15.0,54.0,34.341,,,0.2174,0.7826,,True,completed
166951_424_0,pkw,26726.0,26782.0,56.0,,397.1,5.0,5.0,51.0,30.503,,,0.0893,0.9107,,True,completed
85432_390_0,pkw,26732.0,26782.0,50.0,,436.923,6.0,6.0,44.0,22.537,,,0.12,0.88,,True,completed
169627_426_0,pkw,26729.0,26784.0,55.0,,401.519,4.0,4.0,51.0,31.634,,,0.0727,0.9273,,True,completed
170798_426_0,pkw,26734.0,26784.0,50.0,,443.861,6.0,6.0,44.0,20.285,,,0.12,0.88,,True,completed
188043_433_0,pkw,26736.0,26785.0,49.0,,434.959,5.0,5.0,44.0,18.543,,,0.102,0.898,,True,completed
167910_425_0,pkw,26750.0,26786.0,36.0,,435.385,0.0,0.0,36.0,1.995,,,0.0,1.0,,True,completed
181649_431_0,pkw,26743.0,26787.0,44.0,,438.912,1.0,1.0,43.0,11.205,,,0.0227,0.9773,,True,completed
197962_436_0,pkw,26712.0,26790.0,78.0,,427.88,17.0,17.0,61.0,39.917,,,0.2179,0.7821,,True,completed
220505_447_0,pkw,26743.0,26791.0,48.0,,397.275,5.0,5.0,43.0,21.368,,,0.1042,0.8958,,True,completed
171430_426_0,pkw,26737.0,26795.0,58.0,,443.048,5.0,5.0,53.0,23.922,,,0.0862,0.9138,,True,completed
191999_435_0,pkw,26748.0,26795.0,47.0,,402.066,2.0,2.0,45.0,19.792,,,0.0426,0.9574,,True,completed
174566_427_0,pkw,26725.0,26796.0,71.0,,450.443,8.0,8.0,63.0,33.733,,,0.1127,0.8873,,True,completed
207739_441_0,pkw,26740.0,26797.0,57.0,,443.554,4.0,4.0,53.0,22.848,,,0.0702,0.9298,,True,completed
212455_443_0,pkw,26757.0,26797.0,40.0,,391.652,2.0,2.0,38.0,14.01,,,0.05,0.95,,True,completed
202599_439_0,pkw,26742.0,26803.0,61.0,,449.877,4.0,4.0,57.0,21.817,,,0.0656,0.9344,,True,completed
134028_411_0,pkw,26746.0,26804.0,58.0,,453.961,4.0,4.0,54.0,20.501,,,0.069,0.931,,True,completed
159086_421_0,pkw,26766.0,26804.0,38.0,,425.128,0.0,1.0,37.0,9.936,,,0.0263,0.9737,,True,completed
166525_424_0,pkw,26769.0,26806.0,37.0,,433.804,0.0,0.0,37.0,5.737,,,0.0,1.0,,True,completed
141293_415_0,pkw,26797.0,26807.0,10.0,,193.579,0.0,0.0,10.0,0.232,,,0.0,1.0,,True,completed
202707_439_0,pkw,26756.0,26807.0,51.0,,436.443,8.0,8.0,43.0,13.933,,,0.1569,0.8431,,True,completed
169718_426_0,pkw,26773.0,26809.0,36.0,,430.311,0.0,0.0,36.0,1.873,,,0.0,1.0,,True,completed
189975_434_0,pkw,26733.0,26809.0,76.0,,676.048,4.0,4.0,72.0,23.954,,,0.0526,0.9474,,True,completed
194522_436_0,pkw,26800.0,26810.0,10.0,,185.913,0.0,0.0,10.0,0.262,,,0.0,1.0,,True,completed
155322_420_0,pkw,26749.0,26811.0,62.0,,442.255,8.0,8.0,54.0,30.211,,,0.129,0.871,,True,completed
192452_435_0,pkw,26764.0,26812.0,48.0,,438.653,7.0,7.0,41.0,16.202,,,0.1458,0.8542,,True,completed
137085_412_0,pkw,26745.0,26813.0,68.0,,672.184,3.0,3.0,65.0,23.532,,,0.0441,0.9559,,True,completed
160263_421_0,pkw,26759.0,26817.0,58.0,,446.794,5.0,5.0,53.0,26.277,,,0.0862,0.9138,,True,completed
175425_428_0,pkw,26805.0,26818.0,13.0,,166.709,0.0,0.0,13.0,3.065,,,0.0,1.0,,True,completed
206637_440_0,pkw,26754.0,26818.0,64.0,,451.885,7.0,7.0,57.0,26.722,,,0.1094,0.8906,,True,completed
106515_399_0,pkw,26762.0,26819.0,57.0,,448.58,5.0,5.0,52.0,24.758,,,0.0877,0.9123,,True,completed
198123_436_0,pkw,26756.0,26819.0,63.0,,444.221,5.0,5.0,58.0,31.897,,,0.0794,0.9206,,True,completed
178677_430_0,pkw,26741.0,26820.0,79.0,,436.928,37.0,37.0,42.0,48.901,,,0.4684,0.5316,,True,completed
126682_407_0,pkw,26764.0,26821.0,57.0,,448.086,4.0,4.0,53.0,24.903,,,0.0702,0.9298,,True,completed
157721_421_0,pkw,26766.0,26821.0,55.0,,453.246,3.0,3.0,52.0,24.825,,,0.0545,0.9455,,True,completed
156181_420_0,pkw,26774.0,26822.0,48.0,,427.625,4.0,4.0,44.0,13.0,,,0.0833,0.9167,,True,completed
180060_430_0,pkw,26771.0,26822.0,51.0,,441.932,2.0,2.0,49.0,23.978,,,0.0392,0.9608,,True,completed
173161_427_0,pkw,26768.0,26823.0,55.0,,441.207,3.0,3.0,52.0,23.458,,,0.0545,0.9455,,True,completed
147632_416_0,pkw,26780.0,26824.0,44.0,,433.488,3.0,3.0,41.0,12.768,,,0.0682,0.9318,,True,completed
172890_426_0,pkw,26759.0,26824.0,65.0,,434.836,26.0,26.0,39.0,34.734,,,0.4,0.6,,True,completed
188297_433_0,pkw,26778.0,26826.0,48.0,,437.256,4.0,4.0,44.0,16.985,,,0.0833,0.9167,,True,completed
141566_415_0,pkw,26786.0,26827.0,41.0,,428.608,1.0,1.0,40.0,10.27,,,0.0244,0.9756,,True,completed
202155_438_0,pkw,26776.0,26827.0,51.0,,442.145,0.0,0.0,51.0,20.973,,,0.0,1.0,,True,completed
176125_428_0,pkw,26773.0,26828.0,55.0,,453.82,1.0,1.0,54.0,22.413,,,0.0182,0.9818,,True,completed
180063_430_0,pkw,26780.0,26829.0,49.0,,447.513,1.0,1.0,48.0,20.71,,,0.0204,0.9796,,True,completed
166496_424_0,pkw,26785.0,26833.0,48.0,,446.814,0.0,0.0,48.0,17.567,,,0.0,1.0,,True,completed
198484_436_0,pkw,26809.0,26833.0,24.0,,195.247,2.0,2.0,22.0,14.385,,,0.0833,0.9167,,True,completed
160346_421_0,pkw,26787.0,26835.0,48.0,,451.585,0.0,0.0,48.0,18.135,,,0.0,1.0,,True,completed
194474_436_0,pkw,26783.0,26835.0,52.0,,446.834,0.0,0.0,52.0,17.458,,,0.0,1.0,,True,completed
181759_431_0,pkw,26792.0,26838.0,46.0,,441.841,0.0,0.0,46.0,13.42,,,0.0,1.0,,True,completed
210113_441_0,pkw,26805.0,26838.0,33.0,,428.12,0.0,0.0,33.0,2.917,,,0.0,1.0,,True,completed
178732_430_0,pkw,26809.0,26843.0,34.0,,427.382,0.0,0.0,34.0,2.587,,,0.0,1.0,,True,completed
215436_445_0,pkw,26781.0,26847.0,66.0,,433.157,24.0,24.0,42.0,32.458,,,0.3636,0.6364,,True,completed
86811_391_0,pkw,26805.0,26853.0,48.0,,452.994,7.0,7.0,41.0,20.189,,,0.1458,0.8542,,True,completed
162885_422_0,pkw,26803.0,26854.0,51.0,,441.536,8.0,8.0,43.0,20.651,,,0.1569,0.8431,,True,completed
170713_426_0,pkw,26813.0,26854.0,41.0,,434.713,0.0,1.0,40.0,4.224,,,0.0244,0.9756,,True,completed
153986_420_0,pkw,26808.0,26856.0,48.0,,448.526,5.0,5.0,43.0,18.439,,,0.1042,0.8958,,True,completed
194810_436_0,pkw,26843.0,26856.0,13.0,,168.44,0.0,0.0,13.0,1.861,,,0.0,1.0,,True,completed
199254_437_0,pkw,26809.0,26861.0,52.0,,433.743,2.0,2.0,50.0,21.815,,,0.0385,0.9615,,True,completed
139806_413_0,pkw,26807.0,26862.0,55.0,,429.334,4.0,4.0,51.0,11.064,,,0.0727,0.9273,,True,completed
210539_441_0,pkw,26811.0,26863.0,52.0,,435.76,1.0,1.0,51.0,20.219,,,0.0192,0.9808,,True,completed
196579_436_0,pkw,26813.0,26865.0,52.0,,445.566,0.0,0.0,52.0,18.897,,,0.0,1.0,,True,completed
93088_392_0,pkw,26811.0,26875.0,64.0,,446.225,11.0,11.0,53.0,30.895,,,0.1719,0.8281,,True,completed
172767_426_0,pkw,26810.0,26876.0,66.0,,444.185,12.0,12.0,54.0,29.355,,,0.1818,0.8182,,True,completed
173131_427_0,pkw,26830.0,26877.0,47.0,,453.142,3.0,3.0,44.0,18.037,,,0.0638,0.9362,,True,completed
133168_410_0,pkw,26818.0,26878.0,60.0,,443.555,8.0,8.0,52.0,24.783,,,0.1333,0.8667,,True,completed
95804_394_0,pkw,26840.0,26878.0,38.0,,429.4,0.0,0.0,38.0,2.241,,,0.0,1.0,,True,completed
187712_433_0,pkw,26863.0,26881.0,18.0,,200.159,0.0,0.0,18.0,6.549,,,0.0,1.0,,True,completed
216529_445_0,pkw,26868.0,26881.0,13.0,,167.143,0.0,0.0,13.0,2.351,,,0.0,1.0,,True,completed
210786_442_0,pkw,26852.0,26885.0,33.0,,432.486,0.0,0.0,33.0,1.236,,,0.0,1.0,,True,completed
140723_414_0,pkw,26843.0,26891.0,48.0,,445.738,6.0,6.0,42.0,14.256,,,0.125,0.875,,True,completed
170886_426_0,pkw,26849.0,26892.0,43.0,,433.912,4.0,4.0,39.0,10.898,,,0.093,0.907,,True,completed
122002_406_0,pkw,26846.0,26893.0,47.0,,431.831,8.0,8.0,39.0,15.285,,,0.1702,0.8298,,True,completed
133941_411_0,pkw,26859.0,26895.0,36.0,,436.901,0.0,0.0,36.0,5.581,,,0.0,1.0,,True,completed
157832_421_0,pkw,26859.0,26896.0,37.0,,434.496,0.0,0.0,37.0,2.081,,,0.0,1.0,,True,completed
95956_394_0,pkw,26861.0,26897.0,36.0,,435.18,0.0,0.0,36.0,2.052,,,0.0,1.0,,True,completed
210474_441_0,pkw,26876.0,26901.0,25.0,,198.392,9.0,10.0,15.0,14.912,,,0.4,0.6,,True,completed
161064_421_0,pkw,26884.0,26903.0,19.0,,198.468,0.0,0.0,19.0,6.748,,,0.0,1.0,,True,completed
98170_395_0,pkw,26867.0,26903.0,36.0,,444.436,0.0,0.0,36.0,2.889,,,0.0,1.0,,True,completed
175062_428_0,pkw,26840.0,26905.0,65.0,,669.814,4.0,4.0,61.0,19.017,,,0.0615,0.9385,,True,completed
191154_435_0,pkw,26845.0,26907.0,62.0,,674.88,2.0,2.0,60.0,19.587,,,0.0323,0.9677,,True,completed
153308_420_0,pkw,26873.0,26909.0,36.0,,450.526,0.0,0.0,36.0,2.61,,,0.0,1.0,,True,completed
167028_424_0,pkw,26847.0,26912.0,65.0,,681.449,0.0,0.0,65.0,16.235,,,0.0,1.0,,True,completed
128880_408_0,pkw,26898.0,26913.0,15.0,,199.247,0.0,0.0,15.0,4.495,,,0.0,1.0,,True,completed
212566_443_0,pkw,26864.0,26914.0,50.0,,391.222,5.0,5.0,45.0,24.906,,,0.1,0.9,,True,completed
154050_420_0,pkw,26884.0,26917.0,33.0,,430.512,0.0,0.0,33.0,1.428,,,0.0,1.0,,True,completed
154637_420_0,pkw,26875.0,26919.0,44.0,,450.81,8.0,8.0,36.0,15.571,,,0.1818,0.8182,,True,completed
159817_421_0,pkw,26864.0,26920.0,56.0,,443.267,17.0,17.0,39.0,29.157,,,0.3036,0.6964,,True,completed
120342_405_0,pkw,26866.0,26922.0,56.0,,441.149,15.0,15.0,41.0,22.421,,,0.2679,0.7321,,True,completed
121000_405_0,pkw,26850.0,26924.0,74.0,,671.647,8.0,8.0,66.0,31.363,,,0.1081,0.8919,,True,completed
163067_422_0,pkw,26883.0,26924.0,41.0,,434.849,2.0,2.0,39.0,11.498,,,0.0488,0.9512,,True,completed
174449_427_0,pkw,26879.0,26924.0,45.0,,453.616,4.0,4.0,41.0,13.1,,,0.0889,0.9111,,True,completed
168384_425_0,pkw,26881.0,26925.0,44.0,,443.034,3.0,3.0,41.0,12.086,,,0.0682,0.9318,,True,completed
118972_405_0,pkw,26888.0,26927.0,39.0,,448.095,0.0,0.0,39.0,9.629,,,0.0,1.0,,True,completed
129789_409_0,pkw,26886.0,26927.0,41.0,,448.78,0.0,0.0,41.0,11.529,,,0.0,1.0,,True,completed
203534_439_0,pkw,26881.0,26928.0,47.0,,427.525,5.0,5.0,42.0,19.277,,,0.1064,0.8936,,True,completed
208970_441_0,pkw,26865.0,26928.0,63.0,,456.879,14.0,14.0,49.0,27.385,,,0.2222,0.7778,,True,completed
154737_420_0,pkw,26855.0,26931.0,76.0,,668.379,7.0,7.0,69.0,30.174,,,0.0921,0.9079,,True,completed
194757_436_0,pkw,26852.0,26932.0,80.0,,676.056,7.0,7.0,73.0,25.467,,,0.0875,0.9125,,True,completed
101804_396_0,pkw,26857.0,26933.0,76.0,,671.736,6.0,6.0,70.0,29.032,,,0.0789,0.9211,,True,completed
240182_452_0,pkw,26890.0,26934.0,44.0,,442.269,0.0,0.0,44.0,8.683,,,0.0,1.0,,True,completed
213502_444_0,pkw,26909.0,26935.0,26.0,,157.995,5.0,5.0,21.0,16.493,,,0.1923,0.8077,,True,completed
134619_411_0,pkw,26904.0,26936.0,32.0,,448.692,0.0,0.0,32.0,2.768,,,0.0,1.0,,True,completed
173222_427_0,pkw,26893.0,26936.0,43.0,,449.167,0.0,0.0,43.0,17.201,,,0.0,1.0,,True,completed
142058_415_0,pkw,26900.0,26938.0,38.0,,452.244,0.0,0.0,38.0,4.842,,,0.0,1.0,,True,completed
154918_420_0,pkw,26902.0,26940.0,38.0,,429.545,1.0,1.0,37.0,10.313,,,0.0263,0.9737,,True,completed
110934_401_0,pkw,26859.0,26941.0,82.0,,680.508,6.0,6.0,76.0,29.525,,,0.0732,0.9268,,True,completed
237623_451_0,pkw,26907.0,26941.0,34.0,,427.088,0.0,0.0,34.0,3.672,,,0.0,1.0,,True,completed
131229_409_0,pkw,26896.0,26942.0,46.0,,434.417,8.0,8.0,38.0,14.974,,,0.1739,0.8261,,True,completed
243360_452_0,pkw,26909.0,26946.0,37.0,,437.294,0.0,0.0,37.0,3.746,,,0.0,1.0,,True,completed
139390_413_0,pkw,26905.0,26949.0,44.0,,438.58,0.0,1.0,43.0,6.615,,,0.0227,0.9773,,True,completed
217911_446_0,pkw,26913.0,26951.0,38.0,,427.849,0.0,0.0,38.0,1.769,,,0.0,1.0,,True,completed
227412_450_0,pkw,26915.0,26953.0,38.0,,426.878,0.0,0.0,38.0,2.069,,,0.0,1.0,,True,completed
202533_438_0,pkw,26906.0,26954.0,48.0,,448.475,4.0,4.0,44.0,12.859,,,0.0833,0.9167,,True,completed
169017_425_0,pkw,26917.0,26955.0,38.0,,436.566,0.0,0.0,38.0,2.066,,,0.0,1.0,,True,completed
184360_431_0,pkw,26910.0,26955.0,45.0,,446.804,2.0,2.0,43.0,12.657,,,0.0444,0.9556,,True,completed
204631_440_0,pkw,26908.0,26956.0,48.0,,447.878,3.0,3.0,45.0,12.408,,,0.0625,0.9375,,True,completed
121408_406_0,pkw,26916.0,26957.0,41.0,,450.614,0.0,0.0,41.0,10.022,,,0.0,1.0,,True,completed
133174_410_0,pkw,26914.0,26958.0,44.0,,452.8,0.0,0.0,44.0,13.794,,,0.0,1.0,,True,completed
232267_451_0,pkw,26924.0,26959.0,35.0,,427.936,0.0,0.0,35.0,6.939,,,0.0,1.0,,True,completed
163484_422_0,pkw,26924.0,26961.0,37.0,,170.025,19.0,20.0,17.0,23.481,,,0.5405,0.4595,,True,completed
132666_410_0,pkw,26946.0,26962.0,16.0,,184.962,0.0,1.0,15.0,5.616,,,0.0625,0.9375,,True,completed
159074_421_0,pkw,26919.0,26962.0,43.0,,438.219,5.0,5.0,38.0,11.647,,,0.1163,0.8837,,True,completed
72437_384_0,pkw,26936.0,26964.0,28.0,,199.858,2.0,3.0,25.0,17.714,,,0.1071,0.8929,,True,completed
164638_422_0,pkw,26949.0,26965.0,16.0,,201.416,0.0,0.0,16.0,3.425,,,0.0,1.0,,True,completed
196663_436_0,pkw,26947.0,26965.0,18.0,,198.432,0.0,0.0,18.0,7.591,,,0.0,1.0,,True,completed
163968_422_0,pkw,26941.0,26966.0,25.0,,177.751,1.0,1.0,24.0,10.495,,,0.04,0.96,,True,completed
198716_436_0,pkw,26928.0,26966.0,38.0,,433.182,0.0,1.0,37.0,4.948,,,0.0263,0.9737,,True,completed
159582_421_0,pkw,26932.0,26967.0,35.0,,427.261,0.0,0.0,35.0,2.282,,,0.0,1.0,,True,completed
220192_447_0,pkw,26928.0,26970.0,42.0,,425.988,1.0,1.0,41.0,6.95,,,0.0238,0.9762,,True,completed
196189_436_0,pkw,26938.0,26971.0,33.0,,434.109,0.0,0.0,33.0,1.509,,,0.0,1.0,,True,completed
181724_431_0,pkw,26934.0,26972.0,38.0,,438.902,0.0,0.0,38.0,2.0,,,0.0,1.0,,True,completed
241064_452_0,pkw,26951.0,26975.0,24.0,,153.156,3.0,3.0,21.0,13.435,,,0.125,0.875,,True,completed
113797_402_0,pkw,26937.0,26976.0,39.0,,437.766,0.0,0.0,39.0,2.165,,,0.0,1.0,,True,completed
163834_422_0,pkw,26953.0,26977.0,24.0,,164.921,2.0,2.0,22.0,14.408,,,0.0833,0.9167,,True,completed
185414_432_0,pkw,26933.0,26981.0,48.0,,458.501,6.0,6.0,42.0,13.521,,,0.125,0.875,,True,completed
162954_422_0,pkw,26918.0,26984.0,66.0,,451.075,17.0,17.0,49.0,31.393,,,0.2576,0.7424,,True,completed
186834_432_0,pkw,26921.0,26984.0,63.0,,450.294,17.0,17.0,46.0,30.124,,,0.2698,0.7302,,True,completed
209415_441_0,pkw,26961.0,26992.0,31.0,,429.228,0.0,0.0,31.0,1.408,,,0.0,1.0,,True,completed
120762_405_0,pkw,26963.0,26995.0,32.0,,444.291,0.0,0.0,32.0,1.801,,,0.0,1.0,,True,completed
160192_421_0,pkw,26950.0,26996.0,46.0,,431.81,2.0,2.0,44.0,10.042,,,0.0435,0.9565,,True,completed
211678_442_0,pkw,26964.0,26997.0,33.0,,430.196,0.0,0.0,33.0,1.576,,,0.0,1.0,,True,completed
210566_441_0,pkw,26942.0,26999.0,57.0,,456.757,8.0,8.0,49.0,19.712,,,0.1404,0.8596,,True,completed
246556_455_0,pkw,26980.0,26999.0,19.0,,163.855,0.0,0.0,19.0,8.105,,,0.0,1.0,,True,completed
108921_400_0,pkw,26959.0,27001.0,42.0,,464.352,0.0,0.0,42.0,9.407,,,0.0,1.0,,True,completed
175142_428_0,pkw,26956.0,27003.0,47.0,,201.654,24.0,24.0,23.0,37.392,,,0.5106,0.4894,,True,completed
181651_431_0,pkw,26968.0,27003.0,35.0,,199.616,15.0,15.0,20.0,23.283,,,0.4286,0.5714,,True,completed
170536_426_0,pkw,26961.0,27005.0,44.0,,177.931,21.0,21.0,23.0,33.624,,,0.4773,0.5227,,True,completed
214606_444_0,pkw,26971.0,27005.0,34.0,,197.239,11.0,11.0,23.0,22.673,,,0.3235,0.6765,,True,completed
210323_441_0,pkw,26970.0,27006.0,36.0,,191.103,10.0,10.0,26.0,24.857,,,0.2778,0.7222,,True,completed
216812_446_0,pkw,26977.0,27006.0,29.0,,187.243,6.0,6.0,23.0,18.67,,,0.2069,0.7931,,True,completed
191882_435_0,pkw,26982.0,27009.0,27.0,,177.656,0.0,1.0,26.0,17.128,,,0.037,0.963,,True,completed
229922_450_0,pkw,26965.0,27010.0,45.0,,436.814,2.0,2.0,43.0,9.418,,,0.0444,0.9556,,True,completed
216790_446_0,pkw,26975.0,27012.0,37.0,,444.511,0.0,0.0,37.0,2.418,,,0.0,1.0,,True,completed
234642_451_0,pkw,26977.0,27012.0,35.0,,427.059,0.0,0.0,35.0,4.219,,,0.0,1.0,,True,completed
139333_413_0,pkw,26971.0,27013.0,42.0,,432.08,2.0,2.0,40.0,10.583,,,0.0476,0.9524,,True,completed
178338_430_0,pkw,26968.0,27013.0,45.0,,427.328,5.0,5.0,40.0,12.623,,,0.1111,0.8889,,True,completed
148517_417_0,pkw,26978.0,27015.0,37.0,,432.239,0.0,1.0,36.0,5.085,,,0.027,0.973,,True,completed
232545_451_0,pkw,26978.0,27015.0,37.0,,438.669,0.0,0.0,37.0,7.396,,,0.0,1.0,,True,completed
114809_403_0,pkw,27004.0,27021.0,17.0,,202.099,0.0,1.0,16.0,6.08,,,0.0588,0.9412,,True,completed
192098_435_0,pkw,26988.0,27021.0,33.0,,177.021,7.0,7.0,26.0,20.966,,,0.2121,0.7879,,True,completed
209806_441_0,pkw,26987.0,27021.0,34.0,,198.284,10.0,11.0,23.0,24.528,,,0.3235,0.6765,,True,completed
170350_426_0,pkw,27007.0,27022.0,15.0,,191.902,0.0,0.0,15.0,4.562,,,0.0,1.0,,True,completed
173301_427_0,pkw,26992.0,27023.0,31.0,,201.596,9.0,9.0,22.0,19.78,,,0.2903,0.7097,,True,completed
141728_415_0,pkw,27009.0,27026.0,17.0,,176.184,0.0,0.0,17.0,4.664,,,0.0,1.0,,True,completed
190778_435_0,pkw,27014.0,27026.0,12.0,,199.966,0.0,0.0,12.0,1.108,,,0.0,1.0,,True,completed
117057_404_0,pkw,26961.0,27029.0,68.0,,679.604,5.0,5.0,63.0,24.011,,,0.0735,0.9265,,True,completed
156205_420_0,pkw,27019.0,27030.0,11.0,,192.886,0.0,0.0,11.0,0.45,,,0.0,1.0,,True,completed
80266_388_0,pkw,26967.0,27035.0,68.0,,680.51,3.0,3.0,65.0,17.452,,,0.0441,0.9559,,True,completed
163022_422_0,pkw,27026.0,27036.0,10.0,,198.26,0.0,0.0,10.0,0.245,,,0.0,1.0,,True,completed
174195_427_0,pkw,27028.0,27043.0,15.0,,172.122,0.0,0.0,15.0,2.541,,,0.0,1.0,,True,completed
170927_426_0,pkw,27030.0,27046.0,16.0,,195.83,0.0,0.0,16.0,6.5,,,0.0,1.0,,True,completed
168307_425_0,pkw,27002.0,27047.0,45.0,,451.122,0.0,0.0,45.0,10.658,,,0.0,1.0,,True,completed
187528_433_0,pkw,27036.0,27048.0,12.0,,202.556,0.0,0.0,12.0,1.119,,,0.0,1.0,,True,completed
203962_439_0,pkw,27004.0,27048.0,44.0,,452.874,0.0,0.0,44.0,10.84,,,0.0,1.0,,True,completed
195513_436_0,pkw,27038.0,27049.0,11.0,,191.172,0.0,0.0,11.0,0.461,,,0.0,1.0,,True,completed
220226_447_0,pkw,27007.0,27049.0,42.0,,450.989,0.0,0.0,42.0,9.442,,,0.0,1.0,,True,completed
225112_449_0,pkw,27009.0,27049.0,40.0,,444.396,0.0,0.0,40.0,12.364,,,0.0,1.0,,True,completed
241134_452_0,pkw,27011.0,27050.0,39.0,,442.808,0.0,0.0,39.0,9.494,,,0.0,1.0,,True,completed
175010_428_0,pkw,27013.0,27053.0,40.0,,449.182,0.0,0.0,40.0,8.482,,,0.0,1.0,,True,completed
153599_420_0,pkw,27024.0,27057.0,33.0,,445.219,0.0,0.0,33.0,2.538,,,0.0,1.0,,True,completed
207710_441_0,pkw,27028.0,27059.0,31.0,,442.909,0.0,0.0,31.0,1.327,,,0.0,1.0,,True,completed
217758_446_0,pkw,26985.0,27060.0,75.0,,435.61,35.0,35.0,40.0,43.974,,,0.4667,0.5333,,True,completed
175329_428_0,pkw,27032.0,27068.0,36.0,,448.374,0.0,0.0,36.0,2.063,,,0.0,1.0,,True,completed
185184_432_0,pkw,27045.0,27070.0,25.0,,167.921,9.0,10.0,15.0,13.47,,,0.4,0.6,,True,completed
206794_441_0,pkw,27048.0,27073.0,25.0,,198.391,7.0,7.0,18.0,15.427,,,0.28,0.72,,True,completed
195383_436_0,pkw,27051.0,27074.0,23.0,,186.48,3.0,3.0,20.0,13.295,,,0.1304,0.8696,,True,completed
167409_425_0,pkw,27056.0,27075.0,19.0,,171.144,0.0,0.0,19.0,7.684,,,0.0,1.0,,True,completed
201205_438_0,pkw,27036.0,27080.0,44.0,,433.64,4.0,5.0,39.0,14.798,,,0.1136,0.8864,,True,completed
204936_440_0,pkw,27038.0,27080.0,42.0,,426.63,4.0,4.0,38.0,11.873,,,0.0952,0.9048,,True,completed
184032_431_0,pkw,27039.0,27082.0,43.0,,442.612,2.0,2.0,41.0,12.314,,,0.0465,0.9535,,True,completed
146107_416_0,pkw,27050.0,27083.0,33.0,,437.164,0.0,0.0,33.0,1.529,,,0.0,1.0,,True,completed
121822_406_0,pkw,27071.0,27084.0,13.0,,160.52,0.0,0.0,13.0,3.005,,,0.0,1.0,,True,completed
126262_407_0,pkw,27040.0,27084.0,44.0,,451.21,4.0,4.0,40.0,14.882,,,0.0909,0.9091,,True,completed
211449_442_0,pkw,27036.0,27084.0,48.0,,434.779,8.0,8.0,40.0,14.727,,,0.1667,0.8333,,True,completed
176927_429_0,pkw,27066.0,27090.0,24.0,,166.589,4.0,4.0,20.0,14.188,,,0.1667,0.8333,,True,completed
209914_441_0,pkw,27042.0,27091.0,49.0,,202.207,30.0,30.0,19.0,37.034,,,0.6122,0.3878,,True,completed
81537_389_0,pkw,27069.0,27093.0,24.0,,174.782,3.0,3.0,21.0,11.816,,,0.125,0.875,,True,completed
206967_441_0,pkw,27078.0,27095.0,17.0,,194.38,0.0,1.0,16.0,4.108,,,0.0588,0.9412,,True,completed
193423_435_0,pkw,27078.0,27100.0,22.0,,140.084,5.0,5.0,17.0,11.195,,,0.2273,0.7727,,True,completed
140825_414_0,pkw,27084.0,27101.0,17.0,,161.122,0.0,0.0,17.0,7.707,,,0.0,1.0,,True,completed
87716_391_0,pkw,27088.0,27104.0,16.0,,157.906,0.0,0.0,16.0,4.425,,,0.0,1.0,,True,completed
227362_450_0,pkw,27094.0,27107.0,13.0,,156.927,0.0,0.0,13.0,1.92,,,0.0,1.0,,True,completed
117603_404_0,pkw,27099.0,27109.0,10.0,,190.457,0.0,0.0,10.0,0.391,,,0.0,1.0,,True,completed
175826_428_0,pkw,27084.0,27112.0,28.0,,177.586,9.0,10.0,18.0,13.38,,,0.3571,0.6429,,True,completed
233726_451_0,pkw,27100.0,27112.0,12.0,,203.564,0.0,0.0,12.0,1.145,,,0.0,1.0,,True,completed
171735_426_0,pkw,27093.0,27114.0,21.0,,179.75,0.0,1.0,20.0,6.403,,,0.0476,0.9524,,True,completed
207293_441_0,pkw,27096.0,27121.0,25.0,,161.172,9.0,9.0,16.0,14.802,,,0.36,0.64,,True,completed
246126_454_0,pkw,27082.0,27123.0,41.0,,438.558,0.0,0.0,41.0,2.803,,,0.0,1.0,,True,completed
164329_422_0,pkw,27088.0,27128.0,40.0,,431.682,0.0,0.0,40.0,2.164,,,0.0,1.0,,True,completed
119542_405_0,pkw,27111.0,27130.0,19.0,,240.865,0.0,0.0,19.0,0.773,,,0.0,1.0,,True,completed
139115_413_0,pkw,27117.0,27134.0,17.0,,246.4,0.0,0.0,17.0,0.66,,,0.0,1.0,,True,completed
67327_380_0,pkw,27107.0,27135.0,28.0,,192.61,3.0,3.0,25.0,12.354,,,0.1071,0.8929,,True,completed
212001_442_0,pkw,27107.0,27136.0,29.0,,172.24,4.0,4.0,25.0,14.903,,,0.1379,0.8621,,True,completed
175230_428_0,pkw,27113.0,27138.0,25.0,,176.106,1.0,1.0,24.0,13.094,,,0.04,0.96,,True,completed
171107_426_0,pkw,27117.0,27141.0,24.0,,156.25,8.0,8.0,16.0,15.599,,,0.3333,0.6667,,True,completed
182808_431_0,pkw,27119.0,27143.0,24.0,,169.021,7.0,7.0,17.0,14.417,,,0.2917,0.7083,,True,completed
179071_430_0,pkw,27121.0,27145.0,24.0,,166.668,5.0,5.0,19.0,13.787,,,0.2083,0.7917,,True,completed
163068_422_0,pkw,27121.0,27150.0,29.0,,165.119,8.0,9.0,20.0,19.169,,,0.3103,0.6897,,True,completed
148670_417_0,pkw,27128.0,27151.0,23.0,,190.028,2.0,2.0,21.0,10.859,,,0.087,0.913,,True,completed
172295_426_0,pkw,27125.0,27153.0,28.0,,171.488,8.0,8.0,20.0,15.258,,,0.2857,0.7143,,True,completed
135186_411_0,pkw,27140.0,27158.0,18.0,,198.97,0.0,1.0,17.0,6.176,,,0.0556,0.9444,,True,completed
166016_424_0,pkw,27113.0,27160.0,47.0,,432.528,8.0,8.0,39.0,13.864,,,0.1702,0.8298,,True,completed
228492_450_0,pkw,27117.0,27161.0,44.0,,424.069,7.0,7.0,37.0,13.862,,,0.1591,0.8409,,True,completed
93058_392_0,pkw,27113.0,27161.0,48.0,,435.433,9.0,9.0,39.0,15.516,,,0.1875,0.8125,,True,completed
127605_407_0,pkw,27136.0,27166.0,30.0,,157.166,10.0,10.0,20.0,20.251,,,0.3333,0.6667,,True,completed
124915_406_0,pkw,27150.0,27168.0,18.0,,156.628,0.0,1.0,17.0,7.448,,,0.0556,0.9444,,True,completed
241202_452_0,pkw,27152.0,27171.0,19.0,,193.26,0.0,0.0,19.0,6.044,,,0.0,1.0,,True,completed
111547_401_0,pkw,27115.0,27172.0,57.0,,462.51,3.0,3.0,54.0,14.96,,,0.0526,0.9474,,True,completed
212294_442_0,pkw,27121.0,27172.0,51.0,,675.159,0.0,0.0,51.0,5.402,,,0.0,1.0,,True,completed
79749_387_0,pkw,27155.0,27173.0,18.0,,182.883,0.0,0.0,18.0,7.399,,,0.0,1.0,,True,completed
109216_400_0,pkw,27138.0,27174.0,36.0,,451.682,0.0,0.0,36.0,6.407,,,0.0,1.0,,True,completed
217993_446_0,pkw,27165.0,27178.0,13.0,,168.266,0.0,0.0,13.0,2.68,,,0.0,1.0,,True,completed
131415_410_0,pkw,27171.0,27186.0,15.0,,147.731,0.0,0.0,15.0,4.974,,,0.0,1.0,,True,completed
210898_442_0,pkw,27175.0,27188.0,13.0,,201.833,0.0,0.0,13.0,1.463,,,0.0,1.0,,True,completed
205657_440_0,pkw,27164.0,27189.0,25.0,,158.521,0.0,1.0,24.0,14.321,,,0.04,0.96,,True,completed
106222_399_0,pkw,27172.0,27191.0,19.0,,164.544,0.0,0.0,19.0,7.106,,,0.0,1.0,,True,completed
144759_416_0,pkw,27153.0,27191.0,38.0,,429.526,0.0,0.0,38.0,1.796,,,0.0,1.0,,True,completed
148683_417_0,pkw,27179.0,27191.0,12.0,,194.599,0.0,0.0,12.0,0.426,,,0.0,1.0,,True,completed
204753_440_0,pkw,27181.0,27192.0,11.0,,185.238,0.0,0.0,11.0,1.374,,,0.0,1.0,,True,completed
218208_446_0,pkw,27127.0,27193.0,66.0,,679.505,8.0,8.0,58.0,18.35,,,0.1212,0.8788,,True,completed
223047_449_0,pkw,27185.0,27197.0,12.0,,197.383,0.0,0.0,12.0,1.329,,,0.0,1.0,,True,completed
178502_430_0,pkw,27184.0,27200.0,16.0,,104.65,1.0,1.0,15.0,7.296,,,0.0625,0.9375,,True,completed
218754_446_0,pkw,27180.0,27201.0,21.0,,155.408,3.0,3.0,18.0,10.789,,,0.1429,0.8571,,True,completed
238855_451_0,pkw,27187.0,27201.0,14.0,,152.024,0.0,1.0,13.0,4.489,,,0.0714,0.9286,,True,completed
109219_400_0,pkw,27157.0,27203.0,46.0,,438.151,8.0,8.0,38.0,17.327,,,0.1739,0.8261,,True,completed
138080_412_0,pkw,27161.0,27203.0,42.0,,436.445,5.0,5.0,37.0,12.797,,,0.119,0.881,,True,completed
183969_431_0,pkw,27168.0,27204.0,36.0,,427.9,0.0,1.0,35.0,8.358,,,0.0278,0.9722,,True,completed
212264_442_0,pkw,27185.0,27206.0,21.0,,168.054,0.0,0.0,21.0,9.895,,,0.0,1.0,,True,completed
210570_441_0,pkw,27191.0,27209.0,18.0,,161.977,0.0,0.0,18.0,8.189,,,0.0,1.0,,True,completed
247422_455_0,pkw,27200.0,27209.0,9.0,,140.479,0.0,0.0,9.0,0.688,,,0.0,1.0,,True,completed
203334_439_0,pkw,27194.0,27211.0,17.0,,169.11,0.0,0.0,17.0,5.435,,,0.0,1.0,,True,completed
249401_456_0,pkw,27185.0,27218.0,33.0,,436.963,0.0,0.0,33.0,1.392,,,0.0,1.0,,True,completed
137789_412_0,pkw,27176.0,27222.0,46.0,,431.634,8.0,8.0,38.0,15.174,,,0.1739,0.8261,,True,completed
217944_446_0,pkw,27186.0,27228.0,42.0,,357.68,6.0,6.0,36.0,16.218,,,0.1429,0.8571,,True,completed
227724_450_0,pkw,27216.0,27228.0,12.0,,202.213,0.0,0.0,12.0,0.994,,,0.0,1.0,,True,completed
179278_430_0,pkw,27218.0,27231.0,13.0,,198.561,0.0,0.0,13.0,0.481,,,0.0,1.0,,True,completed
243650_453_0,pkw,27198.0,27231.0,33.0,,391.024,0.0,0.0,33.0,9.525,,,0.0,1.0,,True,completed
217045_446_0,pkw,27196.0,27234.0,38.0,,405.229,1.0,1.0,37.0,11.718,,,0.0263,0.9737,,True,completed
195280_436_0,pkw,27205.0,27236.0,31.0,,433.97,0.0,0.0,31.0,1.444,,,0.0,1.0,,True,completed
204511_440_0,pkw,27222.0,27236.0,14.0,,194.88,0.0,0.0,14.0,0.458,,,0.0,1.0,,True,completed
215363_445_0,pkw,27222.0,27236.0,14.0,,191.166,0.0,0.0,14.0,3.464,,,0.0,1.0,,True,completed
161173_421_0,pkw,27229.0,27238.0,9.0,,133.882,0.0,0.0,9.0,0.819,,,0.0,1.0,,True,completed
205143_440_0,pkw,27227.0,27242.0,15.0,,165.098,0.0,0.0,15.0,3.368,,,0.0,1.0,,True,completed
237305_451_0,pkw,27233.0,27244.0,11.0,,141.355,0.0,0.0,11.0,0.785,,,0.0,1.0,,True,completed
85102_390_0,pkw,27208.0,27244.0,36.0,,435.43,0.0,0.0,36.0,1.504,,,0.0,1.0,,True,completed
211867_442_0,pkw,27239.0,27250.0,11.0,,143.097,0.0,0.0,11.0,0.793,,,0.0,1.0,,True,completed
93191_392_0,pkw,27214.0,27259.0,45.0,,462.355,0.0,0.0,45.0,8.56,,,0.0,1.0,,True,completed
158397_421_0,pkw,27235.0,27268.0,33.0,,435.742,0.0,0.0,33.0,1.525,,,0.0,1.0,,True,completed
194552_436_0,pkw,27258.0,27269.0,11.0,,144.022,0.0,0.0,11.0,1.826,,,0.0,1.0,,True,completed
139411_413_0,pkw,27251.0,27271.0,20.0,,162.573,2.0,2.0,18.0,9.095,,,0.1,0.9,,True,completed
157509_421_0,pkw,27254.0,27272.0,18.0,,151.53,0.0,0.0,18.0,8.259,,,0.0,1.0,,True,completed
239386_451_0,pkw,27243.0,27275.0,32.0,,431.955,0.0,0.0,32.0,1.562,,,0.0,1.0,,True,completed
153655_420_0,pkw,27266.0,27278.0,12.0,,147.162,0.0,0.0,12.0,0.951,,,0.0,1.0,,True,completed
143018_415_0,pkw,27270.0,27280.0,10.0,,149.428,0.0,0.0,10.0,0.863,,,0.0,1.0,,True,completed
169613_426_0,pkw,27273.0,27285.0,12.0,,149.45,0.0,0.0,12.0,0.953,,,0.0,1.0,,True,completed
221457_448_0,pkw,27275.0,27286.0,11.0,,138.639,0.0,0.0,11.0,0.828,,,0.0,1.0,,True,completed
203236_439_0,pkw,27275.0,27288.0,13.0,,199.625,0.0,0.0,13.0,1.867,,,0.0,1.0,,True,completed
211213_442_0,pkw,27273.0,27289.0,16.0,,189.009,0.0,0.0,16.0,4.383,,,0.0,1.0,,True,completed
105828_399_0,pkw,27275.0,27291.0,16.0,,196.693,0.0,0.0,16.0,4.872,,,0.0,1.0,,True,completed
109609_401_0,pkw,27270.0,27292.0,22.0,,194.988,4.0,4.0,18.0,11.419,,,0.1818,0.8182,,True,completed
237346_451_0,pkw,27261.0,27292.0,31.0,,436.792,0.0,0.0,31.0,1.733,,,0.0,1.0,,True,completed
246396_454_0,pkw,27257.0,27293.0,36.0,,399.035,0.0,0.0,36.0,9.998,,,0.0,1.0,,True,completed
165546_423_0,pkw,27280.0,27294.0,14.0,,201.469,0.0,0.0,14.0,3.539,,,0.0,1.0,,True,completed
95613_394_0,pkw,27281.0,27295.0,14.0,,190.938,0.0,0.0,14.0,2.246,,,0.0,1.0,,True,completed
120871_405_0,pkw,27255.0,27296.0,41.0,,438.165,0.0,0.0,41.0,3.311,,,0.0,1.0,,True,completed
237504_451_0,pkw,27258.0,27298.0,40.0,,438.164,0.0,0.0,40.0,5.327,,,0.0,1.0,,True,completed
228707_450_0,pkw,27277.0,27300.0,23.0,,137.754,7.0,7.0,16.0,14.63,,,0.3043,0.6957,,True,completed
194926_436_0,pkw,27271.0,27302.0,31.0,,427.123,0.0,0.0,31.0,1.293,,,0.0,1.0,,True,completed
209092_441_0,pkw,27278.0,27302.0,24.0,,141.516,5.0,5.0,19.0,12.33,,,0.2083,0.7917,,True,completed
238525_451_0,pkw,27280.0,27304.0,24.0,,150.395,6.0,6.0,18.0,13.995,,,0.25,0.75,,True,completed
173926_427_0,pkw,27296.0,27306.0,10.0,,151.061,0.0,0.0,10.0,0.942,,,0.0,1.0,,True,completed
115923_403_0,pkw,27289.0,27308.0,19.0,,157.37,3.0,3.0,16.0,7.988,,,0.1579,0.8421,,True,completed
198026_436_0,pkw,27284.0,27314.0,30.0,,431.332,0.0,0.0,30.0,1.38,,,0.0,1.0,,True,completed
153826_420_0,pkw,27288.0,27321.0,33.0,,426.823,0.0,0.0,33.0,1.773,,,0.0,1.0,,True,completed
124545_406_0,pkw,27279.0,27322.0,43.0,,434.56,0.0,0.0,43.0,2.448,,,0.0,1.0,,True,completed
183836_431_0,pkw,27290.0,27325.0,35.0,,438.308,0.0,0.0,35.0,1.919,,,0.0,1.0,,True,completed
251382_457_0,pkw,27301.0,27328.0,27.0,,168.856,9.0,9.0,18.0,14.481,,,0.3333,0.6667,,True,completed
213386_443_0,pkw,27289.0,27332.0,43.0,,426.53,0.0,1.0,42.0,10.225,,,0.0233,0.9767,,True,completed
151629_419_0,pkw,27298.0,27341.0,43.0,,434.453,0.0,0.0,43.0,6.229,,,0.0,1.0,,True,completed
166231_424_0,pkw,27309.0,27348.0,39.0,,438.112,0.0,0.0,39.0,2.239,,,0.0,1.0,,True,completed
224986_449_0,pkw,27335.0,27348.0,13.0,,188.28,0.0,0.0,13.0,1.537,,,0.0,1.0,,True,completed
225810_450_0,pkw,27311.0,27357.0,46.0,,460.708,1.0,1.0,45.0,8.111,,,0.0217,0.9783,,True,completed
143392_415_0,pkw,27350.0,27361.0,11.0,,195.9,0.0,0.0,11.0,0.218,,,0.0,1.0,,True,completed
262299_462_0,pkw,27348.0,27361.0,13.0,,195.725,0.0,0.0,13.0,0.479,,,0.0,1.0,,True,completed
177390_429_0,pkw,27356.0,27366.0,10.0,,184.856,0.0,0.0,10.0,0.325,,,0.0,1.0,,True,completed
166051_424_0,pkw,27358.0,27368.0,10.0,,187.094,0.0,0.0,10.0,0.342,,,0.0,1.0,,True,completed
159714_421_0,pkw,27361.0,27372.0,11.0,,192.042,0.0,0.0,11.0,0.305,,,0.0,1.0,,True,completed
159954_421_0,pkw,27368.0,27380.0,12.0,,197.841,0.0,0.0,12.0,0.971,,,0.0,1.0,,True,completed
244106_453_0,pkw,27347.0,27380.0,33.0,,402.663,0.0,0.0,33.0,4.766,,,0.0,1.0,,True,completed
118713_405_0,pkw,27365.0,27382.0,17.0,,189.705,0.0,0.0,17.0,3.866,,,0.0,1.0,,True,completed
81887_389_0,pkw,27347.0,27390.0,43.0,,430.857,5.0,5.0,38.0,11.206,,,0.1163,0.8837,,True,completed
195428_436_0,pkw,27383.0,27399.0,16.0,,201.593,0.0,0.0,16.0,4.641,,,0.0,1.0,,True,completed
209678_441_0,pkw,27381.0,27400.0,19.0,,190.497,1.0,1.0,18.0,9.414,,,0.0526,0.9474,,True,completed
163530_422_0,pkw,27390.0,27402.0,12.0,,190.252,0.0,0.0,12.0,1.338,,,0.0,1.0,,True,completed
214568_444_0,pkw,27388.0,27404.0,16.0,,201.267,0.0,0.0,16.0,4.187,,,0.0,1.0,,True,completed
160161_421_0,pkw,27389.0,27405.0,16.0,,190.438,0.0,0.0,16.0,4.514,,,0.0,1.0,,True,completed
118194_405_0,pkw,27365.0,27408.0,43.0,,466.198,0.0,0.0,43.0,8.5,,,0.0,1.0,,True,completed
160491_421_0,pkw,27398.0,27411.0,13.0,,200.236,0.0,0.0,13.0,0.432,,,0.0,1.0,,True,completed
231849_451_0,pkw,27388.0,27418.0,30.0,,462.475,0.0,0.0,30.0,2.497,,,0.0,1.0,,True,completed
212875_443_0,pkw,27416.0,27431.0,15.0,,188.967,0.0,0.0,15.0,3.812,,,0.0,1.0,,True,completed
263940_462_0,pkw,27411.0,27431.0,20.0,,194.375,0.0,0.0,20.0,9.746,,,0.0,1.0,,True,completed
180904_431_0,pkw,27418.0,27432.0,14.0,,181.227,0.0,0.0,14.0,4.479,,,0.0,1.0,,True,completed
133399_410_0,pkw,27421.0,27434.0,13.0,,186.577,0.0,0.0,13.0,1.487,,,0.0,1.0,,True,completed
138640_413_0,pkw,27428.0,27438.0,10.0,,194.039,0.0,0.0,10.0,0.276,,,0.0,1.0,,True,completed
220524_447_0,pkw,27422.0,27456.0,34.0,,426.527,0.0,0.0,34.0,1.666,,,0.0,1.0,,True,completed
174228_427_0,pkw,27447.0,27459.0,12.0,,200.936,0.0,0.0,12.0,1.053,,,0.0,1.0,,True,completed
152118_419_0,pkw,27436.0,27462.0,26.0,,192.683,8.0,8.0,18.0,14.766,,,0.3077,0.6923,,True,completed
258346_461_0,pkw,27443.0,27462.0,19.0,,178.671,0.0,0.0,19.0,9.032,,,0.0,1.0,,True,completed
121157_405_0,pkw,27446.0,27463.0,17.0,,181.272,0.0,0.0,17.0,7.29,,,0.0,1.0,,True,completed
149711_417_0,pkw,27454.0,27465.0,11.0,,196.409,0.0,0.0,11.0,0.329,,,0.0,1.0,,True,completed
169194_425_0,pkw,27452.0,27465.0,13.0,,187.947,0.0,0.0,13.0,1.296,,,0.0,1.0,,True,completed
113757_402_0,pkw,27455.0,27467.0,12.0,,185.706,0.0,0.0,12.0,1.593,,,0.0,1.0,,True,completed
91291_391_0,pkw,27427.0,27471.0,44.0,,455.726,2.0,2.0,42.0,8.8,,,0.0455,0.9545,,True,completed
184609_431_0,pkw,27432.0,27472.0,40.0,,446.661,1.0,1.0,39.0,10.651,,,0.025,0.975,,True,completed
160005_421_0,pkw,27438.0,27474.0,36.0,,453.046,0.0,0.0,36.0,4.156,,,0.0,1.0,,True,completed
159038_421_0,pkw,27458.0,27481.0,23.0,,182.766,3.0,3.0,20.0,11.259,,,0.1304,0.8696,,True,completed
200684_437_0,pkw,27461.0,27481.0,20.0,,195.578,0.0,0.0,20.0,7.13,,,0.0,1.0,,True,completed
119029_405_0,pkw,27465.0,27482.0,17.0,,181.301,0.0,0.0,17.0,6.004,,,0.0,1.0,,True,completed
173842_427_0,pkw,27443.0,27487.0,44.0,,193.421,22.0,22.0,22.0,33.893,,,0.5,0.5,,True,completed
201382_438_0,pkw,27469.0,27491.0,22.0,,187.928,0.0,0.0,22.0,13.522,,,0.0,1.0,,True,completed
161073_421_0,pkw,27444.0,27493.0,49.0,,432.84,9.0,9.0,40.0,16.981,,,0.1837,0.8163,,True,completed
159873_421_0,pkw,27454.0,27494.0,40.0,,430.231,0.0,0.0,40.0,13.086,,,0.0,1.0,,True,completed
209549_441_0,pkw,27457.0,27496.0,39.0,,449.613,0.0,0.0,39.0,5.202,,,0.0,1.0,,True,completed
120846_405_0,pkw,27479.0,27501.0,22.0,,189.079,3.0,3.0,19.0,11.33,,,0.1364,0.8636,,True,completed
95221_394_0,pkw,27476.0,27501.0,25.0,,193.606,8.0,8.0,17.0,13.961,,,0.32,0.68,,True,completed
238424_451_0,pkw,27482.0,27502.0,20.0,,182.47,2.0,2.0,18.0,9.507,,,0.1,0.9,,True,completed
151708_419_0,pkw,27478.0,27504.0,26.0,,187.723,5.0,5.0,21.0,15.592,,,0.1923,0.8077,,True,completed
223349_449_0,pkw,27493.0,27506.0,13.0,,195.657,0.0,0.0,13.0,0.8,,,0.0,1.0,,True,completed
202624_439_0,pkw,27475.0,27511.0,36.0,,425.588,0.0,0.0,36.0,1.986,,,0.0,1.0,,True,completed
241929_452_0,pkw,27475.0,27512.0,37.0,,457.231,0.0,0.0,37.0,3.236,,,0.0,1.0,,True,completed
191928_435_0,pkw,27482.0,27517.0,35.0,,449.189,0.0,0.0,35.0,4.053,,,0.0,1.0,,True,completed
210696_442_0,pkw,27501.0,27520.0,19.0,,181.077,0.0,0.0,19.0,9.269,,,0.0,1.0,,True,completed
164701_422_0,pkw,27510.0,27521.0,11.0,,185.926,0.0,0.0,11.0,0.373,,,0.0,1.0,,True,completed
198513_436_0,pkw,27495.0,27521.0,26.0,,191.952,9.0,10.0,16.0,13.618,,,0.3846,0.6154,,True,completed
118326_405_0,pkw,27506.0,27522.0,16.0,,184.085,0.0,0.0,16.0,6.098,,,0.0,1.0,,True,completed
168092_425_0,pkw,27510.0,27522.0,12.0,,184.076,0.0,0.0,12.0,1.233,,,0.0,1.0,,True,completed
108364_400_0,pkw,27509.0,27524.0,15.0,,183.58,0.0,0.0,15.0,3.991,,,0.0,1.0,,True,completed
203626_439_0,pkw,27507.0,27524.0,17.0,,189.182,0.0,0.0,17.0,5.687,,,0.0,1.0,,True,completed
234989_451_0,pkw,27512.0,27525.0,13.0,,180.303,0.0,0.0,13.0,3.349,,,0.0,1.0,,True,completed
109427_401_0,pkw,27488.0,27529.0,41.0,,429.101,0.0,0.0,41.0,3.788,,,0.0,1.0,,True,completed
232974_451_0,pkw,27486.0,27529.0,43.0,,430.519,9.0,10.0,33.0,15.176,,,0.2326,0.7674,,True,completed
150873_418_0,pkw,27522.0,27531.0,9.0,,138.886,0.0,0.0,9.0,0.687,,,0.0,1.0,,True,completed
190108_434_0,pkw,27498.0,27531.0,33.0,,434.895,0.0,0.0,33.0,3.657,,,0.0,1.0,,True,completed
243777_453_0,pkw,27492.0,27531.0,39.0,,428.404,0.0,0.0,39.0,10.684,,,0.0,1.0,,True,completed
191252_435_0,pkw,27505.0,27537.0,32.0,,425.951,0.0,0.0,32.0,1.27,,,0.0,1.0,,True,completed
187455_433_0,pkw,27529.0,27539.0,10.0,,151.65,0.0,0.0,10.0,0.842,,,0.0,1.0,,True,completed
186446_432_0,pkw,27531.0,27542.0,11.0,,151.115,0.0,0.0,11.0,1.022,,,0.0,1.0,,True,completed
196690_436_0,pkw,27531.0,27544.0,13.0,,163.079,0.0,0.0,13.0,3.063,,,0.0,1.0,,True,completed
223106_449_0,pkw,27533.0,27547.0,14.0,,152.985,0.0,0.0,14.0,4.336,,,0.0,1.0,,True,completed
129232_408_0,pkw,27519.0,27553.0,34.0,,431.95,0.0,0.0,34.0,1.524,,,0.0,1.0,,True,completed
96554_395_0,pkw,27521.0,27554.0,33.0,,437.367,0.0,0.0,33.0,1.685,,,0.0,1.0,,True,completed
179543_430_0,pkw,27545.0,27556.0,11.0,,149.567,0.0,0.0,11.0,0.69,,,0.0,1.0,,True,completed
156605_420_0,pkw,27537.0,27559.0,22.0,,156.767,3.0,3.0,19.0,10.775,,,0.1364,0.8636,,True,completed
225840_450_0,pkw,27539.0,27561.0,22.0,,156.145,3.0,3.0,19.0,11.719,,,0.1364,0.8636,,True,completed
108657_400_0,pkw,27541.0,27564.0,23.0,,170.375,2.0,2.0,21.0,10.937,,,0.087,0.913,,True,completed
119154_405_0,pkw,27543.0,27565.0,22.0,,162.491,1.0,1.0,21.0,11.118,,,0.0455,0.9545,,True,completed
255204_459_0,pkw,27546.0,27566.0,20.0,,152.41,0.0,0.0,20.0,10.171,,,0.0,1.0,,True,completed
191095_435_0,pkw,27548.0,27568.0,20.0,,160.718,0.0,0.0,20.0,9.289,,,0.0,1.0,,True,completed
264264_463_0,pkw,27494.0,27568.0,74.0,,357.734,38.0,38.0,36.0,50.803,,,0.5135,0.4865,,True,completed
90524_391_0,pkw,27538.0,27572.0,34.0,,187.807,16.0,16.0,18.0,22.969,,,0.4706,0.5294,,True,completed
113765_402_0,pkw,27522.0,27573.0,51.0,,184.335,30.0,30.0,21.0,40.695,,,0.5882,0.4118,,True,completed
241905_452_0,pkw,27544.0,27573.0,29.0,,180.453,9.0,9.0,20.0,18.27,,,0.3103,0.6897,,True,completed
221232_448_0,pkw,27543.0,27574.0,31.0,,184.246,12.0,12.0,19.0,19.742,,,0.3871,0.6129,,True,completed
238345_451_0,pkw,27548.0,27575.0,27.0,,185.542,8.0,8.0,19.0,14.893,,,0.2963,0.7037,,True,completed
146055_416_0,pkw,27524.0,27581.0,57.0,,442.322,14.0,14.0,43.0,22.334,,,0.2456,0.7544,,True,completed
192264_435_0,pkw,27550.0,27581.0,31.0,,161.738,6.0,6.0,25.0,20.442,,,0.1935,0.8065,,True,completed
195112_436_0,pkw,27531.0,27582.0,51.0,,428.442,11.0,11.0,40.0,21.473,,,0.2157,0.7843,,True,completed
235632_451_0,pkw,27554.0,27584.0,30.0,,156.297,5.0,5.0,25.0,20.848,,,0.1667,0.8333,,True,completed
192959_435_0,pkw,27551.0,27585.0,34.0,,430.062,0.0,0.0,34.0,2.418,,,0.0,1.0,,True,completed
189908_434_0,pkw,27556.0,27586.0,30.0,,164.165,5.0,5.0,25.0,18.59,,,0.1667,0.8333,,True,completed
250910_457_0,pkw,27553.0,27587.0,34.0,,439.259,0.0,0.0,34.0,7.424,,,0.0,1.0,,True,completed
203421_439_0,pkw,27559.0,27590.0,31.0,,434.871,0.0,0.0,31.0,3.281,,,0.0,1.0,,True,completed
97744_395_0,pkw,27556.0,27590.0,34.0,,427.017,0.0,0.0,34.0,1.62,,,0.0,1.0,,True,completed
234426_451_0,pkw,27563.0,27596.0,33.0,,434.406,0.0,0.0,33.0,1.636,,,0.0,1.0,,True,completed
240889_452_0,pkw,27576.0,27601.0,25.0,,199.235,6.0,6.0,19.0,14.773,,,0.24,0.76,,True,completed
118317_405_0,pkw,27558.0,27602.0,44.0,,168.839,14.0,14.0,30.0,33.592,,,0.3182,0.6818,,True,completed
196403_436_0,pkw,27561.0,27603.0,42.0,,158.097,13.0,13.0,29.0,30.909,,,0.3095,0.6905,,True,completed
227710_450_0,pkw,27577.0,27603.0,26.0,,201.025,5.0,5.0,21.0,13.994,,,0.1923,0.8077,,True,completed
199938_437_0,pkw,27582.0,27604.0,22.0,,191.68,1.0,1.0,21.0,11.647,,,0.0455,0.9545,,True,completed
194955_436_0,pkw,27586.0,27606.0,20.0,,188.706,0.0,0.0,20.0,8.609,,,0.0,1.0,,True,completed
198488_436_0,pkw,27593.0,27606.0,13.0,,187.042,0.0,0.0,13.0,0.603,,,0.0,1.0,,True,completed
211923_442_0,pkw,27579.0,27606.0,27.0,,191.874,7.0,7.0,20.0,16.287,,,0.2593,0.7407,,True,completed
158244_421_0,pkw,27590.0,27609.0,19.0,,200.837,0.0,0.0,19.0,4.079,,,0.0,1.0,,True,completed
245164_454_0,pkw,27584.0,27609.0,25.0,,194.628,3.0,3.0,22.0,13.415,,,0.12,0.88,,True,completed
243602_453_0,pkw,27574.0,27611.0,37.0,,432.069,0.0,0.0,37.0,1.817,,,0.0,1.0,,True,completed
228656_450_0,pkw,27572.0,27612.0,40.0,,443.617,1.0,1.0,39.0,7.805,,,0.025,0.975,,True,completed
179939_430_0,pkw,27583.0,27613.0,30.0,,431.444,0.0,0.0,30.0,1.254,,,0.0,1.0,,True,completed
243625_453_0,pkw,27585.0,27615.0,30.0,,425.149,0.0,0.0,30.0,0.988,,,0.0,1.0,,True,completed
203061_439_0,pkw,27594.0,27621.0,27.0,,190.011,6.0,6.0,21.0,17.201,,,0.2222,0.7778,,True,completed
124484_406_0,pkw,27564.0,27622.0,58.0,,169.149,23.0,23.0,35.0,46.377,,,0.3966,0.6034,,True,completed
171608_426_0,pkw,27596.0,27623.0,27.0,,195.435,5.0,5.0,22.0,15.608,,,0.1852,0.8148,,True,completed
247351_455_0,pkw,27581.0,27623.0,42.0,,157.3,16.0,16.0,26.0,32.193,,,0.381,0.619,,True,completed
181872_431_0,pkw,27601.0,27625.0,24.0,,192.657,0.0,0.0,24.0,13.718,,,0.0,1.0,,True,completed
213025_443_0,pkw,27608.0,27627.0,19.0,,199.784,0.0,1.0,18.0,6.856,,,0.0526,0.9474,,True,completed
235084_451_0,pkw,27584.0,27627.0,43.0,,196.868,11.0,11.0,32.0,31.966,,,0.2558,0.7442,,True,completed
141959_415_0,pkw,27588.0,27629.0,41.0,,189.936,8.0,8.0,33.0,27.395,,,0.1951,0.8049,,True,completed
100271_396_0,pkw,27554.0,27633.0,79.0,,190.424,53.0,53.0,26.0,67.041,,,0.6709,0.3291,,True,completed
199552_437_0,pkw,27567.0,27634.0,67.0,,182.898,38.0,38.0,29.0,56.078,,,0.5672,0.4328,,True,completed
83081_390_0,pkw,27597.0,27636.0,39.0,,186.17,18.0,18.0,21.0,29.026,,,0.4615,0.5385,,True,completed
256203_460_0,pkw,27607.0,27638.0,31.0,,406.338,0.0,0.0,31.0,3.898,,,0.0,1.0,,True,completed
144828_416_0,pkw,27590.0,27641.0,51.0,,191.755,12.0,12.0,39.0,40.525,,,0.2353,0.7647,,True,completed
184890_431_0,pkw,27615.0,27641.0,26.0,,197.894,6.0,6.0,20.0,12.974,,,0.2308,0.7692,,True,completed
224285_449_0,pkw,27621.0,27642.0,21.0,,188.518,0.0,0.0,21.0,10.001,,,0.0,1.0,,True,completed
159141_421_0,pkw,27612.0,27644.0,32.0,,203.126,4.0,4.0,28.0,20.439,,,0.125,0.875,,True,completed
168639_425_0,pkw,27622.0,27644.0,22.0,,196.529,0.0,0.0,22.0,9.945,,,0.0,1.0,,True,completed
209347_441_0,pkw,27592.0,27644.0,52.0,,190.344,12.0,12.0,40.0,40.969,,,0.2308,0.7692,,True,completed
178643_430_0,pkw,27626.0,27645.0,19.0,,187.506,0.0,0.0,19.0,8.242,,,0.0,1.0,,True,completed
153791_420_0,pkw,27623.0,27646.0,23.0,,199.736,0.0,0.0,23.0,11.563,,,0.0,1.0,,True,completed
235176_451_0,pkw,27630.0,27647.0,17.0,,189.59,0.0,0.0,17.0,6.465,,,0.0,1.0,,True,completed
179003_430_0,pkw,27584.0,27651.0,67.0,,160.87,37.0,37.0,30.0,56.092,,,0.5522,0.4478,,True,completed
165528_423_0,pkw,27590.0,27653.0,63.0,,161.416,32.0,33.0,30.0,53.666,,,0.5238,0.4762,,True,completed
128376_408_0,pkw,27593.0,27655.0,62.0,,169.518,30.0,30.0,32.0,50.402,,,0.4839,0.5161,,True,completed
233874_451_0,pkw,27598.0,27656.0,58.0,,158.793,26.0,26.0,32.0,46.43,,,0.4483,0.5517,,True,completed
163330_422_0,pkw,27583.0,27660.0,77.0,,434.414,38.0,38.0,39.0,44.819,,,0.4935,0.5065,,True,completed
210369_441_0,pkw,27600.0,27661.0,61.0,,430.255,22.0,22.0,39.0,28.331,,,0.3607,0.6393,,True,completed
246679_455_0,pkw,27586.0,27662.0,76.0,,433.616,33.0,33.0,43.0,41.74,,,0.4342,0.5658,,True,completed
172307_426_0,pkw,27602.0,27665.0,63.0,,433.06,9.0,9.0,54.0,16.854,,,0.1429,0.8571,,True,completed
161303_421_0,pkw,27622.0,27666.0,44.0,,425.975,4.0,4.0,40.0,15.463,,,0.0909,0.9091,,True,completed
180172_430_0,pkw,27632.0,27666.0,34.0,,435.559,0.0,0.0,34.0,7.587,,,0.0,1.0,,True,completed
200661_437_0,pkw,27630.0,27666.0,36.0,,434.107,0.0,0.0,36.0,3.261,,,0.0,1.0,,True,completed
118134_405_0,pkw,27599.0,27672.0,73.0,,182.777,44.0,44.0,29.0,61.164,,,0.6027,0.3973,,True,completed
270606_465_0,pkw,27625.0,27674.0,49.0,,163.826,21.0,22.0,27.0,38.837,,,0.449,0.551,,True,completed
239972_452_0,pkw,27630.0,27675.0,45.0,,156.098,18.0,18.0,27.0,33.694,,,0.4,0.6,,True,completed
217057_446_0,pkw,27658.0,27678.0,20.0,,142.319,3.0,3.0,17.0,10.07,,,0.15,0.85,,True,completed
116829_404_0,pkw,27601.0,27679.0,78.0,,189.455,43.0,43.0,35.0,66.713,,,0.5513,0.4487,,True,completed
142005_415_0,pkw,27660.0,27680.0,20.0,,145.454,2.0,2.0,18.0,10.868,,,0.1,0.9,,True,completed
180843_431_0,pkw,27634.0,27681.0,47.0,,199.86,26.0,26.0,21.0,36.608,,,0.5532,0.4468,,True,completed
266204_464_0,pkw,27638.0,27681.0,43.0,,192.84,21.0,21.0,22.0,32.13,,,0.4884,0.5116,,True,completed
234904_451_0,pkw,27662.0,27682.0,20.0,,149.872,0.0,0.0,20.0,10.189,,,0.0,1.0,,True,completed
136424_411_0,pkw,27645.0,27683.0,38.0,,194.078,17.0,17.0,21.0,28.281,,,0.4474,0.5526,,True,completed
168899_425_0,pkw,27637.0,27683.0,46.0,,203.017,24.0,24.0,22.0,33.729,,,0.5217,0.4783,,True,completed
204034_439_0,pkw,27649.0,27684.0,35.0,,189.96,11.0,12.0,23.0,23.247,,,0.3429,0.6571,,True,completed
86506_391_0,pkw,27603.0,27687.0,84.0,,178.439,46.0,46.0,38.0,74.428,,,0.5476,0.4524,,True,completed
207900_441_0,pkw,27635.0,27690.0,55.0,,433.213,15.0,15.0,40.0,26.296,,,0.2727,0.7273,,True,completed
141916_415_0,pkw,27637.0,27691.0,54.0,,431.212,15.0,15.0,39.0,22.733,,,0.2778,0.7222,,True,completed
212251_442_0,pkw,27642.0,27692.0,50.0,,429.404,12.0,12.0,38.0,21.572,,,0.24,0.76,,True,completed
107922_400_0,pkw,27639.0,27693.0,54.0,,433.048,14.0,14.0,40.0,22.196,,,0.2593,0.7407,,True,completed
195696_436_0,pkw,27645.0,27694.0,49.0,,425.81,11.0,11.0,38.0,19.088,,,0.2245,0.7755,,True,completed
167003_424_0,pkw,27649.0,27695.0,46.0,,428.048,2.0,2.0,44.0,9.941,,,0.0435,0.9565,,True,completed
250949_457_0,pkw,27660.0,27696.0,36.0,,439.017,0.0,0.0,36.0,5.591,,,0.0,1.0,,True,completed
177151_429_0,pkw,27632.0,27701.0,69.0,,164.419,36.0,36.0,33.0,60.083,,,0.5217,0.4783,,True,completed
238249_451_0,pkw,27646.0,27702.0,56.0,,152.433,27.0,27.0,29.0,45.859,,,0.4821,0.5179,,True,completed
197410_436_0,pkw,27611.0,27707.0,96.0,,186.264,58.0,58.0,38.0,86.503,,,0.6042,0.3958,,True,completed
157882_421_0,pkw,27651.0,27711.0,60.0,,157.893,29.0,29.0,31.0,48.781,,,0.4833,0.5167,,True,completed
231790_451_0,pkw,27653.0,27713.0,60.0,,158.66,26.0,26.0,34.0,48.828,,,0.4333,0.5667,,True,completed
252222_457_0,pkw,27656.0,27715.0,59.0,,164.002,25.0,25.0,34.0,48.316,,,0.4237,0.5763,,True,completed
260830_461_0,pkw,27674.0,27717.0,43.0,,167.84,10.0,11.0,32.0,31.982,,,0.2558,0.7442,,True,completed
107911_400_0,pkw,27677.0,27719.0,42.0,,160.105,7.0,7.0,35.0,28.903,,,0.1667,0.8333,,True,completed
136371_411_0,pkw,27680.0,27721.0,41.0,,169.397,7.0,7.0,34.0,30.429,,,0.1707,0.8293,,True,completed
202020_438_0,pkw,27683.0,27722.0,39.0,,159.892,5.0,5.0,34.0,27.751,,,0.1282,0.8718,,True,completed
209919_441_0,pkw,27702.0,27724.0,22.0,,168.729,0.0,0.0,22.0,11.79,,,0.0,1.0,,True,completed
154920_420_0,pkw,27714.0,27725.0,11.0,,150.466,0.0,0.0,11.0,1.631,,,0.0,1.0,,True,completed
201027_437_0,pkw,27682.0,27730.0,48.0,,425.703,8.0,8.0,40.0,16.736,,,0.1667,0.8333,,True,completed
227841_450_0,pkw,27662.0,27730.0,68.0,,435.003,29.0,29.0,39.0,43.588,,,0.4265,0.5735,,True,completed
189864_434_0,pkw,27667.0,27732.0,65.0,,437.4,29.0,29.0,36.0,37.489,,,0.4462,0.5538,,True,completed
216082_445_0,pkw,27697.0,27734.0,37.0,,436.868,0.0,0.0,37.0,7.329,,,0.0,1.0,,True,completed
219229_446_0,pkw,27688.0,27734.0,46.0,,463.491,1.0,1.0,45.0,8.736,,,0.0217,0.9783,,True,completed
245045_453_0,pkw,27703.0,27735.0,32.0,,427.616,0.0,0.0,32.0,2.558,,,0.0,1.0,,True,completed
216370_445_0,pkw,27691.0,27737.0,46.0,,461.052,0.0,0.0,46.0,9.751,,,0.0,1.0,,True,completed
170077_426_0,pkw,27718.0,27742.0,24.0,,154.67,5.0,5.0,19.0,15.17,,,0.2083,0.7917,,True,completed
143000_415_0,pkw,27721.0,27744.0,23.0,,158.426,3.0,3.0,20.0,11.561,,,0.1304,0.8696,,True,completed
204325_440_0,pkw,27638.0,27748.0,110.0,,194.591,76.0,78.0,32.0,99.573,,,0.7091,0.2909,,True,completed
209414_441_0,pkw,27718.0,27750.0,32.0,,430.429,0.0,0.0,32.0,1.591,,,0.0,1.0,,True,completed
234986_451_0,pkw,27645.0,27751.0,106.0,,195.103,68.0,68.0,38.0,92.272,,,0.6415,0.3585,,True,completed
243434_452_0,pkw,27647.0,27752.0,105.0,,186.092,66.0,66.0,39.0,95.007,,,0.6286,0.3714,,True,completed
158340_421_0,pkw,27649.0,27754.0,105.0,,192.321,67.0,67.0,38.0,92.885,,,0.6381,0.3619,,True,completed
82661_389_0,pkw,27651.0,27757.0,106.0,,191.922,56.0,56.0,50.0,95.584,,,0.5283,0.4717,,True,completed
142312_415_0,pkw,27653.0,27760.0,107.0,,193.677,53.0,53.0,54.0,94.141,,,0.4953,0.5047,,True,completed
265895_464_0,pkw,27720.0,27760.0,40.0,,427.539,0.0,0.0,40.0,8.695,,,0.0,1.0,,True,completed
244405_453_0,pkw,27707.0,27761.0,54.0,,427.471,10.0,10.0,44.0,25.803,,,0.1852,0.8148,,True,completed
247971_455_0,pkw,27705.0,27761.0,56.0,,433.908,11.0,11.0,45.0,18.994,,,0.1964,0.8036,,True,completed
233343_451_0,pkw,27732.0,27763.0,31.0,,428.019,0.0,0.0,31.0,1.247,,,0.0,1.0,,True,completed
267402_464_0,pkw,27709.0,27763.0,54.0,,431.712,10.0,10.0,44.0,23.584,,,0.1852,0.8148,,True,completed
259106_461_0,pkw,27727.0,27765.0,38.0,,437.243,0.0,0.0,38.0,8.26,,,0.0,1.0,,True,completed
179815_430_0,pkw,27655.0,27771.0,116.0,,182.614,49.0,59.0,57.0,106.243,,,0.5086,0.4914,,True,completed
148428_417_0,pkw,27657.0,27773.0,116.0,,183.996,48.0,58.0,58.0,104.378,,,0.5,0.5,,True,completed
266025_464_0,pkw,27641.0,27777.0,136.0,,671.506,45.0,51.0,85.0,86.345,,,0.375,0.625,,True,completed
197127_436_0,pkw,27665.0,27779.0,114.0,,194.468,61.0,69.0,45.0,104.992,,,0.6053,0.3947,,True,completed
138857_413_0,pkw,27736.0,27780.0,44.0,,426.756,6.0,6.0,38.0,13.04,,,0.1364,0.8636,,True,completed
220359_447_0,pkw,27741.0,27780.0,39.0,,433.13,1.0,1.0,38.0,6.879,,,0.0256,0.9744,,True,completed
263211_462_0,pkw,27744.0,27781.0,37.0,,423.936,0.0,0.0,37.0,9.616,,,0.0,1.0,,True,completed
110504_401_0,pkw,27742.0,27783.0,41.0,,428.591,0.0,0.0,41.0,13.421,,,0.0,1.0,,True,completed
179963_430_0,pkw,27747.0,27783.0,36.0,,428.716,0.0,0.0,36.0,5.78,,,0.0,1.0,,True,completed
219903_447_0,pkw,27739.0,27783.0,44.0,,431.169,0.0,0.0,44.0,6.523,,,0.0,1.0,,True,completed
175141_428_0,pkw,27749.0,27785.0,36.0,,435.257,0.0,0.0,36.0,4.224,,,0.0,1.0,,True,completed
206544_440_0,pkw,27746.0,27786.0,40.0,,433.713,0.0,0.0,40.0,8.566,,,0.0,1.0,,True,completed
213302_443_0,pkw,27751.0,27787.0,36.0,,437.613,0.0,0.0,36.0,4.473,,,0.0,1.0,,True,completed
198556_436_0,pkw,27667.0,27790.0,123.0,,178.19,62.0,72.0,51.0,112.97,,,0.5854,0.4146,,True,completed
122055_406_0,pkw,27669.0,27792.0,123.0,,186.59,60.0,68.0,55.0,113.771,,,0.5528,0.4472,,True,completed
188278_433_0,pkw,27693.0,27796.0,103.0,,193.091,61.0,61.0,42.0,91.742,,,0.5922,0.4078,,True,completed
203697_439_0,pkw,27753.0,27800.0,47.0,,439.97,7.0,7.0,40.0,16.791,,,0.1489,0.8511,,True,completed
192037_435_0,pkw,27756.0,27802.0,46.0,,428.008,5.0,5.0,41.0,18.531,,,0.1087,0.8913,,True,completed
120014_405_0,pkw,27755.0,27803.0,48.0,,431.162,10.0,10.0,38.0,16.801,,,0.2083,0.7917,,True,completed
198727_436_0,pkw,27662.0,27803.0,141.0,,465.054,37.0,62.0,79.0,101.404,,,0.4397,0.5603,,True,completed
238908_451_0,pkw,27760.0,27804.0,44.0,,425.054,8.0,8.0,36.0,16.448,,,0.1818,0.8182,,True,completed
252867_458_0,pkw,27758.0,27804.0,46.0,,430.538,3.0,3.0,43.0,16.617,,,0.0652,0.9348,,True,completed
193845_435_0,pkw,27769.0,27806.0,37.0,,437.907,0.0,0.0,37.0,7.344,,,0.0,1.0,,True,completed
202100_438_0,pkw,27765.0,27807.0,42.0,,436.811,0.0,0.0,42.0,8.63,,,0.0,1.0,,True,completed
225137_449_0,pkw,27770.0,27808.0,38.0,,441.262,0.0,0.0,38.0,6.406,,,0.0,1.0,,True,completed
184237_431_0,pkw,27772.0,27809.0,37.0,,432.502,0.0,0.0,37.0,9.578,,,0.0,1.0,,True,completed
211205_442_0,pkw,27766.0,27810.0,44.0,,459.533,0.0,0.0,44.0,6.38,,,0.0,1.0,,True,completed
182295_431_0,pkw,27768.0,27811.0,43.0,,450.18,0.0,0.0,43.0,8.622,,,0.0,1.0,,True,completed
77659_386_0,pkw,27774.0,27811.0,37.0,,439.603,0.0,0.0,37.0,3.02,,,0.0,1.0,,True,completed
198676_436_0,pkw,27776.0,27812.0,36.0,,430.713,0.0,0.0,36.0,9.553,,,0.0,1.0,,True,completed
208046_441_0,pkw,27774.0,27812.0,38.0,,434.557,0.0,0.0,38.0,6.834,,,0.0,1.0,,True,completed
148137_417_0,pkw,27685.0,27815.0,130.0,,467.623,43.0,58.0,72.0,98.677,,,0.4462,0.5538,,True,completed
131469_410_0,pkw,27716.0,27820.0,104.0,,461.652,44.0,44.0,60.0,73.796,,,0.4231,0.5769,,True,completed
216121_445_0,pkw,27787.0,27821.0,34.0,,459.79,0.0,0.0,34.0,6.098,,,0.0,1.0,,True,completed
223231_449_0,pkw,27788.0,27821.0,33.0,,433.65,0.0,0.0,33.0,7.353,,,0.0,1.0,,True,completed
261734_461_0,pkw,27784.0,27822.0,38.0,,434.994,0.0,0.0,38.0,2.338,,,0.0,1.0,,True,completed
231519_451_0,pkw,27786.0,27824.0,38.0,,438.593,0.0,0.0,38.0,2.252,,,0.0,1.0,,True,completed
238407_451_0,pkw,27792.0,27824.0,32.0,,425.781,0.0,0.0,32.0,1.745,,,0.0,1.0,,True,completed
219025_446_0,pkw,27792.0,27831.0,39.0,,163.32,21.0,21.0,18.0,27.505,,,0.5385,0.4615,,True,completed
220709_447_0,pkw,27733.0,27831.0,98.0,,190.95,77.0,77.0,21.0,86.341,,,0.7857,0.2143,,True,completed
140435_414_0,pkw,27796.0,27833.0,37.0,,196.985,13.0,14.0,23.0,25.658,,,0.3784,0.6216,,True,completed
268789_465_0,pkw,27774.0,27833.0,59.0,,202.708,39.0,39.0,20.0,48.151,,,0.661,0.339,,True,completed
134094_411_0,pkw,27811.0,27835.0,24.0,,201.858,0.0,1.0,23.0,13.161,,,0.0417,0.9583,,True,completed
196961_436_0,pkw,27799.0,27835.0,36.0,,194.063,10.0,10.0,26.0,22.66,,,0.2778,0.7222,,True,completed
157354_421_0,pkw,27804.0,27837.0,33.0,,199.373,6.0,7.0,26.0,19.867,,,0.2121,0.7879,,True,completed
241723_452_0,pkw,27815.0,27838.0,23.0,,203.408,0.0,0.0,23.0,6.765,,,0.0,1.0,,True,completed
244628_453_0,pkw,27817.0,27838.0,21.0,,190.731,0.0,1.0,20.0,10.689,,,0.0476,0.9524,,True,completed
142640_415_0,pkw,27821.0,27839.0,18.0,,194.955,0.0,0.0,18.0,8.966,,,0.0,1.0,,True,completed
141260_415_0,pkw,27793.0,27842.0,49.0,,430.798,6.0,6.0,43.0,15.138,,,0.1224,0.8776,,True,completed
180849_431_0,pkw,27795.0,27844.0,49.0,,432.386,4.0,4.0,45.0,16.098,,,0.0816,0.9184,,True,completed
179656_430_0,pkw,27801.0,27846.0,45.0,,432.827,7.0,7.0,38.0,15.836,,,0.1556,0.8444,,True,completed
236097_451_0,pkw,27804.0,27846.0,42.0,,441.481,0.0,0.0,42.0,8.771,,,0.0,1.0,,True,completed
210990_442_0,pkw,27807.0,27847.0,40.0,,432.153,0.0,0.0,40.0,10.649,,,0.0,1.0,,True,completed
237810_451_0,pkw,27805.0,27848.0,43.0,,425.319,3.0,3.0,40.0,13.433,,,0.0698,0.9302,,True,completed
213088_443_0,pkw,27809.0,27849.0,40.0,,441.527,0.0,0.0,40.0,9.969,,,0.0,1.0,,True,completed
131349_410_0,pkw,27811.0,27850.0,39.0,,430.67,0.0,0.0,39.0,5.185,,,0.0,1.0,,True,completed
233479_451_0,pkw,27813.0,27852.0,39.0,,439.17,0.0,0.0,39.0,6.754,,,0.0,1.0,,True,completed
118292_405_0,pkw,27842.0,27853.0,11.0,,144.151,0.0,0.0,11.0,0.811,,,0.0,1.0,,True,completed
232421_451_0,pkw,27815.0,27853.0,38.0,,427.553,0.0,0.0,38.0,11.246,,,0.0,1.0,,True,completed
244285_453_0,pkw,27818.0,27855.0,37.0,,438.719,0.0,0.0,37.0,8.657,,,0.0,1.0,,True,completed
85760_390_0,pkw,27844.0,27855.0,11.0,,153.781,0.0,0.0,11.0,1.371,,,0.0,1.0,,True,completed
269546_465_0,pkw,27812.0,27857.0,45.0,,461.478,2.0,2.0,43.0,14.134,,,0.0444,0.9556,,True,completed
184591_431_0,pkw,27816.0,27858.0,42.0,,432.487,0.0,0.0,42.0,10.578,,,0.0,1.0,,True,completed
196953_436_0,pkw,27827.0,27861.0,34.0,,200.064,14.0,14.0,20.0,22.679,,,0.4118,0.5882,,True,completed
219770_447_0,pkw,27823.0,27861.0,38.0,,191.137,16.0,16.0,22.0,28.565,,,0.4211,0.5789,,True,completed
188890_434_0,pkw,27829.0,27863.0,34.0,,198.878,14.0,14.0,20.0,21.87,,,0.4118,0.5882,,True,completed
191823_435_0,pkw,27836.0,27863.0,27.0,,199.113,3.0,3.0,24.0,14.665,,,0.1111,0.8889,,True,completed
240674_452_0,pkw,27841.0,27865.0,24.0,,200.889,0.0,1.0,23.0,12.26,,,0.0417,0.9583,,True,completed
215445_445_0,pkw,27849.0,27866.0,17.0,,203.553,0.0,1.0,16.0,7.473,,,0.0588,0.9412,,True,completed
262023_461_0,pkw,27844.0,27866.0,22.0,,169.868,0.0,0.0,22.0,11.634,,,0.0,1.0,,True,completed
103910_397_0,pkw,27757.0,27867.0,110.0,,457.504,38.0,41.0,69.0,72.889,,,0.3727,0.6273,,True,completed
204768_440_0,pkw,27759.0,27868.0,109.0,,457.247,35.0,36.0,73.0,73.267,,,0.3303,0.6697,,True,completed
218695_446_0,pkw,27820.0,27871.0,51.0,,441.843,9.0,10.0,41.0,21.073,,,0.1961,0.8039,,True,completed
262726_462_0,pkw,27816.0,27871.0,55.0,,425.443,10.0,10.0,45.0,20.635,,,0.1818,0.8182,,True,completed
180378_430_0,pkw,27822.0,27872.0,50.0,,431.401,8.0,8.0,42.0,19.854,,,0.16,0.84,,True,completed
248573_456_0,pkw,27827.0,27874.0,47.0,,430.264,8.0,8.0,39.0,17.737,,,0.1702,0.8298,,True,completed
262601_462_0,pkw,27835.0,27874.0,39.0,,442.075,4.0,4.0,35.0,13.561,,,0.1026,0.8974,,True,completed
183959_431_0,pkw,27843.0,27875.0,32.0,,431.421,0.0,0.0,32.0,2.731,,,0.0,1.0,,True,completed
212053_442_0,pkw,27839.0,27876.0,37.0,,435.141,0.0,0.0,37.0,1.702,,,0.0,1.0,,True,completed
241894_452_0,pkw,27847.0,27879.0,32.0,,428.282,0.0,0.0,32.0,1.539,,,0.0,1.0,,True,completed
190075_434_0,pkw,27850.0,27882.0,32.0,,427.805,0.0,0.0,32.0,1.709,,,0.0,1.0,,True,completed
213498_444_0,pkw,27852.0,27886.0,34.0,,431.611,0.0,0.0,34.0,1.886,,,0.0,1.0,,True,completed
98961_396_0,pkw,27849.0,27886.0,37.0,,445.797,0.0,0.0,37.0,2.389,,,0.0,1.0,,True,completed
149367_417_0,pkw,27852.0,27890.0,38.0,,185.98,19.0,20.0,18.0,26.426,,,0.5263,0.4737,,True,completed
166906_424_0,pkw,27856.0,27892.0,36.0,,203.56,14.0,14.0,22.0,23.752,,,0.3889,0.6111,,True,completed
196263_436_0,pkw,27829.0,27892.0,63.0,,460.937,15.0,15.0,48.0,29.757,,,0.2381,0.7619,,True,completed
210089_441_0,pkw,27823.0,27892.0,69.0,,703.288,10.0,10.0,59.0,23.033,,,0.1449,0.8551,,True,completed
245459_454_0,pkw,27860.0,27892.0,32.0,,190.334,14.0,14.0,18.0,21.578,,,0.4375,0.5625,,True,completed
200401_437_0,pkw,27862.0,27893.0,31.0,,188.613,10.0,10.0,21.0,18.85,,,0.3226,0.6774,,True,completed
211632_442_0,pkw,27872.0,27894.0,22.0,,190.792,0.0,1.0,21.0,12.229,,,0.0455,0.9545,,True,completed
165327_423_0,pkw,27832.0,27895.0,63.0,,703.208,5.0,5.0,58.0,14.579,,,0.0794,0.9206,,True,completed
109459_401_0,pkw,27875.0,27896.0,21.0,,201.297,0.0,0.0,21.0,9.679,,,0.0,1.0,,True,completed
114529_402_0,pkw,27870.0,27896.0,26.0,,168.927,1.0,1.0,25.0,14.683,,,0.0385,0.9615,,True,completed
163322_422_0,pkw,27881.0,27897.0,16.0,,190.464,0.0,0.0,16.0,4.822,,,0.0,1.0,,True,completed
222452_448_0,pkw,27834.0,27897.0,63.0,,697.551,4.0,4.0,59.0,14.154,,,0.0635,0.9365,,True,completed
212613_443_0,pkw,27878.0,27898.0,20.0,,169.865,0.0,0.0,20.0,8.18,,,0.0,1.0,,True,completed
144378_416_0,pkw,27879.0,27902.0,23.0,,192.894,3.0,3.0,20.0,11.612,,,0.1304,0.8696,,True,completed
215528_445_0,pkw,27853.0,27902.0,49.0,,432.867,11.0,12.0,37.0,20.374,,,0.2449,0.7551,,True,completed
264022_463_0,pkw,27864.0,27902.0,38.0,,432.282,0.0,0.0,38.0,5.803,,,0.0,1.0,,True,completed
118864_405_0,pkw,27867.0,27904.0,37.0,,432.811,0.0,0.0,37.0,3.272,,,0.0,1.0,,True,completed
193139_435_0,pkw,27856.0,27904.0,48.0,,438.588,10.0,10.0,38.0,17.529,,,0.2083,0.7917,,True,completed
190180_434_0,pkw,27889.0,27908.0,19.0,,138.964,4.0,4.0,15.0,9.651,,,0.2105,0.7895,,True,completed
261319_461_0,pkw,27883.0,27911.0,28.0,,197.991,8.0,8.0,20.0,17.919,,,0.2857,0.7143,,True,completed
150838_418_0,pkw,27895.0,27912.0,17.0,,192.166,0.0,0.0,17.0,6.375,,,0.0,1.0,,True,completed
235489_451_0,pkw,27888.0,27913.0,25.0,,185.48,7.0,7.0,18.0,14.394,,,0.28,0.72,,True,completed
112564_401_0,pkw,27900.0,27914.0,14.0,,196.212,0.0,0.0,14.0,2.3,,,0.0,1.0,,True,completed
248908_456_0,pkw,27897.0,27915.0,18.0,,179.185,0.0,0.0,18.0,7.471,,,0.0,1.0,,True,completed
231031_450_0,pkw,27874.0,27920.0,46.0,,441.635,5.0,5.0,41.0,11.514,,,0.1087,0.8913,,True,completed
243275_452_0,pkw,27881.0,27921.0,40.0,,429.198,4.0,4.0,36.0,12.246,,,0.1,0.9,,True,completed
250378_456_0,pkw,27887.0,27923.0,36.0,,436.692,0.0,0.0,36.0,8.898,,,0.0,1.0,,True,completed
226991_450_0,pkw,27891.0,27928.0,37.0,,428.93,0.0,0.0,37.0,1.908,,,0.0,1.0,,True,completed
259376_461_0,pkw,27897.0,27929.0,32.0,,434.107,0.0,0.0,32.0,1.661,,,0.0,1.0,,True,completed
255723_460_0,pkw,27900.0,27931.0,31.0,,427.919,0.0,0.0,31.0,1.685,,,0.0,1.0,,True,completed
241913_452_0,pkw,27886.0,27937.0,51.0,,465.432,7.0,7.0,44.0,13.589,,,0.1373,0.8627,,True,completed
54426_371_0,pkw,27928.0,27938.0,10.0,,195.635,0.0,0.0,10.0,0.264,,,0.0,1.0,,True,completed
230168_450_0,pkw,27913.0,27941.0,28.0,,190.293,9.0,9.0,19.0,18.913,,,0.3214,0.6786,,True,completed
218049_446_0,pkw,27923.0,27942.0,19.0,,188.324,0.0,0.0,19.0,7.298,,,0.0,1.0,,True,completed
110772_401_0,pkw,27920.0,27943.0,23.0,,194.332,0.0,0.0,23.0,11.657,,,0.0,1.0,,True,completed
198494_436_0,pkw,27927.0,27945.0,18.0,,199.238,0.0,0.0,18.0,5.083,,,0.0,1.0,,True,completed
254314_459_0,pkw,27910.0,27948.0,38.0,,436.774,0.0,0.0,38.0,4.034,,,0.0,1.0,,True,completed
135934_411_0,pkw,27925.0,27961.0,36.0,,443.931,0.0,0.0,36.0,2.095,,,0.0,1.0,,True,completed
204235_440_0,pkw,27927.0,27962.0,35.0,,436.362,0.0,0.0,35.0,4.799,,,0.0,1.0,,True,completed
239308_451_0,pkw,27935.0,27968.0,33.0,,434.223,0.0,0.0,33.0,2.165,,,0.0,1.0,,True,completed
248160_455_0,pkw,27937.0,27968.0,31.0,,426.578,0.0,0.0,31.0,1.76,,,0.0,1.0,,True,completed
183954_431_0,pkw,27911.0,27970.0,59.0,,700.712,0.0,0.0,59.0,8.21,,,0.0,1.0,,True,completed
274043_467_0,pkw,27944.0,27977.0,33.0,,445.381,0.0,0.0,33.0,1.874,,,0.0,1.0,,True,completed
269667_465_0,pkw,27946.0,27981.0,35.0,,438.412,0.0,0.0,35.0,2.436,,,0.0,1.0,,True,completed
78515_387_0,pkw,27950.0,27986.0,36.0,,446.05,0.0,0.0,36.0,2.064,,,0.0,1.0,,True,completed
270659_466_0,pkw,27952.0,27987.0,35.0,,437.703,0.0,0.0,35.0,5.36,,,0.0,1.0,,True,completed
262168_462_0,pkw,27957.0,27990.0,33.0,,434.101,0.0,0.0,33.0,1.943,,,0.0,1.0,,True,completed
251011_457_0,pkw,27959.0,27992.0,33.0,,443.904,0.0,0.0,33.0,3.065,,,0.0,1.0,,True,completed
183196_431_0,pkw,27961.0,27993.0,32.0,,433.81,0.0,0.0,32.0,6.448,,,0.0,1.0,,True,completed
152741_419_0,pkw,27947.0,27998.0,51.0,,691.291,0.0,0.0,51.0,4.235,,,0.0,1.0,,True,completed
164980_423_0,pkw,27985.0,27998.0,13.0,,197.466,0.0,0.0,13.0,2.0,,,0.0,1.0,,True,completed
225089_449_0,pkw,27957.0,28001.0,44.0,,200.098,24.0,24.0,20.0,32.205,,,0.5455,0.4545,,True,completed
250236_456_0,pkw,27989.0,28019.0,30.0,,428.074,0.0,0.0,30.0,1.628,,,0.0,1.0,,True,completed
253740_458_0,pkw,27991.0,28025.0,34.0,,440.155,0.0,0.0,34.0,1.999,,,0.0,1.0,,True,completed
243617_453_0,pkw,27993.0,28031.0,38.0,,442.511,0.0,0.0,38.0,2.361,,,0.0,1.0,,True,completed
226344_450_0,pkw,27995.0,28032.0,37.0,,434.166,0.0,0.0,37.0,10.937,,,0.0,1.0,,True,completed
162223_421_0,pkw,27997.0,28034.0,37.0,,442.774,0.0,0.0,37.0,4.733,,,0.0,1.0,,True,completed
208005_441_0,pkw,27999.0,28035.0,36.0,,433.729,0.0,0.0,36.0,7.993,,,0.0,1.0,,True,completed
237039_451_0,pkw,28000.0,28037.0,37.0,,440.783,0.0,0.0,37.0,4.481,,,0.0,1.0,,True,completed
247391_455_0,pkw,28002.0,28038.0,36.0,,432.0,0.0,0.0,36.0,7.843,,,0.0,1.0,,True,completed
171784_426_0,pkw,28004.0,28040.0,36.0,,439.633,0.0,0.0,36.0,4.158,,,0.0,1.0,,True,completed
235273_451_0,pkw,28006.0,28042.0,36.0,,446.793,0.0,0.0,36.0,5.176,,,0.0,1.0,,True,completed
228790_450_0,pkw,28008.0,28043.0,35.0,,436.376,0.0,0.0,35.0,2.936,,,0.0,1.0,,True,completed
235200_451_0,pkw,28030.0,28051.0,21.0,,202.209,2.0,2.0,19.0,8.763,,,0.0952,0.9048,,True,completed
246710_455_0,pkw,28032.0,28051.0,19.0,,196.346,0.0,0.0,19.0,7.919,,,0.0,1.0,,True,completed
212453_443_0,pkw,28036.0,28052.0,16.0,,187.252,0.0,0.0,16.0,6.128,,,0.0,1.0,,True,completed
260867_461_0,pkw,28032.0,28052.0,20.0,,187.181,0.0,0.0,20.0,7.766,,,0.0,1.0,,True,completed
223553_449_0,pkw,28040.0,28055.0,15.0,,188.143,0.0,0.0,15.0,3.724,,,0.0,1.0,,True,completed
223854_449_0,pkw,28038.0,28055.0,17.0,,177.655,0.0,0.0,17.0,5.215,,,0.0,1.0,,True,completed
270405_465_0,pkw,28043.0,28056.0,13.0,,203.12,0.0,0.0,13.0,2.05,,,0.0,1.0,,True,completed
183270_431_0,pkw,28031.0,28064.0,33.0,,441.533,0.0,0.0,33.0,1.562,,,0.0,1.0,,True,completed
204088_439_0,pkw,28033.0,28065.0,32.0,,430.364,0.0,0.0,32.0,4.086,,,0.0,1.0,,True,completed
216920_446_0,pkw,28037.0,28065.0,28.0,,425.436,0.0,0.0,28.0,1.034,,,0.0,1.0,,True,completed
270102_465_0,pkw,28035.0,28067.0,32.0,,443.138,0.0,0.0,32.0,6.565,,,0.0,1.0,,True,completed
211579_442_0,pkw,28037.0,28071.0,34.0,,441.778,0.0,0.0,34.0,1.893,,,0.0,1.0,,True,completed
177898_430_0,pkw,28039.0,28072.0,33.0,,433.542,0.0,0.0,33.0,5.478,,,0.0,1.0,,True,completed
241118_452_0,pkw,28041.0,28074.0,33.0,,444.606,0.0,0.0,33.0,6.472,,,0.0,1.0,,True,completed
242389_452_0,pkw,28042.0,28075.0,33.0,,429.947,0.0,0.0,33.0,2.744,,,0.0,1.0,,True,completed
174994_428_0,pkw,28045.0,28081.0,36.0,,172.75,17.0,17.0,19.0,25.016,,,0.4722,0.5278,,True,completed
262563_462_0,pkw,28047.0,28084.0,37.0,,175.657,14.0,14.0,23.0,22.335,,,0.3784,0.6216,,True,completed
185436_432_0,pkw,28051.0,28085.0,34.0,,167.843,13.0,13.0,21.0,24.366,,,0.3824,0.6176,,True,completed
169791_426_0,pkw,28059.0,28086.0,27.0,,192.733,5.0,5.0,22.0,16.101,,,0.1852,0.8148,,True,completed
178886_430_0,pkw,28055.0,28087.0,32.0,,170.858,7.0,7.0,25.0,19.452,,,0.2188,0.7812,,True,completed
247873_455_0,pkw,28062.0,28088.0,26.0,,202.803,2.0,2.0,24.0,15.135,,,0.0769,0.9231,,True,completed
268385_465_0,pkw,28044.0,28091.0,47.0,,442.095,8.0,8.0,39.0,15.496,,,0.1702,0.8298,,True,completed
274349_467_0,pkw,28048.0,28091.0,43.0,,436.703,5.0,5.0,38.0,11.74,,,0.1163,0.8837,,True,completed
237469_451_0,pkw,28046.0,28092.0,46.0,,429.125,6.0,6.0,40.0,16.978,,,0.1304,0.8696,,True,completed
203186_439_0,pkw,28048.0,28095.0,47.0,,444.508,6.0,6.0,41.0,15.599,,,0.1277,0.8723,,True,completed
246348_454_0,pkw,28057.0,28096.0,39.0,,428.24,1.0,1.0,38.0,9.479,,,0.0256,0.9744,,True,completed
124843_406_0,pkw,28045.0,28099.0,54.0,,446.26,19.0,19.0,35.0,24.959,,,0.3519,0.6481,,True,completed
243994_453_0,pkw,28071.0,28101.0,30.0,,184.95,6.0,6.0,24.0,19.927,,,0.2,0.8,,True,completed
175166_428_0,pkw,28079.0,28102.0,23.0,,185.805,3.0,3.0,20.0,11.908,,,0.1304,0.8696,,True,completed
213148_443_0,pkw,28048.0,28103.0,55.0,,450.634,16.0,16.0,39.0,23.569,,,0.2909,0.7091,,True,completed
234102_451_0,pkw,28072.0,28103.0,31.0,,193.418,4.0,4.0,27.0,20.793,,,0.129,0.871,,True,completed
186635_432_0,pkw,28074.0,28104.0,30.0,,187.625,5.0,5.0,25.0,18.484,,,0.1667,0.8333,,True,completed
188229_433_0,pkw,28078.0,28105.0,27.0,,202.526,3.0,3.0,24.0,15.338,,,0.1111,0.8889,,True,completed
190724_435_0,pkw,28054.0,28106.0,52.0,,451.102,8.0,8.0,44.0,19.31,,,0.1538,0.8462,,True,completed
185099_432_0,pkw,28072.0,28109.0,37.0,,433.504,0.0,0.0,37.0,6.485,,,0.0,1.0,,True,completed
252528_458_0,pkw,28061.0,28109.0,48.0,,450.015,3.0,3.0,45.0,15.578,,,0.0625,0.9375,,True,completed
120613_405_0,pkw,28050.0,28110.0,60.0,,696.2,3.0,3.0,57.0,13.966,,,0.05,0.95,,True,completed
127493_407_0,pkw,28079.0,28111.0,32.0,,441.251,0.0,0.0,32.0,5.101,,,0.0,1.0,,True,completed
227464_450_0,pkw,28091.0,28111.0,20.0,,170.071,2.0,2.0,18.0,9.931,,,0.1,0.9,,True,completed
200207_437_0,pkw,28051.0,28114.0,63.0,,694.533,2.0,2.0,61.0,11.822,,,0.0317,0.9683,,True,completed
206926_441_0,pkw,28061.0,28114.0,53.0,,455.83,9.0,9.0,44.0,23.58,,,0.1698,0.8302,,True,completed
251062_457_0,pkw,28074.0,28114.0,40.0,,430.594,1.0,1.0,39.0,13.205,,,0.025,0.975,,True,completed
216447_445_0,pkw,28068.0,28115.0,47.0,,446.083,9.0,9.0,38.0,19.697,,,0.1915,0.8085,,True,completed
211385_442_0,pkw,28081.0,28117.0,36.0,,436.352,0.0,0.0,36.0,3.748,,,0.0,1.0,,True,completed
213750_444_0,pkw,28070.0,28118.0,48.0,,463.835,5.0,5.0,43.0,14.306,,,0.1042,0.8958,,True,completed
224883_449_0,pkw,28085.0,28118.0,33.0,,430.251,0.0,0.0,33.0,3.183,,,0.0,1.0,,True,completed
144723_416_0,pkw,28053.0,28120.0,67.0,,701.84,1.0,1.0,66.0,9.233,,,0.0149,0.9851,,True,completed
238062_451_0,pkw,28083.0,28121.0,38.0,,435.472,0.0,0.0,38.0,2.845,,,0.0,1.0,,True,completed
259707_461_0,pkw,28090.0,28123.0,33.0,,444.403,0.0,0.0,33.0,3.687,,,0.0,1.0,,True,completed
158820_421_0,pkw,28068.0,28124.0,56.0,,447.558,6.0,6.0,50.0,23.276,,,0.1071,0.8929,,True,completed
217155_446_0,pkw,28097.0,28125.0,28.0,,167.837,8.0,8.0,20.0,15.802,,,0.2857,0.7143,,True,completed
98552_395_0,pkw,28076.0,28125.0,49.0,,439.991,5.0,5.0,44.0,21.474,,,0.102,0.898,,True,completed
112058_401_0,pkw,28066.0,28126.0,60.0,,446.447,6.0,6.0,54.0,22.531,,,0.1,0.9,,True,completed
177303_429_0,pkw,28103.0,28126.0,23.0,,152.377,5.0,5.0,18.0,13.346,,,0.2174,0.7826,,True,completed
255757_460_0,pkw,28117.0,28127.0,10.0,,152.782,0.0,0.0,10.0,0.558,,,0.0,1.0,,True,completed
205604_440_0,pkw,28105.0,28128.0,23.0,,156.967,4.0,4.0,19.0,10.945,,,0.1739,0.8261,,True,completed
138457_412_0,pkw,28107.0,28130.0,23.0,,164.464,2.0,2.0,21.0,11.734,,,0.087,0.913,,True,completed
226520_450_0,pkw,28096.0,28130.0,34.0,,433.174,0.0,0.0,34.0,2.304,,,0.0,1.0,,True,completed
159488_421_0,pkw,28055.0,28132.0,77.0,,694.61,10.0,10.0,67.0,21.873,,,0.1299,0.8701,,True,completed
277699_469_0,pkw,28119.0,28135.0,16.0,,167.826,0.0,0.0,16.0,4.147,,,0.0,1.0,,True,completed
143800_416_0,pkw,28103.0,28137.0,34.0,,463.038,0.0,0.0,34.0,6.745,,,0.0,1.0,,True,completed
142017_415_0,pkw,28127.0,28139.0,12.0,,196.494,0.0,0.0,12.0,0.951,,,0.0,1.0,,True,completed
113553_402_0,pkw,28097.0,28140.0,43.0,,189.297,21.0,21.0,22.0,34.35,,,0.4884,0.5116,,True,completed
239610_451_0,pkw,28092.0,28140.0,48.0,,170.151,27.0,27.0,21.0,37.975,,,0.5625,0.4375,,True,completed
184328_431_0,pkw,28117.0,28143.0,26.0,,187.55,1.0,2.0,24.0,15.823,,,0.0769,0.9231,,True,completed
100634_396_0,pkw,28107.0,28151.0,44.0,,442.454,4.0,4.0,40.0,14.104,,,0.0909,0.9091,,True,completed
158601_421_0,pkw,28105.0,28151.0,46.0,,450.523,9.0,9.0,37.0,17.157,,,0.1957,0.8043,,True,completed
194444_436_0,pkw,28109.0,28152.0,43.0,,425.63,0.0,0.0,43.0,7.774,,,0.0,1.0,,True,completed
267784_465_0,pkw,28111.0,28153.0,42.0,,446.455,0.0,0.0,42.0,7.076,,,0.0,1.0,,True,completed
237875_451_0,pkw,28122.0,28158.0,36.0,,450.35,0.0,0.0,36.0,3.758,,,0.0,1.0,,True,completed
229282_450_0,pkw,28148.0,28159.0,11.0,,196.872,0.0,0.0,11.0,0.84,,,0.0,1.0,,True,completed
138014_412_0,pkw,28131.0,28168.0,37.0,,449.138,0.0,0.0,37.0,5.662,,,0.0,1.0,,True,completed
233560_451_0,pkw,28128.0,28170.0,42.0,,427.784,6.0,6.0,36.0,12.766,,,0.1429,0.8571,,True,completed
248501_456_0,pkw,28124.0,28171.0,47.0,,456.025,7.0,7.0,40.0,15.544,,,0.1489,0.8511,,True,completed
260221_461_0,pkw,28130.0,28172.0,42.0,,440.679,5.0,5.0,37.0,14.079,,,0.119,0.881,,True,completed
241599_452_0,pkw,28132.0,28174.0,42.0,,433.319,0.0,0.0,42.0,8.77,,,0.0,1.0,,True,completed
273407_466_0,pkw,28134.0,28176.0,42.0,,443.443,0.0,0.0,42.0,11.371,,,0.0,1.0,,True,completed
197584_436_0,pkw,28128.0,28177.0,49.0,,452.313,0.0,1.0,48.0,6.305,,,0.0204,0.9796,,True,completed
115406_403_0,pkw,28134.0,28180.0,46.0,,447.288,7.0,7.0,39.0,15.528,,,0.1522,0.8478,,True,completed
240250_452_0,pkw,28133.0,28180.0,47.0,,433.959,4.0,4.0,43.0,16.411,,,0.0851,0.9149,,True,completed
189371_434_0,pkw,28126.0,28182.0,56.0,,451.617,9.0,9.0,47.0,26.697,,,0.1607,0.8393,,True,completed
205117_440_0,pkw,28140.0,28182.0,42.0,,446.147,4.0,4.0,38.0,12.964,,,0.0952,0.9048,,True,completed
192060_435_0,pkw,28155.0,28184.0,29.0,,200.206,5.0,5.0,24.0,15.011,,,0.1724,0.8276,,True,completed
265964_464_0,pkw,28136.0,28184.0,48.0,,442.74,6.0,6.0,42.0,14.806,,,0.125,0.875,,True,completed
157483_421_0,pkw,28146.0,28186.0,40.0,,451.398,0.0,0.0,40.0,10.708,,,0.0,1.0,,True,completed
169529_426_0,pkw,28163.0,28186.0,23.0,,187.688,0.0,0.0,23.0,11.8,,,0.0,1.0,,True,completed
202005_438_0,pkw,28144.0,28186.0,42.0,,449.489,1.0,1.0,41.0,10.883,,,0.0238,0.9762,,True,completed
224682_449_0,pkw,28147.0,28201.0,54.0,,433.145,14.0,14.0,40.0,21.606,,,0.2593,0.7407,,True,completed
251309_457_0,pkw,28138.0,28201.0,63.0,,450.998,16.0,16.0,47.0,27.958,,,0.254,0.746,,True,completed
180968_431_0,pkw,28171.0,28202.0,31.0,,427.674,0.0,0.0,31.0,4.491,,,0.0,1.0,,True,completed
228010_450_0,pkw,28166.0,28203.0,37.0,,430.541,0.0,0.0,37.0,2.286,,,0.0,1.0,,True,completed
283267_472_0,pkw,28164.0,28203.0,39.0,,429.213,0.0,0.0,39.0,1.684,,,0.0,1.0,,True,completed
198097_436_0,pkw,28173.0,28204.0,31.0,,440.631,0.0,0.0,31.0,4.945,,,0.0,1.0,,True,completed
201038_437_0,pkw,28149.0,28204.0,55.0,,443.172,7.0,7.0,48.0,22.724,,,0.1273,0.8727,,True,completed
185690_432_0,pkw,28169.0,28205.0,36.0,,428.987,0.0,0.0,36.0,3.427,,,0.0,1.0,,True,completed
186001_432_0,pkw,28153.0,28207.0,54.0,,446.704,5.0,5.0,49.0,22.734,,,0.0926,0.9074,,True,completed
221545_448_0,pkw,28151.0,28207.0,56.0,,451.056,5.0,5.0,51.0,22.011,,,0.0893,0.9107,,True,completed
236914_451_0,pkw,28177.0,28208.0,31.0,,440.635,0.0,0.0,31.0,1.604,,,0.0,1.0,,True,completed
230732_450_0,pkw,28162.0,28209.0,47.0,,441.92,3.0,3.0,44.0,17.01,,,0.0638,0.9362,,True,completed
193777_435_0,pkw,28157.0,28210.0,53.0,,441.992,4.0,4.0,49.0,19.981,,,0.0755,0.9245,,True,completed
222821_448_0,pkw,28172.0,28211.0,39.0,,448.701,0.0,0.0,39.0,12.507,,,0.0,1.0,,True,completed
153510_420_0,pkw,28190.0,28223.0,33.0,,427.37,0.0,0.0,33.0,1.497,,,0.0,1.0,,True,completed
122475_406_0,pkw,28193.0,28225.0,32.0,,442.471,0.0,0.0,32.0,2.082,,,0.0,1.0,,True,completed
136022_411_0,pkw,28193.0,28229.0,36.0,,435.216,0.0,0.0,36.0,1.731,,,0.0,1.0,,True,completed
128389_408_0,pkw,28217.0,28230.0,13.0,,189.522,0.0,0.0,13.0,1.302,,,0.0,1.0,,True,completed
153149_420_0,pkw,28197.0,28232.0,35.0,,433.809,0.0,0.0,35.0,1.551,,,0.0,1.0,,True,completed
164516_422_0,pkw,28220.0,28232.0,12.0,,191.138,0.0,0.0,12.0,0.946,,,0.0,1.0,,True,completed
168779_425_0,pkw,28175.0,28233.0,58.0,,452.138,15.0,15.0,43.0,23.766,,,0.2586,0.7414,,True,completed
214099_444_0,pkw,28203.0,28233.0,30.0,,435.664,0.0,0.0,30.0,1.065,,,0.0,1.0,,True,completed
193036_435_0,pkw,28222.0,28234.0,12.0,,183.908,0.0,0.0,12.0,1.665,,,0.0,1.0,,True,completed
243343_452_0,pkw,28203.0,28234.0,31.0,,186.205,9.0,9.0,22.0,20.794,,,0.2903,0.7097,,True,completed
270722_466_0,pkw,28199.0,28234.0,35.0,,437.63,0.0,0.0,35.0,1.847,,,0.0,1.0,,True,completed
192641_435_0,pkw,28205.0,28235.0,30.0,,190.966,5.0,6.0,24.0,19.242,,,0.2,0.8,,True,completed
102374_396_0,pkw,28224.0,28236.0,12.0,,143.833,0.0,0.0,12.0,0.512,,,0.0,1.0,,True,completed
138188_412_0,pkw,28224.0,28236.0,12.0,,183.871,0.0,0.0,12.0,0.495,,,0.0,1.0,,True,completed
269181_465_0,pkw,28211.0,28242.0,31.0,,426.74,0.0,0.0,31.0,1.351,,,0.0,1.0,,True,completed
232786_451_0,pkw,28195.0,28244.0,49.0,,435.536,3.0,3.0,46.0,12.657,,,0.0612,0.9388,,True,completed
259614_461_0,pkw,28197.0,28245.0,48.0,,429.983,2.0,2.0,46.0,16.192,,,0.0417,0.9583,,True,completed
156507_420_0,pkw,28214.0,28246.0,32.0,,436.113,0.0,0.0,32.0,1.366,,,0.0,1.0,,True,completed
209839_441_0,pkw,28207.0,28246.0,39.0,,427.815,0.0,0.0,39.0,2.211,,,0.0,1.0,,True,completed
177103_429_0,pkw,28212.0,28247.0,35.0,,429.839,0.0,0.0,35.0,4.483,,,0.0,1.0,,True,completed
272033_466_0,pkw,28199.0,28247.0,48.0,,436.411,1.0,1.0,47.0,19.917,,,0.0208,0.9792,,True,completed
243431_452_0,pkw,28216.0,28249.0,33.0,,428.67,0.0,0.0,33.0,1.82,,,0.0,1.0,,True,completed
143945_416_0,pkw,28218.0,28254.0,36.0,,444.878,0.0,0.0,36.0,2.048,,,0.0,1.0,,True,completed
161686_421_0,pkw,28189.0,28254.0,65.0,,450.19,24.0,24.0,41.0,33.236,,,0.3692,0.6308,,True,completed
251039_457_0,pkw,28215.0,28257.0,42.0,,449.268,2.0,2.0,40.0,11.52,,,0.0476,0.9524,,True,completed
117127_404_0,pkw,28220.0,28259.0,39.0,,460.126,0.0,0.0,39.0,9.785,,,0.0,1.0,,True,completed
180268_430_0,pkw,28210.0,28265.0,55.0,,463.226,6.0,6.0,49.0,16.463,,,0.1091,0.8909,,True,completed
244321_453_0,pkw,28215.0,28265.0,50.0,,458.01,2.0,2.0,48.0,13.527,,,0.04,0.96,,True,completed
166507_424_0,pkw,28233.0,28268.0,35.0,,436.379,0.0,0.0,35.0,4.342,,,0.0,1.0,,True,completed
285558_474_0,pkw,28237.0,28268.0,31.0,,428.723,0.0,0.0,31.0,1.291,,,0.0,1.0,,True,completed
289688_477_0,pkw,28241.0,28270.0,29.0,,433.359,0.0,0.0,29.0,1.3,,,0.0,1.0,,True,completed
189906_434_0,pkw,28236.0,28271.0,35.0,,435.233,0.0,0.0,35.0,2.891,,,0.0,1.0,,True,completed
243333_452_0,pkw,28238.0,28272.0,34.0,,427.362,0.0,0.0,34.0,6.593,,,0.0,1.0,,True,completed
240589_452_0,pkw,28263.0,28273.0,10.0,,140.298,0.0,0.0,10.0,0.899,,,0.0,1.0,,True,completed
280500_471_0,pkw,28240.0,28274.0,34.0,,439.695,0.0,0.0,34.0,4.509,,,0.0,1.0,,True,completed
166643_424_0,pkw,28237.0,28275.0,38.0,,452.9,0.0,0.0,38.0,5.209,,,0.0,1.0,,True,completed
250663_456_0,pkw,28242.0,28278.0,36.0,,456.386,0.0,0.0,36.0,5.48,,,0.0,1.0,,True,completed
198650_436_0,pkw,28251.0,28280.0,29.0,,440.011,0.0,0.0,29.0,1.655,,,0.0,1.0,,True,completed
252459_458_0,pkw,28259.0,28288.0,29.0,,427.399,0.0,0.0,29.0,1.755,,,0.0,1.0,,True,completed
212076_442_0,pkw,28259.0,28294.0,35.0,,433.555,0.0,0.0,35.0,1.701,,,0.0,1.0,,True,completed
277750_469_0,pkw,28262.0,28294.0,32.0,,430.028,0.0,0.0,32.0,1.128,,,0.0,1.0,,True,completed
224664_449_0,pkw,28257.0,28296.0,39.0,,428.307,0.0,0.0,39.0,2.195,,,0.0,1.0,,True,completed
146134_416_0,pkw,28285.0,28298.0,13.0,,195.331,0.0,0.0,13.0,1.055,,,0.0,1.0,,True,completed
269273_465_0,pkw,28279.0,28300.0,21.0,,189.244,2.0,2.0,19.0,11.316,,,0.0952,0.9048,,True,completed
241031_452_0,pkw,28244.0,28302.0,58.0,,196.834,37.0,37.0,21.0,45.147,,,0.6379,0.3621,,True,completed
265825_464_0,pkw,28283.0,28302.0,19.0,,192.247,0.0,0.0,19.0,6.817,,,0.0,1.0,,True,completed
132229_410_0,pkw,28270.0,28303.0,33.0,,428.589,0.0,0.0,33.0,1.645,,,0.0,1.0,,True,completed
263319_462_0,pkw,28286.0,28304.0,18.0,,201.683,0.0,0.0,18.0,6.097,,,0.0,1.0,,True,completed
106740_399_0,pkw,28293.0,28306.0,13.0,,196.539,0.0,0.0,13.0,2.898,,,0.0,1.0,,True,completed
120205_405_0,pkw,28272.0,28309.0,37.0,,432.668,0.0,0.0,37.0,1.687,,,0.0,1.0,,True,completed
119889_405_0,pkw,28264.0,28311.0,47.0,,439.061,6.0,6.0,41.0,14.835,,,0.1277,0.8723,,True,completed
207751_441_0,pkw,28289.0,28311.0,22.0,,159.423,5.0,5.0,17.0,11.005,,,0.2273,0.7727,,True,completed
238336_451_0,pkw,28267.0,28312.0,45.0,,429.923,5.0,5.0,40.0,13.929,,,0.1111,0.8889,,True,completed
256684_460_0,pkw,28270.0,28314.0,44.0,,439.573,2.0,2.0,42.0,11.52,,,0.0455,0.9545,,True,completed
252410_458_0,pkw,28272.0,28315.0,43.0,,431.614,1.0,1.0,42.0,10.311,,,0.0233,0.9767,,True,completed
244056_453_0,pkw,28281.0,28320.0,39.0,,451.153,1.0,1.0,38.0,10.244,,,0.0256,0.9744,,True,completed
258714_461_0,pkw,28266.0,28321.0,55.0,,448.56,11.0,11.0,44.0,22.852,,,0.2,0.8,,True,completed
238695_451_0,pkw,28288.0,28323.0,35.0,,449.508,0.0,0.0,35.0,6.123,,,0.0,1.0,,True,completed
209686_441_0,pkw,28301.0,28324.0,23.0,,194.02,2.0,2.0,21.0,14.03,,,0.087,0.913,,True,completed
177745_430_0,pkw,28291.0,28326.0,35.0,,453.78,0.0,0.0,35.0,4.811,,,0.0,1.0,,True,completed
246686_455_0,pkw,28278.0,28330.0,52.0,,439.026,10.0,10.0,42.0,25.093,,,0.1923,0.8077,,True,completed
223379_449_0,pkw,28314.0,28331.0,17.0,,158.862,0.0,0.0,17.0,6.7,,,0.0,1.0,,True,completed
227886_450_0,pkw,28304.0,28338.0,34.0,,438.348,0.0,0.0,34.0,1.63,,,0.0,1.0,,True,completed
254616_459_0,pkw,28319.0,28338.0,19.0,,152.466,0.0,0.0,19.0,9.98,,,0.0,1.0,,True,completed
219724_447_0,pkw,28302.0,28339.0,37.0,,433.894,0.0,0.0,37.0,1.65,,,0.0,1.0,,True,completed
274645_467_0,pkw,28310.0,28340.0,30.0,,354.11,0.0,0.0,30.0,3.75,,,0.0,1.0,,True,completed
81814_389_0,pkw,28305.0,28340.0,35.0,,437.275,0.0,0.0,35.0,2.091,,,0.0,1.0,,True,completed
274709_467_0,pkw,28330.0,28341.0,11.0,,195.431,0.0,0.0,11.0,0.706,,,0.0,1.0,,True,completed
141639_415_0,pkw,28296.0,28342.0,46.0,,447.634,3.0,3.0,43.0,15.595,,,0.0652,0.9348,,True,completed
260001_461_0,pkw,28298.0,28343.0,45.0,,451.547,4.0,4.0,41.0,15.101,,,0.0889,0.9111,,True,completed
169086_425_0,pkw,28303.0,28347.0,44.0,,449.353,0.0,0.0,44.0,13.737,,,0.0,1.0,,True,completed
214892_445_0,pkw,28302.0,28347.0,45.0,,442.248,1.0,1.0,44.0,12.401,,,0.0222,0.9778,,True,completed
275618_468_0,pkw,28332.0,28347.0,15.0,,201.982,0.0,0.0,15.0,5.633,,,0.0,1.0,,True,completed
238318_451_0,pkw,28315.0,28349.0,34.0,,427.367,0.0,0.0,34.0,7.509,,,0.0,1.0,,True,completed
75163_386_0,pkw,28310.0,28352.0,42.0,,437.526,4.0,4.0,38.0,10.633,,,0.0952,0.9048,,True,completed
253347_458_0,pkw,28312.0,28355.0,43.0,,434.748,2.0,2.0,41.0,10.013,,,0.0465,0.9535,,True,completed
206378_440_0,pkw,28321.0,28362.0,41.0,,437.703,0.0,1.0,40.0,4.501,,,0.0244,0.9756,,True,completed
144547_416_0,pkw,28325.0,28363.0,38.0,,429.075,0.0,0.0,38.0,4.422,,,0.0,1.0,,True,completed
273435_466_0,pkw,28305.0,28363.0,58.0,,445.772,6.0,6.0,52.0,27.401,,,0.1034,0.8966,,True,completed
240148_452_0,pkw,28312.0,28365.0,53.0,,449.643,5.0,5.0,48.0,24.457,,,0.0943,0.9057,,True,completed
162803_422_0,pkw,28355.0,28367.0,12.0,,151.029,0.0,0.0,12.0,0.776,,,0.0,1.0,,True,completed
217016_446_0,pkw,28315.0,28367.0,52.0,,453.956,5.0,5.0,47.0,21.456,,,0.0962,0.9038,,True,completed
120533_405_0,pkw,28335.0,28368.0,33.0,,459.404,0.0,0.0,33.0,5.542,,,0.0,1.0,,True,completed
198061_436_0,pkw,28357.0,28369.0,12.0,,202.86,0.0,0.0,12.0,2.406,,,0.0,1.0,,True,completed
196786_436_0,pkw,28323.0,28370.0,47.0,,448.512,2.0,2.0,45.0,15.69,,,0.0426,0.9574,,True,completed
235218_451_0,pkw,28310.0,28372.0,62.0,,448.68,6.0,6.0,56.0,20.885,,,0.0968,0.9032,,True,completed
165863_424_0,pkw,28327.0,28373.0,46.0,,451.559,0.0,0.0,46.0,14.428,,,0.0,1.0,,True,completed
245027_453_0,pkw,28325.0,28374.0,49.0,,453.044,1.0,1.0,48.0,16.146,,,0.0204,0.9796,,True,completed
270291_465_0,pkw,28358.0,28376.0,18.0,,201.062,0.0,1.0,17.0,4.393,,,0.0556,0.9444,,True,completed
274220_467_0,pkw,28335.0,28383.0,48.0,,432.867,9.0,9.0,39.0,15.985,,,0.1875,0.8125,,True,completed
99139_396_0,pkw,28338.0,28383.0,45.0,,438.829,6.0,6.0,39.0,12.039,,,0.1333,0.8667,,True,completed
109174_400_0,pkw,28375.0,28386.0,11.0,,154.251,0.0,0.0,11.0,1.265,,,0.0,1.0,,True,completed
143117_415_0,pkw,28352.0,28387.0,35.0,,435.768,0.0,0.0,35.0,1.513,,,0.0,1.0,,True,completed
251226_457_0,pkw,28339.0,28387.0,48.0,,434.698,6.0,6.0,42.0,13.589,,,0.125,0.875,,True,completed
237644_451_0,pkw,28375.0,28389.0,14.0,,200.797,0.0,0.0,14.0,2.977,,,0.0,1.0,,True,completed
272079_466_0,pkw,28345.0,28391.0,46.0,,399.983,6.0,6.0,40.0,17.777,,,0.1304,0.8696,,True,completed
260340_461_0,pkw,28348.0,28393.0,45.0,,433.744,0.0,1.0,44.0,6.057,,,0.0222,0.9778,,True,completed
206948_441_0,pkw,28349.0,28395.0,46.0,,453.615,3.0,3.0,43.0,15.637,,,0.0652,0.9348,,True,completed
170152_426_0,pkw,28352.0,28396.0,44.0,,436.738,0.0,0.0,44.0,3.464,,,0.0,1.0,,True,completed
277666_469_0,pkw,28367.0,28398.0,31.0,,438.028,0.0,0.0,31.0,2.083,,,0.0,1.0,,True,completed
207277_441_0,pkw,28380.0,28401.0,21.0,,157.722,3.0,3.0,18.0,10.26,,,0.1429,0.8571,,True,completed
139595_413_0,pkw,28368.0,28404.0,36.0,,431.904,0.0,0.0,36.0,2.348,,,0.0,1.0,,True,completed
183233_431_0,pkw,28372.0,28404.0,32.0,,430.996,0.0,0.0,32.0,3.688,,,0.0,1.0,,True,completed
250322_456_0,pkw,28363.0,28407.0,44.0,,435.31,0.0,0.0,44.0,6.832,,,0.0,1.0,,True,completed
223164_449_0,pkw,28395.0,28408.0,13.0,,163.177,0.0,0.0,13.0,1.991,,,0.0,1.0,,True,completed
245482_454_0,pkw,28370.0,28408.0,38.0,,437.654,0.0,0.0,38.0,3.53,,,0.0,1.0,,True,completed
217238_446_0,pkw,28372.0,28415.0,43.0,,431.82,0.0,0.0,43.0,2.895,,,0.0,1.0,,True,completed
274061_467_0,pkw,28406.0,28419.0,13.0,,189.211,0.0,0.0,13.0,0.54,,,0.0,1.0,,True,completed
198636_436_0,pkw,28377.0,28421.0,44.0,,427.808,6.0,6.0,38.0,13.109,,,0.1364,0.8636,,True,completed
273089_466_0,pkw,28399.0,28422.0,23.0,,176.403,2.0,2.0,21.0,11.408,,,0.087,0.913,,True,completed
221062_448_0,pkw,28392.0,28424.0,32.0,,428.432,0.0,0.0,32.0,1.427,,,0.0,1.0,,True,completed
226009_450_0,pkw,28388.0,28426.0,38.0,,431.912,0.0,1.0,37.0,4.364,,,0.0263,0.9737,,True,completed
179708_430_0,pkw,28409.0,28431.0,22.0,,148.103,4.0,4.0,18.0,12.934,,,0.1818,0.8182,,True,completed
190487_434_0,pkw,28412.0,28431.0,19.0,,168.122,0.0,0.0,19.0,8.979,,,0.0,1.0,,True,completed
283127_472_0,pkw,28397.0,28431.0,34.0,,437.607,0.0,0.0,34.0,2.329,,,0.0,1.0,,True,completed
219097_446_0,pkw,28395.0,28433.0,38.0,,437.513,0.0,0.0,38.0,1.974,,,0.0,1.0,,True,completed
234716_451_0,pkw,28400.0,28434.0,34.0,,430.114,0.0,0.0,34.0,2.191,,,0.0,1.0,,True,completed
210631_442_0,pkw,28402.0,28435.0,33.0,,433.911,0.0,0.0,33.0,1.355,,,0.0,1.0,,True,completed
282984_472_0,pkw,28408.0,28440.0,32.0,,450.807,0.0,0.0,32.0,2.355,,,0.0,1.0,,True,completed
185249_432_0,pkw,28405.0,28441.0,36.0,,438.109,0.0,0.0,36.0,1.739,,,0.0,1.0,,True,completed
276708_468_0,pkw,28408.0,28441.0,33.0,,441.264,0.0,0.0,33.0,1.568,,,0.0,1.0,,True,completed
257421_460_0,pkw,28431.0,28442.0,11.0,,149.449,0.0,0.0,11.0,0.93,,,0.0,1.0,,True,completed
175195_428_0,pkw,28407.0,28445.0,38.0,,467.502,0.0,0.0,38.0,3.525,,,0.0,1.0,,True,completed
261765_461_0,pkw,28413.0,28450.0,37.0,,452.702,0.0,0.0,37.0,1.678,,,0.0,1.0,,True,completed
240015_452_0,pkw,28421.0,28451.0,30.0,,180.359,11.0,11.0,19.0,20.45,,,0.3667,0.6333,,True,completed
87483_391_0,pkw,28425.0,28451.0,26.0,,184.173,6.0,6.0,20.0,14.736,,,0.2308,0.7692,,True,completed
252235_457_0,pkw,28438.0,28453.0,15.0,,180.429,0.0,0.0,15.0,4.947,,,0.0,1.0,,True,completed
275670_468_0,pkw,28413.0,28453.0,40.0,,438.797,2.0,2.0,38.0,9.814,,,0.05,0.95,,True,completed
244831_453_0,pkw,28434.0,28454.0,20.0,,197.402,0.0,0.0,20.0,5.983,,,0.0,1.0,,True,completed
234190_451_0,pkw,28416.0,28455.0,39.0,,435.702,0.0,0.0,39.0,6.353,,,0.0,1.0,,True,completed
274394_467_0,pkw,28445.0,28455.0,10.0,,185.186,0.0,0.0,10.0,0.614,,,0.0,1.0,,True,completed
238737_451_0,pkw,28414.0,28456.0,42.0,,427.103,1.0,1.0,41.0,12.581,,,0.0238,0.9762,,True,completed
239457_451_0,pkw,28420.0,28456.0,36.0,,434.285,0.0,0.0,36.0,4.568,,,0.0,1.0,,True,completed
260663_461_0,pkw,28443.0,28456.0,13.0,,168.01,0.0,0.0,13.0,2.602,,,0.0,1.0,,True,completed
136857_411_0,pkw,28445.0,28461.0,16.0,,165.739,0.0,0.0,16.0,4.939,,,0.0,1.0,,True,completed
264934_463_0,pkw,28426.0,28461.0,35.0,,428.552,0.0,0.0,35.0,1.595,,,0.0,1.0,,True,completed
183679_431_0,pkw,28441.0,28462.0,21.0,,140.679,4.0,4.0,17.0,11.173,,,0.1905,0.8095,,True,completed
252693_458_0,pkw,28429.0,28464.0,35.0,,428.627,0.0,0.0,35.0,1.373,,,0.0,1.0,,True,completed
273064_466_0,pkw,28417.0,28466.0,49.0,,409.23,4.0,4.0,45.0,20.315,,,0.0816,0.9184,,True,completed
257226_460_0,pkw,28434.0,28468.0,34.0,,396.439,0.0,0.0,34.0,4.768,,,0.0,1.0,,True,completed
140549_414_0,pkw,28449.0,28470.0,21.0,,189.517,4.0,4.0,17.0,10.581,,,0.1905,0.8095,,True,completed
205082_440_0,pkw,28447.0,28471.0,24.0,,178.508,5.0,5.0,19.0,12.021,,,0.2083,0.7917,,True,completed
111032_401_0,pkw,28444.0,28473.0,29.0,,442.953,0.0,0.0,29.0,1.527,,,0.0,1.0,,True,completed
282723_472_0,pkw,28443.0,28476.0,33.0,,403.877,0.0,0.0,33.0,4.021,,,0.0,1.0,,True,completed
277242_469_0,pkw,28445.0,28477.0,32.0,,394.524,0.0,0.0,32.0,9.025,,,0.0,1.0,,True,completed
261015_461_0,pkw,28469.0,28480.0,11.0,,186.913,0.0,0.0,11.0,0.401,,,0.0,1.0,,True,completed
226436_450_0,pkw,28449.0,28483.0,34.0,,430.458,0.0,0.0,34.0,3.083,,,0.0,1.0,,True,completed
268263_465_0,pkw,28450.0,28484.0,34.0,,409.528,0.0,0.0,34.0,7.09,,,0.0,1.0,,True,completed
241082_452_0,pkw,28439.0,28485.0,46.0,,432.888,5.0,5.0,41.0,11.485,,,0.1087,0.8913,,True,completed
141828_415_0,pkw,28460.0,28492.0,32.0,,148.052,14.0,14.0,18.0,21.73,,,0.4375,0.5625,,True,completed
279534_470_0,pkw,28478.0,28493.0,15.0,,137.764,0.0,1.0,14.0,5.585,,,0.0667,0.9333,,True,completed
210748_442_0,pkw,28482.0,28496.0,14.0,,145.385,0.0,0.0,14.0,1.661,,,0.0,1.0,,True,completed
277320_469_0,pkw,28464.0,28501.0,37.0,,396.483,1.0,1.0,36.0,12.634,,,0.027,0.973,,True,completed
259136_461_0,pkw,28459.0,28509.0,50.0,,424.12,15.0,15.0,35.0,22.133,,,0.3,0.7,,True,completed
193108_435_0,pkw,28499.0,28512.0,13.0,,201.894,0.0,0.0,13.0,2.063,,,0.0,1.0,,True,completed
279691_470_0,pkw,28504.0,28515.0,11.0,,190.284,0.0,0.0,11.0,0.431,,,0.0,1.0,,True,completed
144781_416_0,pkw,28488.0,28518.0,30.0,,443.073,0.0,0.0,30.0,2.767,,,0.0,1.0,,True,completed
246226_454_0,pkw,28490.0,28523.0,33.0,,453.713,0.0,0.0,33.0,2.184,,,0.0,1.0,,True,completed
169648_426_0,pkw,28485.0,28525.0,40.0,,446.056,0.0,0.0,40.0,2.239,,,0.0,1.0,,True,completed
195396_436_0,pkw,28494.0,28527.0,33.0,,450.286,0.0,0.0,33.0,3.123,,,0.0,1.0,,True,completed
187042_432_0,pkw,28497.0,28529.0,32.0,,448.838,0.0,0.0,32.0,3.54,,,0.0,1.0,,True,completed
260408_461_0,pkw,28487.0,28530.0,43.0,,140.55,26.0,26.0,17.0,33.583,,,0.6047,0.3953,,True,completed
253861_459_0,pkw,28496.0,28531.0,35.0,,444.809,0.0,0.0,35.0,4.348,,,0.0,1.0,,True,completed
218915_446_0,pkw,28492.0,28534.0,42.0,,448.389,0.0,0.0,42.0,2.688,,,0.0,1.0,,True,completed
110587_401_0,pkw,28518.0,28541.0,23.0,,193.924,4.0,4.0,19.0,13.129,,,0.1739,0.8261,,True,completed
178414_430_0,pkw,28521.0,28541.0,20.0,,197.303,0.0,0.0,20.0,10.011,,,0.0,1.0,,True,completed
221860_448_0,pkw,28503.0,28542.0,39.0,,451.158,0.0,0.0,39.0,2.374,,,0.0,1.0,,True,completed
104899_398_0,pkw,28527.0,28543.0,16.0,,202.306,0.0,0.0,16.0,4.431,,,0.0,1.0,,True,completed
140690_414_0,pkw,28509.0,28544.0,35.0,,451.389,0.0,0.0,35.0,2.053,,,0.0,1.0,,True,completed
152370_419_0,pkw,28512.0,28545.0,33.0,,443.772,0.0,0.0,33.0,5.494,,,0.0,1.0,,True,completed
134733_411_0,pkw,28506.0,28546.0,40.0,,450.22,0.0,0.0,40.0,2.033,,,0.0,1.0,,True,completed
277465_469_0,pkw,28514.0,28549.0,35.0,,401.911,0.0,0.0,35.0,7.406,,,0.0,1.0,,True,completed
261183_461_0,pkw,28489.0,28553.0,64.0,,431.499,25.0,25.0,39.0,31.128,,,0.3906,0.6094,,True,completed
210588_441_0,pkw,28540.0,28557.0,17.0,,175.611,0.0,0.0,17.0,2.284,,,0.0,1.0,,True,completed
159963_421_0,pkw,28547.0,28558.0,11.0,,196.095,0.0,0.0,11.0,0.314,,,0.0,1.0,,True,completed
237662_451_0,pkw,28543.0,28559.0,16.0,,198.184,0.0,0.0,16.0,4.448,,,0.0,1.0,,True,completed
75563_386_0,pkw,28523.0,28560.0,37.0,,443.249,0.0,0.0,37.0,8.931,,,0.0,1.0,,True,completed
220942_447_0,pkw,28547.0,28561.0,14.0,,179.208,0.0,0.0,14.0,3.636,,,0.0,1.0,,True,completed
250018_456_0,pkw,28549.0,28563.0,14.0,,188.671,0.0,0.0,14.0,2.833,,,0.0,1.0,,True,completed
154706_420_0,pkw,28525.0,28564.0,39.0,,452.136,0.0,0.0,39.0,8.018,,,0.0,1.0,,True,completed
157359_421_0,pkw,28552.0,28565.0,13.0,,190.713,0.0,0.0,13.0,0.357,,,0.0,1.0,,True,completed
118698_405_0,pkw,28529.0,28567.0,38.0,,447.788,0.0,0.0,38.0,5.595,,,0.0,1.0,,True,completed
204473_440_0,pkw,28533.0,28568.0,35.0,,444.57,0.0,0.0,35.0,3.948,,,0.0,1.0,,True,completed
109284_400_0,pkw,28537.0,28572.0,35.0,,453.287,0.0,0.0,35.0,3.473,,,0.0,1.0,,True,completed
120822_405_0,pkw,28535.0,28575.0,40.0,,451.472,0.0,0.0,40.0,3.249,,,0.0,1.0,,True,completed
161070_421_0,pkw,28551.0,28581.0,30.0,,445.607,0.0,0.0,30.0,2.813,,,0.0,1.0,,True,completed
267732_465_0,pkw,28545.0,28581.0,36.0,,445.771,0.0,0.0,36.0,1.762,,,0.0,1.0,,True,completed
174411_427_0,pkw,28549.0,28585.0,36.0,,443.622,0.0,0.0,36.0,1.814,,,0.0,1.0,,True,completed
149947_417_0,pkw,28578.0,28589.0,11.0,,191.877,0.0,0.0,11.0,0.377,,,0.0,1.0,,True,completed
177680_430_0,pkw,28537.0,28589.0,52.0,,428.014,18.0,18.0,34.0,25.209,,,0.3462,0.6538,,True,completed
270525_465_0,pkw,28537.0,28591.0,54.0,,434.554,18.0,18.0,36.0,25.927,,,0.3333,0.6667,,True,completed
216822_446_0,pkw,28580.0,28592.0,12.0,,197.779,0.0,0.0,12.0,1.321,,,0.0,1.0,,True,completed
241394_452_0,pkw,28578.0,28592.0,14.0,,179.07,0.0,0.0,14.0,0.494,,,0.0,1.0,,True,completed
238211_451_0,pkw,28553.0,28593.0,40.0,,450.908,0.0,0.0,40.0,2.681,,,0.0,1.0,,True,completed
175533_428_0,pkw,28585.0,28597.0,12.0,,181.733,0.0,0.0,12.0,1.573,,,0.0,1.0,,True,completed
220308_447_0,pkw,28570.0,28600.0,30.0,,446.903,0.0,0.0,30.0,4.397,,,0.0,1.0,,True,completed
174918_427_0,pkw,28579.0,28601.0,22.0,,192.181,3.0,3.0,19.0,11.003,,,0.1364,0.8636,,True,completed
147621_416_0,pkw,28555.0,28602.0,47.0,,449.246,8.0,8.0,39.0,14.638,,,0.1702,0.8298,,True,completed
229126_450_0,pkw,28591.0,28603.0,12.0,,199.872,0.0,0.0,12.0,0.47,,,0.0,1.0,,True,completed
257544_460_0,pkw,28565.0,28603.0,38.0,,452.558,0.0,1.0,37.0,7.602,,,0.0263,0.9737,,True,completed
211492_442_0,pkw,28573.0,28608.0,35.0,,447.391,0.0,0.0,35.0,2.379,,,0.0,1.0,,True,completed
292028_479_0,pkw,28586.0,28617.0,31.0,,441.042,0.0,0.0,31.0,1.67,,,0.0,1.0,,True,completed
128388_408_0,pkw,28602.0,28618.0,16.0,,196.079,0.0,0.0,16.0,0.585,,,0.0,1.0,,True,completed
148835_417_0,pkw,28608.0,28620.0,12.0,,187.2,0.0,0.0,12.0,0.454,,,0.0,1.0,,True,completed
213851_444_0,pkw,28610.0,28621.0,11.0,,196.961,0.0,0.0,11.0,0.31,,,0.0,1.0,,True,completed
178689_430_0,pkw,28612.0,28622.0,10.0,,187.31,0.0,0.0,10.0,0.457,,,0.0,1.0,,True,completed
181432_431_0,pkw,28616.0,28627.0,11.0,,184.299,0.0,0.0,11.0,0.435,,,0.0,1.0,,True,completed
177905_430_0,pkw,28612.0,28628.0,16.0,,199.35,0.0,0.0,16.0,2.876,,,0.0,1.0,,True,completed
207390_441_0,pkw,28620.0,28632.0,12.0,,192.188,0.0,0.0,12.0,0.391,,,0.0,1.0,,True,completed
143726_416_0,pkw,28593.0,28633.0,40.0,,448.713,0.0,0.0,40.0,1.961,,,0.0,1.0,,True,completed
252054_457_0,pkw,28595.0,28633.0,38.0,,453.234,0.0,0.0,38.0,2.301,,,0.0,1.0,,True,completed
280794_471_0,pkw,28596.0,28640.0,44.0,,140.708,28.0,28.0,16.0,34.951,,,0.6364,0.3636,,True,completed
161562_421_0,pkw,28607.0,28642.0,35.0,,452.803,0.0,0.0,35.0,2.089,,,0.0,1.0,,True,completed
169513_426_0,pkw,28612.0,28643.0,31.0,,436.413,0.0,0.0,31.0,1.369,,,0.0,1.0,,True,completed
204241_440_0,pkw,28619.0,28649.0,30.0,,167.194,8.0,8.0,22.0,19.057,,,0.2667,0.7333,,True,completed
188487_433_0,pkw,28622.0,28651.0,29.0,,188.179,9.0,9.0,20.0,18.352,,,0.3103,0.6897,,True,completed
196090_436_0,pkw,28610.0,28651.0,41.0,,448.498,0.0,0.0,41.0,2.167,,,0.0,1.0,,True,completed
164332_422_0,pkw,28628.0,28652.0,24.0,,181.306,2.0,2.0,22.0,13.959,,,0.0833,0.9167,,True,completed
174556_427_0,pkw,28627.0,28652.0,25.0,,188.94,4.0,4.0,21.0,14.432,,,0.16,0.84,,True,completed
187196_433_0,pkw,28632.0,28652.0,20.0,,187.925,0.0,0.0,20.0,8.784,,,0.0,1.0,,True,completed
193673_435_0,pkw,28634.0,28656.0,22.0,,186.494,0.0,0.0,22.0,10.931,,,0.0,1.0,,True,completed
215313_445_0,pkw,28637.0,28658.0,21.0,,193.059,0.0,0.0,21.0,9.229,,,0.0,1.0,,True,completed
200235_437_0,pkw,28639.0,28662.0,23.0,,149.855,6.0,6.0,17.0,12.705,,,0.2609,0.7391,,True,completed
273641_466_0,pkw,28641.0,28663.0,22.0,,140.043,4.0,4.0,18.0,13.084,,,0.1818,0.8182,,True,completed
167883_425_0,pkw,28629.0,28664.0,35.0,,195.172,2.0,2.0,33.0,23.055,,,0.0571,0.9429,,True,completed
170276_426_0,pkw,28627.0,28665.0,38.0,,437.367,0.0,0.0,38.0,7.871,,,0.0,1.0,,True,completed
268829_465_0,pkw,28644.0,28665.0,21.0,,138.851,2.0,2.0,19.0,11.684,,,0.0952,0.9048,,True,completed
222401_448_0,pkw,28624.0,28669.0,45.0,,435.164,0.0,1.0,44.0,8.366,,,0.0222,0.9778,,True,completed
246942_455_0,pkw,28637.0,28671.0,34.0,,162.828,10.0,10.0,24.0,22.059,,,0.2941,0.7059,,True,completed
95711_394_0,pkw,28641.0,28672.0,31.0,,194.503,4.0,4.0,27.0,19.805,,,0.129,0.871,,True,completed
193501_435_0,pkw,28647.0,28673.0,26.0,,195.578,4.0,4.0,22.0,15.26,,,0.1538,0.8462,,True,completed
241303_452_0,pkw,28634.0,28673.0,39.0,,434.358,0.0,0.0,39.0,3.204,,,0.0,1.0,,True,completed
159521_421_0,pkw,28645.0,28677.0,32.0,,202.715,8.0,8.0,24.0,21.246,,,0.25,0.75,,True,completed
242357_452_0,pkw,28652.0,28677.0,25.0,,201.272,0.0,0.0,25.0,13.308,,,0.0,1.0,,True,completed
258498_461_0,pkw,28625.0,28677.0,52.0,,430.847,7.0,7.0,45.0,26.128,,,0.1346,0.8654,,True,completed
186627_432_0,pkw,28649.0,28682.0,33.0,,195.574,3.0,3.0,30.0,21.018,,,0.0909,0.9091,,True,completed
211771_442_0,pkw,28656.0,28682.0,26.0,,201.647,1.0,1.0,25.0,14.724,,,0.0385,0.9615,,True,completed
263548_462_0,pkw,28637.0,28682.0,45.0,,438.839,6.0,6.0,39.0,18.082,,,0.1333,0.8667,,True,completed
188168_433_0,pkw,28666.0,28683.0,17.0,,185.451,0.0,0.0,17.0,6.88,,,0.0,1.0,,True,completed
226950_450_0,pkw,28669.0,28683.0,14.0,,189.44,0.0,0.0,14.0,3.981,,,0.0,1.0,,True,completed
132573_410_0,pkw,28665.0,28684.0,19.0,,195.36,0.0,0.0,19.0,7.581,,,0.0,1.0,,True,completed
154939_420_0,pkw,28671.0,28685.0,14.0,,194.77,0.0,0.0,14.0,4.154,,,0.0,1.0,,True,completed
97220_395_0,pkw,28648.0,28685.0,37.0,,434.692,0.0,0.0,37.0,10.415,,,0.0,1.0,,True,completed
122299_406_0,pkw,28635.0,28688.0,53.0,,431.867,9.0,9.0,44.0,18.571,,,0.1698,0.8302,,True,completed
82062_389_0,pkw,28653.0,28688.0,35.0,,108.474,14.0,14.0,21.0,26.021,,,0.4,0.6,,True,completed
123193_406_0,pkw,28639.0,28691.0,52.0,,451.271,10.0,10.0,42.0,24.879,,,0.1923,0.8077,,True,completed
127187_407_0,pkw,28684.0,28700.0,16.0,,200.525,0.0,0.0,16.0,2.482,,,0.0,1.0,,True,completed
176159_429_0,pkw,28678.0,28701.0,23.0,,192.432,3.0,3.0,20.0,11.497,,,0.1304,0.8696,,True,completed
262090_462_0,pkw,28646.0,28701.0,55.0,,431.706,1.0,1.0,54.0,21.383,,,0.0182,0.9818,,True,completed
107596_400_0,pkw,28693.0,28703.0,10.0,,181.582,0.0,0.0,10.0,0.311,,,0.0,1.0,,True,completed
125267_406_0,pkw,28673.0,28703.0,30.0,,450.557,0.0,0.0,30.0,3.264,,,0.0,1.0,,True,completed
296641_481_0,pkw,28678.0,28704.0,26.0,,357.704,0.0,0.0,26.0,3.348,,,0.0,1.0,,True,completed
238223_451_0,pkw,28698.0,28708.0,10.0,,196.445,0.0,0.0,10.0,0.243,,,0.0,1.0,,True,completed
246477_455_0,pkw,28646.0,28710.0,64.0,,427.417,18.0,19.0,45.0,35.195,,,0.2969,0.7031,,True,completed
110838_401_0,pkw,28702.0,28713.0,11.0,,188.885,0.0,0.0,11.0,0.306,,,0.0,1.0,,True,completed
256913_460_0,pkw,28701.0,28714.0,13.0,,189.199,0.0,0.0,13.0,0.437,,,0.0,1.0,,True,completed
192203_435_0,pkw,28704.0,28715.0,11.0,,201.045,0.0,0.0,11.0,0.204,,,0.0,1.0,,True,completed
249950_456_0,pkw,28681.0,28720.0,39.0,,453.001,1.0,1.0,38.0,10.233,,,0.0256,0.9744,,True,completed
189053_434_0,pkw,28688.0,28723.0,35.0,,459.215,0.0,0.0,35.0,2.733,,,0.0,1.0,,True,completed
85101_390_0,pkw,28690.0,28724.0,34.0,,453.802,0.0,1.0,33.0,5.317,,,0.0294,0.9706,,True,completed
225702_450_0,pkw,28714.0,28729.0,15.0,,201.899,0.0,0.0,15.0,4.704,,,0.0,1.0,,True,completed
201697_438_0,pkw,28720.0,28730.0,10.0,,146.022,0.0,0.0,10.0,0.534,,,0.0,1.0,,True,completed
238898_451_0,pkw,28706.0,28731.0,25.0,,198.358,8.0,8.0,17.0,14.163,,,0.32,0.68,,True,completed
191519_435_0,pkw,28722.0,28732.0,10.0,,149.684,0.0,0.0,10.0,0.524,,,0.0,1.0,,True,completed
155024_420_0,pkw,28712.0,28733.0,21.0,,194.604,0.0,0.0,21.0,7.312,,,0.0,1.0,,True,completed
178461_430_0,pkw,28717.0,28733.0,16.0,,186.082,0.0,0.0,16.0,6.633,,,0.0,1.0,,True,completed
167277_425_0,pkw,28696.0,28734.0,38.0,,445.671,0.0,0.0,38.0,1.883,,,0.0,1.0,,True,completed
141290_415_0,pkw,28725.0,28735.0,10.0,,180.514,0.0,0.0,10.0,0.411,,,0.0,1.0,,True,completed
210408_441_0,pkw,28723.0,28735.0,12.0,,189.411,0.0,0.0,12.0,0.332,,,0.0,1.0,,True,completed
168076_425_0,pkw,28703.0,28737.0,34.0,,451.048,0.0,0.0,34.0,2.076,,,0.0,1.0,,True,completed
140503_414_0,pkw,28686.0,28742.0,56.0,,443.597,5.0,5.0,51.0,12.05,,,0.0893,0.9107,,True,completed
85879_391_0,pkw,28694.0,28742.0,48.0,,462.315,0.0,0.0,48.0,6.39,,,0.0,1.0,,True,completed
200667_437_0,pkw,28696.0,28743.0,47.0,,435.706,1.0,1.0,46.0,9.803,,,0.0213,0.9787,,True,completed
134495_411_0,pkw,28733.0,28750.0,17.0,,143.742,1.0,1.0,16.0,7.443,,,0.0588,0.9412,,True,completed
233666_451_0,pkw,28730.0,28750.0,20.0,,184.545,1.0,1.0,19.0,9.977,,,0.05,0.95,,True,completed
262958_462_0,pkw,28727.0,28751.0,24.0,,197.15,6.0,6.0,18.0,13.255,,,0.25,0.75,,True,completed
293474_480_0,pkw,28729.0,28751.0,22.0,,196.432,0.0,0.0,22.0,10.469,,,0.0,1.0,,True,completed
169474_426_0,pkw,28734.0,28752.0,18.0,,186.774,0.0,0.0,18.0,7.916,,,0.0,1.0,,True,completed
233677_451_0,pkw,28736.0,28752.0,16.0,,147.584,0.0,0.0,16.0,6.404,,,0.0,1.0,,True,completed
228744_450_0,pkw,28740.0,28755.0,15.0,,179.789,0.0,0.0,15.0,4.713,,,0.0,1.0,,True,completed
209482_441_0,pkw,28754.0,28767.0,13.0,,159.239,0.0,0.0,13.0,2.063,,,0.0,1.0,,True,completed
164264_422_0,pkw,28733.0,28768.0,35.0,,454.692,0.0,0.0,35.0,3.117,,,0.0,1.0,,True,completed
276894_469_0,pkw,28756.0,28769.0,13.0,,169.69,0.0,0.0,13.0,2.943,,,0.0,1.0,,True,completed
212428_443_0,pkw,28742.0,28772.0,30.0,,454.154,0.0,0.0,30.0,3.28,,,0.0,1.0,,True,completed
272087_466_0,pkw,28761.0,28773.0,12.0,,157.771,0.0,0.0,12.0,0.716,,,0.0,1.0,,True,completed
149318_417_0,pkw,28740.0,28776.0,36.0,,442.509,0.0,1.0,35.0,6.187,,,0.0278,0.9722,,True,completed
181664_431_0,pkw,28766.0,28776.0,10.0,,159.562,0.0,0.0,10.0,0.614,,,0.0,1.0,,True,completed
245399_454_0,pkw,28768.0,28781.0,13.0,,160.209,0.0,0.0,13.0,2.585,,,0.0,1.0,,True,completed
273300_466_0,pkw,28763.0,28781.0,18.0,,154.521,0.0,0.0,18.0,6.322,,,0.0,1.0,,True,completed
265524_463_0,pkw,28766.0,28782.0,16.0,,146.562,0.0,0.0,16.0,7.15,,,0.0,1.0,,True,completed
90263_391_0,pkw,28772.0,28784.0,12.0,,145.995,0.0,0.0,12.0,2.748,,,0.0,1.0,,True,completed
183935_431_0,pkw,28749.0,28786.0,37.0,,433.101,0.0,0.0,37.0,1.573,,,0.0,1.0,,True,completed
151101_418_0,pkw,28751.0,28790.0,39.0,,431.562,0.0,0.0,39.0,2.031,,,0.0,1.0,,True,completed
124522_406_0,pkw,28769.0,28792.0,23.0,,200.158,4.0,4.0,19.0,12.229,,,0.1739,0.8261,,True,completed
210132_441_0,pkw,28771.0,28792.0,21.0,,191.603,1.0,1.0,20.0,10.659,,,0.0476,0.9524,,True,completed
209434_441_0,pkw,28775.0,28794.0,19.0,,193.311,0.0,0.0,19.0,7.957,,,0.0,1.0,,True,completed
124717_406_0,pkw,28784.0,,16.0,,72.841,2.0,2.0,14.0,11.198,,,0.125,0.875,,False,on_map_at_end
157794_421_0,pkw,28777.0,,23.0,,51.789,16.0,15.0,8.0,19.119,,,0.6522,0.3478,,False,on_map_at_end
162933_422_0,pkw,28798.0,,2.0,,12.77,0.0,0.0,2.0,1.144,,,0.0,1.0,,False,on_map_at_end
194505_436_0,pkw,28775.0,,25.0,,333.958,0.0,0.0,25.0,1.53,,,0.0,1.0,,False,on_map_at_end
202861_439_0,pkw,28796.0,,4.0,,24.953,0.0,0.0,4.0,2.204,,,0.0,1.0,,False,on_map_at_end
217173_446_0,pkw,28781.0,,19.0,,122.321,4.0,4.0,15.0,10.73,,,0.2105,0.7895,,False,on_map_at_end
219862_447_0,pkw,28787.0,,13.0,,55.499,1.0,1.0,12.0,9.135,,,0.0769,0.9231,,False,on_map_at_end
227471_450_0,pkw,28779.0,,21.0,,91.169,9.0,8.0,13.0,16.278,,,0.381,0.619,,False,on_map_at_end
237260_451_0,pkw,28773.0,,27.0,,292.487,0.0,0.0,27.0,9.333,,,0.0,1.0,,False,on_map_at_end
245940_454_0,pkw,28783.0,,17.0,,93.129,2.0,2.0,15.0,11.64,,,0.1176,0.8824,,False,on_map_at_end
251407_457_0,pkw,28774.0,,26.0,,247.147,0.0,0.0,26.0,8.77,,,0.0,1.0,,False,on_map_at_end
251867_457_0,pkw,28800.0,,0.0,,0.0,0.0,0.0,0.0,0.0,,,0.0,0.0,,False,on_map_at_end
253859_459_0,pkw,28777.0,,23.0,,226.375,0.0,0.0,23.0,7.323,,,0.0,1.0,,False,on_map_at_end
255224_459_0,pkw,28779.0,,21.0,,45.988,14.0,13.0,8.0,16.843,,,0.619,0.381,,False,on_map_at_end
255631_460_0,pkw,28789.0,,11.0,,39.63,0.0,0.0,11.0,7.772,,,0.0,1.0,,False,on_map_at_end
292024_479_0,pkw,28779.0,,21.0,,156.43,5.0,5.0,16.0,11.251,,,0.2381,0.7619,,False,on_map_at_end
