vehicle_id,vehicle_type,enter_time_s,departure_time_s,travel_time_s,route_distance_m,distance_traveled_m,accumulated_waiting_time_s,custom_wait_s,moving_time_s,time_loss_s,free_flow_time_s,delay_s,waiting_fraction,moving_fraction,schedule_efficiency,completed_trip,trip_status
124779_406_0,pkw,25206.0,25218.0,12.0,,155.681,0.0,0.0,12.0,1.098,,,0.0,1.0,,True,completed
98305_395_0,pkw,25212.0,25224.0,12.0,,161.047,0.0,0.0,12.0,0.959,,,0.0,1.0,,True,completed
102535_396_0,pkw,25219.0,25230.0,11.0,,166.377,0.0,0.0,11.0,0.803,,,0.0,1.0,,True,completed
147209_416_0,pkw,25221.0,25231.0,10.0,,151.819,0.0,0.0,10.0,0.66,,,0.0,1.0,,True,completed
151372_418_0,pkw,25208.0,25240.0,32.0,,406.677,0.0,0.0,32.0,4.683,,,0.0,1.0,,True,completed
123965_406_0,pkw,25219.0,25253.0,34.0,,433.214,0.0,0.0,34.0,1.758,,,0.0,1.0,,True,completed
160150_421_0,pkw,25221.0,25253.0,32.0,,438.444,0.0,0.0,32.0,1.782,,,0.0,1.0,,True,completed
91582_392_0,pkw,25219.0,25257.0,38.0,,461.228,0.0,0.0,38.0,4.041,,,0.0,1.0,,True,completed
126742_407_0,pkw,25241.0,25261.0,20.0,,198.215,1.0,1.0,19.0,8.569,,,0.05,0.95,,True,completed
121258_405_0,pkw,25241.0,25262.0,21.0,,194.693,0.0,0.0,21.0,7.73,,,0.0,1.0,,True,completed
102501_396_0,pkw,25245.0,25263.0,18.0,,203.173,0.0,0.0,18.0,6.812,,,0.0,1.0,,True,completed
120663_405_0,pkw,25247.0,25264.0,17.0,,203.141,0.0,0.0,17.0,4.332,,,0.0,1.0,,True,completed
113509_402_0,pkw,25249.0,25265.0,16.0,,168.252,0.0,0.0,16.0,6.014,,,0.0,1.0,,True,completed
130147_409_0,pkw,25252.0,25265.0,13.0,,191.418,0.0,0.0,13.0,2.327,,,0.0,1.0,,True,completed
102630_396_0,pkw,25253.0,25267.0,14.0,,200.393,0.0,0.0,14.0,2.241,,,0.0,1.0,,True,completed
122194_406_0,pkw,25256.0,25268.0,12.0,,186.626,0.0,0.0,12.0,0.795,,,0.0,1.0,,True,completed
122376_406_0,pkw,25255.0,25268.0,13.0,,190.04,0.0,0.0,13.0,1.345,,,0.0,1.0,,True,completed
135103_411_0,pkw,25257.0,25270.0,13.0,,199.302,0.0,0.0,13.0,1.714,,,0.0,1.0,,True,completed
152958_419_0,pkw,25258.0,25270.0,12.0,,196.537,0.0,0.0,12.0,1.63,,,0.0,1.0,,True,completed
125613_406_0,pkw,25259.0,25271.0,12.0,,189.661,0.0,0.0,12.0,1.947,,,0.0,1.0,,True,completed
133955_411_0,pkw,25260.0,25271.0,11.0,,187.347,0.0,0.0,11.0,2.813,,,0.0,1.0,,True,completed
129253_408_0,pkw,25261.0,25273.0,12.0,,197.278,0.0,0.0,12.0,0.819,,,0.0,1.0,,True,completed
135201_411_0,pkw,25265.0,25275.0,10.0,,183.012,0.0,0.0,10.0,0.507,,,0.0,1.0,,True,completed
120275_405_0,pkw,25263.0,25276.0,13.0,,202.938,0.0,0.0,13.0,0.516,,,0.0,1.0,,True,completed
134807_411_0,pkw,25263.0,25277.0,14.0,,185.408,0.0,0.0,14.0,3.664,,,0.0,1.0,,True,completed
86189_391_0,pkw,25266.0,25278.0,12.0,,202.407,0.0,0.0,12.0,0.494,,,0.0,1.0,,True,completed
57065_374_0,pkw,25268.0,25279.0,11.0,,186.052,0.0,0.0,11.0,0.338,,,0.0,1.0,,True,completed
82015_389_0,pkw,25269.0,25281.0,12.0,,200.165,0.0,0.0,12.0,0.476,,,0.0,1.0,,True,completed
129519_408_0,pkw,25269.0,25282.0,13.0,,188.549,0.0,0.0,13.0,0.334,,,0.0,1.0,,True,completed
135431_411_0,pkw,25271.0,25284.0,13.0,,198.586,0.0,0.0,13.0,2.622,,,0.0,1.0,,True,completed
136204_411_0,pkw,25271.0,25284.0,13.0,,201.447,0.0,0.0,13.0,0.552,,,0.0,1.0,,True,completed
125316_406_0,pkw,25273.0,25285.0,12.0,,192.642,0.0,0.0,12.0,1.504,,,0.0,1.0,,True,completed
146814_416_0,pkw,25273.0,25285.0,12.0,,188.507,0.0,0.0,12.0,1.588,,,0.0,1.0,,True,completed
118286_405_0,pkw,25275.0,25288.0,13.0,,198.323,0.0,0.0,13.0,0.528,,,0.0,1.0,,True,completed
134435_411_0,pkw,25275.0,25288.0,13.0,,203.416,0.0,0.0,13.0,0.428,,,0.0,1.0,,True,completed
108236_400_0,pkw,25277.0,25289.0,12.0,,193.892,0.0,0.0,12.0,2.239,,,0.0,1.0,,True,completed
146536_416_0,pkw,25277.0,25289.0,12.0,,189.017,0.0,0.0,12.0,1.109,,,0.0,1.0,,True,completed
110905_401_0,pkw,25279.0,25291.0,12.0,,203.553,0.0,0.0,12.0,1.965,,,0.0,1.0,,True,completed
118931_405_0,pkw,25279.0,25291.0,12.0,,197.77,0.0,0.0,12.0,1.166,,,0.0,1.0,,True,completed
94647_393_0,pkw,25281.0,25292.0,11.0,,191.596,0.0,0.0,11.0,0.759,,,0.0,1.0,,True,completed
157203_421_0,pkw,25281.0,25293.0,12.0,,201.281,0.0,0.0,12.0,1.761,,,0.0,1.0,,True,completed
137559_412_0,pkw,25283.0,25294.0,11.0,,200.296,0.0,0.0,11.0,0.471,,,0.0,1.0,,True,completed
139731_413_0,pkw,25282.0,25295.0,13.0,,202.237,0.0,0.0,13.0,0.66,,,0.0,1.0,,True,completed
148629_417_0,pkw,25285.0,25295.0,10.0,,193.853,0.0,0.0,10.0,0.211,,,0.0,1.0,,True,completed
106268_399_0,pkw,25284.0,25297.0,13.0,,192.936,0.0,0.0,13.0,0.622,,,0.0,1.0,,True,completed
133688_411_0,pkw,25285.0,25297.0,12.0,,203.527,0.0,0.0,12.0,0.394,,,0.0,1.0,,True,completed
149029_417_0,pkw,25237.0,25302.0,65.0,,190.122,40.0,40.0,25.0,53.202,,,0.6154,0.3846,,True,completed
115444_403_0,pkw,25295.0,25307.0,12.0,,160.339,0.0,0.0,12.0,0.87,,,0.0,1.0,,True,completed
130602_409_0,pkw,25269.0,25311.0,42.0,,436.408,1.0,1.0,41.0,8.193,,,0.0238,0.9762,,True,completed
162814_422_0,pkw,25234.0,25311.0,77.0,,439.139,33.0,33.0,44.0,41.236,,,0.4286,0.5714,,True,completed
136082_411_0,pkw,25278.0,25312.0,34.0,,429.802,0.0,1.0,33.0,5.64,,,0.0294,0.9706,,True,completed
128446_408_0,pkw,25274.0,25314.0,40.0,,449.157,0.0,0.0,40.0,5.97,,,0.0,1.0,,True,completed
85818_390_0,pkw,25281.0,25315.0,34.0,,439.805,0.0,0.0,34.0,3.179,,,0.0,1.0,,True,completed
103540_397_0,pkw,25301.0,25316.0,15.0,,158.946,0.0,0.0,15.0,3.771,,,0.0,1.0,,True,completed
83516_390_0,pkw,25276.0,25316.0,40.0,,458.757,0.0,0.0,40.0,7.849,,,0.0,1.0,,True,completed
86583_391_0,pkw,25290.0,25322.0,32.0,,429.974,0.0,0.0,32.0,1.901,,,0.0,1.0,,True,completed
113303_402_0,pkw,25284.0,25323.0,39.0,,456.204,0.0,0.0,39.0,4.835,,,0.0,1.0,,True,completed
120878_405_0,pkw,25292.0,25324.0,32.0,,436.345,0.0,0.0,32.0,1.379,,,0.0,1.0,,True,completed
137244_412_0,pkw,25295.0,25325.0,30.0,,434.482,0.0,0.0,30.0,1.34,,,0.0,1.0,,True,completed
85922_391_0,pkw,25294.0,25332.0,38.0,,439.024,0.0,0.0,38.0,2.353,,,0.0,1.0,,True,completed
118963_405_0,pkw,25305.0,25336.0,31.0,,429.427,0.0,0.0,31.0,1.633,,,0.0,1.0,,True,completed
142412_415_0,pkw,25308.0,25339.0,31.0,,433.697,0.0,0.0,31.0,1.36,,,0.0,1.0,,True,completed
138220_412_0,pkw,25310.0,25343.0,33.0,,430.823,0.0,0.0,33.0,1.609,,,0.0,1.0,,True,completed
136152_411_0,pkw,25314.0,25347.0,33.0,,435.146,0.0,0.0,33.0,1.807,,,0.0,1.0,,True,completed
149973_417_0,pkw,25345.0,25357.0,12.0,,186.616,0.0,0.0,12.0,2.069,,,0.0,1.0,,True,completed
127662_407_0,pkw,25345.0,25361.0,16.0,,198.328,0.0,0.0,16.0,6.16,,,0.0,1.0,,True,completed
133819_411_0,pkw,25348.0,25361.0,13.0,,195.293,0.0,0.0,13.0,0.464,,,0.0,1.0,,True,completed
99716_396_0,pkw,25352.0,25363.0,11.0,,202.847,0.0,0.0,11.0,0.268,,,0.0,1.0,,True,completed
161963_421_0,pkw,25353.0,25364.0,11.0,,201.398,0.0,0.0,11.0,1.145,,,0.0,1.0,,True,completed
162096_421_0,pkw,25307.0,25368.0,61.0,,396.261,19.0,19.0,42.0,32.215,,,0.3115,0.6885,,True,completed
167799_425_0,pkw,25328.0,25370.0,42.0,,430.72,7.0,7.0,35.0,13.543,,,0.1667,0.8333,,True,completed
175147_428_0,pkw,25325.0,25370.0,45.0,,398.244,2.0,2.0,43.0,16.323,,,0.0444,0.9556,,True,completed
130372_409_0,pkw,25330.0,25371.0,41.0,,447.622,2.0,2.0,39.0,10.127,,,0.0488,0.9512,,True,completed
122154_406_0,pkw,25338.0,25372.0,34.0,,432.95,0.0,0.0,34.0,3.178,,,0.0,1.0,,True,completed
161721_421_0,pkw,25338.0,25373.0,35.0,,404.599,0.0,0.0,35.0,11.541,,,0.0,1.0,,True,completed
104806_398_0,pkw,25332.0,25374.0,42.0,,461.193,1.0,1.0,41.0,11.584,,,0.0238,0.9762,,True,completed
121429_406_0,pkw,25363.0,25380.0,17.0,,196.611,0.0,0.0,17.0,5.384,,,0.0,1.0,,True,completed
146948_416_0,pkw,25354.0,25380.0,26.0,,199.557,8.0,8.0,18.0,16.301,,,0.3077,0.6923,,True,completed
134511_411_0,pkw,25365.0,25382.0,17.0,,187.916,0.0,0.0,17.0,5.518,,,0.0,1.0,,True,completed
140822_414_0,pkw,25360.0,25382.0,22.0,,202.166,2.0,2.0,20.0,9.92,,,0.0909,0.9091,,True,completed
111249_401_0,pkw,25367.0,25384.0,17.0,,186.147,0.0,0.0,17.0,7.408,,,0.0,1.0,,True,completed
154120_420_0,pkw,25361.0,25384.0,23.0,,201.786,0.0,0.0,23.0,9.118,,,0.0,1.0,,True,completed
155579_420_0,pkw,25369.0,25385.0,16.0,,191.517,0.0,0.0,16.0,4.648,,,0.0,1.0,,True,completed
161648_421_0,pkw,25364.0,25385.0,21.0,,192.017,0.0,0.0,21.0,10.2,,,0.0,1.0,,True,completed
109585_401_0,pkw,25366.0,25387.0,21.0,,201.09,0.0,0.0,21.0,8.809,,,0.0,1.0,,True,completed
101928_396_0,pkw,25369.0,25388.0,19.0,,193.558,0.0,0.0,19.0,7.355,,,0.0,1.0,,True,completed
104556_397_0,pkw,25371.0,25388.0,17.0,,174.992,0.0,0.0,17.0,4.453,,,0.0,1.0,,True,completed
121091_405_0,pkw,25346.0,25392.0,46.0,,430.743,3.0,3.0,43.0,11.448,,,0.0652,0.9348,,True,completed
150753_418_0,pkw,25352.0,25392.0,40.0,,460.012,1.0,1.0,39.0,9.0,,,0.025,0.975,,True,completed
135138_411_0,pkw,25350.0,25394.0,44.0,,434.836,0.0,0.0,44.0,7.429,,,0.0,1.0,,True,completed
169772_426_0,pkw,25348.0,25394.0,46.0,,441.579,2.0,2.0,44.0,14.64,,,0.0435,0.9565,,True,completed
114183_402_0,pkw,25360.0,25395.0,35.0,,433.356,0.0,0.0,35.0,5.457,,,0.0,1.0,,True,completed
120618_405_0,pkw,25364.0,25397.0,33.0,,443.004,0.0,0.0,33.0,3.649,,,0.0,1.0,,True,completed
148536_417_0,pkw,25362.0,25397.0,35.0,,463.647,0.0,0.0,35.0,7.777,,,0.0,1.0,,True,completed
167170_425_0,pkw,25365.0,25397.0,32.0,,430.807,0.0,0.0,32.0,6.122,,,0.0,1.0,,True,completed
137508_412_0,pkw,25368.0,25402.0,34.0,,430.165,0.0,0.0,34.0,2.095,,,0.0,1.0,,True,completed
165043_423_0,pkw,25367.0,25403.0,36.0,,457.929,0.0,0.0,36.0,5.176,,,0.0,1.0,,True,completed
173487_427_0,pkw,25370.0,25406.0,36.0,,446.472,0.0,0.0,36.0,1.939,,,0.0,1.0,,True,completed
162547_422_0,pkw,25372.0,25407.0,35.0,,438.2,0.0,0.0,35.0,4.649,,,0.0,1.0,,True,completed
171810_426_0,pkw,25374.0,25409.0,35.0,,445.898,0.0,0.0,35.0,3.922,,,0.0,1.0,,True,completed
163503_422_0,pkw,25376.0,25412.0,36.0,,430.535,0.0,0.0,36.0,1.703,,,0.0,1.0,,True,completed
84424_390_0,pkw,25381.0,25413.0,32.0,,430.799,0.0,0.0,32.0,4.531,,,0.0,1.0,,True,completed
95948_394_0,pkw,25377.0,25413.0,36.0,,434.867,0.0,0.0,36.0,1.926,,,0.0,1.0,,True,completed
115620_403_0,pkw,25378.0,25414.0,36.0,,435.244,0.0,0.0,36.0,1.887,,,0.0,1.0,,True,completed
127513_407_0,pkw,25379.0,25414.0,35.0,,426.929,0.0,0.0,35.0,1.879,,,0.0,1.0,,True,completed
125385_406_0,pkw,25372.0,25421.0,49.0,,197.85,28.0,28.0,21.0,38.986,,,0.5714,0.4286,,True,completed
93126_392_0,pkw,25374.0,25422.0,48.0,,187.384,27.0,27.0,21.0,36.51,,,0.5625,0.4375,,True,completed
120308_405_0,pkw,25376.0,25424.0,48.0,,186.908,27.0,27.0,21.0,38.933,,,0.5625,0.4375,,True,completed
113625_402_0,pkw,25378.0,25426.0,48.0,,192.261,25.0,25.0,23.0,35.819,,,0.5208,0.4792,,True,completed
139126_413_0,pkw,25380.0,25427.0,47.0,,169.106,25.0,25.0,22.0,36.479,,,0.5319,0.4681,,True,completed
100057_396_0,pkw,25385.0,25430.0,45.0,,433.911,9.0,10.0,35.0,15.191,,,0.2222,0.7778,,True,completed
119040_405_0,pkw,25387.0,25432.0,45.0,,431.533,7.0,7.0,38.0,14.31,,,0.1556,0.8444,,True,completed
92315_392_0,pkw,25389.0,25432.0,43.0,,433.386,6.0,6.0,37.0,15.723,,,0.1395,0.8605,,True,completed
139080_413_0,pkw,25398.0,25434.0,36.0,,433.784,0.0,0.0,36.0,8.184,,,0.0,1.0,,True,completed
149846_417_0,pkw,25400.0,25435.0,35.0,,431.683,0.0,0.0,35.0,7.311,,,0.0,1.0,,True,completed
163150_422_0,pkw,25394.0,25435.0,41.0,,449.321,0.0,0.0,41.0,7.434,,,0.0,1.0,,True,completed
100926_396_0,pkw,25401.0,25437.0,36.0,,444.515,0.0,0.0,36.0,8.922,,,0.0,1.0,,True,completed
105238_398_0,pkw,25396.0,25438.0,42.0,,455.666,0.0,0.0,42.0,7.019,,,0.0,1.0,,True,completed
117534_404_0,pkw,25373.0,25441.0,68.0,,191.787,46.0,46.0,22.0,57.245,,,0.6765,0.3235,,True,completed
140041_414_0,pkw,25404.0,25442.0,38.0,,192.799,6.0,7.0,31.0,27.308,,,0.1842,0.8158,,True,completed
117148_404_0,pkw,25376.0,25443.0,67.0,,198.785,44.0,44.0,23.0,54.955,,,0.6567,0.3433,,True,completed
154290_420_0,pkw,25432.0,25443.0,11.0,,179.514,0.0,0.0,11.0,0.842,,,0.0,1.0,,True,completed
116804_404_0,pkw,25412.0,25444.0,32.0,,189.739,8.0,9.0,23.0,20.834,,,0.2812,0.7188,,True,completed
144491_416_0,pkw,25418.0,25445.0,27.0,,200.566,4.0,4.0,23.0,16.03,,,0.1481,0.8519,,True,completed
107932_400_0,pkw,25427.0,25446.0,19.0,,196.253,0.0,1.0,18.0,5.903,,,0.0526,0.9474,,True,completed
129330_408_0,pkw,25433.0,25446.0,13.0,,197.949,0.0,0.0,13.0,0.475,,,0.0,1.0,,True,completed
106883_399_0,pkw,25409.0,25448.0,39.0,,191.824,7.0,7.0,32.0,28.677,,,0.1795,0.8205,,True,completed
145157_416_0,pkw,25411.0,25448.0,37.0,,444.347,0.0,0.0,37.0,2.844,,,0.0,1.0,,True,completed
114134_402_0,pkw,25414.0,25450.0,36.0,,453.18,0.0,0.0,36.0,3.861,,,0.0,1.0,,True,completed
141862_415_0,pkw,25413.0,25452.0,39.0,,429.803,0.0,0.0,39.0,2.384,,,0.0,1.0,,True,completed
121964_406_0,pkw,25419.0,25454.0,35.0,,445.858,0.0,0.0,35.0,3.896,,,0.0,1.0,,True,completed
176093_428_0,pkw,25418.0,25454.0,36.0,,435.355,0.0,0.0,36.0,2.382,,,0.0,1.0,,True,completed
114601_403_0,pkw,25420.0,25460.0,40.0,,199.881,10.0,10.0,30.0,29.595,,,0.25,0.75,,True,completed
137320_412_0,pkw,25415.0,25461.0,46.0,,408.61,6.0,6.0,40.0,21.285,,,0.1304,0.8696,,True,completed
148479_417_0,pkw,25424.0,25461.0,37.0,,188.41,11.0,11.0,26.0,27.834,,,0.2973,0.7027,,True,completed
106784_399_0,pkw,25427.0,25463.0,36.0,,190.236,9.0,9.0,27.0,26.039,,,0.25,0.75,,True,completed
121832_406_0,pkw,25429.0,25490.0,61.0,,425.025,23.0,23.0,38.0,30.012,,,0.377,0.623,,True,completed
97739_395_0,pkw,25426.0,25491.0,65.0,,433.455,22.0,22.0,43.0,28.964,,,0.3385,0.6615,,True,completed
104968_398_0,pkw,25444.0,25492.0,48.0,,424.41,10.0,10.0,38.0,17.088,,,0.2083,0.7917,,True,completed
117960_404_0,pkw,25434.0,25494.0,60.0,,464.337,18.0,18.0,42.0,26.109,,,0.3,0.7,,True,completed
129025_408_0,pkw,25457.0,25494.0,37.0,,426.964,0.0,0.0,37.0,2.482,,,0.0,1.0,,True,completed
129413_408_0,pkw,25460.0,25498.0,38.0,,434.142,0.0,0.0,38.0,2.011,,,0.0,1.0,,True,completed
131495_410_0,pkw,25445.0,25499.0,54.0,,465.219,8.0,8.0,46.0,16.342,,,0.1481,0.8519,,True,completed
102805_396_0,pkw,25471.0,25501.0,30.0,,200.041,10.0,10.0,20.0,18.192,,,0.3333,0.6667,,True,completed
145391_416_0,pkw,25467.0,25501.0,34.0,,198.045,14.0,14.0,20.0,23.466,,,0.4118,0.5882,,True,completed
119004_405_0,pkw,25480.0,25502.0,22.0,,186.202,0.0,1.0,21.0,11.726,,,0.0455,0.9545,,True,completed
153635_420_0,pkw,25461.0,25503.0,42.0,,180.61,21.0,21.0,21.0,32.536,,,0.5,0.5,,True,completed
145855_416_0,pkw,25470.0,25504.0,34.0,,192.998,11.0,11.0,23.0,22.096,,,0.3235,0.6765,,True,completed
161689_421_0,pkw,25468.0,25505.0,37.0,,397.994,0.0,0.0,37.0,11.008,,,0.0,1.0,,True,completed
164382_422_0,pkw,25470.0,25505.0,35.0,,395.836,0.0,0.0,35.0,9.462,,,0.0,1.0,,True,completed
100928_396_0,pkw,25473.0,25507.0,34.0,,406.84,0.0,0.0,34.0,6.679,,,0.0,1.0,,True,completed
149073_417_0,pkw,25478.0,25509.0,31.0,,177.693,6.0,6.0,25.0,17.74,,,0.1935,0.8065,,True,completed
148120_417_0,pkw,25461.0,25510.0,49.0,,441.696,7.0,7.0,42.0,17.415,,,0.1429,0.8571,,True,completed
89629_391_0,pkw,25447.0,25511.0,64.0,,454.649,16.0,16.0,48.0,33.301,,,0.25,0.75,,True,completed
119623_405_0,pkw,25436.0,25513.0,77.0,,698.73,16.0,16.0,61.0,29.409,,,0.2078,0.7922,,True,completed
138516_412_0,pkw,25455.0,25513.0,58.0,,465.324,13.0,13.0,45.0,28.569,,,0.2241,0.7759,,True,completed
140819_414_0,pkw,25463.0,25513.0,50.0,,437.301,4.0,4.0,46.0,12.833,,,0.08,0.92,,True,completed
101974_396_0,pkw,25457.0,25514.0,57.0,,453.459,12.0,12.0,45.0,24.84,,,0.2105,0.7895,,True,completed
75513_386_0,pkw,25465.0,25514.0,49.0,,445.126,4.0,4.0,45.0,16.326,,,0.0816,0.9184,,True,completed
124133_406_0,pkw,25459.0,25516.0,57.0,,436.796,8.0,8.0,49.0,22.367,,,0.1404,0.8596,,True,completed
140123_414_0,pkw,25467.0,25516.0,49.0,,446.291,3.0,3.0,46.0,20.238,,,0.0612,0.9388,,True,completed
95712_394_0,pkw,25472.0,25517.0,45.0,,433.412,2.0,2.0,43.0,9.976,,,0.0444,0.9556,,True,completed
110527_401_0,pkw,25474.0,25519.0,45.0,,442.783,1.0,1.0,44.0,12.457,,,0.0222,0.9778,,True,completed
156366_420_0,pkw,25464.0,25521.0,57.0,,428.737,6.0,6.0,51.0,22.354,,,0.1053,0.8947,,True,completed
67983_381_0,pkw,25461.0,25521.0,60.0,,464.655,7.0,7.0,53.0,25.903,,,0.1167,0.8833,,True,completed
142878_415_0,pkw,25478.0,25522.0,44.0,,428.861,0.0,0.0,44.0,5.881,,,0.0,1.0,,True,completed
61354_376_0,pkw,25487.0,25523.0,36.0,,437.435,0.0,0.0,36.0,9.269,,,0.0,1.0,,True,completed
97374_395_0,pkw,25469.0,25523.0,54.0,,456.316,6.0,6.0,48.0,28.475,,,0.1111,0.8889,,True,completed
118661_405_0,pkw,25481.0,25524.0,43.0,,430.623,0.0,0.0,43.0,5.237,,,0.0,1.0,,True,completed
129661_409_0,pkw,25490.0,25524.0,34.0,,441.356,0.0,0.0,34.0,4.664,,,0.0,1.0,,True,completed
121971_406_0,pkw,25489.0,25525.0,36.0,,434.942,0.0,0.0,36.0,3.273,,,0.0,1.0,,True,completed
162490_421_0,pkw,25485.0,25526.0,41.0,,465.328,0.0,0.0,41.0,11.021,,,0.0,1.0,,True,completed
146065_416_0,pkw,25483.0,25527.0,44.0,,447.603,0.0,0.0,44.0,9.044,,,0.0,1.0,,True,completed
119953_405_0,pkw,25492.0,25529.0,37.0,,447.702,0.0,0.0,37.0,3.879,,,0.0,1.0,,True,completed
137952_412_0,pkw,25494.0,25531.0,37.0,,200.034,16.0,16.0,21.0,25.743,,,0.4324,0.5676,,True,completed
154948_420_0,pkw,25506.0,25531.0,25.0,,195.756,5.0,5.0,20.0,14.558,,,0.2,0.8,,True,completed
159287_421_0,pkw,25504.0,25531.0,27.0,,183.714,7.0,7.0,20.0,17.9,,,0.2593,0.7407,,True,completed
175864_428_0,pkw,25491.0,25533.0,42.0,,399.536,5.0,5.0,37.0,15.502,,,0.119,0.881,,True,completed
95692_394_0,pkw,25511.0,25533.0,22.0,,191.384,0.0,0.0,22.0,8.269,,,0.0,1.0,,True,completed
160712_421_0,pkw,25515.0,25534.0,19.0,,182.178,0.0,0.0,19.0,8.661,,,0.0,1.0,,True,completed
159698_421_0,pkw,25494.0,25535.0,41.0,,406.951,1.0,1.0,40.0,19.11,,,0.0244,0.9756,,True,completed
126197_407_0,pkw,25500.0,25536.0,36.0,,201.476,13.0,13.0,23.0,23.33,,,0.3611,0.6389,,True,completed
183802_431_0,pkw,25499.0,25537.0,38.0,,411.288,0.0,0.0,38.0,4.509,,,0.0,1.0,,True,completed
110033_401_0,pkw,25481.0,25539.0,58.0,,193.082,31.0,31.0,27.0,48.061,,,0.5345,0.4655,,True,completed
163672_422_0,pkw,25502.0,25540.0,38.0,,404.841,0.0,0.0,38.0,7.878,,,0.0,1.0,,True,completed
130797_409_0,pkw,25483.0,25541.0,58.0,,199.925,28.0,28.0,30.0,46.64,,,0.4828,0.5172,,True,completed
139795_413_0,pkw,25493.0,25541.0,48.0,,444.623,6.0,6.0,42.0,16.753,,,0.125,0.875,,True,completed
80409_388_0,pkw,25491.0,25541.0,50.0,,437.003,9.0,10.0,40.0,13.789,,,0.2,0.8,,True,completed
126718_407_0,pkw,25486.0,25542.0,56.0,,191.227,27.0,27.0,29.0,45.999,,,0.4821,0.5179,,True,completed
136398_411_0,pkw,25495.0,25542.0,47.0,,434.12,8.0,8.0,39.0,15.323,,,0.1702,0.8298,,True,completed
100304_396_0,pkw,25503.0,25543.0,40.0,,422.169,3.0,3.0,37.0,13.159,,,0.075,0.925,,True,completed
128533_408_0,pkw,25497.0,25543.0,46.0,,437.217,5.0,5.0,41.0,14.666,,,0.1087,0.8913,,True,completed
98410_395_0,pkw,25501.0,25544.0,43.0,,429.365,4.0,4.0,39.0,11.913,,,0.093,0.907,,True,completed
126424_407_0,pkw,25488.0,25545.0,57.0,,193.474,26.0,26.0,31.0,47.093,,,0.4561,0.5439,,True,completed
96309_394_0,pkw,25508.0,25546.0,38.0,,437.141,0.0,0.0,38.0,6.012,,,0.0,1.0,,True,completed
133024_410_0,pkw,25507.0,25547.0,40.0,,427.527,0.0,0.0,40.0,7.894,,,0.0,1.0,,True,completed
145219_416_0,pkw,25502.0,25547.0,45.0,,432.492,0.0,0.0,45.0,5.828,,,0.0,1.0,,True,completed
123765_406_0,pkw,25497.0,25550.0,53.0,,445.72,16.0,16.0,37.0,24.162,,,0.3019,0.6981,,True,completed
124728_406_0,pkw,25492.0,25550.0,58.0,,191.01,29.0,29.0,29.0,46.85,,,0.5,0.5,,True,completed
139907_414_0,pkw,25536.0,25552.0,16.0,,188.65,0.0,0.0,16.0,5.897,,,0.0,1.0,,True,completed
148199_417_0,pkw,25529.0,25552.0,23.0,,188.186,4.0,4.0,19.0,13.246,,,0.1739,0.8261,,True,completed
153383_420_0,pkw,25496.0,25552.0,56.0,,200.311,22.0,22.0,34.0,44.785,,,0.3929,0.6071,,True,completed
131095_409_0,pkw,25533.0,25553.0,20.0,,191.507,0.0,0.0,20.0,10.351,,,0.0,1.0,,True,completed
113597_402_0,pkw,25536.0,25554.0,18.0,,169.424,0.0,0.0,18.0,7.141,,,0.0,1.0,,True,completed
131147_409_0,pkw,25501.0,25555.0,54.0,,446.63,12.0,12.0,42.0,25.546,,,0.2222,0.7778,,True,completed
130240_409_0,pkw,25499.0,25557.0,58.0,,443.329,15.0,15.0,43.0,23.322,,,0.2586,0.7414,,True,completed
95319_394_0,pkw,25514.0,25558.0,44.0,,403.159,4.0,4.0,40.0,19.782,,,0.0909,0.9091,,True,completed
125917_406_0,pkw,25548.0,25559.0,11.0,,148.014,0.0,0.0,11.0,0.862,,,0.0,1.0,,True,completed
164286_422_0,pkw,25517.0,25559.0,42.0,,394.515,1.0,1.0,41.0,13.17,,,0.0238,0.9762,,True,completed
172151_426_0,pkw,25524.0,25559.0,35.0,,427.232,0.0,0.0,35.0,1.94,,,0.0,1.0,,True,completed
134042_411_0,pkw,25519.0,25561.0,42.0,,397.963,1.0,1.0,41.0,14.864,,,0.0238,0.9762,,True,completed
150442_418_0,pkw,25519.0,25561.0,42.0,,445.143,4.0,4.0,38.0,13.677,,,0.0952,0.9048,,True,completed
171615_426_0,pkw,25520.0,25563.0,43.0,,445.298,0.0,0.0,43.0,4.404,,,0.0,1.0,,True,completed
117253_404_0,pkw,25522.0,25564.0,42.0,,436.685,0.0,0.0,42.0,12.591,,,0.0,1.0,,True,completed
81559_389_0,pkw,25538.0,25571.0,33.0,,432.524,0.0,0.0,33.0,1.432,,,0.0,1.0,,True,completed
151628_419_0,pkw,25537.0,25573.0,36.0,,434.941,0.0,0.0,36.0,1.833,,,0.0,1.0,,True,completed
153290_420_0,pkw,25541.0,25575.0,34.0,,439.543,0.0,0.0,34.0,1.909,,,0.0,1.0,,True,completed
99939_396_0,pkw,25526.0,25581.0,55.0,,393.794,18.0,18.0,37.0,28.305,,,0.3273,0.6727,,True,completed
137917_412_0,pkw,25531.0,25583.0,52.0,,401.061,16.0,16.0,36.0,29.991,,,0.3077,0.6923,,True,completed
128339_408_0,pkw,25543.0,25591.0,48.0,,446.269,4.0,4.0,44.0,11.89,,,0.0833,0.9167,,True,completed
125962_406_0,pkw,25554.0,25592.0,38.0,,436.399,0.0,0.0,38.0,8.221,,,0.0,1.0,,True,completed
137953_412_0,pkw,25549.0,25592.0,43.0,,429.122,0.0,0.0,43.0,11.903,,,0.0,1.0,,True,completed
168358_425_0,pkw,25540.0,25592.0,52.0,,455.122,1.0,1.0,51.0,8.334,,,0.0192,0.9808,,True,completed
184119_431_0,pkw,25583.0,25593.0,10.0,,136.699,0.0,0.0,10.0,1.38,,,0.0,1.0,,True,completed
106037_399_0,pkw,25563.0,25594.0,31.0,,435.096,0.0,0.0,31.0,3.043,,,0.0,1.0,,True,completed
119325_405_0,pkw,25562.0,25594.0,32.0,,441.801,0.0,0.0,32.0,1.913,,,0.0,1.0,,True,completed
136669_411_0,pkw,25567.0,25601.0,34.0,,164.491,11.0,11.0,23.0,22.835,,,0.3235,0.6765,,True,completed
164112_422_0,pkw,25546.0,25606.0,60.0,,409.814,11.0,11.0,49.0,33.376,,,0.1833,0.8167,,True,completed
80745_388_0,pkw,25532.0,25607.0,75.0,,669.103,14.0,14.0,61.0,25.807,,,0.1867,0.8133,,True,completed
116532_404_0,pkw,25580.0,25609.0,29.0,,188.299,5.0,5.0,24.0,17.325,,,0.1724,0.8276,,True,completed
144457_416_0,pkw,25534.0,25609.0,75.0,,680.555,13.0,13.0,62.0,26.138,,,0.1733,0.8267,,True,completed
151094_418_0,pkw,25558.0,25610.0,52.0,,407.626,6.0,6.0,46.0,26.776,,,0.1154,0.8846,,True,completed
171718_426_0,pkw,25554.0,25614.0,60.0,,399.346,15.0,15.0,45.0,31.937,,,0.25,0.75,,True,completed
102993_397_0,pkw,25586.0,25615.0,29.0,,190.515,11.0,11.0,18.0,17.883,,,0.3793,0.6207,,True,completed
137007_411_0,pkw,25566.0,25616.0,50.0,,406.211,6.0,6.0,44.0,24.274,,,0.12,0.88,,True,completed
130800_409_0,pkw,25603.0,25617.0,14.0,,197.263,0.0,0.0,14.0,2.444,,,0.0,1.0,,True,completed
135158_411_0,pkw,25588.0,25618.0,30.0,,190.236,9.0,9.0,21.0,19.93,,,0.3,0.7,,True,completed
157011_421_0,pkw,25564.0,25618.0,54.0,,405.132,13.0,13.0,41.0,28.4,,,0.2407,0.7593,,True,completed
163382_422_0,pkw,25575.0,25620.0,45.0,,435.788,3.0,3.0,42.0,11.842,,,0.0667,0.9333,,True,completed
149870_417_0,pkw,25576.0,25622.0,46.0,,443.677,2.0,2.0,44.0,16.719,,,0.0435,0.9565,,True,completed
150141_417_0,pkw,25589.0,25623.0,34.0,,431.722,0.0,0.0,34.0,6.598,,,0.0,1.0,,True,completed
135845_411_0,pkw,25544.0,25625.0,81.0,,669.091,14.0,14.0,67.0,32.062,,,0.1728,0.8272,,True,completed
130601_409_0,pkw,25615.0,25627.0,12.0,,184.426,0.0,0.0,12.0,2.315,,,0.0,1.0,,True,completed
73311_385_0,pkw,25573.0,25629.0,56.0,,462.661,7.0,7.0,49.0,24.505,,,0.125,0.875,,True,completed
126858_407_0,pkw,25599.0,25631.0,32.0,,447.107,0.0,0.0,32.0,1.12,,,0.0,1.0,,True,completed
115551_403_0,pkw,25606.0,25632.0,26.0,,195.08,6.0,6.0,20.0,16.211,,,0.2308,0.7692,,True,completed
83429_390_0,pkw,25609.0,25633.0,24.0,,186.645,3.0,3.0,21.0,15.04,,,0.125,0.875,,True,completed
157569_421_0,pkw,25568.0,25635.0,67.0,,405.139,25.0,25.0,42.0,40.571,,,0.3731,0.6269,,True,completed
121463_406_0,pkw,25611.0,25638.0,27.0,,436.991,0.0,0.0,27.0,1.104,,,0.0,1.0,,True,completed
136800_411_0,pkw,25619.0,25641.0,22.0,,151.426,3.0,3.0,19.0,11.022,,,0.1364,0.8636,,True,completed
147215_416_0,pkw,25604.0,25641.0,37.0,,428.924,0.0,0.0,37.0,7.146,,,0.0,1.0,,True,completed
145336_416_0,pkw,25599.0,25644.0,45.0,,430.365,6.0,6.0,39.0,15.475,,,0.1333,0.8667,,True,completed
149660_417_0,pkw,25628.0,25644.0,16.0,,148.28,0.0,0.0,16.0,4.225,,,0.0,1.0,,True,completed
144494_416_0,pkw,25631.0,25645.0,14.0,,139.869,0.0,0.0,14.0,4.423,,,0.0,1.0,,True,completed
167353_425_0,pkw,25603.0,25645.0,42.0,,428.605,4.0,4.0,38.0,13.393,,,0.0952,0.9048,,True,completed
122916_406_0,pkw,25606.0,25647.0,41.0,,436.449,1.0,1.0,40.0,9.72,,,0.0244,0.9756,,True,completed
126699_407_0,pkw,25633.0,25647.0,14.0,,147.166,0.0,0.0,14.0,3.908,,,0.0,1.0,,True,completed
152517_419_0,pkw,25608.0,25649.0,41.0,,434.197,0.0,0.0,41.0,9.203,,,0.0,1.0,,True,completed
102219_396_0,pkw,25616.0,25652.0,36.0,,433.566,0.0,0.0,36.0,1.874,,,0.0,1.0,,True,completed
115445_403_0,pkw,25619.0,25652.0,33.0,,444.548,0.0,0.0,33.0,2.206,,,0.0,1.0,,True,completed
151757_419_0,pkw,25612.0,25652.0,40.0,,453.103,0.0,0.0,40.0,7.463,,,0.0,1.0,,True,completed
154066_420_0,pkw,25592.0,25652.0,60.0,,455.061,12.0,12.0,48.0,30.0,,,0.2,0.8,,True,completed
117915_404_0,pkw,25621.0,25654.0,33.0,,441.954,0.0,0.0,33.0,1.848,,,0.0,1.0,,True,completed
129962_409_0,pkw,25623.0,25657.0,34.0,,168.191,11.0,11.0,23.0,22.41,,,0.3235,0.6765,,True,completed
100992_396_0,pkw,25619.0,25658.0,39.0,,464.544,0.0,0.0,39.0,7.828,,,0.0,1.0,,True,completed
136077_411_0,pkw,25612.0,25658.0,46.0,,462.714,2.0,2.0,44.0,9.949,,,0.0435,0.9565,,True,completed
153000_419_0,pkw,25636.0,25658.0,22.0,,157.062,6.0,6.0,16.0,12.25,,,0.2727,0.7273,,True,completed
183244_431_0,pkw,25638.0,25660.0,22.0,,167.34,3.0,3.0,19.0,10.825,,,0.1364,0.8636,,True,completed
129729_409_0,pkw,25570.0,25661.0,91.0,,669.295,24.0,24.0,67.0,44.191,,,0.2637,0.7363,,True,completed
149887_417_0,pkw,25618.0,25661.0,43.0,,462.575,2.0,2.0,41.0,10.182,,,0.0465,0.9535,,True,completed
136839_411_0,pkw,25627.0,25662.0,35.0,,192.606,14.0,14.0,21.0,22.826,,,0.4,0.6,,True,completed
163004_422_0,pkw,25629.0,25663.0,34.0,,177.517,13.0,13.0,21.0,23.829,,,0.3824,0.6176,,True,completed
120597_405_0,pkw,25573.0,25664.0,91.0,,408.824,38.0,38.0,53.0,65.302,,,0.4176,0.5824,,True,completed
133712_411_0,pkw,25581.0,25665.0,84.0,,395.925,33.0,33.0,51.0,59.442,,,0.3929,0.6071,,True,completed
153446_420_0,pkw,25625.0,25665.0,40.0,,427.17,0.0,0.0,40.0,7.513,,,0.0,1.0,,True,completed
148994_417_0,pkw,25623.0,25670.0,47.0,,444.592,9.0,10.0,37.0,14.76,,,0.2128,0.7872,,True,completed
139583_413_0,pkw,25625.0,25672.0,47.0,,440.725,0.0,0.0,47.0,7.957,,,0.0,1.0,,True,completed
183534_431_0,pkw,25640.0,25672.0,32.0,,169.394,8.0,8.0,24.0,19.124,,,0.25,0.75,,True,completed
172050_426_0,pkw,25654.0,25673.0,19.0,,146.523,1.0,1.0,18.0,10.161,,,0.0526,0.9474,,True,completed
115533_403_0,pkw,25643.0,25674.0,31.0,,168.634,5.0,5.0,26.0,21.109,,,0.1613,0.8387,,True,completed
152845_419_0,pkw,25632.0,25674.0,42.0,,446.311,0.0,0.0,42.0,11.327,,,0.0,1.0,,True,completed
115499_403_0,pkw,25634.0,25675.0,41.0,,435.979,0.0,0.0,41.0,8.624,,,0.0,1.0,,True,completed
162832_422_0,pkw,25647.0,25675.0,28.0,,152.914,5.0,5.0,23.0,18.348,,,0.1786,0.8214,,True,completed
145875_416_0,pkw,25644.0,25677.0,33.0,,433.719,0.0,0.0,33.0,1.761,,,0.0,1.0,,True,completed
183577_431_0,pkw,25642.0,25677.0,35.0,,438.588,0.0,0.0,35.0,1.545,,,0.0,1.0,,True,completed
84905_390_0,pkw,25649.0,25678.0,29.0,,168.379,4.0,4.0,25.0,17.799,,,0.1379,0.8621,,True,completed
140984_414_0,pkw,25669.0,25680.0,11.0,,201.457,0.0,0.0,11.0,0.468,,,0.0,1.0,,True,completed
111580_401_0,pkw,25640.0,25681.0,41.0,,448.35,1.0,2.0,39.0,12.615,,,0.0488,0.9512,,True,completed
132695_410_0,pkw,25646.0,25682.0,36.0,,439.597,0.0,0.0,36.0,8.277,,,0.0,1.0,,True,completed
155751_420_0,pkw,25596.0,25685.0,89.0,,401.907,29.0,29.0,60.0,65.683,,,0.3258,0.6742,,True,completed
145229_416_0,pkw,25649.0,25686.0,37.0,,442.147,0.0,0.0,37.0,6.379,,,0.0,1.0,,True,completed
149663_417_0,pkw,25671.0,25687.0,16.0,,190.218,0.0,0.0,16.0,3.239,,,0.0,1.0,,True,completed
134481_411_0,pkw,25604.0,25690.0,86.0,,409.328,21.0,21.0,65.0,60.529,,,0.2442,0.7558,,True,completed
159995_421_0,pkw,25653.0,25690.0,37.0,,433.262,3.0,3.0,34.0,10.928,,,0.0811,0.9189,,True,completed
158154_421_0,pkw,25651.0,25691.0,40.0,,433.981,1.0,1.0,39.0,11.471,,,0.025,0.975,,True,completed
148932_417_0,pkw,25650.0,25692.0,42.0,,437.695,4.0,4.0,38.0,10.412,,,0.0952,0.9048,,True,completed
142128_415_0,pkw,25678.0,25694.0,16.0,,159.524,0.0,1.0,15.0,7.558,,,0.0625,0.9375,,True,completed
160711_421_0,pkw,25652.0,25696.0,44.0,,430.905,2.0,2.0,42.0,9.144,,,0.0455,0.9545,,True,completed
169028_425_0,pkw,25661.0,25697.0,36.0,,425.024,0.0,0.0,36.0,6.67,,,0.0,1.0,,True,completed
118825_405_0,pkw,25585.0,25700.0,115.0,,399.698,40.0,40.0,75.0,85.55,,,0.3478,0.6522,,True,completed
173616_427_0,pkw,25657.0,25700.0,43.0,,428.252,0.0,0.0,43.0,8.348,,,0.0,1.0,,True,completed
172273_426_0,pkw,25685.0,25701.0,16.0,,151.804,0.0,0.0,16.0,6.136,,,0.0,1.0,,True,completed
107063_400_0,pkw,25660.0,25703.0,43.0,,444.649,2.0,2.0,41.0,13.268,,,0.0465,0.9535,,True,completed
129792_409_0,pkw,25592.0,25705.0,113.0,,405.257,33.0,33.0,80.0,83.528,,,0.292,0.708,,True,completed
115970_403_0,pkw,25651.0,25706.0,55.0,,444.77,9.0,9.0,46.0,19.535,,,0.1636,0.8364,,True,completed
123239_406_0,pkw,25606.0,25707.0,101.0,,406.297,28.0,28.0,73.0,73.559,,,0.2772,0.7228,,True,completed
111352_401_0,pkw,25696.0,25708.0,12.0,,186.563,0.0,0.0,12.0,1.977,,,0.0,1.0,,True,completed
136394_411_0,pkw,25666.0,25708.0,42.0,,451.399,0.0,0.0,42.0,12.546,,,0.0,1.0,,True,completed
142911_415_0,pkw,25583.0,25708.0,125.0,,675.263,38.0,42.0,83.0,72.062,,,0.336,0.664,,True,completed
127353_407_0,pkw,25594.0,25710.0,116.0,,395.009,35.0,35.0,81.0,89.503,,,0.3017,0.6983,,True,completed
185399_432_0,pkw,25621.0,25710.0,89.0,,363.675,33.0,33.0,56.0,62.444,,,0.3708,0.6292,,True,completed
168568_425_0,pkw,25617.0,25714.0,97.0,,405.3,36.0,36.0,61.0,67.708,,,0.3711,0.6289,,True,completed
67430_381_0,pkw,25640.0,25714.0,74.0,,409.988,26.0,26.0,48.0,46.991,,,0.3514,0.6486,,True,completed
142600_415_0,pkw,25659.0,25715.0,56.0,,438.285,9.0,10.0,46.0,20.95,,,0.1786,0.8214,,True,completed
164298_422_0,pkw,25666.0,25715.0,49.0,,437.363,7.0,7.0,42.0,14.492,,,0.1429,0.8571,,True,completed
106720_399_0,pkw,25705.0,25716.0,11.0,,200.655,0.0,0.0,11.0,0.282,,,0.0,1.0,,True,completed
161200_421_0,pkw,25669.0,25717.0,48.0,,436.401,6.0,6.0,42.0,13.224,,,0.125,0.875,,True,completed
171772_426_0,pkw,25682.0,25718.0,36.0,,431.614,0.0,0.0,36.0,4.161,,,0.0,1.0,,True,completed
130627_409_0,pkw,25664.0,25720.0,56.0,,432.192,17.0,17.0,39.0,24.575,,,0.3036,0.6964,,True,completed
143002_415_0,pkw,25614.0,25720.0,106.0,,401.594,35.0,35.0,71.0,78.097,,,0.3302,0.6698,,True,completed
122032_406_0,pkw,25668.0,25722.0,54.0,,436.108,14.0,14.0,40.0,21.451,,,0.2593,0.7407,,True,completed
129342_408_0,pkw,25692.0,25722.0,30.0,,142.035,11.0,11.0,19.0,20.411,,,0.3667,0.6333,,True,completed
111993_401_0,pkw,25700.0,25724.0,24.0,,152.272,5.0,5.0,19.0,14.117,,,0.2083,0.7917,,True,completed
167388_425_0,pkw,25670.0,25724.0,54.0,,436.111,12.0,12.0,42.0,23.203,,,0.2222,0.7778,,True,completed
146142_416_0,pkw,25711.0,25725.0,14.0,,142.733,0.0,0.0,14.0,4.579,,,0.0,1.0,,True,completed
147412_416_0,pkw,25672.0,25726.0,54.0,,437.075,10.0,10.0,44.0,22.927,,,0.1852,0.8148,,True,completed
160004_421_0,pkw,25714.0,25727.0,13.0,,151.241,0.0,0.0,13.0,2.802,,,0.0,1.0,,True,completed
172599_426_0,pkw,25608.0,25727.0,119.0,,668.277,28.0,28.0,91.0,72.47,,,0.2353,0.7647,,True,completed
81109_389_0,pkw,25698.0,25728.0,30.0,,439.808,0.0,0.0,30.0,2.149,,,0.0,1.0,,True,completed
132718_410_0,pkw,25676.0,25730.0,54.0,,393.378,9.0,10.0,44.0,29.586,,,0.1852,0.8148,,True,completed
156946_421_0,pkw,25610.0,25730.0,120.0,,676.506,30.0,30.0,90.0,74.599,,,0.25,0.75,,True,completed
132148_410_0,pkw,25686.0,25733.0,47.0,,408.717,5.0,5.0,42.0,25.134,,,0.1064,0.8936,,True,completed
156748_421_0,pkw,25670.0,25734.0,64.0,,451.478,18.0,18.0,46.0,30.185,,,0.2812,0.7188,,True,completed
101521_396_0,pkw,25650.0,25736.0,86.0,,189.576,35.0,36.0,50.0,75.27,,,0.4186,0.5814,,True,completed
160485_421_0,pkw,25699.0,25736.0,37.0,,449.0,0.0,0.0,37.0,2.451,,,0.0,1.0,,True,completed
137699_412_0,pkw,25707.0,25741.0,34.0,,194.315,16.0,16.0,18.0,23.684,,,0.4706,0.5294,,True,completed
139035_413_0,pkw,25717.0,25741.0,24.0,,183.626,5.0,5.0,19.0,13.646,,,0.2083,0.7917,,True,completed
145274_416_0,pkw,25708.0,25741.0,33.0,,187.998,15.0,15.0,18.0,21.714,,,0.4545,0.5455,,True,completed
159332_421_0,pkw,25637.0,25742.0,105.0,,461.234,36.0,36.0,69.0,72.415,,,0.3429,0.6571,,True,completed
74935_386_0,pkw,25723.0,25742.0,19.0,,246.406,0.0,0.0,19.0,0.887,,,0.0,1.0,,True,completed
79851_387_0,pkw,25723.0,25743.0,20.0,,202.749,0.0,1.0,19.0,8.314,,,0.05,0.95,,True,completed
145487_416_0,pkw,25639.0,25746.0,107.0,,459.164,35.0,36.0,71.0,71.405,,,0.3364,0.6636,,True,completed
131253_409_0,pkw,25653.0,25747.0,94.0,,190.938,33.0,33.0,61.0,83.635,,,0.3511,0.6489,,True,completed
165592_423_0,pkw,25698.0,25749.0,51.0,,436.351,5.0,5.0,46.0,16.523,,,0.098,0.902,,True,completed
147206_416_0,pkw,25694.0,25750.0,56.0,,440.34,19.0,19.0,37.0,26.041,,,0.3393,0.6607,,True,completed
156448_420_0,pkw,25706.0,25750.0,44.0,,429.007,0.0,0.0,44.0,16.068,,,0.0,1.0,,True,completed
130024_409_0,pkw,25717.0,25751.0,34.0,,142.125,16.0,16.0,18.0,25.302,,,0.4706,0.5294,,True,completed
141027_414_0,pkw,25715.0,25751.0,36.0,,158.341,16.0,16.0,20.0,25.502,,,0.4444,0.5556,,True,completed
114202_402_0,pkw,25707.0,25752.0,45.0,,441.876,4.0,4.0,41.0,13.765,,,0.0889,0.9111,,True,completed
154752_420_0,pkw,25708.0,25752.0,44.0,,434.036,0.0,1.0,43.0,10.918,,,0.0227,0.9773,,True,completed
98476_395_0,pkw,25719.0,25753.0,34.0,,149.56,16.0,16.0,18.0,24.242,,,0.4706,0.5294,,True,completed
107400_400_0,pkw,25641.0,25754.0,113.0,,467.098,34.0,41.0,72.0,83.507,,,0.3628,0.6372,,True,completed
175367_428_0,pkw,25717.0,25754.0,37.0,,435.044,0.0,0.0,37.0,2.415,,,0.0,1.0,,True,completed
138240_412_0,pkw,25685.0,25756.0,71.0,,433.754,16.0,16.0,55.0,23.695,,,0.2254,0.7746,,True,completed
172682_426_0,pkw,25737.0,25757.0,20.0,,155.725,0.0,1.0,19.0,11.457,,,0.05,0.95,,True,completed
145534_416_0,pkw,25742.0,25759.0,17.0,,155.431,0.0,0.0,17.0,8.12,,,0.0,1.0,,True,completed
136792_411_0,pkw,25740.0,25762.0,22.0,,194.34,2.0,2.0,20.0,12.242,,,0.0909,0.9091,,True,completed
154816_420_0,pkw,25737.0,25762.0,25.0,,190.459,4.0,4.0,21.0,11.439,,,0.16,0.84,,True,completed
153784_420_0,pkw,25744.0,25764.0,20.0,,201.193,0.0,0.0,20.0,9.171,,,0.0,1.0,,True,completed
171227_426_0,pkw,25746.0,25765.0,19.0,,193.593,0.0,0.0,19.0,8.294,,,0.0,1.0,,True,completed
128382_408_0,pkw,25716.0,25766.0,50.0,,449.275,3.0,4.0,46.0,15.13,,,0.08,0.92,,True,completed
129132_408_0,pkw,25655.0,25770.0,115.0,,194.873,47.0,48.0,67.0,105.545,,,0.4174,0.5826,,True,completed
144175_416_0,pkw,25707.0,25771.0,64.0,,399.778,19.0,19.0,45.0,38.081,,,0.2969,0.7031,,True,completed
103722_397_0,pkw,25658.0,25773.0,115.0,,193.614,42.0,42.0,73.0,102.695,,,0.3652,0.6348,,True,completed
123398_406_0,pkw,25664.0,25774.0,110.0,,180.387,45.0,45.0,65.0,99.912,,,0.4091,0.5909,,True,completed
164009_422_0,pkw,25735.0,25776.0,41.0,,435.056,0.0,1.0,40.0,9.866,,,0.0244,0.9756,,True,completed
99386_396_0,pkw,25670.0,25776.0,106.0,,186.694,41.0,41.0,65.0,95.95,,,0.3868,0.6132,,True,completed
138827_413_0,pkw,25722.0,25777.0,55.0,,429.133,12.0,12.0,43.0,19.607,,,0.2182,0.7818,,True,completed
145735_416_0,pkw,25723.0,25778.0,55.0,,430.963,10.0,10.0,45.0,26.895,,,0.1818,0.8182,,True,completed
145192_416_0,pkw,25706.0,25779.0,73.0,,194.314,18.0,18.0,55.0,60.756,,,0.2466,0.7534,,True,completed
148872_417_0,pkw,25738.0,25779.0,41.0,,429.94,0.0,0.0,41.0,8.076,,,0.0,1.0,,True,completed
141742_415_0,pkw,25728.0,25780.0,52.0,,428.328,14.0,14.0,38.0,21.448,,,0.2692,0.7308,,True,completed
91426_392_0,pkw,25722.0,25780.0,58.0,,431.292,18.0,18.0,40.0,24.83,,,0.3103,0.6897,,True,completed
91826_392_0,pkw,25732.0,25781.0,49.0,,442.768,12.0,13.0,36.0,22.079,,,0.2653,0.7347,,True,completed
156401_420_0,pkw,25724.0,25782.0,58.0,,433.693,16.0,16.0,42.0,25.587,,,0.2759,0.7241,,True,completed
172104_426_0,pkw,25755.0,25782.0,27.0,,141.609,9.0,9.0,18.0,16.945,,,0.3333,0.6667,,True,completed
131143_409_0,pkw,25735.0,25784.0,49.0,,452.329,11.0,11.0,38.0,20.463,,,0.2245,0.7755,,True,completed
138541_412_0,pkw,25740.0,25784.0,44.0,,435.52,0.0,0.0,44.0,7.567,,,0.0,1.0,,True,completed
173889_427_0,pkw,25749.0,25784.0,35.0,,436.136,0.0,0.0,35.0,2.187,,,0.0,1.0,,True,completed
85853_391_0,pkw,25739.0,25786.0,47.0,,441.216,9.0,9.0,38.0,17.928,,,0.1915,0.8085,,True,completed
159733_421_0,pkw,25712.0,25791.0,79.0,,189.181,23.0,23.0,56.0,67.314,,,0.2911,0.7089,,True,completed
150982_418_0,pkw,25751.0,25800.0,49.0,,440.354,8.0,8.0,41.0,14.648,,,0.1633,0.8367,,True,completed
193213_435_0,pkw,25773.0,25801.0,28.0,,158.788,6.0,6.0,22.0,18.604,,,0.2143,0.7857,,True,completed
160223_421_0,pkw,25753.0,25802.0,49.0,,435.298,11.0,11.0,38.0,18.204,,,0.2245,0.7755,,True,completed
86606_391_0,pkw,25756.0,25802.0,46.0,,432.55,1.0,1.0,45.0,9.933,,,0.0217,0.9783,,True,completed
160390_421_0,pkw,25757.0,25803.0,46.0,,430.295,5.0,5.0,41.0,12.874,,,0.1087,0.8913,,True,completed
148483_417_0,pkw,25760.0,25805.0,45.0,,432.99,5.0,5.0,40.0,12.116,,,0.1111,0.8889,,True,completed
155578_420_0,pkw,25763.0,25805.0,42.0,,432.942,2.0,2.0,40.0,12.762,,,0.0476,0.9524,,True,completed
182289_431_0,pkw,25784.0,25806.0,22.0,,160.218,2.0,2.0,20.0,11.178,,,0.0909,0.9091,,True,completed
155604_420_0,pkw,25767.0,25807.0,40.0,,432.522,0.0,0.0,40.0,10.068,,,0.0,1.0,,True,completed
127924_407_0,pkw,25759.0,25808.0,49.0,,434.151,6.0,6.0,43.0,14.784,,,0.1224,0.8776,,True,completed
85490_390_0,pkw,25786.0,25808.0,22.0,,168.77,0.0,0.0,22.0,10.815,,,0.0,1.0,,True,completed
97088_395_0,pkw,25765.0,25809.0,44.0,,426.017,0.0,0.0,44.0,12.606,,,0.0,1.0,,True,completed
142101_415_0,pkw,25771.0,25810.0,39.0,,438.236,0.0,0.0,39.0,6.594,,,0.0,1.0,,True,completed
165056_423_0,pkw,25768.0,25812.0,44.0,,427.554,0.0,0.0,44.0,9.82,,,0.0,1.0,,True,completed
109448_401_0,pkw,25752.0,25813.0,61.0,,198.38,35.0,36.0,25.0,50.172,,,0.5902,0.4098,,True,completed
130570_409_0,pkw,25771.0,25814.0,43.0,,190.243,20.0,20.0,23.0,32.372,,,0.4651,0.5349,,True,completed
90782_391_0,pkw,25722.0,25814.0,92.0,,464.068,17.0,17.0,75.0,59.519,,,0.1848,0.8152,,True,completed
139001_413_0,pkw,25764.0,25815.0,51.0,,185.61,26.0,27.0,24.0,42.162,,,0.5294,0.4706,,True,completed
161062_421_0,pkw,25724.0,25815.0,91.0,,455.141,14.0,14.0,77.0,59.814,,,0.1538,0.8462,,True,completed
160050_421_0,pkw,25736.0,25816.0,80.0,,459.647,13.0,13.0,67.0,52.435,,,0.1625,0.8375,,True,completed
163598_422_0,pkw,25741.0,25820.0,79.0,,196.254,37.0,37.0,42.0,68.247,,,0.4684,0.5316,,True,completed
123430_406_0,pkw,25744.0,25821.0,77.0,,183.392,33.0,33.0,44.0,68.35,,,0.4286,0.5714,,True,completed
178737_430_0,pkw,25773.0,25822.0,49.0,,435.1,6.0,6.0,43.0,17.386,,,0.1224,0.8776,,True,completed
156076_420_0,pkw,25739.0,25825.0,86.0,,461.107,28.0,28.0,58.0,49.249,,,0.3256,0.6744,,True,completed
158997_421_0,pkw,25793.0,25825.0,32.0,,155.517,7.0,7.0,25.0,22.425,,,0.2188,0.7812,,True,completed
186072_432_0,pkw,25775.0,25825.0,50.0,,438.613,6.0,6.0,44.0,17.132,,,0.12,0.88,,True,completed
174965_428_0,pkw,25778.0,25827.0,49.0,,436.799,4.0,4.0,45.0,16.025,,,0.0816,0.9184,,True,completed
176609_429_0,pkw,25782.0,25827.0,45.0,,428.608,2.0,2.0,43.0,11.83,,,0.0444,0.9556,,True,completed
111313_401_0,pkw,25794.0,25828.0,34.0,,428.759,0.0,0.0,34.0,7.139,,,0.0,1.0,,True,completed
174325_427_0,pkw,25788.0,25829.0,41.0,,433.367,0.0,0.0,41.0,8.257,,,0.0,1.0,,True,completed
112443_401_0,pkw,25742.0,25831.0,89.0,,450.991,44.0,44.0,45.0,61.758,,,0.4944,0.5056,,True,completed
81826_389_0,pkw,25824.0,25834.0,10.0,,146.161,0.0,0.0,10.0,0.88,,,0.0,1.0,,True,completed
130856_409_0,pkw,25808.0,25836.0,28.0,,430.547,0.0,0.0,28.0,1.434,,,0.0,1.0,,True,completed
198450_436_0,pkw,25789.0,25838.0,49.0,,435.389,10.0,10.0,39.0,23.553,,,0.2041,0.7959,,True,completed
131279_410_0,pkw,25791.0,25843.0,52.0,,434.613,9.0,9.0,43.0,22.464,,,0.1731,0.8269,,True,completed
137920_412_0,pkw,25798.0,25843.0,45.0,,427.068,5.0,5.0,40.0,12.833,,,0.1111,0.8889,,True,completed
162562_422_0,pkw,25800.0,25845.0,45.0,,431.557,0.0,0.0,45.0,13.113,,,0.0,1.0,,True,completed
141170_414_0,pkw,25811.0,25848.0,37.0,,430.645,0.0,0.0,37.0,3.875,,,0.0,1.0,,True,completed
148257_417_0,pkw,25827.0,25851.0,24.0,,193.848,4.0,4.0,20.0,10.373,,,0.1667,0.8333,,True,completed
132261_410_0,pkw,25822.0,25853.0,31.0,,438.415,0.0,0.0,31.0,1.301,,,0.0,1.0,,True,completed
141469_415_0,pkw,25832.0,25862.0,30.0,,428.316,0.0,0.0,30.0,1.058,,,0.0,1.0,,True,completed
163588_422_0,pkw,25829.0,25863.0,34.0,,429.665,0.0,0.0,34.0,1.355,,,0.0,1.0,,True,completed
164052_422_0,pkw,25834.0,25864.0,30.0,,435.362,0.0,0.0,30.0,2.599,,,0.0,1.0,,True,completed
105770_399_0,pkw,25864.0,25874.0,10.0,,148.309,0.0,0.0,10.0,0.813,,,0.0,1.0,,True,completed
158714_421_0,pkw,25861.0,25874.0,13.0,,152.438,0.0,0.0,13.0,2.985,,,0.0,1.0,,True,completed
125284_406_0,pkw,25865.0,25895.0,30.0,,436.464,0.0,0.0,30.0,1.431,,,0.0,1.0,,True,completed
168843_425_0,pkw,25860.0,25896.0,36.0,,428.124,0.0,0.0,36.0,1.577,,,0.0,1.0,,True,completed
108740_400_0,pkw,25866.0,25897.0,31.0,,438.973,0.0,0.0,31.0,1.518,,,0.0,1.0,,True,completed
187954_433_0,pkw,25870.0,25900.0,30.0,,429.55,0.0,0.0,30.0,1.215,,,0.0,1.0,,True,completed
182594_431_0,pkw,25862.0,25901.0,39.0,,402.55,4.0,4.0,35.0,15.35,,,0.1026,0.8974,,True,completed
147033_416_0,pkw,25868.0,25903.0,35.0,,427.264,0.0,0.0,35.0,1.569,,,0.0,1.0,,True,completed
153369_420_0,pkw,25876.0,25909.0,33.0,,434.003,0.0,0.0,33.0,1.448,,,0.0,1.0,,True,completed
163833_422_0,pkw,25879.0,25910.0,31.0,,425.651,0.0,0.0,31.0,4.801,,,0.0,1.0,,True,completed
83512_390_0,pkw,25878.0,25910.0,32.0,,428.313,0.0,0.0,32.0,1.281,,,0.0,1.0,,True,completed
110198_401_0,pkw,25883.0,25912.0,29.0,,433.807,0.0,0.0,29.0,3.535,,,0.0,1.0,,True,completed
172178_426_0,pkw,25881.0,25916.0,35.0,,431.217,0.0,0.0,35.0,1.752,,,0.0,1.0,,True,completed
147762_416_0,pkw,25885.0,25918.0,33.0,,435.667,0.0,0.0,33.0,1.578,,,0.0,1.0,,True,completed
110628_401_0,pkw,25886.0,25919.0,33.0,,436.831,0.0,0.0,33.0,1.496,,,0.0,1.0,,True,completed
152995_419_0,pkw,25891.0,25934.0,43.0,,428.301,3.0,3.0,40.0,8.819,,,0.0698,0.9302,,True,completed
115085_403_0,pkw,25889.0,25939.0,50.0,,431.378,3.0,3.0,47.0,10.478,,,0.06,0.94,,True,completed
147231_416_0,pkw,25894.0,25940.0,46.0,,429.789,0.0,0.0,46.0,7.435,,,0.0,1.0,,True,completed
182638_431_0,pkw,25889.0,25940.0,51.0,,396.673,11.0,11.0,40.0,23.059,,,0.2157,0.7843,,True,completed
131869_410_0,pkw,25893.0,25941.0,48.0,,435.973,2.0,2.0,46.0,14.784,,,0.0417,0.9583,,True,completed
165160_423_0,pkw,25896.0,25942.0,46.0,,434.772,0.0,0.0,46.0,13.68,,,0.0,1.0,,True,completed
80499_388_0,pkw,25898.0,25943.0,45.0,,438.929,0.0,0.0,45.0,10.862,,,0.0,1.0,,True,completed
82214_389_0,pkw,25903.0,25943.0,40.0,,427.189,0.0,0.0,40.0,8.883,,,0.0,1.0,,True,completed
192205_435_0,pkw,25900.0,25944.0,44.0,,430.782,0.0,0.0,44.0,7.797,,,0.0,1.0,,True,completed
100734_396_0,pkw,25902.0,25945.0,43.0,,428.992,0.0,0.0,43.0,7.71,,,0.0,1.0,,True,completed
110659_401_0,pkw,25905.0,25946.0,41.0,,435.631,0.0,0.0,41.0,9.037,,,0.0,1.0,,True,completed
152391_419_0,pkw,25909.0,25947.0,38.0,,433.502,0.0,0.0,38.0,9.109,,,0.0,1.0,,True,completed
195693_436_0,pkw,25912.0,25948.0,36.0,,425.281,0.0,0.0,36.0,6.407,,,0.0,1.0,,True,completed
99177_396_0,pkw,25907.0,25948.0,41.0,,437.386,0.0,0.0,41.0,5.468,,,0.0,1.0,,True,completed
110876_401_0,pkw,25915.0,25949.0,34.0,,429.362,0.0,0.0,34.0,2.575,,,0.0,1.0,,True,completed
155932_420_0,pkw,25920.0,25956.0,36.0,,434.064,0.0,0.0,36.0,1.52,,,0.0,1.0,,True,completed
108574_400_0,pkw,25945.0,25960.0,15.0,,192.434,0.0,0.0,15.0,5.832,,,0.0,1.0,,True,completed
127556_407_0,pkw,25954.0,25965.0,11.0,,199.239,0.0,0.0,11.0,0.317,,,0.0,1.0,,True,completed
190202_434_0,pkw,25918.0,25966.0,48.0,,434.268,0.0,0.0,48.0,2.772,,,0.0,1.0,,True,completed
108475_400_0,pkw,25942.0,25973.0,31.0,,440.633,0.0,0.0,31.0,1.37,,,0.0,1.0,,True,completed
125646_406_0,pkw,25960.0,25981.0,21.0,,202.797,2.0,2.0,19.0,10.071,,,0.0952,0.9048,,True,completed
140141_414_0,pkw,25946.0,25981.0,35.0,,451.485,0.0,0.0,35.0,1.784,,,0.0,1.0,,True,completed
139104_413_0,pkw,25950.0,25983.0,33.0,,441.586,0.0,0.0,33.0,1.388,,,0.0,1.0,,True,completed
159229_421_0,pkw,25950.0,25990.0,40.0,,423.952,3.0,3.0,37.0,11.951,,,0.075,0.925,,True,completed
132821_410_0,pkw,25937.0,25992.0,55.0,,459.987,6.0,6.0,49.0,13.442,,,0.1091,0.8909,,True,completed
200404_437_0,pkw,25957.0,25993.0,36.0,,435.213,0.0,0.0,36.0,1.907,,,0.0,1.0,,True,completed
158101_421_0,pkw,25963.0,25997.0,34.0,,432.911,0.0,0.0,34.0,1.553,,,0.0,1.0,,True,completed
138405_412_0,pkw,25973.0,26001.0,28.0,,190.621,7.0,7.0,21.0,15.984,,,0.25,0.75,,True,completed
118911_405_0,pkw,25968.0,26002.0,34.0,,451.082,0.0,0.0,34.0,8.431,,,0.0,1.0,,True,completed
149484_417_0,pkw,25957.0,26002.0,45.0,,450.83,5.0,5.0,40.0,13.239,,,0.1111,0.8889,,True,completed
173974_427_0,pkw,25982.0,26003.0,21.0,,200.794,0.0,0.0,21.0,11.011,,,0.0,1.0,,True,completed
109862_401_0,pkw,25994.0,26004.0,10.0,,183.453,0.0,0.0,10.0,0.508,,,0.0,1.0,,True,completed
146411_416_0,pkw,25964.0,26006.0,42.0,,450.354,0.0,0.0,42.0,7.56,,,0.0,1.0,,True,completed
111336_401_0,pkw,25966.0,26009.0,43.0,,448.412,0.0,0.0,43.0,6.759,,,0.0,1.0,,True,completed
95643_394_0,pkw,25966.0,26014.0,48.0,,425.766,4.0,4.0,44.0,13.36,,,0.0833,0.9167,,True,completed
107998_400_0,pkw,25972.0,26020.0,48.0,,442.699,9.0,10.0,38.0,17.932,,,0.2083,0.7917,,True,completed
102001_396_0,pkw,25975.0,26021.0,46.0,,443.811,7.0,7.0,39.0,16.868,,,0.1522,0.8478,,True,completed
155258_420_0,pkw,25999.0,26021.0,22.0,,153.103,1.0,1.0,21.0,12.624,,,0.0455,0.9545,,True,completed
130651_409_0,pkw,25980.0,26026.0,46.0,,444.04,5.0,5.0,41.0,13.289,,,0.1087,0.8913,,True,completed
137931_412_0,pkw,25986.0,26027.0,41.0,,443.832,0.0,0.0,41.0,9.258,,,0.0,1.0,,True,completed
112780_402_0,pkw,25991.0,26031.0,40.0,,465.359,0.0,0.0,40.0,7.469,,,0.0,1.0,,True,completed
91248_391_0,pkw,25994.0,26031.0,37.0,,453.952,0.0,0.0,37.0,7.943,,,0.0,1.0,,True,completed
128887_408_0,pkw,26002.0,26032.0,30.0,,185.805,10.0,10.0,20.0,19.36,,,0.3333,0.6667,,True,completed
104503_397_0,pkw,25990.0,26033.0,43.0,,437.206,3.0,3.0,40.0,10.986,,,0.0698,0.9302,,True,completed
141272_415_0,pkw,26011.0,26035.0,24.0,,199.953,0.0,1.0,23.0,13.516,,,0.0417,0.9583,,True,completed
120720_405_0,pkw,25991.0,26036.0,45.0,,433.582,4.0,4.0,41.0,13.635,,,0.0889,0.9111,,True,completed
164943_423_0,pkw,25995.0,26037.0,42.0,,434.263,0.0,0.0,42.0,7.017,,,0.0,1.0,,True,completed
165168_423_0,pkw,26000.0,26038.0,38.0,,438.843,0.0,0.0,38.0,7.738,,,0.0,1.0,,True,completed
104991_398_0,pkw,25995.0,26040.0,45.0,,434.379,1.0,1.0,44.0,11.102,,,0.0222,0.9778,,True,completed
123353_406_0,pkw,26017.0,26041.0,24.0,,155.509,7.0,7.0,17.0,12.428,,,0.2917,0.7083,,True,completed
107750_400_0,pkw,25997.0,26042.0,45.0,,438.431,1.0,1.0,44.0,11.172,,,0.0222,0.9778,,True,completed
112364_401_0,pkw,26002.0,26043.0,41.0,,437.871,0.0,0.0,41.0,3.352,,,0.0,1.0,,True,completed
175059_428_0,pkw,26019.0,26043.0,24.0,,165.116,5.0,5.0,19.0,13.698,,,0.2083,0.7917,,True,completed
151525_419_0,pkw,26021.0,26044.0,23.0,,156.372,3.0,3.0,20.0,11.699,,,0.1304,0.8696,,True,completed
184959_431_0,pkw,26005.0,26044.0,39.0,,429.432,0.0,0.0,39.0,10.312,,,0.0,1.0,,True,completed
118760_405_0,pkw,26009.0,26045.0,36.0,,438.777,0.0,0.0,36.0,2.053,,,0.0,1.0,,True,completed
114624_403_0,pkw,26023.0,26046.0,23.0,,164.355,3.0,3.0,20.0,12.364,,,0.1304,0.8696,,True,completed
143450_415_0,pkw,26007.0,26046.0,39.0,,434.097,0.0,0.0,39.0,7.222,,,0.0,1.0,,True,completed
147039_416_0,pkw,26002.0,26046.0,44.0,,430.601,0.0,0.0,44.0,15.604,,,0.0,1.0,,True,completed
143271_415_0,pkw,26011.0,26048.0,37.0,,438.93,0.0,0.0,37.0,2.433,,,0.0,1.0,,True,completed
174745_427_0,pkw,26007.0,26048.0,41.0,,435.807,0.0,0.0,41.0,10.339,,,0.0,1.0,,True,completed
157226_421_0,pkw,26014.0,26049.0,35.0,,432.185,0.0,0.0,35.0,3.245,,,0.0,1.0,,True,completed
168951_425_0,pkw,26009.0,26049.0,40.0,,427.286,0.0,0.0,40.0,8.164,,,0.0,1.0,,True,completed
193955_435_0,pkw,26024.0,26051.0,27.0,,170.103,2.0,2.0,25.0,14.656,,,0.0741,0.9259,,True,completed
196432_436_0,pkw,26012.0,26051.0,39.0,,438.327,0.0,0.0,39.0,9.333,,,0.0,1.0,,True,completed
127805_407_0,pkw,26027.0,26053.0,26.0,,203.205,6.0,6.0,20.0,15.144,,,0.2308,0.7692,,True,completed
110138_401_0,pkw,26037.0,26055.0,18.0,,188.351,0.0,1.0,17.0,7.114,,,0.0556,0.9444,,True,completed
124749_406_0,pkw,25989.0,26055.0,66.0,,450.609,22.0,22.0,44.0,33.458,,,0.3333,0.6667,,True,completed
148337_417_0,pkw,26039.0,26055.0,16.0,,201.765,0.0,1.0,15.0,4.585,,,0.0625,0.9375,,True,completed
147371_416_0,pkw,26013.0,26056.0,43.0,,441.752,1.0,1.0,42.0,14.016,,,0.0233,0.9767,,True,completed
147619_416_0,pkw,26015.0,26057.0,42.0,,435.604,0.0,0.0,42.0,2.421,,,0.0,1.0,,True,completed
135055_411_0,pkw,26003.0,26058.0,55.0,,445.953,7.0,8.0,47.0,20.52,,,0.1455,0.8545,,True,completed
119604_405_0,pkw,26042.0,26060.0,18.0,,200.038,0.0,0.0,18.0,6.763,,,0.0,1.0,,True,completed
145576_416_0,pkw,26026.0,26061.0,35.0,,165.88,10.0,10.0,25.0,24.718,,,0.2857,0.7143,,True,completed
188921_434_0,pkw,26028.0,26062.0,34.0,,155.116,8.0,8.0,26.0,23.532,,,0.2353,0.7647,,True,completed
95064_393_0,pkw,26030.0,26064.0,34.0,,155.111,6.0,6.0,28.0,24.23,,,0.1765,0.8235,,True,completed
146365_416_0,pkw,26032.0,26066.0,34.0,,166.206,6.0,6.0,28.0,25.055,,,0.1765,0.8235,,True,completed
129239_408_0,pkw,26019.0,26069.0,50.0,,451.26,8.0,8.0,42.0,20.636,,,0.16,0.84,,True,completed
190126_434_0,pkw,26042.0,26069.0,27.0,,169.41,3.0,3.0,24.0,13.214,,,0.1111,0.8889,,True,completed
122769_406_0,pkw,26044.0,26071.0,27.0,,170.462,3.0,3.0,24.0,17.318,,,0.1111,0.8889,,True,completed
131381_410_0,pkw,26024.0,26071.0,47.0,,444.351,6.0,6.0,41.0,17.277,,,0.1277,0.8723,,True,completed
114290_402_0,pkw,26029.0,26072.0,43.0,,450.21,5.0,5.0,38.0,14.696,,,0.1163,0.8837,,True,completed
128898_408_0,pkw,26046.0,26072.0,26.0,,153.781,2.0,2.0,24.0,15.873,,,0.0769,0.9231,,True,completed
184170_431_0,pkw,26048.0,26076.0,28.0,,163.673,2.0,2.0,26.0,16.502,,,0.0714,0.9286,,True,completed
123020_406_0,pkw,26050.0,26078.0,28.0,,164.481,1.0,1.0,27.0,17.06,,,0.0357,0.9643,,True,completed
175678_428_0,pkw,26063.0,26080.0,17.0,,165.336,0.0,0.0,17.0,4.342,,,0.0,1.0,,True,completed
153999_420_0,pkw,26065.0,26081.0,16.0,,155.909,0.0,0.0,16.0,4.728,,,0.0,1.0,,True,completed
154682_420_0,pkw,26067.0,26083.0,16.0,,164.693,0.0,0.0,16.0,3.855,,,0.0,1.0,,True,completed
113502_402_0,pkw,26068.0,26084.0,16.0,,155.409,0.0,0.0,16.0,4.654,,,0.0,1.0,,True,completed
120397_405_0,pkw,26070.0,26086.0,16.0,,164.151,0.0,0.0,16.0,5.161,,,0.0,1.0,,True,completed
120972_405_0,pkw,26072.0,26087.0,15.0,,156.425,0.0,0.0,15.0,4.198,,,0.0,1.0,,True,completed
185736_432_0,pkw,26075.0,26089.0,14.0,,165.678,0.0,0.0,14.0,2.89,,,0.0,1.0,,True,completed
178124_430_0,pkw,26077.0,26090.0,13.0,,154.591,0.0,0.0,13.0,1.891,,,0.0,1.0,,True,completed
149395_417_0,pkw,26079.0,26092.0,13.0,,159.297,0.0,0.0,13.0,1.743,,,0.0,1.0,,True,completed
183604_431_0,pkw,26017.0,26093.0,76.0,,431.604,37.0,37.0,39.0,43.16,,,0.4868,0.5132,,True,completed
183293_431_0,pkw,26039.0,26094.0,55.0,,426.574,13.0,14.0,41.0,23.605,,,0.2545,0.7455,,True,completed
123860_406_0,pkw,25999.0,26097.0,98.0,,193.585,73.0,73.0,25.0,84.998,,,0.7449,0.2551,,True,completed
156856_421_0,pkw,26064.0,26100.0,36.0,,167.499,19.0,19.0,17.0,25.49,,,0.5278,0.4722,,True,completed
128717_408_0,pkw,26086.0,26102.0,16.0,,187.445,0.0,1.0,15.0,5.03,,,0.0625,0.9375,,True,completed
137355_412_0,pkw,26087.0,26103.0,16.0,,202.298,0.0,1.0,15.0,5.556,,,0.0625,0.9375,,True,completed
172984_426_0,pkw,26090.0,26104.0,14.0,,195.639,0.0,0.0,14.0,4.813,,,0.0,1.0,,True,completed
160420_421_0,pkw,26093.0,26105.0,12.0,,186.245,0.0,0.0,12.0,1.944,,,0.0,1.0,,True,completed
185926_432_0,pkw,26071.0,26110.0,39.0,,430.187,0.0,0.0,39.0,6.833,,,0.0,1.0,,True,completed
127709_407_0,pkw,26103.0,26121.0,18.0,,185.428,0.0,0.0,18.0,5.155,,,0.0,1.0,,True,completed
142839_415_0,pkw,26046.0,26121.0,75.0,,441.954,35.0,35.0,40.0,43.486,,,0.4667,0.5333,,True,completed
157808_421_0,pkw,26098.0,26121.0,23.0,,187.558,4.0,4.0,19.0,12.096,,,0.1739,0.8261,,True,completed
163719_422_0,pkw,26107.0,26123.0,16.0,,194.734,0.0,0.0,16.0,5.265,,,0.0,1.0,,True,completed
147117_416_0,pkw,26109.0,26126.0,17.0,,185.037,0.0,0.0,17.0,6.026,,,0.0,1.0,,True,completed
198762_436_0,pkw,26095.0,26129.0,34.0,,432.9,0.0,0.0,34.0,5.161,,,0.0,1.0,,True,completed
198554_436_0,pkw,26090.0,26130.0,40.0,,436.192,0.0,0.0,40.0,4.476,,,0.0,1.0,,True,completed
173017_426_0,pkw,26129.0,26141.0,12.0,,160.439,0.0,0.0,12.0,0.82,,,0.0,1.0,,True,completed
173628_427_0,pkw,26131.0,26142.0,11.0,,151.387,0.0,0.0,11.0,0.975,,,0.0,1.0,,True,completed
186127_432_0,pkw,26132.0,26146.0,14.0,,157.457,0.0,0.0,14.0,1.068,,,0.0,1.0,,True,completed
201617_438_0,pkw,26134.0,26148.0,14.0,,164.876,0.0,0.0,14.0,4.419,,,0.0,1.0,,True,completed
173550_427_0,pkw,26138.0,26151.0,13.0,,167.619,0.0,0.0,13.0,3.148,,,0.0,1.0,,True,completed
179915_430_0,pkw,26128.0,26163.0,35.0,,430.248,0.0,0.0,35.0,1.66,,,0.0,1.0,,True,completed
154087_420_0,pkw,26150.0,26170.0,20.0,,183.984,1.0,1.0,19.0,10.023,,,0.05,0.95,,True,completed
182215_431_0,pkw,26151.0,26170.0,19.0,,167.687,2.0,2.0,17.0,8.829,,,0.1053,0.8947,,True,completed
162087_421_0,pkw,26153.0,26172.0,19.0,,189.552,1.0,1.0,18.0,9.273,,,0.0526,0.9474,,True,completed
91928_392_0,pkw,26154.0,26173.0,19.0,,197.954,0.0,0.0,19.0,7.202,,,0.0,1.0,,True,completed
144735_416_0,pkw,26155.0,26174.0,19.0,,185.235,0.0,0.0,19.0,8.641,,,0.0,1.0,,True,completed
167635_425_0,pkw,26154.0,26175.0,21.0,,203.289,0.0,0.0,21.0,8.692,,,0.0,1.0,,True,completed
144596_416_0,pkw,26156.0,26176.0,20.0,,195.471,0.0,0.0,20.0,9.827,,,0.0,1.0,,True,completed
143722_416_0,pkw,26137.0,26180.0,43.0,,428.599,7.0,7.0,36.0,13.492,,,0.1628,0.8372,,True,completed
180053_430_0,pkw,26141.0,26180.0,39.0,,436.838,0.0,0.0,39.0,6.481,,,0.0,1.0,,True,completed
193009_435_0,pkw,26164.0,26181.0,17.0,,149.8,0.0,0.0,17.0,7.565,,,0.0,1.0,,True,completed
141374_415_0,pkw,26144.0,26182.0,38.0,,430.343,0.0,0.0,38.0,6.166,,,0.0,1.0,,True,completed
132635_410_0,pkw,26148.0,26185.0,37.0,,430.837,0.0,0.0,37.0,1.585,,,0.0,1.0,,True,completed
187756_433_0,pkw,26157.0,26190.0,33.0,,152.216,14.0,14.0,19.0,23.462,,,0.4242,0.5758,,True,completed
175861_428_0,pkw,26165.0,26191.0,26.0,,188.35,4.0,4.0,22.0,16.236,,,0.1538,0.8462,,True,completed
172508_426_0,pkw,26167.0,26193.0,26.0,,192.99,3.0,3.0,23.0,15.571,,,0.1154,0.8846,,True,completed
87651_391_0,pkw,26167.0,26193.0,26.0,,165.558,4.0,5.0,21.0,15.039,,,0.1923,0.8077,,True,completed
82141_389_0,pkw,26165.0,26194.0,29.0,,175.548,5.0,5.0,24.0,17.003,,,0.1724,0.8276,,True,completed
120336_405_0,pkw,26173.0,26196.0,23.0,,176.861,0.0,0.0,23.0,10.525,,,0.0,1.0,,True,completed
150909_418_0,pkw,26175.0,26198.0,23.0,,175.599,0.0,0.0,23.0,10.78,,,0.0,1.0,,True,completed
132991_410_0,pkw,26162.0,26200.0,38.0,,434.718,3.0,3.0,35.0,10.556,,,0.0789,0.9211,,True,completed
144456_416_0,pkw,26164.0,26202.0,38.0,,428.465,0.0,0.0,38.0,6.455,,,0.0,1.0,,True,completed
174836_427_0,pkw,26173.0,26204.0,31.0,,427.603,0.0,0.0,31.0,1.154,,,0.0,1.0,,True,completed
209386_441_0,pkw,26169.0,26204.0,35.0,,427.388,0.0,0.0,35.0,1.591,,,0.0,1.0,,True,completed
185000_431_0,pkw,26186.0,26211.0,25.0,,175.007,7.0,7.0,18.0,12.546,,,0.28,0.72,,True,completed
196852_436_0,pkw,26186.0,26211.0,25.0,,197.585,7.0,7.0,18.0,13.476,,,0.28,0.72,,True,completed
121160_405_0,pkw,26192.0,26212.0,20.0,,166.506,1.0,1.0,19.0,9.913,,,0.05,0.95,,True,completed
137750_412_0,pkw,26196.0,26212.0,16.0,,187.405,0.0,1.0,15.0,5.809,,,0.0625,0.9375,,True,completed
137942_412_0,pkw,26199.0,26214.0,15.0,,197.081,0.0,0.0,15.0,4.015,,,0.0,1.0,,True,completed
119795_405_0,pkw,26205.0,26216.0,11.0,,199.982,0.0,0.0,11.0,0.268,,,0.0,1.0,,True,completed
144203_416_0,pkw,26175.0,26220.0,45.0,,427.104,4.0,4.0,41.0,11.131,,,0.0889,0.9111,,True,completed
186295_432_0,pkw,26168.0,26222.0,54.0,,462.978,8.0,8.0,46.0,14.133,,,0.1481,0.8519,,True,completed
194750_436_0,pkw,26171.0,26222.0,51.0,,433.069,7.0,7.0,44.0,21.56,,,0.1373,0.8627,,True,completed
201408_438_0,pkw,26190.0,26223.0,33.0,,423.924,0.0,0.0,33.0,2.346,,,0.0,1.0,,True,completed
75906_386_0,pkw,26187.0,26226.0,39.0,,498.297,0.0,0.0,39.0,4.786,,,0.0,1.0,,True,completed
155346_420_0,pkw,26215.0,26228.0,13.0,,203.498,0.0,0.0,13.0,2.462,,,0.0,1.0,,True,completed
125309_406_0,pkw,26218.0,26230.0,12.0,,200.474,0.0,0.0,12.0,0.609,,,0.0,1.0,,True,completed
138028_412_0,pkw,26211.0,26230.0,19.0,,191.596,0.0,0.0,19.0,8.167,,,0.0,1.0,,True,completed
130863_409_0,pkw,26217.0,26232.0,15.0,,188.558,0.0,0.0,15.0,3.102,,,0.0,1.0,,True,completed
140506_414_0,pkw,26214.0,26232.0,18.0,,196.063,0.0,0.0,18.0,5.826,,,0.0,1.0,,True,completed
115245_403_0,pkw,26220.0,26233.0,13.0,,188.438,0.0,0.0,13.0,0.874,,,0.0,1.0,,True,completed
132053_410_0,pkw,26220.0,26234.0,14.0,,203.686,0.0,0.0,14.0,3.515,,,0.0,1.0,,True,completed
138869_413_0,pkw,26222.0,26234.0,12.0,,196.542,0.0,0.0,12.0,1.975,,,0.0,1.0,,True,completed
78744_387_0,pkw,26223.0,26234.0,11.0,,178.564,0.0,0.0,11.0,1.25,,,0.0,1.0,,True,completed
151977_419_0,pkw,26222.0,26235.0,13.0,,193.701,0.0,0.0,13.0,2.24,,,0.0,1.0,,True,completed
106576_399_0,pkw,26225.0,26237.0,12.0,,187.705,0.0,0.0,12.0,0.425,,,0.0,1.0,,True,completed
120918_405_0,pkw,26225.0,26237.0,12.0,,199.461,0.0,0.0,12.0,0.521,,,0.0,1.0,,True,completed
113977_402_0,pkw,26227.0,26239.0,12.0,,193.865,0.0,0.0,12.0,0.486,,,0.0,1.0,,True,completed
66799_380_0,pkw,26228.0,26239.0,11.0,,183.866,0.0,0.0,11.0,1.184,,,0.0,1.0,,True,completed
158704_421_0,pkw,26230.0,26241.0,11.0,,190.554,0.0,0.0,11.0,0.333,,,0.0,1.0,,True,completed
160045_421_0,pkw,26229.0,26242.0,13.0,,194.105,0.0,0.0,13.0,0.501,,,0.0,1.0,,True,completed
157524_421_0,pkw,26231.0,26244.0,13.0,,202.218,0.0,0.0,13.0,2.832,,,0.0,1.0,,True,completed
164859_422_0,pkw,26233.0,26245.0,12.0,,191.199,0.0,0.0,12.0,2.654,,,0.0,1.0,,True,completed
179847_430_0,pkw,26226.0,26245.0,19.0,,175.661,1.0,1.0,18.0,7.235,,,0.0526,0.9474,,True,completed
161366_421_0,pkw,26231.0,26246.0,15.0,,186.04,0.0,0.0,15.0,5.755,,,0.0,1.0,,True,completed
140904_414_0,pkw,26233.0,26248.0,15.0,,192.77,0.0,0.0,15.0,5.671,,,0.0,1.0,,True,completed
174068_427_0,pkw,26237.0,26248.0,11.0,,186.406,0.0,0.0,11.0,0.283,,,0.0,1.0,,True,completed
159876_421_0,pkw,26237.0,26249.0,12.0,,187.604,0.0,0.0,12.0,2.469,,,0.0,1.0,,True,completed
160613_421_0,pkw,26230.0,26252.0,22.0,,176.515,1.0,1.0,21.0,10.92,,,0.0455,0.9545,,True,completed
174976_428_0,pkw,26240.0,26253.0,13.0,,202.531,0.0,0.0,13.0,1.44,,,0.0,1.0,,True,completed
152190_419_0,pkw,26235.0,26254.0,19.0,,179.659,0.0,0.0,19.0,8.052,,,0.0,1.0,,True,completed
134487_411_0,pkw,26237.0,26255.0,18.0,,169.802,0.0,0.0,18.0,8.702,,,0.0,1.0,,True,completed
158001_421_0,pkw,26239.0,26257.0,18.0,,172.372,0.0,0.0,18.0,6.804,,,0.0,1.0,,True,completed
84251_390_0,pkw,26219.0,26260.0,41.0,,426.79,3.0,3.0,38.0,9.87,,,0.0732,0.9268,,True,completed
131968_410_0,pkw,26207.0,26261.0,54.0,,444.862,13.0,13.0,41.0,21.615,,,0.2407,0.7593,,True,completed
117166_404_0,pkw,26221.0,26262.0,41.0,,426.798,1.0,1.0,40.0,10.528,,,0.0244,0.9756,,True,completed
141693_415_0,pkw,26222.0,26263.0,41.0,,427.838,1.0,1.0,40.0,14.028,,,0.0244,0.9756,,True,completed
195072_436_0,pkw,26219.0,26263.0,44.0,,436.49,2.0,2.0,42.0,8.486,,,0.0455,0.9545,,True,completed
148073_417_0,pkw,26256.0,26268.0,12.0,,193.507,0.0,0.0,12.0,1.431,,,0.0,1.0,,True,completed
182242_431_0,pkw,26241.0,26269.0,28.0,,160.855,6.0,6.0,22.0,17.589,,,0.2143,0.7857,,True,completed
168247_425_0,pkw,26250.0,26270.0,20.0,,172.179,2.0,2.0,18.0,9.173,,,0.1,0.9,,True,completed
199507_437_0,pkw,26257.0,26270.0,13.0,,191.247,0.0,0.0,13.0,1.226,,,0.0,1.0,,True,completed
203685_439_0,pkw,26245.0,26270.0,25.0,,152.369,2.0,2.0,23.0,15.48,,,0.08,0.92,,True,completed
195114_436_0,pkw,26248.0,26279.0,31.0,,422.625,0.0,0.0,31.0,4.028,,,0.0,1.0,,True,completed
153702_420_0,pkw,26219.0,26280.0,61.0,,460.435,18.0,18.0,43.0,26.426,,,0.2951,0.7049,,True,completed
205411_440_0,pkw,26264.0,26280.0,16.0,,150.816,0.0,0.0,16.0,6.367,,,0.0,1.0,,True,completed
194948_436_0,pkw,26238.0,26281.0,43.0,,445.024,3.0,3.0,40.0,12.88,,,0.0698,0.9302,,True,completed
165285_423_0,pkw,26246.0,26282.0,36.0,,436.087,0.0,0.0,36.0,8.772,,,0.0,1.0,,True,completed
175859_428_0,pkw,26253.0,26291.0,38.0,,431.586,0.0,0.0,38.0,2.339,,,0.0,1.0,,True,completed
173174_427_0,pkw,26255.0,26292.0,37.0,,432.575,0.0,0.0,37.0,2.061,,,0.0,1.0,,True,completed
176788_429_0,pkw,26259.0,26293.0,34.0,,439.814,0.0,0.0,34.0,4.437,,,0.0,1.0,,True,completed
210154_441_0,pkw,26257.0,26293.0,36.0,,424.992,0.0,0.0,36.0,6.45,,,0.0,1.0,,True,completed
88667_391_0,pkw,26260.0,26293.0,33.0,,449.793,0.0,0.0,33.0,1.353,,,0.0,1.0,,True,completed
165304_423_0,pkw,26264.0,26301.0,37.0,,425.946,0.0,0.0,37.0,2.145,,,0.0,1.0,,True,completed
168278_425_0,pkw,26266.0,26302.0,36.0,,432.968,0.0,0.0,36.0,4.064,,,0.0,1.0,,True,completed
209977_441_0,pkw,26263.0,26304.0,41.0,,437.139,0.0,0.0,41.0,2.069,,,0.0,1.0,,True,completed
162342_421_0,pkw,26275.0,26311.0,36.0,,202.059,16.0,16.0,20.0,24.146,,,0.4444,0.5556,,True,completed
161953_421_0,pkw,26277.0,26312.0,35.0,,189.4,14.0,14.0,21.0,23.931,,,0.4,0.6,,True,completed
166403_424_0,pkw,26301.0,26312.0,11.0,,194.482,0.0,0.0,11.0,0.278,,,0.0,1.0,,True,completed
142019_415_0,pkw,26279.0,26313.0,34.0,,194.718,15.0,15.0,19.0,22.31,,,0.4412,0.5588,,True,completed
138350_412_0,pkw,26285.0,26314.0,29.0,,199.664,7.0,7.0,22.0,18.618,,,0.2414,0.7586,,True,completed
169310_425_0,pkw,26271.0,26315.0,44.0,,168.372,22.0,22.0,22.0,33.13,,,0.5,0.5,,True,completed
188437_433_0,pkw,26288.0,26315.0,27.0,,198.858,2.0,3.0,24.0,16.608,,,0.1111,0.8889,,True,completed
186005_432_0,pkw,26293.0,26316.0,23.0,,194.92,2.0,2.0,21.0,11.992,,,0.087,0.913,,True,completed
155654_420_0,pkw,26291.0,26317.0,26.0,,202.981,1.0,1.0,25.0,13.179,,,0.0385,0.9615,,True,completed
152256_419_0,pkw,26295.0,26318.0,23.0,,192.327,0.0,0.0,23.0,11.64,,,0.0,1.0,,True,completed
173762_427_0,pkw,26295.0,26319.0,24.0,,172.164,0.0,0.0,24.0,11.211,,,0.0,1.0,,True,completed
182027_431_0,pkw,26297.0,26320.0,23.0,,202.166,0.0,0.0,23.0,10.817,,,0.0,1.0,,True,completed
168315_425_0,pkw,26299.0,26321.0,22.0,,193.211,0.0,0.0,22.0,11.049,,,0.0,1.0,,True,completed
181741_431_0,pkw,26301.0,26322.0,21.0,,192.778,0.0,0.0,21.0,9.857,,,0.0,1.0,,True,completed
89293_391_0,pkw,26297.0,26322.0,25.0,,173.155,0.0,0.0,25.0,14.499,,,0.0,1.0,,True,completed
195063_436_0,pkw,26303.0,26323.0,20.0,,200.221,0.0,0.0,20.0,8.169,,,0.0,1.0,,True,completed
196636_436_0,pkw,26306.0,26324.0,18.0,,200.906,0.0,0.0,18.0,6.602,,,0.0,1.0,,True,completed
168584_425_0,pkw,26308.0,26325.0,17.0,,192.099,0.0,0.0,17.0,6.888,,,0.0,1.0,,True,completed
195766_436_0,pkw,26305.0,26325.0,20.0,,203.16,0.0,0.0,20.0,6.948,,,0.0,1.0,,True,completed
194383_436_0,pkw,26310.0,26326.0,16.0,,194.628,0.0,0.0,16.0,4.833,,,0.0,1.0,,True,completed
198014_436_0,pkw,26296.0,26330.0,34.0,,445.212,0.0,0.0,34.0,5.514,,,0.0,1.0,,True,completed
170962_426_0,pkw,26272.0,26331.0,59.0,,435.824,16.0,16.0,43.0,23.569,,,0.2712,0.7288,,True,completed
208014_441_0,pkw,26277.0,26332.0,55.0,,443.257,15.0,15.0,40.0,27.925,,,0.2727,0.7273,,True,completed
209865_441_0,pkw,26280.0,26333.0,53.0,,433.023,14.0,14.0,39.0,27.569,,,0.2642,0.7358,,True,completed
198956_436_0,pkw,26298.0,26334.0,36.0,,464.086,0.0,0.0,36.0,4.637,,,0.0,1.0,,True,completed
130655_409_0,pkw,26312.0,26338.0,26.0,,193.795,4.0,4.0,22.0,13.965,,,0.1538,0.8462,,True,completed
164124_422_0,pkw,26330.0,26341.0,11.0,,143.647,0.0,0.0,11.0,2.661,,,0.0,1.0,,True,completed
193929_435_0,pkw,26314.0,26341.0,27.0,,193.255,9.0,10.0,17.0,15.014,,,0.3704,0.6296,,True,completed
99791_396_0,pkw,26319.0,26341.0,22.0,,180.428,4.0,4.0,18.0,11.08,,,0.1818,0.8182,,True,completed
97664_395_0,pkw,26328.0,26343.0,15.0,,183.594,0.0,0.0,15.0,2.306,,,0.0,1.0,,True,completed
167177_425_0,pkw,26323.0,26344.0,21.0,,185.153,1.0,1.0,20.0,10.43,,,0.0476,0.9524,,True,completed
118113_405_0,pkw,26332.0,26345.0,13.0,,181.672,0.0,0.0,13.0,2.802,,,0.0,1.0,,True,completed
168218_425_0,pkw,26325.0,26349.0,24.0,,174.665,3.0,3.0,21.0,12.871,,,0.125,0.875,,True,completed
184915_431_0,pkw,26327.0,26351.0,24.0,,178.631,3.0,3.0,21.0,12.841,,,0.125,0.875,,True,completed
155659_420_0,pkw,26318.0,26355.0,37.0,,437.245,0.0,1.0,36.0,4.151,,,0.027,0.973,,True,completed
156933_421_0,pkw,26327.0,26360.0,33.0,,426.385,0.0,0.0,33.0,1.474,,,0.0,1.0,,True,completed
187305_433_0,pkw,26331.0,26365.0,34.0,,446.167,0.0,0.0,34.0,2.194,,,0.0,1.0,,True,completed
118404_405_0,pkw,26322.0,26372.0,50.0,,459.183,0.0,0.0,50.0,7.355,,,0.0,1.0,,True,completed
152154_419_0,pkw,26337.0,26375.0,38.0,,432.197,0.0,0.0,38.0,2.019,,,0.0,1.0,,True,completed
206972_441_0,pkw,26334.0,26378.0,44.0,,465.116,0.0,0.0,44.0,7.602,,,0.0,1.0,,True,completed
157880_421_0,pkw,26347.0,26383.0,36.0,,431.942,0.0,0.0,36.0,2.084,,,0.0,1.0,,True,completed
146877_416_0,pkw,26349.0,26385.0,36.0,,442.686,0.0,0.0,36.0,5.113,,,0.0,1.0,,True,completed
115471_403_0,pkw,26351.0,26386.0,35.0,,433.516,0.0,0.0,35.0,7.209,,,0.0,1.0,,True,completed
196515_436_0,pkw,26342.0,26390.0,48.0,,176.832,31.0,31.0,17.0,37.38,,,0.6458,0.3542,,True,completed
97909_395_0,pkw,26361.0,26392.0,31.0,,435.195,0.0,0.0,31.0,1.171,,,0.0,1.0,,True,completed
191059_435_0,pkw,26363.0,26400.0,37.0,,438.263,2.0,2.0,35.0,9.869,,,0.0541,0.9459,,True,completed
98702_395_0,pkw,26384.0,26400.0,16.0,,138.591,1.0,1.0,15.0,7.671,,,0.0625,0.9375,,True,completed
182895_431_0,pkw,26378.0,26402.0,24.0,,164.031,4.0,4.0,20.0,12.139,,,0.1667,0.8333,,True,completed
161985_421_0,pkw,26381.0,26403.0,22.0,,153.738,3.0,3.0,19.0,11.31,,,0.1364,0.8636,,True,completed
185401_432_0,pkw,26368.0,26403.0,35.0,,433.02,0.0,0.0,35.0,1.708,,,0.0,1.0,,True,completed
181532_431_0,pkw,26390.0,26407.0,17.0,,159.051,0.0,1.0,16.0,6.864,,,0.0588,0.9412,,True,completed
107161_400_0,pkw,26371.0,26411.0,40.0,,191.972,18.0,18.0,22.0,29.041,,,0.45,0.55,,True,completed
165758_423_0,pkw,26389.0,26411.0,22.0,,191.454,3.0,3.0,19.0,11.82,,,0.1364,0.8636,,True,completed
169701_426_0,pkw,26385.0,26411.0,26.0,,191.286,7.0,7.0,19.0,15.026,,,0.2692,0.7308,,True,completed
180186_430_0,pkw,26338.0,26411.0,73.0,,194.814,54.0,54.0,19.0,62.533,,,0.7397,0.2603,,True,completed
160151_421_0,pkw,26390.0,26413.0,23.0,,202.731,1.0,1.0,22.0,12.6,,,0.0435,0.9565,,True,completed
78694_387_0,pkw,26336.0,26413.0,77.0,,461.929,38.0,38.0,39.0,44.154,,,0.4935,0.5065,,True,completed
207870_441_0,pkw,26384.0,26420.0,36.0,,426.77,0.0,0.0,36.0,7.591,,,0.0,1.0,,True,completed
94386_393_0,pkw,26380.0,26420.0,40.0,,433.38,7.0,7.0,33.0,15.165,,,0.175,0.825,,True,completed
145141_416_0,pkw,26382.0,26422.0,40.0,,441.677,0.0,0.0,40.0,7.11,,,0.0,1.0,,True,completed
82166_389_0,pkw,26385.0,26423.0,38.0,,435.516,0.0,0.0,38.0,2.937,,,0.0,1.0,,True,completed
158141_421_0,pkw,26395.0,26427.0,32.0,,430.893,0.0,0.0,32.0,1.944,,,0.0,1.0,,True,completed
172772_426_0,pkw,26409.0,26429.0,20.0,,163.02,1.0,1.0,19.0,8.215,,,0.05,0.95,,True,completed
178553_430_0,pkw,26397.0,26429.0,32.0,,434.426,0.0,0.0,32.0,2.996,,,0.0,1.0,,True,completed
142215_415_0,pkw,26399.0,26431.0,32.0,,443.949,0.0,0.0,32.0,2.14,,,0.0,1.0,,True,completed
53404_371_0,pkw,26401.0,26434.0,33.0,,426.828,0.0,0.0,33.0,1.704,,,0.0,1.0,,True,completed
173046_427_0,pkw,26405.0,26441.0,36.0,,191.255,19.0,20.0,16.0,24.353,,,0.5556,0.4444,,True,completed
191859_435_0,pkw,26416.0,26441.0,25.0,,193.81,1.0,2.0,23.0,12.893,,,0.08,0.92,,True,completed
116224_404_0,pkw,26425.0,26443.0,18.0,,201.826,0.0,1.0,17.0,6.645,,,0.0556,0.9444,,True,completed
145696_416_0,pkw,26427.0,26443.0,16.0,,202.814,0.0,0.0,16.0,4.839,,,0.0,1.0,,True,completed
185227_432_0,pkw,26434.0,26446.0,12.0,,187.637,0.0,0.0,12.0,2.412,,,0.0,1.0,,True,completed
92274_392_0,pkw,26436.0,26447.0,11.0,,184.938,0.0,0.0,11.0,0.413,,,0.0,1.0,,True,completed
169383_426_0,pkw,26435.0,26449.0,14.0,,201.716,0.0,0.0,14.0,0.884,,,0.0,1.0,,True,completed
156189_420_0,pkw,26429.0,26450.0,21.0,,192.273,0.0,0.0,21.0,10.292,,,0.0,1.0,,True,completed
179055_430_0,pkw,26437.0,26450.0,13.0,,193.214,0.0,0.0,13.0,3.36,,,0.0,1.0,,True,completed
157367_421_0,pkw,26439.0,26452.0,13.0,,202.854,0.0,0.0,13.0,1.24,,,0.0,1.0,,True,completed
164320_422_0,pkw,26441.0,26452.0,11.0,,194.194,0.0,0.0,11.0,0.919,,,0.0,1.0,,True,completed
83577_390_0,pkw,26440.0,26453.0,13.0,,193.184,0.0,0.0,13.0,2.386,,,0.0,1.0,,True,completed
173015_426_0,pkw,26433.0,26454.0,21.0,,172.129,4.0,4.0,17.0,10.61,,,0.1905,0.8095,,True,completed
123979_406_0,pkw,26442.0,26455.0,13.0,,194.253,0.0,0.0,13.0,1.14,,,0.0,1.0,,True,completed
149975_417_0,pkw,26434.0,26455.0,21.0,,189.953,0.0,0.0,21.0,9.186,,,0.0,1.0,,True,completed
165876_424_0,pkw,26436.0,26456.0,20.0,,173.802,0.0,0.0,20.0,8.888,,,0.0,1.0,,True,completed
167945_425_0,pkw,26444.0,26456.0,12.0,,185.114,0.0,0.0,12.0,1.467,,,0.0,1.0,,True,completed
118434_405_0,pkw,26439.0,26458.0,19.0,,170.65,0.0,0.0,19.0,6.815,,,0.0,1.0,,True,completed
131058_409_0,pkw,26438.0,26460.0,22.0,,149.292,7.0,7.0,15.0,13.089,,,0.3182,0.6818,,True,completed
130643_409_0,pkw,26440.0,26461.0,21.0,,140.348,4.0,4.0,17.0,10.829,,,0.1905,0.8095,,True,completed
178534_430_0,pkw,26416.0,26461.0,45.0,,445.301,0.0,0.0,45.0,5.434,,,0.0,1.0,,True,completed
185869_432_0,pkw,26422.0,26462.0,40.0,,435.69,0.0,0.0,40.0,10.957,,,0.0,1.0,,True,completed
97861_395_0,pkw,26425.0,26464.0,39.0,,444.817,0.0,0.0,39.0,11.296,,,0.0,1.0,,True,completed
104234_397_0,pkw,26427.0,26465.0,38.0,,454.124,0.0,0.0,38.0,7.175,,,0.0,1.0,,True,completed
200602_437_0,pkw,26432.0,26467.0,35.0,,463.624,0.0,0.0,35.0,6.821,,,0.0,1.0,,True,completed
171071_426_0,pkw,26430.0,26468.0,38.0,,437.363,0.0,0.0,38.0,4.971,,,0.0,1.0,,True,completed
159102_421_0,pkw,26446.0,26471.0,25.0,,199.869,5.0,5.0,20.0,14.524,,,0.2,0.8,,True,completed
177207_429_0,pkw,26440.0,26471.0,31.0,,190.228,5.0,5.0,26.0,17.549,,,0.1613,0.8387,,True,completed
201635_438_0,pkw,26449.0,26472.0,23.0,,186.531,4.0,4.0,19.0,12.72,,,0.1739,0.8261,,True,completed
115123_403_0,pkw,26444.0,26474.0,30.0,,189.763,6.0,6.0,24.0,17.877,,,0.2,0.8,,True,completed
174028_427_0,pkw,26430.0,26474.0,44.0,,170.009,22.0,22.0,22.0,33.341,,,0.5,0.5,,True,completed
186289_432_0,pkw,26442.0,26474.0,32.0,,167.945,7.0,7.0,25.0,20.632,,,0.2188,0.7812,,True,completed
83716_390_0,pkw,26455.0,26475.0,20.0,,200.587,0.0,0.0,20.0,7.008,,,0.0,1.0,,True,completed
168011_425_0,pkw,26445.0,26476.0,31.0,,173.119,5.0,5.0,26.0,20.53,,,0.1613,0.8387,,True,completed
158192_421_0,pkw,26451.0,26477.0,26.0,,164.935,3.0,3.0,23.0,16.684,,,0.1154,0.8846,,True,completed
194747_436_0,pkw,26442.0,26480.0,38.0,,445.399,0.0,0.0,38.0,7.09,,,0.0,1.0,,True,completed
211311_442_0,pkw,26444.0,26481.0,37.0,,430.045,0.0,0.0,37.0,10.466,,,0.0,1.0,,True,completed
68057_381_0,pkw,26434.0,26481.0,47.0,,451.557,8.0,8.0,39.0,16.265,,,0.1702,0.8298,,True,completed
137478_412_0,pkw,26426.0,26482.0,56.0,,460.543,17.0,17.0,39.0,23.748,,,0.3036,0.6964,,True,completed
197106_436_0,pkw,26449.0,26482.0,33.0,,432.712,0.0,0.0,33.0,2.268,,,0.0,1.0,,True,completed
169788_426_0,pkw,26476.0,26487.0,11.0,,193.56,0.0,0.0,11.0,1.095,,,0.0,1.0,,True,completed
186423_432_0,pkw,26475.0,26488.0,13.0,,190.465,0.0,0.0,13.0,3.402,,,0.0,1.0,,True,completed
163326_422_0,pkw,26479.0,26491.0,12.0,,183.436,0.0,0.0,12.0,2.265,,,0.0,1.0,,True,completed
186205_432_0,pkw,26481.0,26492.0,11.0,,182.707,0.0,0.0,11.0,0.432,,,0.0,1.0,,True,completed
180573_430_0,pkw,26453.0,26495.0,42.0,,195.359,12.0,12.0,30.0,31.767,,,0.2857,0.7143,,True,completed
177265_429_0,pkw,26461.0,26497.0,36.0,,186.518,7.0,7.0,29.0,25.125,,,0.1944,0.8056,,True,completed
173602_427_0,pkw,26470.0,26508.0,38.0,,431.223,0.0,0.0,38.0,2.883,,,0.0,1.0,,True,completed
179115_430_0,pkw,26472.0,26509.0,37.0,,434.129,0.0,0.0,37.0,1.567,,,0.0,1.0,,True,completed
155212_420_0,pkw,26472.0,26512.0,40.0,,436.094,0.0,0.0,40.0,2.858,,,0.0,1.0,,True,completed
172041_426_0,pkw,26475.0,26513.0,38.0,,453.771,0.0,0.0,38.0,9.96,,,0.0,1.0,,True,completed
204221_440_0,pkw,26474.0,26514.0,40.0,,445.067,0.0,0.0,40.0,8.216,,,0.0,1.0,,True,completed
144043_416_0,pkw,26476.0,26515.0,39.0,,434.844,0.0,0.0,39.0,7.843,,,0.0,1.0,,True,completed
195823_436_0,pkw,26482.0,26519.0,37.0,,434.248,0.0,0.0,37.0,1.645,,,0.0,1.0,,True,completed
94331_393_0,pkw,26492.0,26523.0,31.0,,434.576,0.0,0.0,31.0,1.357,,,0.0,1.0,,True,completed
181090_431_0,pkw,26491.0,26527.0,36.0,,444.682,0.0,0.0,36.0,2.337,,,0.0,1.0,,True,completed
40062_360_0,pkw,26493.0,26528.0,35.0,,436.103,0.0,0.0,35.0,2.723,,,0.0,1.0,,True,completed
104840_398_0,pkw,26497.0,26529.0,32.0,,437.427,0.0,0.0,32.0,1.293,,,0.0,1.0,,True,completed
164467_422_0,pkw,26495.0,26529.0,34.0,,427.284,0.0,0.0,34.0,9.882,,,0.0,1.0,,True,completed
115512_403_0,pkw,26497.0,26532.0,35.0,,440.156,0.0,0.0,35.0,2.077,,,0.0,1.0,,True,completed
146478_416_0,pkw,26505.0,26538.0,33.0,,441.356,0.0,0.0,33.0,1.874,,,0.0,1.0,,True,completed
119139_405_0,pkw,26483.0,26541.0,58.0,,701.605,0.0,0.0,58.0,4.164,,,0.0,1.0,,True,completed
198106_436_0,pkw,26529.0,26542.0,13.0,,161.231,0.0,0.0,13.0,2.296,,,0.0,1.0,,True,completed
74484_385_0,pkw,26511.0,26546.0,35.0,,431.109,0.0,0.0,35.0,1.725,,,0.0,1.0,,True,completed
139036_413_0,pkw,26534.0,26549.0,15.0,,203.621,0.0,0.0,15.0,3.926,,,0.0,1.0,,True,completed
161516_421_0,pkw,26481.0,26550.0,69.0,,187.198,49.0,51.0,18.0,58.445,,,0.7391,0.2609,,True,completed
186999_432_0,pkw,26537.0,26550.0,13.0,,193.927,0.0,0.0,13.0,2.784,,,0.0,1.0,,True,completed
184714_431_0,pkw,26538.0,26552.0,14.0,,189.316,0.0,0.0,14.0,1.291,,,0.0,1.0,,True,completed
172220_426_0,pkw,26484.0,26553.0,69.0,,172.378,48.0,48.0,21.0,58.709,,,0.6957,0.3043,,True,completed
191303_435_0,pkw,26523.0,26554.0,31.0,,430.15,0.0,0.0,31.0,1.31,,,0.0,1.0,,True,completed
196360_436_0,pkw,26540.0,26554.0,14.0,,196.374,0.0,0.0,14.0,1.077,,,0.0,1.0,,True,completed
166993_424_0,pkw,26535.0,26555.0,20.0,,179.236,0.0,1.0,19.0,9.66,,,0.05,0.95,,True,completed
131090_409_0,pkw,26516.0,26556.0,40.0,,436.268,0.0,0.0,40.0,2.061,,,0.0,1.0,,True,completed
74794_385_0,pkw,26517.0,26557.0,40.0,,192.76,16.0,16.0,24.0,28.6,,,0.4,0.6,,True,completed
178950_430_0,pkw,26527.0,26560.0,33.0,,433.96,0.0,0.0,33.0,1.632,,,0.0,1.0,,True,completed
203991_439_0,pkw,26515.0,26560.0,45.0,,438.199,6.0,6.0,39.0,16.761,,,0.1333,0.8667,,True,completed
155067_420_0,pkw,26524.0,26561.0,37.0,,428.558,0.0,0.0,37.0,6.416,,,0.0,1.0,,True,completed
153330_420_0,pkw,26523.0,26563.0,40.0,,431.336,0.0,0.0,40.0,2.254,,,0.0,1.0,,True,completed
192872_435_0,pkw,26530.0,26565.0,35.0,,429.906,0.0,0.0,35.0,1.872,,,0.0,1.0,,True,completed
143401_415_0,pkw,26532.0,26567.0,35.0,,436.933,0.0,0.0,35.0,3.176,,,0.0,1.0,,True,completed
151154_418_0,pkw,26540.0,26568.0,28.0,,197.22,5.0,5.0,23.0,16.308,,,0.1786,0.8214,,True,completed
120913_405_0,pkw,26534.0,26569.0,35.0,,446.481,0.0,0.0,35.0,4.573,,,0.0,1.0,,True,completed
190104_434_0,pkw,26523.0,26570.0,47.0,,464.128,2.0,2.0,45.0,14.211,,,0.0426,0.9574,,True,completed
61393_376_0,pkw,26537.0,26570.0,33.0,,435.932,0.0,0.0,33.0,2.674,,,0.0,1.0,,True,completed
98108_395_0,pkw,26542.0,26575.0,33.0,,441.013,0.0,0.0,33.0,1.77,,,0.0,1.0,,True,completed
123108_406_0,pkw,26565.0,26578.0,13.0,,192.328,0.0,0.0,13.0,1.808,,,0.0,1.0,,True,completed
159128_421_0,pkw,26544.0,26578.0,34.0,,447.057,0.0,0.0,34.0,1.696,,,0.0,1.0,,True,completed
176845_429_0,pkw,26567.0,26580.0,13.0,,203.482,0.0,0.0,13.0,0.465,,,0.0,1.0,,True,completed
206714_440_0,pkw,26540.0,26580.0,40.0,,425.364,4.0,4.0,36.0,10.778,,,0.1,0.9,,True,completed
130204_409_0,pkw,26571.0,26581.0,10.0,,178.341,0.0,0.0,10.0,0.398,,,0.0,1.0,,True,completed
181870_431_0,pkw,26573.0,26583.0,10.0,,189.043,0.0,0.0,10.0,0.374,,,0.0,1.0,,True,completed
155883_420_0,pkw,26572.0,26584.0,12.0,,197.895,0.0,0.0,12.0,0.318,,,0.0,1.0,,True,completed
196109_436_0,pkw,26569.0,26585.0,16.0,,189.245,0.0,1.0,15.0,3.691,,,0.0625,0.9375,,True,completed
95554_394_0,pkw,26544.0,26590.0,46.0,,438.724,9.0,10.0,36.0,19.707,,,0.2174,0.7826,,True,completed
172308_426_0,pkw,26545.0,26592.0,47.0,,445.029,8.0,8.0,39.0,15.113,,,0.1702,0.8298,,True,completed
119240_405_0,pkw,26547.0,26594.0,47.0,,443.23,3.0,3.0,44.0,12.618,,,0.0638,0.9362,,True,completed
169233_425_0,pkw,26586.0,26595.0,9.0,,145.49,0.0,0.0,9.0,0.681,,,0.0,1.0,,True,completed
126929_407_0,pkw,26562.0,26599.0,37.0,,458.967,0.0,0.0,37.0,9.088,,,0.0,1.0,,True,completed
171964_426_0,pkw,26547.0,26604.0,57.0,,452.257,16.0,16.0,41.0,21.331,,,0.2807,0.7193,,True,completed
178506_430_0,pkw,26582.0,26606.0,24.0,,190.439,5.0,5.0,19.0,14.781,,,0.2083,0.7917,,True,completed
120811_405_0,pkw,26589.0,26610.0,21.0,,138.149,6.0,6.0,15.0,12.334,,,0.2857,0.7143,,True,completed
143358_415_0,pkw,26575.0,26611.0,36.0,,459.72,0.0,0.0,36.0,3.768,,,0.0,1.0,,True,completed
202009_438_0,pkw,26558.0,26611.0,53.0,,445.252,6.0,6.0,47.0,12.16,,,0.1132,0.8868,,True,completed
155263_420_0,pkw,26561.0,26612.0,51.0,,432.636,5.0,5.0,46.0,19.356,,,0.098,0.902,,True,completed
206443_440_0,pkw,26580.0,26612.0,32.0,,436.551,0.0,0.0,32.0,1.254,,,0.0,1.0,,True,completed
202246_438_0,pkw,26600.0,26613.0,13.0,,156.714,0.0,0.0,13.0,2.641,,,0.0,1.0,,True,completed
155483_420_0,pkw,26568.0,26614.0,46.0,,453.842,1.0,1.0,45.0,11.401,,,0.0217,0.9783,,True,completed
163242_422_0,pkw,26563.0,26614.0,51.0,,438.194,3.0,3.0,48.0,21.657,,,0.0588,0.9412,,True,completed
168981_425_0,pkw,26570.0,26615.0,45.0,,429.332,2.0,2.0,43.0,13.583,,,0.0444,0.9556,,True,completed
109546_401_0,pkw,26574.0,26616.0,42.0,,449.467,0.0,0.0,42.0,10.742,,,0.0,1.0,,True,completed
159997_421_0,pkw,26572.0,26617.0,45.0,,438.105,2.0,2.0,43.0,17.8,,,0.0444,0.9556,,True,completed
218594_446_0,pkw,26612.0,26618.0,6.0,,85.88,0.0,0.0,6.0,0.51,,,0.0,1.0,,True,completed
154448_420_0,pkw,26578.0,26621.0,43.0,,186.877,25.0,25.0,18.0,32.578,,,0.5814,0.4186,,True,completed
192379_435_0,pkw,26587.0,26621.0,34.0,,191.59,9.0,9.0,25.0,24.318,,,0.2647,0.7353,,True,completed
116773_404_0,pkw,26577.0,26622.0,45.0,,461.96,7.0,7.0,38.0,13.373,,,0.1556,0.8444,,True,completed
185990_432_0,pkw,26586.0,26622.0,36.0,,193.005,16.0,16.0,20.0,24.471,,,0.4444,0.5556,,True,completed
148973_417_0,pkw,26580.0,26623.0,43.0,,187.31,23.0,23.0,20.0,32.518,,,0.5349,0.4651,,True,completed
175306_428_0,pkw,26584.0,26623.0,39.0,,396.64,2.0,2.0,37.0,11.688,,,0.0513,0.9487,,True,completed
194226_436_0,pkw,26583.0,26623.0,40.0,,202.743,17.0,17.0,23.0,28.562,,,0.425,0.575,,True,completed
172669_426_0,pkw,26593.0,26624.0,31.0,,187.408,8.0,8.0,23.0,19.529,,,0.2581,0.7419,,True,completed
114840_403_0,pkw,26578.0,26626.0,48.0,,464.718,6.0,6.0,42.0,14.003,,,0.125,0.875,,True,completed
201047_437_0,pkw,26598.0,26626.0,28.0,,203.422,7.0,7.0,21.0,17.685,,,0.25,0.75,,True,completed
139710_413_0,pkw,26590.0,26627.0,37.0,,177.281,9.0,10.0,27.0,22.723,,,0.2703,0.7297,,True,completed
144022_416_0,pkw,26580.0,26627.0,47.0,,465.804,5.0,5.0,42.0,14.908,,,0.1064,0.8936,,True,completed
157327_421_0,pkw,26598.0,26627.0,29.0,,184.66,6.0,6.0,23.0,19.096,,,0.2069,0.7931,,True,completed
177075_429_0,pkw,26602.0,26628.0,26.0,,197.139,2.0,2.0,24.0,15.243,,,0.0769,0.9231,,True,completed
159252_421_0,pkw,26600.0,26629.0,29.0,,186.176,6.0,6.0,23.0,18.467,,,0.2069,0.7931,,True,completed
85301_390_0,pkw,26584.0,26629.0,45.0,,461.052,3.0,3.0,42.0,15.618,,,0.0667,0.9333,,True,completed
154418_420_0,pkw,26609.0,26630.0,21.0,,186.9,0.0,0.0,21.0,10.505,,,0.0,1.0,,True,completed
172588_426_0,pkw,26605.0,26631.0,26.0,,195.209,2.0,2.0,24.0,14.305,,,0.0769,0.9231,,True,completed
202023_438_0,pkw,26604.0,26631.0,27.0,,174.112,2.0,2.0,25.0,15.241,,,0.0741,0.9259,,True,completed
178981_430_0,pkw,26618.0,26633.0,15.0,,190.956,0.0,0.0,15.0,4.565,,,0.0,1.0,,True,completed
199461_437_0,pkw,26609.0,26633.0,24.0,,200.331,0.0,0.0,24.0,12.352,,,0.0,1.0,,True,completed
168129_425_0,pkw,26620.0,26634.0,14.0,,183.374,0.0,0.0,14.0,4.058,,,0.0,1.0,,True,completed
180862_431_0,pkw,26614.0,26634.0,20.0,,191.447,0.0,0.0,20.0,10.137,,,0.0,1.0,,True,completed
199832_437_0,pkw,26612.0,26634.0,22.0,,186.315,0.0,0.0,22.0,12.267,,,0.0,1.0,,True,completed
126538_407_0,pkw,26621.0,26636.0,15.0,,194.639,0.0,0.0,15.0,5.05,,,0.0,1.0,,True,completed
141719_415_0,pkw,26616.0,26636.0,20.0,,202.77,0.0,0.0,20.0,8.651,,,0.0,1.0,,True,completed
153114_420_0,pkw,26575.0,26641.0,66.0,,434.493,16.0,16.0,50.0,25.926,,,0.2424,0.7576,,True,completed
153284_420_0,pkw,26576.0,26641.0,65.0,,446.316,27.0,27.0,38.0,33.711,,,0.4154,0.5846,,True,completed
102516_396_0,pkw,26599.0,26642.0,43.0,,185.838,18.0,18.0,25.0,32.245,,,0.4186,0.5814,,True,completed
172886_426_0,pkw,26577.0,26643.0,66.0,,443.235,14.0,14.0,52.0,38.635,,,0.2121,0.7879,,True,completed
135176_411_0,pkw,26587.0,26644.0,57.0,,434.634,13.0,13.0,44.0,26.613,,,0.2281,0.7719,,True,completed
179661_430_0,pkw,26596.0,26644.0,48.0,,451.645,7.0,7.0,41.0,20.214,,,0.1458,0.8542,,True,completed
198317_436_0,pkw,26600.0,26644.0,44.0,,402.107,6.0,6.0,38.0,20.125,,,0.1364,0.8636,,True,completed
69734_381_0,pkw,26595.0,26644.0,49.0,,457.365,8.0,8.0,41.0,19.11,,,0.1633,0.8367,,True,completed
122646_406_0,pkw,26589.0,26646.0,57.0,,437.628,13.0,13.0,44.0,24.261,,,0.2281,0.7719,,True,completed
126395_407_0,pkw,26603.0,26648.0,45.0,,439.037,4.0,4.0,41.0,14.81,,,0.0889,0.9111,,True,completed
168558_425_0,pkw,26605.0,26649.0,44.0,,429.652,3.0,3.0,41.0,16.159,,,0.0682,0.9318,,True,completed
190451_434_0,pkw,26618.0,26651.0,33.0,,430.517,0.0,0.0,33.0,1.26,,,0.0,1.0,,True,completed
181412_431_0,pkw,26610.0,26654.0,44.0,,435.125,0.0,0.0,44.0,2.944,,,0.0,1.0,,True,completed
181130_431_0,pkw,26593.0,26660.0,67.0,,667.892,9.0,9.0,58.0,22.188,,,0.1343,0.8657,,True,completed
137018_412_0,pkw,26618.0,26661.0,43.0,,200.122,19.0,20.0,23.0,30.056,,,0.4651,0.5349,,True,completed
194257_436_0,pkw,26624.0,26661.0,37.0,,191.156,16.0,16.0,21.0,25.994,,,0.4324,0.5676,,True,completed
154330_420_0,pkw,26623.0,26663.0,40.0,,197.373,18.0,18.0,22.0,26.965,,,0.45,0.55,,True,completed
212753_443_0,pkw,26627.0,26663.0,36.0,,194.855,14.0,14.0,22.0,25.058,,,0.3889,0.6111,,True,completed
196735_436_0,pkw,26643.0,26664.0,21.0,,188.553,0.0,1.0,20.0,10.305,,,0.0476,0.9524,,True,completed
202497_438_0,pkw,26646.0,26665.0,19.0,,201.022,0.0,0.0,19.0,6.414,,,0.0,1.0,,True,completed
208082_441_0,pkw,26649.0,26666.0,17.0,,191.781,0.0,1.0,16.0,6.386,,,0.0588,0.9412,,True,completed
145383_416_0,pkw,26623.0,26671.0,48.0,,435.376,7.0,7.0,41.0,13.619,,,0.1458,0.8542,,True,completed
214686_445_0,pkw,26627.0,26671.0,44.0,,436.279,1.0,1.0,43.0,7.917,,,0.0227,0.9773,,True,completed
186090_432_0,pkw,26639.0,26672.0,33.0,,427.232,0.0,0.0,33.0,1.672,,,0.0,1.0,,True,completed
214993_445_0,pkw,26631.0,26672.0,41.0,,431.675,2.0,2.0,39.0,16.101,,,0.0488,0.9512,,True,completed
71443_383_0,pkw,26633.0,26674.0,41.0,,438.967,0.0,0.0,41.0,4.751,,,0.0,1.0,,True,completed
157683_421_0,pkw,26635.0,26675.0,40.0,,430.604,0.0,0.0,40.0,10.242,,,0.0,1.0,,True,completed
190466_434_0,pkw,26637.0,26677.0,40.0,,437.626,0.0,0.0,40.0,8.082,,,0.0,1.0,,True,completed
205417_440_0,pkw,26644.0,26677.0,33.0,,428.812,0.0,0.0,33.0,1.904,,,0.0,1.0,,True,completed
190771_435_0,pkw,26658.0,26680.0,22.0,,186.784,4.0,4.0,18.0,13.417,,,0.1818,0.8182,,True,completed
189897_434_0,pkw,26653.0,26681.0,28.0,,196.728,9.0,10.0,18.0,14.736,,,0.3571,0.6429,,True,completed
147570_416_0,pkw,26662.0,26682.0,20.0,,185.857,0.0,1.0,19.0,9.684,,,0.05,0.95,,True,completed
92127_392_0,pkw,26641.0,26683.0,42.0,,393.869,2.0,2.0,40.0,16.145,,,0.0476,0.9524,,True,completed
137134_412_0,pkw,26647.0,26684.0,37.0,,403.208,0.0,0.0,37.0,15.383,,,0.0,1.0,,True,completed
132886_410_0,pkw,26672.0,26685.0,13.0,,192.907,0.0,0.0,13.0,1.477,,,0.0,1.0,,True,completed
142599_415_0,pkw,26665.0,26687.0,22.0,,190.227,0.0,0.0,22.0,12.036,,,0.0,1.0,,True,completed
199575_437_0,pkw,26649.0,26688.0,39.0,,400.821,0.0,0.0,39.0,8.348,,,0.0,1.0,,True,completed
157491_421_0,pkw,26641.0,26690.0,49.0,,439.503,8.0,8.0,41.0,21.692,,,0.1633,0.8367,,True,completed
206619_440_0,pkw,26643.0,26691.0,48.0,,430.827,5.0,5.0,43.0,19.677,,,0.1042,0.8958,,True,completed
88877_391_0,pkw,26648.0,26693.0,45.0,,439.893,5.0,5.0,40.0,12.502,,,0.1111,0.8889,,True,completed
156877_421_0,pkw,26650.0,26695.0,45.0,,446.848,4.0,4.0,41.0,15.748,,,0.0889,0.9111,,True,completed
184195_431_0,pkw,26661.0,26698.0,37.0,,352.053,2.0,2.0,35.0,12.449,,,0.0541,0.9459,,True,completed
85004_390_0,pkw,26664.0,26699.0,35.0,,454.706,0.0,0.0,35.0,5.608,,,0.0,1.0,,True,completed
101049_396_0,pkw,26679.0,26702.0,23.0,,197.376,3.0,3.0,20.0,11.635,,,0.1304,0.8696,,True,completed
201858_438_0,pkw,26693.0,26703.0,10.0,,140.213,0.0,0.0,10.0,0.285,,,0.0,1.0,,True,completed
229091_450_0,pkw,26667.0,26703.0,36.0,,408.157,0.0,0.0,36.0,7.497,,,0.0,1.0,,True,completed
116252_404_0,pkw,26670.0,26704.0,34.0,,446.306,0.0,0.0,34.0,3.164,,,0.0,1.0,,True,completed
209956_441_0,pkw,26664.0,26706.0,42.0,,403.711,0.0,0.0,42.0,15.407,,,0.0,1.0,,True,completed
99677_396_0,pkw,26674.0,26707.0,33.0,,444.876,0.0,0.0,33.0,2.425,,,0.0,1.0,,True,completed
214628_444_0,pkw,26666.0,26710.0,44.0,,429.777,8.0,8.0,36.0,15.723,,,0.1818,0.8182,,True,completed
204162_439_0,pkw,26668.0,26712.0,44.0,,432.619,2.0,2.0,42.0,9.383,,,0.0455,0.9545,,True,completed
123117_406_0,pkw,26671.0,26714.0,43.0,,442.786,2.0,2.0,41.0,10.73,,,0.0465,0.9535,,True,completed
150684_418_0,pkw,26682.0,26716.0,34.0,,426.281,0.0,0.0,34.0,1.578,,,0.0,1.0,,True,completed
155886_420_0,pkw,26673.0,26716.0,43.0,,444.823,0.0,0.0,43.0,12.922,,,0.0,1.0,,True,completed
214401_444_0,pkw,26674.0,26717.0,43.0,,435.112,0.0,0.0,43.0,13.586,,,0.0,1.0,,True,completed
188593_434_0,pkw,26676.0,26719.0,43.0,,445.709,0.0,0.0,43.0,12.76,,,0.0,1.0,,True,completed
208939_441_0,pkw,26686.0,26720.0,34.0,,433.31,0.0,0.0,34.0,1.713,,,0.0,1.0,,True,completed
199431_437_0,pkw,26678.0,26721.0,43.0,,442.97,0.0,0.0,43.0,5.763,,,0.0,1.0,,True,completed
110984_401_0,pkw,26680.0,26722.0,42.0,,433.356,0.0,0.0,42.0,12.19,,,0.0,1.0,,True,completed
122410_406_0,pkw,26689.0,26722.0,33.0,,434.809,0.0,0.0,33.0,1.543,,,0.0,1.0,,True,completed
199704_437_0,pkw,26677.0,26722.0,45.0,,442.372,4.0,4.0,41.0,12.123,,,0.0889,0.9111,,True,completed
162502_422_0,pkw,26681.0,26724.0,43.0,,450.656,1.0,1.0,42.0,9.952,,,0.0233,0.9767,,True,completed
170018_426_0,pkw,26684.0,26724.0,40.0,,441.364,0.0,0.0,40.0,7.627,,,0.0,1.0,,True,completed
182832_431_0,pkw,26689.0,26725.0,36.0,,430.984,0.0,0.0,36.0,2.39,,,0.0,1.0,,True,completed
211811_442_0,pkw,26672.0,26725.0,53.0,,670.245,0.0,0.0,53.0,11.034,,,0.0,1.0,,True,completed
133105_410_0,pkw,26683.0,26726.0,43.0,,447.812,0.0,0.0,43.0,9.574,,,0.0,1.0,,True,completed
151053_418_0,pkw,26690.0,26727.0,37.0,,442.447,0.0,0.0,37.0,6.98,,,0.0,1.0,,True,completed
155549_420_0,pkw,26685.0,26727.0,42.0,,428.683,0.0,0.0,42.0,3.883,,,0.0,1.0,,True,completed
186689_432_0,pkw,26688.0,26728.0,40.0,,448.85,0.0,0.0,40.0,6.508,,,0.0,1.0,,True,completed
136672_411_0,pkw,26708.0,26731.0,23.0,,194.084,4.0,4.0,19.0,13.18,,,0.1739,0.8261,,True,completed
141030_414_0,pkw,26692.0,26732.0,40.0,,194.396,16.0,16.0,24.0,27.251,,,0.4,0.6,,True,completed
212161_442_0,pkw,26674.0,26732.0,58.0,,400.278,16.0,16.0,42.0,30.916,,,0.2759,0.7241,,True,completed
76361_386_0,pkw,26716.0,26732.0,16.0,,184.633,0.0,0.0,16.0,6.726,,,0.0,1.0,,True,completed
206270_440_0,pkw,26690.0,26733.0,43.0,,352.831,5.0,5.0,38.0,15.292,,,0.1163,0.8837,,True,completed
165167_423_0,pkw,26678.0,26734.0,56.0,,404.762,11.0,11.0,45.0,31.411,,,0.1964,0.8036,,True,completed
185866_432_0,pkw,26696.0,26736.0,40.0,,396.373,0.0,0.0,40.0,16.689,,,0.0,1.0,,True,completed
127789_407_0,pkw,26704.0,26737.0,33.0,,402.922,0.0,0.0,33.0,9.449,,,0.0,1.0,,True,completed
169567_426_0,pkw,26701.0,26737.0,36.0,,427.941,0.0,0.0,36.0,1.847,,,0.0,1.0,,True,completed
204094_439_0,pkw,26698.0,26740.0,42.0,,409.182,0.0,0.0,42.0,16.206,,,0.0,1.0,,True,completed
207244_441_0,pkw,26687.0,26740.0,53.0,,432.048,9.0,9.0,44.0,28.182,,,0.1698,0.8302,,True,completed
103034_397_0,pkw,26692.0,26741.0,49.0,,429.334,9.0,9.0,40.0,14.624,,,0.1837,0.8163,,True,completed
195523_436_0,pkw,26691.0,26742.0,51.0,,435.547,9.0,9.0,42.0,21.391,,,0.1765,0.8235,,True,completed
211553_442_0,pkw,26694.0,26743.0,49.0,,433.615,8.0,8.0,41.0,17.538,,,0.1633,0.8367,,True,completed
124332_406_0,pkw,26696.0,26744.0,48.0,,424.687,8.0,8.0,40.0,16.817,,,0.1667,0.8333,,True,completed
173429_427_0,pkw,26706.0,26744.0,38.0,,432.429,0.0,0.0,38.0,1.834,,,0.0,1.0,,True,completed
196643_436_0,pkw,26692.0,26744.0,52.0,,435.455,8.0,8.0,44.0,15.19,,,0.1538,0.8462,,True,completed
182185_431_0,pkw,26707.0,26746.0,39.0,,431.307,0.0,0.0,39.0,6.902,,,0.0,1.0,,True,completed
108941_400_0,pkw,26696.0,26747.0,51.0,,437.228,6.0,6.0,45.0,18.558,,,0.1176,0.8824,,True,completed
194707_436_0,pkw,26694.0,26747.0,53.0,,430.965,7.0,7.0,46.0,14.139,,,0.1321,0.8679,,True,completed
193510_435_0,pkw,26732.0,26751.0,19.0,,199.645,0.0,0.0,19.0,8.353,,,0.0,1.0,,True,completed
234991_451_0,pkw,26720.0,26751.0,31.0,,396.477,0.0,0.0,31.0,3.717,,,0.0,1.0,,True,completed
155897_420_0,pkw,26735.0,26752.0,17.0,,189.179,0.0,0.0,17.0,6.258,,,0.0,1.0,,True,completed
160692_421_0,pkw,26695.0,26753.0,58.0,,442.672,16.0,16.0,42.0,26.9,,,0.2759,0.7241,,True,completed
155279_420_0,pkw,26745.0,26756.0,11.0,,195.834,0.0,0.0,11.0,0.346,,,0.0,1.0,,True,completed
123465_406_0,pkw,26699.0,26758.0,59.0,,443.514,13.0,13.0,46.0,26.724,,,0.2203,0.7797,,True,completed
183790_431_0,pkw,26676.0,26760.0,84.0,,681.305,14.0,14.0,70.0,36.261,,,0.1667,0.8333,,True,completed
208367_441_0,pkw,26698.0,26760.0,62.0,,439.242,9.0,9.0,53.0,30.508,,,0.1452,0.8548,,True,completed
165006_423_0,pkw,26701.0,26761.0,60.0,,396.118,11.0,11.0,49.0,34.661,,,0.1833,0.8167,,True,completed
189721_434_0,pkw,26692.0,26761.0,69.0,,672.532,3.0,3.0,66.0,22.812,,,0.0435,0.9565,,True,completed
198226_436_0,pkw,26699.0,26762.0,63.0,,429.733,10.0,10.0,53.0,30.953,,,0.1587,0.8413,,True,completed
185014_431_0,pkw,26697.0,26763.0,66.0,,449.446,14.0,14.0,52.0,25.791,,,0.2121,0.7879,,True,completed
134334_411_0,pkw,26701.0,26764.0,63.0,,433.62,8.0,8.0,55.0,34.016,,,0.127,0.873,,True,completed
181512_431_0,pkw,26706.0,26764.0,58.0,,409.819,10.0,10.0,48.0,31.578,,,0.1724,0.8276,,True,completed
192573_435_0,pkw,26712.0,26766.0,54.0,,391.685,7.0,7.0,47.0,30.536,,,0.1296,0.8704,,True,completed
208574_441_0,pkw,26708.0,26766.0,58.0,,441.921,7.0,7.0,51.0,28.842,,,0.1207,0.8793,,True,completed
164904_423_0,pkw,26725.0,26767.0,42.0,,433.367,4.0,4.0,38.0,18.096,,,0.0952,0.9048,,True,completed
183279_431_0,pkw,26714.0,26768.0,54.0,,400.326,5.0,5.0,49.0,24.417,,,0.0926,0.9074,,True,completed
196884_436_0,pkw,26701.0,26773.0,72.0,,444.96,21.0,21.0,51.0,38.658,,,0.2917,0.7083,,True,completed
197962_436_0,pkw,26712.0,26773.0,61.0,,424.781,16.0,16.0,45.0,32.641,,,0.2623,0.7377,,True,completed
200836_437_0,pkw,26709.0,26773.0,64.0,,463.343,18.0,18.0,46.0,30.949,,,0.2812,0.7188,,True,completed
187195_433_0,pkw,26758.0,26774.0,16.0,,186.974,0.0,0.0,16.0,5.413,,,0.0,1.0,,True,completed
196620_436_0,pkw,26702.0,26775.0,73.0,,452.798,20.0,20.0,53.0,39.262,,,0.274,0.726,,True,completed
161240_421_0,pkw,26704.0,26777.0,73.0,,453.224,18.0,18.0,55.0,38.525,,,0.2466,0.7534,,True,completed
114619_403_0,pkw,26723.0,26778.0,55.0,,392.561,5.0,5.0,50.0,28.435,,,0.0909,0.9091,,True,completed
166951_424_0,pkw,26726.0,26780.0,54.0,,401.475,4.0,4.0,50.0,28.557,,,0.0741,0.9259,,True,completed
175971_428_0,pkw,26706.0,26780.0,74.0,,444.729,17.0,17.0,57.0,38.373,,,0.2297,0.7703,,True,completed
190330_434_0,pkw,26710.0,26781.0,71.0,,448.922,14.0,14.0,57.0,36.442,,,0.1972,0.8028,,True,completed
167910_425_0,pkw,26750.0,26782.0,32.0,,426.172,0.0,0.0,32.0,1.986,,,0.0,1.0,,True,completed
169627_426_0,pkw,26729.0,26782.0,53.0,,398.466,2.0,2.0,51.0,27.677,,,0.0377,0.9623,,True,completed
191612_435_0,pkw,26746.0,26782.0,36.0,,435.146,0.0,0.0,36.0,3.023,,,0.0,1.0,,True,completed
220505_447_0,pkw,26743.0,26785.0,42.0,,403.06,1.0,1.0,41.0,17.026,,,0.0238,0.9762,,True,completed
191999_435_0,pkw,26748.0,26789.0,41.0,,392.577,0.0,0.0,41.0,17.105,,,0.0,1.0,,True,completed
202707_439_0,pkw,26756.0,26789.0,33.0,,431.187,0.0,0.0,33.0,1.527,,,0.0,1.0,,True,completed
182162_431_0,pkw,26714.0,26791.0,77.0,,428.922,26.0,26.0,51.0,46.399,,,0.3377,0.6623,,True,completed
85432_390_0,pkw,26732.0,26791.0,59.0,,446.081,15.0,15.0,44.0,30.512,,,0.2542,0.7458,,True,completed
116480_404_0,pkw,26710.0,26792.0,82.0,,424.292,23.0,23.0,59.0,54.678,,,0.2805,0.7195,,True,completed
170798_426_0,pkw,26734.0,26792.0,58.0,,436.556,14.0,14.0,44.0,28.938,,,0.2414,0.7586,,True,completed
159356_421_0,pkw,26712.0,26793.0,81.0,,446.836,20.0,20.0,61.0,50.607,,,0.2469,0.7531,,True,completed
188043_433_0,pkw,26736.0,26793.0,57.0,,428.17,14.0,14.0,43.0,31.204,,,0.2456,0.7544,,True,completed
178677_430_0,pkw,26741.0,26795.0,54.0,,432.984,11.0,11.0,43.0,19.593,,,0.2037,0.7963,,True,completed
181649_431_0,pkw,26743.0,26795.0,52.0,,429.54,10.0,10.0,42.0,26.131,,,0.1923,0.8077,,True,completed
172890_426_0,pkw,26756.0,26797.0,41.0,,436.625,0.0,0.0,41.0,7.957,,,0.0,1.0,,True,completed
171430_426_0,pkw,26737.0,26798.0,61.0,,451.768,8.0,8.0,53.0,29.448,,,0.1311,0.8689,,True,completed
202599_439_0,pkw,26742.0,26801.0,59.0,,448.955,5.0,5.0,54.0,27.879,,,0.0847,0.9153,,True,completed
134028_411_0,pkw,26746.0,26802.0,56.0,,440.594,4.0,4.0,52.0,25.538,,,0.0714,0.9286,,True,completed
174566_427_0,pkw,26725.0,26802.0,77.0,,447.302,10.0,10.0,67.0,38.789,,,0.1299,0.8701,,True,completed
212455_443_0,pkw,26757.0,26802.0,45.0,,409.266,6.0,6.0,39.0,19.257,,,0.1333,0.8667,,True,completed
207739_441_0,pkw,26740.0,26804.0,64.0,,451.151,4.0,4.0,60.0,29.051,,,0.0625,0.9375,,True,completed
155322_420_0,pkw,26749.0,26805.0,56.0,,443.188,3.0,3.0,53.0,26.344,,,0.0536,0.9464,,True,completed
189975_434_0,pkw,26733.0,26805.0,72.0,,669.119,1.0,1.0,71.0,22.505,,,0.0139,0.9861,,True,completed
206637_440_0,pkw,26754.0,26807.0,53.0,,449.705,4.0,4.0,49.0,24.464,,,0.0755,0.9245,,True,completed
194522_436_0,pkw,26801.0,26812.0,11.0,,194.486,0.0,0.0,11.0,0.458,,,0.0,1.0,,True,completed
137085_412_0,pkw,26745.0,26814.0,69.0,,674.838,0.0,0.0,69.0,10.671,,,0.0,1.0,,True,completed
159086_421_0,pkw,26766.0,26815.0,49.0,,437.19,7.0,7.0,42.0,15.651,,,0.1429,0.8571,,True,completed
169718_426_0,pkw,26773.0,26816.0,43.0,,429.184,0.0,0.0,43.0,10.921,,,0.0,1.0,,True,completed
192452_435_0,pkw,26764.0,26817.0,53.0,,437.451,10.0,10.0,43.0,15.929,,,0.1887,0.8113,,True,completed
166525_424_0,pkw,26768.0,26818.0,50.0,,430.176,5.0,5.0,45.0,16.56,,,0.1,0.9,,True,completed
215436_445_0,pkw,26781.0,26818.0,37.0,,430.293,0.0,1.0,36.0,4.658,,,0.027,0.973,,True,completed
160263_421_0,pkw,26760.0,26820.0,60.0,,449.089,9.0,9.0,51.0,33.762,,,0.15,0.85,,True,completed
175425_428_0,pkw,26805.0,26820.0,15.0,,168.778,0.0,0.0,15.0,3.137,,,0.0,1.0,,True,completed
198123_436_0,pkw,26756.0,26820.0,64.0,,445.08,13.0,14.0,50.0,34.119,,,0.2188,0.7812,,True,completed
126682_407_0,pkw,26764.0,26824.0,60.0,,448.659,6.0,6.0,54.0,32.496,,,0.1,0.9,,True,completed
106515_399_0,pkw,26762.0,26829.0,67.0,,451.901,9.0,9.0,58.0,31.753,,,0.1343,0.8657,,True,completed
173161_427_0,pkw,26769.0,26829.0,60.0,,451.059,4.0,4.0,56.0,30.323,,,0.0667,0.9333,,True,completed
147632_416_0,pkw,26782.0,26830.0,48.0,,428.369,11.0,11.0,37.0,19.025,,,0.2292,0.7708,,True,completed
156181_420_0,pkw,26775.0,26830.0,55.0,,429.119,13.0,14.0,41.0,23.06,,,0.2545,0.7455,,True,completed
180060_430_0,pkw,26771.0,26830.0,59.0,,443.753,4.0,4.0,55.0,31.094,,,0.0678,0.9322,,True,completed
141566_415_0,pkw,26786.0,26832.0,46.0,,429.683,6.0,6.0,40.0,14.244,,,0.1304,0.8696,,True,completed
176125_428_0,pkw,26775.0,26832.0,57.0,,449.286,3.0,3.0,54.0,28.535,,,0.0526,0.9474,,True,completed
188297_433_0,pkw,26778.0,26833.0,55.0,,433.699,12.0,12.0,43.0,20.292,,,0.2182,0.7818,,True,completed
157721_421_0,pkw,26767.0,26834.0,67.0,,452.57,5.0,5.0,62.0,30.04,,,0.0746,0.9254,,True,completed
202155_438_0,pkw,26784.0,26836.0,52.0,,443.473,4.0,4.0,48.0,20.383,,,0.0769,0.9231,,True,completed
194474_436_0,pkw,26788.0,26839.0,51.0,,440.763,3.0,3.0,48.0,19.772,,,0.0588,0.9412,,True,completed
141293_415_0,pkw,26815.0,26841.0,26.0,,192.299,9.0,10.0,16.0,14.018,,,0.3846,0.6154,,True,completed
166496_424_0,pkw,26790.0,26841.0,51.0,,448.485,3.0,3.0,48.0,26.125,,,0.0588,0.9412,,True,completed
180063_430_0,pkw,26786.0,26841.0,55.0,,453.419,4.0,4.0,51.0,19.892,,,0.0727,0.9273,,True,completed
160346_421_0,pkw,26793.0,26842.0,49.0,,441.796,2.0,2.0,47.0,18.048,,,0.0408,0.9592,,True,completed
198484_436_0,pkw,26820.0,26843.0,23.0,,196.312,1.0,1.0,22.0,10.128,,,0.0435,0.9565,,True,completed
162885_422_0,pkw,26797.0,26845.0,48.0,,453.543,0.0,0.0,48.0,18.174,,,0.0,1.0,,True,completed
86811_391_0,pkw,26801.0,26848.0,47.0,,445.77,0.0,0.0,47.0,15.453,,,0.0,1.0,,True,completed
139806_413_0,pkw,26807.0,26850.0,43.0,,425.435,5.0,5.0,38.0,11.282,,,0.1163,0.8837,,True,completed
170713_426_0,pkw,26813.0,26850.0,37.0,,429.258,0.0,0.0,37.0,8.392,,,0.0,1.0,,True,completed
210113_441_0,pkw,26805.0,26850.0,45.0,,426.659,5.0,5.0,40.0,11.866,,,0.1111,0.8889,,True,completed
181759_431_0,pkw,26795.0,26851.0,56.0,,452.199,2.0,2.0,54.0,17.511,,,0.0357,0.9643,,True,completed
178732_430_0,pkw,26808.0,26852.0,44.0,,429.65,4.0,4.0,40.0,11.875,,,0.0909,0.9091,,True,completed
199254_437_0,pkw,26810.0,26853.0,43.0,,433.522,3.0,3.0,40.0,18.398,,,0.0698,0.9302,,True,completed
210539_441_0,pkw,26812.0,26855.0,43.0,,444.412,2.0,2.0,41.0,15.082,,,0.0465,0.9535,,True,completed
196579_436_0,pkw,26814.0,26857.0,43.0,,444.881,1.0,1.0,42.0,10.832,,,0.0233,0.9767,,True,completed
153986_420_0,pkw,26813.0,26859.0,46.0,,451.184,6.0,6.0,40.0,16.58,,,0.1304,0.8696,,True,completed
194810_436_0,pkw,26843.0,26859.0,16.0,,173.128,0.0,0.0,16.0,4.455,,,0.0,1.0,,True,completed
93088_392_0,pkw,26818.0,26862.0,44.0,,452.284,5.0,5.0,39.0,15.525,,,0.1136,0.8864,,True,completed
172767_426_0,pkw,26815.0,26867.0,52.0,,452.097,6.0,6.0,46.0,15.787,,,0.1154,0.8846,,True,completed
133168_410_0,pkw,26821.0,26870.0,49.0,,451.548,3.0,3.0,46.0,12.683,,,0.0612,0.9388,,True,completed
173131_427_0,pkw,26830.0,26870.0,40.0,,448.758,0.0,1.0,39.0,6.474,,,0.025,0.975,,True,completed
95804_394_0,pkw,26841.0,26874.0,33.0,,429.158,0.0,0.0,33.0,1.403,,,0.0,1.0,,True,completed
187712_433_0,pkw,26863.0,26880.0,17.0,,186.999,0.0,0.0,17.0,6.703,,,0.0,1.0,,True,completed
216529_445_0,pkw,26868.0,26881.0,13.0,,166.449,0.0,0.0,13.0,2.93,,,0.0,1.0,,True,completed
210786_442_0,pkw,26852.0,26894.0,42.0,,428.428,2.0,2.0,40.0,8.566,,,0.0476,0.9524,,True,completed
122002_406_0,pkw,26846.0,26896.0,50.0,,429.36,14.0,14.0,36.0,19.819,,,0.28,0.72,,True,completed
170886_426_0,pkw,26849.0,26897.0,48.0,,434.289,3.0,3.0,45.0,12.26,,,0.0625,0.9375,,True,completed
140723_414_0,pkw,26843.0,26898.0,55.0,,442.993,7.0,7.0,48.0,17.867,,,0.1273,0.8727,,True,completed
208970_441_0,pkw,26865.0,26900.0,35.0,,460.103,0.0,0.0,35.0,6.258,,,0.0,1.0,,True,completed
175062_428_0,pkw,26840.0,26902.0,62.0,,668.559,4.0,4.0,58.0,15.472,,,0.0645,0.9355,,True,completed
210474_441_0,pkw,26876.0,26903.0,27.0,,201.485,11.0,12.0,15.0,16.745,,,0.4444,0.5556,,True,completed
161064_421_0,pkw,26884.0,26904.0,20.0,,189.758,0.0,0.0,20.0,9.074,,,0.0,1.0,,True,completed
191154_435_0,pkw,26845.0,26904.0,59.0,,674.896,0.0,0.0,59.0,13.412,,,0.0,1.0,,True,completed
153308_420_0,pkw,26873.0,26906.0,33.0,,452.126,0.0,0.0,33.0,2.965,,,0.0,1.0,,True,completed
98170_395_0,pkw,26867.0,26906.0,39.0,,443.63,0.0,0.0,39.0,2.261,,,0.0,1.0,,True,completed
167028_424_0,pkw,26847.0,26909.0,62.0,,673.708,0.0,0.0,62.0,16.853,,,0.0,1.0,,True,completed
157832_421_0,pkw,26859.0,26910.0,51.0,,436.681,11.0,11.0,40.0,20.545,,,0.2157,0.7843,,True,completed
159817_421_0,pkw,26865.0,26912.0,47.0,,430.7,6.0,6.0,41.0,16.853,,,0.1277,0.8723,,True,completed
212566_443_0,pkw,26864.0,26913.0,49.0,,405.069,2.0,2.0,47.0,20.226,,,0.0408,0.9592,,True,completed
120342_405_0,pkw,26867.0,26914.0,47.0,,432.317,4.0,4.0,43.0,15.953,,,0.0851,0.9149,,True,completed
95956_394_0,pkw,26863.0,26914.0,51.0,,426.714,9.0,9.0,42.0,18.443,,,0.1765,0.8235,,True,completed
194757_436_0,pkw,26853.0,26915.0,62.0,,669.792,0.0,0.0,62.0,13.403,,,0.0,1.0,,True,completed
121000_405_0,pkw,26850.0,26916.0,66.0,,678.074,0.0,0.0,66.0,11.842,,,0.0,1.0,,True,completed
133941_411_0,pkw,26861.0,26916.0,55.0,,432.235,7.0,7.0,48.0,23.098,,,0.1273,0.8727,,True,completed
154050_420_0,pkw,26884.0,26917.0,33.0,,433.915,0.0,0.0,33.0,2.576,,,0.0,1.0,,True,completed
203534_439_0,pkw,26881.0,26917.0,36.0,,435.211,0.0,0.0,36.0,3.733,,,0.0,1.0,,True,completed
128880_408_0,pkw,26898.0,26920.0,22.0,,187.187,3.0,3.0,19.0,11.28,,,0.1364,0.8636,,True,completed
154637_420_0,pkw,26875.0,26921.0,46.0,,446.833,9.0,10.0,36.0,14.56,,,0.2174,0.7826,,True,completed
168384_425_0,pkw,26881.0,26925.0,44.0,,453.008,3.0,3.0,41.0,12.934,,,0.0682,0.9318,,True,completed
174449_427_0,pkw,26879.0,26925.0,46.0,,452.672,4.0,4.0,42.0,12.041,,,0.087,0.913,,True,completed
154737_420_0,pkw,26855.0,26926.0,71.0,,671.078,9.0,9.0,62.0,32.202,,,0.1268,0.8732,,True,completed
129789_409_0,pkw,26886.0,26927.0,41.0,,443.543,0.0,0.0,41.0,9.604,,,0.0,1.0,,True,completed
101804_396_0,pkw,26857.0,26932.0,75.0,,677.356,8.0,8.0,67.0,25.691,,,0.1067,0.8933,,True,completed
110934_401_0,pkw,26859.0,26932.0,73.0,,667.092,5.0,5.0,68.0,30.783,,,0.0685,0.9315,,True,completed
139390_413_0,pkw,26905.0,26934.0,29.0,,431.191,0.0,0.0,29.0,1.594,,,0.0,1.0,,True,completed
131229_409_0,pkw,26896.0,26935.0,39.0,,437.127,0.0,0.0,39.0,2.444,,,0.0,1.0,,True,completed
163484_422_0,pkw,26924.0,26938.0,14.0,,177.819,0.0,0.0,14.0,1.901,,,0.0,1.0,,True,completed
154918_420_0,pkw,26902.0,26939.0,37.0,,433.975,0.0,0.0,37.0,1.708,,,0.0,1.0,,True,completed
243360_452_0,pkw,26909.0,26940.0,31.0,,435.344,0.0,0.0,31.0,1.46,,,0.0,1.0,,True,completed
163067_422_0,pkw,26883.0,26941.0,58.0,,430.688,15.0,15.0,43.0,23.392,,,0.2586,0.7414,,True,completed
240182_452_0,pkw,26890.0,26942.0,52.0,,448.526,9.0,9.0,43.0,21.765,,,0.1731,0.8269,,True,completed
118972_405_0,pkw,26888.0,26945.0,57.0,,452.837,10.0,10.0,47.0,21.108,,,0.1754,0.8246,,True,completed
217911_446_0,pkw,26913.0,26945.0,32.0,,436.029,0.0,0.0,32.0,2.722,,,0.0,1.0,,True,completed
173222_427_0,pkw,26893.0,26946.0,53.0,,444.206,9.0,9.0,44.0,20.307,,,0.1698,0.8302,,True,completed
237623_451_0,pkw,26907.0,26946.0,39.0,,437.183,0.0,0.0,39.0,2.435,,,0.0,1.0,,True,completed
169017_425_0,pkw,26917.0,26947.0,30.0,,425.353,0.0,0.0,30.0,1.148,,,0.0,1.0,,True,completed
134619_411_0,pkw,26904.0,26948.0,44.0,,442.093,1.0,1.0,43.0,12.653,,,0.0227,0.9773,,True,completed
142058_415_0,pkw,26900.0,26948.0,48.0,,447.855,5.0,5.0,43.0,14.908,,,0.1042,0.8958,,True,completed
202533_438_0,pkw,26906.0,26950.0,44.0,,448.527,0.0,0.0,44.0,12.32,,,0.0,1.0,,True,completed
227412_450_0,pkw,26915.0,26950.0,35.0,,430.187,0.0,0.0,35.0,1.779,,,0.0,1.0,,True,completed
121408_406_0,pkw,26916.0,26952.0,36.0,,443.52,0.0,0.0,36.0,10.165,,,0.0,1.0,,True,completed
204631_440_0,pkw,26908.0,26952.0,44.0,,449.668,0.0,0.0,44.0,12.008,,,0.0,1.0,,True,completed
184360_431_0,pkw,26910.0,26953.0,43.0,,441.578,0.0,0.0,43.0,12.333,,,0.0,1.0,,True,completed
213502_444_0,pkw,26909.0,26956.0,47.0,,163.396,25.0,25.0,22.0,35.691,,,0.5319,0.4681,,True,completed
133174_410_0,pkw,26914.0,26957.0,43.0,,443.55,0.0,0.0,43.0,9.001,,,0.0,1.0,,True,completed
163968_422_0,pkw,26941.0,26962.0,21.0,,172.423,1.0,1.0,20.0,12.028,,,0.0476,0.9524,,True,completed
72437_384_0,pkw,26936.0,26962.0,26.0,,197.022,7.0,7.0,19.0,15.773,,,0.2692,0.7308,,True,completed
159074_421_0,pkw,26919.0,26963.0,44.0,,431.751,6.0,6.0,38.0,14.605,,,0.1364,0.8636,,True,completed
132666_410_0,pkw,26946.0,26964.0,18.0,,194.037,0.0,1.0,17.0,6.686,,,0.0556,0.9444,,True,completed
164638_422_0,pkw,26949.0,26965.0,16.0,,191.646,0.0,0.0,16.0,5.518,,,0.0,1.0,,True,completed
196663_436_0,pkw,26949.0,26966.0,17.0,,197.693,0.0,0.0,17.0,4.815,,,0.0,1.0,,True,completed
198716_436_0,pkw,26928.0,26968.0,40.0,,429.87,0.0,0.0,40.0,7.141,,,0.0,1.0,,True,completed
181724_431_0,pkw,26934.0,26971.0,37.0,,436.24,0.0,0.0,37.0,3.437,,,0.0,1.0,,True,completed
220192_447_0,pkw,26928.0,26971.0,43.0,,436.626,6.0,6.0,37.0,12.899,,,0.1395,0.8605,,True,completed
159582_421_0,pkw,26932.0,26972.0,40.0,,433.665,1.0,1.0,39.0,11.82,,,0.025,0.975,,True,completed
196189_436_0,pkw,26940.0,26973.0,33.0,,424.24,0.0,0.0,33.0,7.616,,,0.0,1.0,,True,completed
113797_402_0,pkw,26937.0,26974.0,37.0,,433.11,0.0,0.0,37.0,2.067,,,0.0,1.0,,True,completed
241064_452_0,pkw,26951.0,26975.0,24.0,,154.055,4.0,4.0,20.0,15.094,,,0.1667,0.8333,,True,completed
232267_451_0,pkw,26924.0,26976.0,52.0,,429.038,9.0,9.0,43.0,22.476,,,0.1731,0.8269,,True,completed
163834_422_0,pkw,26953.0,26978.0,25.0,,170.355,3.0,3.0,22.0,14.047,,,0.12,0.88,,True,completed
162954_422_0,pkw,26918.0,26982.0,64.0,,446.77,20.0,21.0,43.0,32.533,,,0.3281,0.6719,,True,completed
185414_432_0,pkw,26934.0,26982.0,48.0,,459.487,4.0,4.0,44.0,12.959,,,0.0833,0.9167,,True,completed
175142_428_0,pkw,26956.0,26983.0,27.0,,196.541,6.0,6.0,21.0,14.795,,,0.2222,0.7778,,True,completed
170536_426_0,pkw,26961.0,26985.0,24.0,,171.207,4.0,4.0,20.0,12.605,,,0.1667,0.8333,,True,completed
181651_431_0,pkw,26968.0,26985.0,17.0,,201.692,0.0,1.0,16.0,5.314,,,0.0588,0.9412,,True,completed
186834_432_0,pkw,26921.0,26986.0,65.0,,447.726,18.0,18.0,47.0,30.714,,,0.2769,0.7231,,True,completed
210323_441_0,pkw,26971.0,26986.0,15.0,,190.675,0.0,0.0,15.0,3.355,,,0.0,1.0,,True,completed
160192_421_0,pkw,26950.0,26989.0,39.0,,432.575,4.0,4.0,35.0,10.86,,,0.1026,0.8974,,True,completed
209415_441_0,pkw,26961.0,26993.0,32.0,,428.33,0.0,0.0,32.0,1.642,,,0.0,1.0,,True,completed
246556_455_0,pkw,26981.0,26996.0,15.0,,153.032,0.0,0.0,15.0,5.27,,,0.0,1.0,,True,completed
210566_441_0,pkw,26942.0,26999.0,57.0,,459.171,9.0,9.0,48.0,21.62,,,0.1579,0.8421,,True,completed
211678_442_0,pkw,26964.0,26999.0,35.0,,432.232,0.0,0.0,35.0,1.415,,,0.0,1.0,,True,completed
108921_400_0,pkw,26959.0,27000.0,41.0,,451.012,0.0,0.0,41.0,9.082,,,0.0,1.0,,True,completed
120762_405_0,pkw,26963.0,27010.0,47.0,,430.65,7.0,7.0,40.0,14.019,,,0.1489,0.8511,,True,completed
229922_450_0,pkw,26965.0,27012.0,47.0,,437.498,3.0,3.0,44.0,10.242,,,0.0638,0.9362,,True,completed
178338_430_0,pkw,26968.0,27013.0,45.0,,434.096,6.0,6.0,39.0,12.798,,,0.1333,0.8667,,True,completed
148517_417_0,pkw,26978.0,27014.0,36.0,,429.111,0.0,1.0,35.0,5.263,,,0.0278,0.9722,,True,completed
216790_446_0,pkw,26975.0,27014.0,39.0,,445.14,0.0,0.0,39.0,7.798,,,0.0,1.0,,True,completed
139333_413_0,pkw,26971.0,27015.0,44.0,,436.808,3.0,3.0,41.0,9.967,,,0.0682,0.9318,,True,completed
234642_451_0,pkw,26977.0,27017.0,40.0,,431.361,0.0,0.0,40.0,2.165,,,0.0,1.0,,True,completed
232545_451_0,pkw,26978.0,27019.0,41.0,,436.947,0.0,1.0,40.0,4.706,,,0.0244,0.9756,,True,completed
117057_404_0,pkw,26961.0,27021.0,60.0,,673.547,2.0,2.0,58.0,13.691,,,0.0333,0.9667,,True,completed
214606_444_0,pkw,26974.0,27021.0,47.0,,192.708,28.0,28.0,19.0,34.623,,,0.5957,0.4043,,True,completed
216812_446_0,pkw,26977.0,27021.0,44.0,,203.483,26.0,26.0,18.0,33.578,,,0.5909,0.4091,,True,completed
191882_435_0,pkw,26982.0,27023.0,41.0,,177.462,20.0,20.0,21.0,30.261,,,0.4878,0.5122,,True,completed
209806_441_0,pkw,26987.0,27023.0,36.0,,202.043,14.0,15.0,21.0,25.725,,,0.4167,0.5833,,True,completed
173301_427_0,pkw,26992.0,27024.0,32.0,,192.462,11.0,11.0,21.0,21.261,,,0.3438,0.6562,,True,completed
192098_435_0,pkw,26988.0,27024.0,36.0,,168.677,14.0,14.0,22.0,25.77,,,0.3889,0.6111,,True,completed
114809_403_0,pkw,27004.0,27026.0,22.0,,196.044,0.0,1.0,21.0,11.9,,,0.0455,0.9545,,True,completed
80266_388_0,pkw,26967.0,27027.0,60.0,,678.152,0.0,0.0,60.0,6.724,,,0.0,1.0,,True,completed
170350_426_0,pkw,27007.0,27028.0,21.0,,201.682,0.0,0.0,21.0,9.68,,,0.0,1.0,,True,completed
190778_435_0,pkw,27014.0,27030.0,16.0,,190.49,0.0,0.0,16.0,6.174,,,0.0,1.0,,True,completed
141728_415_0,pkw,27009.0,27031.0,22.0,,179.734,0.0,0.0,22.0,12.165,,,0.0,1.0,,True,completed
156205_420_0,pkw,27019.0,27032.0,13.0,,196.713,0.0,0.0,13.0,2.508,,,0.0,1.0,,True,completed
163022_422_0,pkw,27026.0,27040.0,14.0,,200.607,0.0,0.0,14.0,1.646,,,0.0,1.0,,True,completed
174195_427_0,pkw,27028.0,27042.0,14.0,,176.139,0.0,0.0,14.0,2.739,,,0.0,1.0,,True,completed
168307_425_0,pkw,27002.0,27045.0,43.0,,449.597,0.0,1.0,42.0,13.671,,,0.0233,0.9767,,True,completed
170927_426_0,pkw,27030.0,27045.0,15.0,,202.235,0.0,0.0,15.0,3.666,,,0.0,1.0,,True,completed
187528_433_0,pkw,27036.0,27048.0,12.0,,195.69,0.0,0.0,12.0,0.404,,,0.0,1.0,,True,completed
203962_439_0,pkw,27004.0,27050.0,46.0,,451.155,0.0,0.0,46.0,12.078,,,0.0,1.0,,True,completed
220226_447_0,pkw,27008.0,27050.0,42.0,,448.776,0.0,0.0,42.0,10.516,,,0.0,1.0,,True,completed
225112_449_0,pkw,27010.0,27051.0,41.0,,442.589,0.0,0.0,41.0,12.127,,,0.0,1.0,,True,completed
195513_436_0,pkw,27038.0,27052.0,14.0,,194.023,0.0,0.0,14.0,0.588,,,0.0,1.0,,True,completed
241134_452_0,pkw,27012.0,27053.0,41.0,,447.2,0.0,0.0,41.0,10.342,,,0.0,1.0,,True,completed
175010_428_0,pkw,27014.0,27054.0,40.0,,443.446,0.0,0.0,40.0,9.815,,,0.0,1.0,,True,completed
185184_432_0,pkw,27045.0,27058.0,13.0,,167.461,0.0,0.0,13.0,2.31,,,0.0,1.0,,True,completed
153599_420_0,pkw,27024.0,27060.0,36.0,,449.713,0.0,0.0,36.0,3.138,,,0.0,1.0,,True,completed
175329_428_0,pkw,27032.0,27060.0,28.0,,439.904,0.0,0.0,28.0,2.025,,,0.0,1.0,,True,completed
217758_446_0,pkw,26985.0,27060.0,75.0,,438.286,35.0,35.0,40.0,42.466,,,0.4667,0.5333,,True,completed
207710_441_0,pkw,27028.0,27062.0,34.0,,448.414,0.0,0.0,34.0,2.667,,,0.0,1.0,,True,completed
206794_441_0,pkw,27048.0,27071.0,23.0,,195.784,2.0,2.0,21.0,9.97,,,0.087,0.913,,True,completed
167409_425_0,pkw,27056.0,27073.0,17.0,,165.345,0.0,0.0,17.0,7.262,,,0.0,1.0,,True,completed
195383_436_0,pkw,27051.0,27073.0,22.0,,198.408,1.0,1.0,21.0,11.138,,,0.0455,0.9545,,True,completed
201205_438_0,pkw,27036.0,27080.0,44.0,,437.207,0.0,1.0,43.0,13.247,,,0.0227,0.9773,,True,completed
204936_440_0,pkw,27038.0,27080.0,42.0,,433.724,5.0,5.0,37.0,12.295,,,0.119,0.881,,True,completed
146107_416_0,pkw,27050.0,27082.0,32.0,,427.626,0.0,0.0,32.0,1.403,,,0.0,1.0,,True,completed
184032_431_0,pkw,27039.0,27082.0,43.0,,445.475,0.0,0.0,43.0,10.365,,,0.0,1.0,,True,completed
121822_406_0,pkw,27071.0,27084.0,13.0,,166.151,0.0,0.0,13.0,1.998,,,0.0,1.0,,True,completed
126262_407_0,pkw,27039.0,27084.0,45.0,,455.269,1.0,1.0,44.0,10.47,,,0.0222,0.9778,,True,completed
211449_442_0,pkw,27036.0,27089.0,53.0,,433.317,9.0,9.0,44.0,16.782,,,0.1698,0.8302,,True,completed
176927_429_0,pkw,27066.0,27090.0,24.0,,166.24,8.0,9.0,15.0,13.811,,,0.375,0.625,,True,completed
209914_441_0,pkw,27042.0,27091.0,49.0,,194.033,29.0,29.0,20.0,38.44,,,0.5918,0.4082,,True,completed
206967_441_0,pkw,27078.0,27093.0,15.0,,194.251,0.0,1.0,14.0,5.559,,,0.0667,0.9333,,True,completed
81537_389_0,pkw,27069.0,27093.0,24.0,,178.956,4.0,4.0,20.0,11.679,,,0.1667,0.8333,,True,completed
175826_428_0,pkw,27084.0,27097.0,13.0,,165.637,0.0,0.0,13.0,3.702,,,0.0,1.0,,True,completed
193423_435_0,pkw,27078.0,27101.0,23.0,,153.953,3.0,3.0,20.0,12.411,,,0.1304,0.8696,,True,completed
140825_414_0,pkw,27084.0,27103.0,19.0,,162.988,0.0,0.0,19.0,7.756,,,0.0,1.0,,True,completed
87716_391_0,pkw,27088.0,27104.0,16.0,,154.199,0.0,0.0,16.0,6.688,,,0.0,1.0,,True,completed
227362_450_0,pkw,27094.0,27112.0,18.0,,170.253,0.0,0.0,18.0,1.822,,,0.0,1.0,,True,completed
207293_441_0,pkw,27097.0,27113.0,16.0,,161.691,0.0,0.0,16.0,4.737,,,0.0,1.0,,True,completed
246126_454_0,pkw,27082.0,27114.0,32.0,,440.068,0.0,0.0,32.0,2.801,,,0.0,1.0,,True,completed
117603_404_0,pkw,27099.0,27121.0,22.0,,184.085,4.0,4.0,18.0,10.191,,,0.1818,0.8182,,True,completed
233726_451_0,pkw,27100.0,27121.0,21.0,,202.828,3.0,3.0,18.0,10.356,,,0.1429,0.8571,,True,completed
67327_380_0,pkw,27107.0,27122.0,15.0,,188.36,0.0,0.0,15.0,5.89,,,0.0,1.0,,True,completed
171735_426_0,pkw,27093.0,27124.0,31.0,,169.317,8.0,8.0,23.0,19.062,,,0.2581,0.7419,,True,completed
212001_442_0,pkw,27107.0,27126.0,19.0,,173.954,0.0,1.0,18.0,9.13,,,0.0526,0.9474,,True,completed
171107_426_0,pkw,27117.0,27128.0,11.0,,158.682,0.0,0.0,11.0,1.581,,,0.0,1.0,,True,completed
175230_428_0,pkw,27113.0,27128.0,15.0,,177.697,0.0,0.0,15.0,3.375,,,0.0,1.0,,True,completed
119542_405_0,pkw,27111.0,27129.0,18.0,,236.401,0.0,0.0,18.0,0.585,,,0.0,1.0,,True,completed
182808_431_0,pkw,27118.0,27131.0,13.0,,159.19,0.0,0.0,13.0,1.488,,,0.0,1.0,,True,completed
179071_430_0,pkw,27120.0,27133.0,13.0,,169.535,0.0,0.0,13.0,1.844,,,0.0,1.0,,True,completed
139115_413_0,pkw,27117.0,27136.0,19.0,,239.201,0.0,0.0,19.0,0.9,,,0.0,1.0,,True,completed
164329_422_0,pkw,27088.0,27141.0,53.0,,429.756,9.0,9.0,44.0,15.017,,,0.1698,0.8302,,True,completed
166016_424_0,pkw,27113.0,27145.0,32.0,,426.3,0.0,0.0,32.0,1.332,,,0.0,1.0,,True,completed
127605_407_0,pkw,27136.0,27150.0,14.0,,166.485,0.0,0.0,14.0,4.961,,,0.0,1.0,,True,completed
148670_417_0,pkw,27128.0,27150.0,22.0,,190.095,5.0,5.0,17.0,11.359,,,0.2273,0.7727,,True,completed
163068_422_0,pkw,27121.0,27151.0,30.0,,178.67,11.0,11.0,19.0,17.85,,,0.3667,0.6333,,True,completed
172295_426_0,pkw,27123.0,27153.0,30.0,,177.623,10.0,10.0,20.0,17.878,,,0.3333,0.6667,,True,completed
93058_392_0,pkw,27113.0,27161.0,48.0,,428.366,6.0,6.0,42.0,12.619,,,0.125,0.875,,True,completed
135186_411_0,pkw,27140.0,27163.0,23.0,,202.152,0.0,1.0,22.0,11.705,,,0.0435,0.9565,,True,completed
228492_450_0,pkw,27117.0,27163.0,46.0,,432.878,4.0,4.0,42.0,12.614,,,0.087,0.913,,True,completed
111547_401_0,pkw,27115.0,27165.0,50.0,,460.242,5.0,5.0,45.0,20.501,,,0.1,0.9,,True,completed
124915_406_0,pkw,27149.0,27167.0,18.0,,155.619,2.0,2.0,16.0,7.682,,,0.1111,0.8889,,True,completed
241202_452_0,pkw,27152.0,27171.0,19.0,,191.506,0.0,0.0,19.0,8.417,,,0.0,1.0,,True,completed
79749_387_0,pkw,27155.0,27174.0,19.0,,178.376,0.0,0.0,19.0,9.358,,,0.0,1.0,,True,completed
212294_442_0,pkw,27121.0,27175.0,54.0,,676.355,0.0,0.0,54.0,7.253,,,0.0,1.0,,True,completed
217993_446_0,pkw,27165.0,27178.0,13.0,,163.014,0.0,0.0,13.0,4.099,,,0.0,1.0,,True,completed
109216_400_0,pkw,27138.0,27181.0,43.0,,448.109,0.0,1.0,42.0,6.261,,,0.0233,0.9767,,True,completed
131415_410_0,pkw,27171.0,27186.0,15.0,,147.253,0.0,0.0,15.0,5.627,,,0.0,1.0,,True,completed
205657_440_0,pkw,27164.0,27186.0,22.0,,168.662,0.0,1.0,21.0,11.902,,,0.0455,0.9545,,True,completed
210898_442_0,pkw,27175.0,27187.0,12.0,,187.78,0.0,0.0,12.0,2.074,,,0.0,1.0,,True,completed
106222_399_0,pkw,27172.0,27188.0,16.0,,156.426,0.0,0.0,16.0,5.215,,,0.0,1.0,,True,completed
144759_416_0,pkw,27153.0,27191.0,38.0,,437.256,0.0,0.0,38.0,1.874,,,0.0,1.0,,True,completed
148683_417_0,pkw,27179.0,27193.0,14.0,,201.475,0.0,0.0,14.0,0.588,,,0.0,1.0,,True,completed
204753_440_0,pkw,27181.0,27194.0,13.0,,192.496,0.0,0.0,13.0,2.441,,,0.0,1.0,,True,completed
218208_446_0,pkw,27127.0,27195.0,68.0,,674.866,6.0,6.0,62.0,18.031,,,0.0882,0.9118,,True,completed
178502_430_0,pkw,27184.0,27200.0,16.0,,110.086,1.0,1.0,15.0,7.387,,,0.0625,0.9375,,True,completed
218754_446_0,pkw,27180.0,27201.0,21.0,,161.87,5.0,5.0,16.0,12.014,,,0.2381,0.7619,,True,completed
238855_451_0,pkw,27187.0,27201.0,14.0,,153.458,0.0,1.0,13.0,3.493,,,0.0714,0.9286,,True,completed
109219_400_0,pkw,27157.0,27202.0,45.0,,424.825,9.0,9.0,36.0,17.4,,,0.2,0.8,,True,completed
183969_431_0,pkw,27168.0,27205.0,37.0,,431.155,0.0,0.0,37.0,7.483,,,0.0,1.0,,True,completed
212264_442_0,pkw,27185.0,27205.0,20.0,,153.956,0.0,0.0,20.0,9.818,,,0.0,1.0,,True,completed
138080_412_0,pkw,27161.0,27206.0,45.0,,435.667,3.0,3.0,42.0,12.118,,,0.0667,0.9333,,True,completed
210570_441_0,pkw,27191.0,27207.0,16.0,,155.545,0.0,0.0,16.0,5.374,,,0.0,1.0,,True,completed
203334_439_0,pkw,27194.0,27209.0,15.0,,155.327,0.0,0.0,15.0,4.582,,,0.0,1.0,,True,completed
247422_455_0,pkw,27200.0,27210.0,10.0,,149.977,0.0,0.0,10.0,0.914,,,0.0,1.0,,True,completed
249401_456_0,pkw,27185.0,27217.0,32.0,,436.416,0.0,0.0,32.0,1.429,,,0.0,1.0,,True,completed
137789_412_0,pkw,27176.0,27219.0,43.0,,435.871,8.0,8.0,35.0,14.92,,,0.186,0.814,,True,completed
223047_449_0,pkw,27185.0,27221.0,36.0,,195.486,18.0,18.0,18.0,23.461,,,0.5,0.5,,True,completed
227724_450_0,pkw,27216.0,27227.0,11.0,,189.342,0.0,0.0,11.0,1.037,,,0.0,1.0,,True,completed
217944_446_0,pkw,27186.0,27229.0,43.0,,363.207,1.0,1.0,42.0,9.475,,,0.0233,0.9767,,True,completed
179278_430_0,pkw,27218.0,27230.0,12.0,,198.176,0.0,0.0,12.0,0.82,,,0.0,1.0,,True,completed
217045_446_0,pkw,27196.0,27231.0,35.0,,406.802,0.0,0.0,35.0,7.881,,,0.0,1.0,,True,completed
243650_453_0,pkw,27198.0,27232.0,34.0,,400.303,0.0,0.0,34.0,4.518,,,0.0,1.0,,True,completed
204511_440_0,pkw,27222.0,27237.0,15.0,,196.382,0.0,0.0,15.0,0.784,,,0.0,1.0,,True,completed
215363_445_0,pkw,27222.0,27237.0,15.0,,198.533,0.0,0.0,15.0,4.391,,,0.0,1.0,,True,completed
161173_421_0,pkw,27229.0,27241.0,12.0,,135.551,0.0,1.0,11.0,3.957,,,0.0833,0.9167,,True,completed
195280_436_0,pkw,27205.0,27241.0,36.0,,438.309,0.0,0.0,36.0,1.611,,,0.0,1.0,,True,completed
205143_440_0,pkw,27227.0,27242.0,15.0,,157.461,0.0,0.0,15.0,4.715,,,0.0,1.0,,True,completed
237305_451_0,pkw,27233.0,27244.0,11.0,,150.954,0.0,0.0,11.0,1.108,,,0.0,1.0,,True,completed
93191_392_0,pkw,27214.0,27246.0,32.0,,465.034,0.0,0.0,32.0,1.234,,,0.0,1.0,,True,completed
211867_442_0,pkw,27239.0,27248.0,9.0,,135.353,0.0,0.0,9.0,0.816,,,0.0,1.0,,True,completed
85102_390_0,pkw,27208.0,27263.0,55.0,,438.514,15.0,15.0,40.0,22.918,,,0.2727,0.7273,,True,completed
194552_436_0,pkw,27258.0,27269.0,11.0,,137.395,0.0,0.0,11.0,2.508,,,0.0,1.0,,True,completed
139411_413_0,pkw,27251.0,27272.0,21.0,,155.586,2.0,2.0,19.0,9.8,,,0.0952,0.9048,,True,completed
157509_421_0,pkw,27254.0,27274.0,20.0,,156.384,0.0,0.0,20.0,10.539,,,0.0,1.0,,True,completed
153655_420_0,pkw,27266.0,27276.0,10.0,,154.954,0.0,0.0,10.0,0.976,,,0.0,1.0,,True,completed
158397_421_0,pkw,27235.0,27277.0,42.0,,433.557,0.0,0.0,42.0,2.55,,,0.0,1.0,,True,completed
143018_415_0,pkw,27270.0,27280.0,10.0,,152.891,0.0,0.0,10.0,0.738,,,0.0,1.0,,True,completed
239386_451_0,pkw,27243.0,27280.0,37.0,,434.55,0.0,0.0,37.0,1.7,,,0.0,1.0,,True,completed
169613_426_0,pkw,27273.0,27283.0,10.0,,144.064,0.0,0.0,10.0,0.456,,,0.0,1.0,,True,completed
221457_448_0,pkw,27275.0,27287.0,12.0,,154.59,0.0,0.0,12.0,1.048,,,0.0,1.0,,True,completed
203236_439_0,pkw,27275.0,27290.0,15.0,,193.498,0.0,0.0,15.0,3.708,,,0.0,1.0,,True,completed
211213_442_0,pkw,27273.0,27290.0,17.0,,194.946,0.0,0.0,17.0,5.989,,,0.0,1.0,,True,completed
105828_399_0,pkw,27275.0,27291.0,16.0,,196.333,0.0,0.0,16.0,3.587,,,0.0,1.0,,True,completed
109609_401_0,pkw,27270.0,27291.0,21.0,,190.336,2.0,2.0,19.0,10.139,,,0.0952,0.9048,,True,completed
120871_405_0,pkw,27255.0,27291.0,36.0,,426.966,0.0,0.0,36.0,3.65,,,0.0,1.0,,True,completed
246396_454_0,pkw,27257.0,27292.0,35.0,,394.842,0.0,0.0,35.0,10.864,,,0.0,1.0,,True,completed
237346_451_0,pkw,27261.0,27293.0,32.0,,433.594,0.0,0.0,32.0,2.753,,,0.0,1.0,,True,completed
237504_451_0,pkw,27258.0,27293.0,35.0,,427.913,0.0,0.0,35.0,7.46,,,0.0,1.0,,True,completed
165546_423_0,pkw,27280.0,27294.0,14.0,,196.291,0.0,0.0,14.0,2.006,,,0.0,1.0,,True,completed
95613_394_0,pkw,27281.0,27294.0,13.0,,189.356,0.0,0.0,13.0,2.414,,,0.0,1.0,,True,completed
228707_450_0,pkw,27277.0,27300.0,23.0,,140.805,7.0,7.0,16.0,13.217,,,0.3043,0.6957,,True,completed
209092_441_0,pkw,27279.0,27302.0,23.0,,144.63,5.0,5.0,18.0,13.696,,,0.2174,0.7826,,True,completed
238525_451_0,pkw,27281.0,27304.0,23.0,,153.333,4.0,4.0,19.0,12.904,,,0.1739,0.8261,,True,completed
194926_436_0,pkw,27271.0,27305.0,34.0,,431.003,0.0,0.0,34.0,1.408,,,0.0,1.0,,True,completed
173926_427_0,pkw,27296.0,27308.0,12.0,,146.337,0.0,0.0,12.0,0.872,,,0.0,1.0,,True,completed
124545_406_0,pkw,27279.0,27310.0,31.0,,426.105,0.0,0.0,31.0,1.29,,,0.0,1.0,,True,completed
213386_443_0,pkw,27289.0,27315.0,26.0,,427.396,0.0,0.0,26.0,0.976,,,0.0,1.0,,True,completed
115923_403_0,pkw,27290.0,27317.0,27.0,,152.992,9.0,9.0,18.0,16.202,,,0.3333,0.6667,,True,completed
198026_436_0,pkw,27284.0,27322.0,38.0,,431.047,0.0,0.0,38.0,2.022,,,0.0,1.0,,True,completed
251382_457_0,pkw,27301.0,27327.0,26.0,,155.936,4.0,4.0,22.0,14.65,,,0.1538,0.8462,,True,completed
183836_431_0,pkw,27290.0,27329.0,39.0,,433.089,0.0,0.0,39.0,10.663,,,0.0,1.0,,True,completed
153826_420_0,pkw,27288.0,27330.0,42.0,,429.782,0.0,0.0,42.0,2.405,,,0.0,1.0,,True,completed
151629_419_0,pkw,27298.0,27338.0,40.0,,433.685,0.0,0.0,40.0,2.076,,,0.0,1.0,,True,completed
166231_424_0,pkw,27309.0,27340.0,31.0,,433.471,0.0,0.0,31.0,1.503,,,0.0,1.0,,True,completed
224986_449_0,pkw,27335.0,27348.0,13.0,,185.479,0.0,0.0,13.0,2.262,,,0.0,1.0,,True,completed
225810_450_0,pkw,27311.0,27360.0,49.0,,460.779,11.0,11.0,38.0,21.909,,,0.2245,0.7755,,True,completed
262299_462_0,pkw,27348.0,27360.0,12.0,,185.691,0.0,0.0,12.0,0.408,,,0.0,1.0,,True,completed
143392_415_0,pkw,27350.0,27363.0,13.0,,195.016,0.0,0.0,13.0,0.38,,,0.0,1.0,,True,completed
177390_429_0,pkw,27356.0,27367.0,11.0,,193.491,0.0,0.0,11.0,0.376,,,0.0,1.0,,True,completed
166051_424_0,pkw,27358.0,27368.0,10.0,,178.163,0.0,0.0,10.0,0.231,,,0.0,1.0,,True,completed
159714_421_0,pkw,27361.0,27371.0,10.0,,193.657,0.0,0.0,10.0,0.28,,,0.0,1.0,,True,completed
159954_421_0,pkw,27368.0,27380.0,12.0,,190.505,0.0,0.0,12.0,0.442,,,0.0,1.0,,True,completed
244106_453_0,pkw,27347.0,27381.0,34.0,,405.267,0.0,0.0,34.0,3.386,,,0.0,1.0,,True,completed
118713_405_0,pkw,27365.0,27383.0,18.0,,191.48,0.0,0.0,18.0,6.658,,,0.0,1.0,,True,completed
81887_389_0,pkw,27347.0,27390.0,43.0,,428.83,3.0,3.0,40.0,11.429,,,0.0698,0.9302,,True,completed
195428_436_0,pkw,27383.0,27399.0,16.0,,197.671,0.0,0.0,16.0,3.513,,,0.0,1.0,,True,completed
209678_441_0,pkw,27381.0,27401.0,20.0,,192.777,0.0,0.0,20.0,8.435,,,0.0,1.0,,True,completed
214568_444_0,pkw,27388.0,27402.0,14.0,,196.794,0.0,0.0,14.0,2.531,,,0.0,1.0,,True,completed
160161_421_0,pkw,27389.0,27404.0,15.0,,195.823,0.0,0.0,15.0,4.792,,,0.0,1.0,,True,completed
118194_405_0,pkw,27365.0,27405.0,40.0,,459.857,1.0,1.0,39.0,9.003,,,0.025,0.975,,True,completed
163530_422_0,pkw,27392.0,27408.0,16.0,,203.262,0.0,0.0,16.0,2.177,,,0.0,1.0,,True,completed
160491_421_0,pkw,27398.0,27409.0,11.0,,202.028,0.0,0.0,11.0,0.347,,,0.0,1.0,,True,completed
231849_451_0,pkw,27388.0,27421.0,33.0,,457.662,0.0,0.0,33.0,1.832,,,0.0,1.0,,True,completed
180904_431_0,pkw,27418.0,27430.0,12.0,,195.252,0.0,0.0,12.0,0.38,,,0.0,1.0,,True,completed
263940_462_0,pkw,27411.0,27431.0,20.0,,192.453,0.0,0.0,20.0,8.918,,,0.0,1.0,,True,completed
212875_443_0,pkw,27416.0,27433.0,17.0,,194.931,0.0,0.0,17.0,4.164,,,0.0,1.0,,True,completed
133399_410_0,pkw,27421.0,27434.0,13.0,,185.201,0.0,0.0,13.0,2.308,,,0.0,1.0,,True,completed
138640_413_0,pkw,27428.0,27440.0,12.0,,191.414,0.0,0.0,12.0,0.405,,,0.0,1.0,,True,completed
220524_447_0,pkw,27422.0,27451.0,29.0,,430.681,0.0,0.0,29.0,1.117,,,0.0,1.0,,True,completed
174228_427_0,pkw,27447.0,27458.0,11.0,,184.136,0.0,0.0,11.0,1.142,,,0.0,1.0,,True,completed
258346_461_0,pkw,27443.0,27459.0,16.0,,187.312,0.0,0.0,16.0,5.757,,,0.0,1.0,,True,completed
121157_405_0,pkw,27446.0,27461.0,15.0,,192.334,0.0,0.0,15.0,4.524,,,0.0,1.0,,True,completed
152118_419_0,pkw,27436.0,27462.0,26.0,,197.69,7.0,7.0,19.0,13.731,,,0.2692,0.7308,,True,completed
169194_425_0,pkw,27452.0,27465.0,13.0,,193.076,0.0,0.0,13.0,0.538,,,0.0,1.0,,True,completed
113757_402_0,pkw,27455.0,27466.0,11.0,,183.758,0.0,0.0,11.0,1.816,,,0.0,1.0,,True,completed
149711_417_0,pkw,27454.0,27466.0,12.0,,195.348,0.0,0.0,12.0,0.3,,,0.0,1.0,,True,completed
91291_391_0,pkw,27427.0,27472.0,45.0,,458.389,2.0,2.0,43.0,9.698,,,0.0444,0.9556,,True,completed
184609_431_0,pkw,27432.0,27474.0,42.0,,463.775,0.0,0.0,42.0,6.646,,,0.0,1.0,,True,completed
160005_421_0,pkw,27438.0,27475.0,37.0,,454.125,0.0,0.0,37.0,7.421,,,0.0,1.0,,True,completed
159038_421_0,pkw,27458.0,27481.0,23.0,,186.831,4.0,4.0,19.0,12.453,,,0.1739,0.8261,,True,completed
200684_437_0,pkw,27461.0,27481.0,20.0,,192.592,1.0,1.0,19.0,7.676,,,0.05,0.95,,True,completed
119029_405_0,pkw,27465.0,27482.0,17.0,,184.353,0.0,0.0,17.0,7.738,,,0.0,1.0,,True,completed
173842_427_0,pkw,27443.0,27487.0,44.0,,190.061,23.0,23.0,21.0,32.975,,,0.5227,0.4773,,True,completed
161073_421_0,pkw,27444.0,27494.0,50.0,,433.879,6.0,6.0,44.0,15.325,,,0.12,0.88,,True,completed
159873_421_0,pkw,27454.0,27495.0,41.0,,444.636,1.0,1.0,40.0,13.089,,,0.0244,0.9756,,True,completed
209549_441_0,pkw,27457.0,27498.0,41.0,,461.482,0.0,0.0,41.0,3.387,,,0.0,1.0,,True,completed
120846_405_0,pkw,27479.0,27501.0,22.0,,187.474,1.0,1.0,21.0,9.838,,,0.0455,0.9545,,True,completed
95221_394_0,pkw,27476.0,27502.0,26.0,,197.504,8.0,8.0,18.0,15.088,,,0.3077,0.6923,,True,completed
238424_451_0,pkw,27482.0,27503.0,21.0,,189.549,2.0,2.0,19.0,10.657,,,0.0952,0.9048,,True,completed
198513_436_0,pkw,27494.0,27505.0,11.0,,191.478,0.0,0.0,11.0,0.269,,,0.0,1.0,,True,completed
223349_449_0,pkw,27493.0,27505.0,12.0,,194.542,0.0,0.0,12.0,0.483,,,0.0,1.0,,True,completed
241929_452_0,pkw,27475.0,27512.0,37.0,,461.623,0.0,0.0,37.0,3.588,,,0.0,1.0,,True,completed
202624_439_0,pkw,27475.0,27513.0,38.0,,432.415,0.0,0.0,38.0,2.185,,,0.0,1.0,,True,completed
191928_435_0,pkw,27482.0,27517.0,35.0,,456.911,0.0,0.0,35.0,3.642,,,0.0,1.0,,True,completed
203626_439_0,pkw,27507.0,27519.0,12.0,,189.973,0.0,0.0,12.0,0.806,,,0.0,1.0,,True,completed
164701_422_0,pkw,27510.0,27520.0,10.0,,184.948,0.0,0.0,10.0,0.287,,,0.0,1.0,,True,completed
118326_405_0,pkw,27506.0,27521.0,15.0,,187.183,0.0,0.0,15.0,3.711,,,0.0,1.0,,True,completed
210696_442_0,pkw,27501.0,27521.0,20.0,,193.03,1.0,1.0,19.0,8.239,,,0.05,0.95,,True,completed
108364_400_0,pkw,27508.0,27522.0,14.0,,184.317,0.0,0.0,14.0,4.305,,,0.0,1.0,,True,completed
168092_425_0,pkw,27510.0,27524.0,14.0,,193.697,0.0,0.0,14.0,3.617,,,0.0,1.0,,True,completed
234989_451_0,pkw,27513.0,27525.0,12.0,,182.455,0.0,0.0,12.0,2.0,,,0.0,1.0,,True,completed
201382_438_0,pkw,27469.0,27529.0,60.0,,193.03,39.0,39.0,21.0,50.419,,,0.65,0.35,,True,completed
109427_401_0,pkw,27488.0,27530.0,42.0,,435.152,9.0,9.0,33.0,15.428,,,0.2143,0.7857,,True,completed
151708_419_0,pkw,27478.0,27530.0,52.0,,185.599,27.0,27.0,25.0,41.86,,,0.5192,0.4808,,True,completed
232974_451_0,pkw,27486.0,27530.0,44.0,,438.365,5.0,5.0,39.0,13.517,,,0.1136,0.8864,,True,completed
190108_434_0,pkw,27498.0,27531.0,33.0,,431.74,0.0,0.0,33.0,1.598,,,0.0,1.0,,True,completed
243777_453_0,pkw,27492.0,27532.0,40.0,,444.483,0.0,0.0,40.0,5.826,,,0.0,1.0,,True,completed
150873_418_0,pkw,27522.0,27533.0,11.0,,143.998,0.0,0.0,11.0,0.586,,,0.0,1.0,,True,completed
191252_435_0,pkw,27505.0,27536.0,31.0,,431.911,0.0,0.0,31.0,1.216,,,0.0,1.0,,True,completed
264264_463_0,pkw,27494.0,27540.0,46.0,,353.189,6.0,6.0,40.0,22.476,,,0.1304,0.8696,,True,completed
113765_402_0,pkw,27522.0,27543.0,21.0,,194.686,1.0,1.0,20.0,8.421,,,0.0476,0.9524,,True,completed
96554_395_0,pkw,27521.0,27549.0,28.0,,425.239,0.0,0.0,28.0,1.163,,,0.0,1.0,,True,completed
187455_433_0,pkw,27529.0,27550.0,21.0,,142.041,5.0,5.0,16.0,11.194,,,0.2381,0.7619,,True,completed
186446_432_0,pkw,27531.0,27552.0,21.0,,138.495,3.0,3.0,18.0,12.193,,,0.1429,0.8571,,True,completed
179543_430_0,pkw,27545.0,27557.0,12.0,,151.151,0.0,0.0,12.0,1.132,,,0.0,1.0,,True,completed
129232_408_0,pkw,27519.0,27559.0,40.0,,430.407,0.0,0.0,40.0,2.355,,,0.0,1.0,,True,completed
146055_416_0,pkw,27524.0,27559.0,35.0,,434.305,0.0,0.0,35.0,2.066,,,0.0,1.0,,True,completed
195112_436_0,pkw,27531.0,27563.0,32.0,,440.676,0.0,0.0,32.0,1.82,,,0.0,1.0,,True,completed
196690_436_0,pkw,27531.0,27563.0,32.0,,154.498,13.0,13.0,19.0,22.254,,,0.4062,0.5938,,True,completed
223106_449_0,pkw,27533.0,27565.0,32.0,,152.064,9.0,9.0,23.0,22.621,,,0.2812,0.7188,,True,completed
156605_420_0,pkw,27537.0,27568.0,31.0,,166.699,6.0,6.0,25.0,19.222,,,0.1935,0.8065,,True,completed
225840_450_0,pkw,27539.0,27569.0,30.0,,153.385,5.0,5.0,25.0,19.641,,,0.1667,0.8333,,True,completed
108657_400_0,pkw,27541.0,27571.0,30.0,,163.76,5.0,5.0,25.0,19.577,,,0.1667,0.8333,,True,completed
119154_405_0,pkw,27543.0,27572.0,29.0,,150.581,5.0,5.0,24.0,20.02,,,0.1724,0.8276,,True,completed
255204_459_0,pkw,27546.0,27574.0,28.0,,158.482,4.0,4.0,24.0,18.132,,,0.1429,0.8571,,True,completed
191095_435_0,pkw,27549.0,27576.0,27.0,,167.125,4.0,4.0,23.0,16.923,,,0.1481,0.8519,,True,completed
192264_435_0,pkw,27551.0,27580.0,29.0,,161.465,4.0,4.0,25.0,17.352,,,0.1379,0.8621,,True,completed
235632_451_0,pkw,27553.0,27582.0,29.0,,169.588,2.0,2.0,27.0,17.88,,,0.069,0.931,,True,completed
189908_434_0,pkw,27555.0,27585.0,30.0,,166.6,2.0,2.0,28.0,19.111,,,0.0667,0.9333,,True,completed
118317_405_0,pkw,27569.0,27586.0,17.0,,152.816,0.0,0.0,17.0,7.385,,,0.0,1.0,,True,completed
196403_436_0,pkw,27571.0,27589.0,18.0,,166.203,0.0,0.0,18.0,5.255,,,0.0,1.0,,True,completed
227710_450_0,pkw,27577.0,27590.0,13.0,,191.213,0.0,0.0,13.0,2.127,,,0.0,1.0,,True,completed
240889_452_0,pkw,27576.0,27590.0,14.0,,194.315,0.0,0.0,14.0,0.39,,,0.0,1.0,,True,completed
211923_442_0,pkw,27579.0,27592.0,13.0,,201.428,0.0,0.0,13.0,1.656,,,0.0,1.0,,True,completed
90524_391_0,pkw,27538.0,27592.0,54.0,,190.676,36.0,36.0,18.0,44.039,,,0.6667,0.3333,,True,completed
221232_448_0,pkw,27543.0,27593.0,50.0,,181.665,31.0,31.0,19.0,41.053,,,0.62,0.38,,True,completed
238345_451_0,pkw,27548.0,27593.0,45.0,,189.78,24.0,24.0,21.0,34.819,,,0.5333,0.4667,,True,completed
241905_452_0,pkw,27544.0,27594.0,50.0,,190.497,23.0,23.0,27.0,38.42,,,0.46,0.54,,True,completed
199938_437_0,pkw,27582.0,27596.0,14.0,,191.247,0.0,0.0,14.0,0.616,,,0.0,1.0,,True,completed
235084_451_0,pkw,27584.0,27596.0,12.0,,202.552,0.0,0.0,12.0,0.322,,,0.0,1.0,,True,completed
192959_435_0,pkw,27551.0,27600.0,49.0,,433.919,8.0,8.0,41.0,14.621,,,0.1633,0.8367,,True,completed
97744_395_0,pkw,27556.0,27600.0,44.0,,425.153,2.0,2.0,42.0,10.207,,,0.0455,0.9545,,True,completed
234426_451_0,pkw,27563.0,27602.0,39.0,,426.877,0.0,0.0,39.0,4.638,,,0.0,1.0,,True,completed
250910_457_0,pkw,27553.0,27602.0,49.0,,443.287,8.0,8.0,41.0,18.984,,,0.1633,0.8367,,True,completed
203421_439_0,pkw,27559.0,27603.0,44.0,,429.443,4.0,4.0,40.0,15.691,,,0.0909,0.9091,,True,completed
228656_450_0,pkw,27572.0,27605.0,33.0,,439.226,0.0,0.0,33.0,2.77,,,0.0,1.0,,True,completed
124484_406_0,pkw,27573.0,27611.0,38.0,,153.689,13.0,13.0,25.0,27.705,,,0.3421,0.6579,,True,completed
194955_436_0,pkw,27586.0,27611.0,25.0,,191.93,7.0,7.0,18.0,15.422,,,0.28,0.72,,True,completed
141959_415_0,pkw,27588.0,27613.0,25.0,,199.003,4.0,4.0,21.0,12.936,,,0.16,0.84,,True,completed
247351_455_0,pkw,27581.0,27613.0,32.0,,162.47,9.0,9.0,23.0,21.668,,,0.2812,0.7188,,True,completed
203061_439_0,pkw,27594.0,27614.0,20.0,,189.061,0.0,0.0,20.0,9.25,,,0.0,1.0,,True,completed
158244_421_0,pkw,27588.0,27616.0,28.0,,191.441,5.0,5.0,23.0,17.745,,,0.1786,0.8214,,True,completed
181872_431_0,pkw,27601.0,27616.0,15.0,,197.94,0.0,0.0,15.0,3.785,,,0.0,1.0,,True,completed
198488_436_0,pkw,27593.0,27616.0,23.0,,182.536,3.0,3.0,20.0,12.548,,,0.1304,0.8696,,True,completed
245164_454_0,pkw,27586.0,27616.0,30.0,,195.005,8.0,8.0,22.0,19.158,,,0.2667,0.7333,,True,completed
144828_416_0,pkw,27590.0,27618.0,28.0,,199.58,4.0,4.0,24.0,17.852,,,0.1429,0.8571,,True,completed
179003_430_0,pkw,27584.0,27621.0,37.0,,162.692,12.0,12.0,25.0,27.239,,,0.3243,0.6757,,True,completed
165528_423_0,pkw,27590.0,27623.0,33.0,,151.921,8.0,8.0,25.0,23.806,,,0.2424,0.7576,,True,completed
128376_408_0,pkw,27593.0,27625.0,32.0,,162.746,5.0,5.0,27.0,22.898,,,0.1562,0.8438,,True,completed
233874_451_0,pkw,27598.0,27627.0,29.0,,169.856,2.0,2.0,27.0,17.806,,,0.069,0.931,,True,completed
171608_426_0,pkw,27596.0,27631.0,35.0,,189.366,8.0,8.0,27.0,24.53,,,0.2286,0.7714,,True,completed
159141_421_0,pkw,27612.0,27632.0,20.0,,197.154,0.0,0.0,20.0,9.167,,,0.0,1.0,,True,completed
209347_441_0,pkw,27592.0,27632.0,40.0,,196.533,10.0,10.0,30.0,29.446,,,0.25,0.75,,True,completed
184890_431_0,pkw,27615.0,27633.0,18.0,,187.796,0.0,0.0,18.0,8.276,,,0.0,1.0,,True,completed
213025_443_0,pkw,27608.0,27633.0,25.0,,195.844,5.0,5.0,20.0,13.142,,,0.2,0.8,,True,completed
168639_425_0,pkw,27622.0,27635.0,13.0,,187.301,0.0,0.0,13.0,2.051,,,0.0,1.0,,True,completed
224285_449_0,pkw,27621.0,27635.0,14.0,,196.679,0.0,0.0,14.0,1.856,,,0.0,1.0,,True,completed
153791_420_0,pkw,27623.0,27636.0,13.0,,187.495,0.0,0.0,13.0,3.95,,,0.0,1.0,,True,completed
179939_430_0,pkw,27583.0,27641.0,58.0,,434.79,18.0,18.0,40.0,25.794,,,0.3103,0.6897,,True,completed
243602_453_0,pkw,27574.0,27641.0,67.0,,431.752,28.0,28.0,39.0,34.615,,,0.4179,0.5821,,True,completed
163330_422_0,pkw,27583.0,27642.0,59.0,,430.438,18.0,18.0,41.0,28.043,,,0.3051,0.6949,,True,completed
243625_453_0,pkw,27585.0,27642.0,57.0,,425.334,17.0,17.0,40.0,28.908,,,0.2982,0.7018,,True,completed
210369_441_0,pkw,27600.0,27644.0,44.0,,433.138,7.0,7.0,37.0,14.687,,,0.1591,0.8409,,True,completed
246679_455_0,pkw,27586.0,27644.0,58.0,,438.737,17.0,17.0,41.0,26.741,,,0.2931,0.7069,,True,completed
172307_426_0,pkw,27602.0,27646.0,44.0,,436.863,4.0,4.0,40.0,12.653,,,0.0909,0.9091,,True,completed
178643_430_0,pkw,27626.0,27651.0,25.0,,195.775,7.0,7.0,18.0,13.543,,,0.28,0.72,,True,completed
270606_465_0,pkw,27625.0,27652.0,27.0,,159.803,7.0,7.0,20.0,17.526,,,0.2593,0.7407,,True,completed
235176_451_0,pkw,27630.0,27653.0,23.0,,199.266,3.0,3.0,20.0,10.864,,,0.1304,0.8696,,True,completed
168899_425_0,pkw,27637.0,27654.0,17.0,,190.874,0.0,0.0,17.0,6.071,,,0.0,1.0,,True,completed
239972_452_0,pkw,27630.0,27654.0,24.0,,168.036,4.0,4.0,20.0,13.513,,,0.1667,0.8333,,True,completed
180843_431_0,pkw,27634.0,27656.0,22.0,,197.333,2.0,2.0,20.0,11.8,,,0.0909,0.9091,,True,completed
256203_460_0,pkw,27607.0,27656.0,49.0,,407.351,8.0,8.0,41.0,21.565,,,0.1633,0.8367,,True,completed
266204_464_0,pkw,27638.0,27658.0,20.0,,194.622,0.0,0.0,20.0,9.503,,,0.0,1.0,,True,completed
100271_396_0,pkw,27554.0,27662.0,108.0,,184.126,80.0,80.0,28.0,98.662,,,0.7407,0.2593,,True,completed
199552_437_0,pkw,27567.0,27664.0,97.0,,188.747,69.0,69.0,28.0,88.234,,,0.7113,0.2887,,True,completed
83081_390_0,pkw,27597.0,27665.0,68.0,,178.549,50.0,50.0,18.0,57.88,,,0.7353,0.2647,,True,completed
118134_405_0,pkw,27599.0,27667.0,68.0,,188.578,48.0,48.0,20.0,56.114,,,0.7059,0.2941,,True,completed
200661_437_0,pkw,27630.0,27670.0,40.0,,434.617,1.0,2.0,38.0,11.791,,,0.05,0.95,,True,completed
141916_415_0,pkw,27637.0,27671.0,34.0,,423.908,0.0,0.0,34.0,4.249,,,0.0,1.0,,True,completed
161303_421_0,pkw,27622.0,27672.0,50.0,,435.279,0.0,0.0,50.0,8.849,,,0.0,1.0,,True,completed
180172_430_0,pkw,27632.0,27672.0,40.0,,444.761,0.0,0.0,40.0,13.632,,,0.0,1.0,,True,completed
207900_441_0,pkw,27635.0,27673.0,38.0,,431.704,0.0,0.0,38.0,4.016,,,0.0,1.0,,True,completed
212251_442_0,pkw,27642.0,27674.0,32.0,,434.186,0.0,0.0,32.0,1.474,,,0.0,1.0,,True,completed
217057_446_0,pkw,27658.0,27678.0,20.0,,142.922,4.0,4.0,16.0,11.097,,,0.2,0.8,,True,completed
142005_415_0,pkw,27661.0,27680.0,19.0,,150.332,1.0,1.0,18.0,11.237,,,0.0526,0.9474,,True,completed
177151_429_0,pkw,27633.0,27680.0,47.0,,154.503,21.0,21.0,26.0,36.444,,,0.4468,0.5532,,True,completed
204034_439_0,pkw,27649.0,27681.0,32.0,,197.884,14.0,14.0,18.0,20.692,,,0.4375,0.5625,,True,completed
234904_451_0,pkw,27662.0,27682.0,20.0,,143.531,0.0,0.0,20.0,10.088,,,0.0,1.0,,True,completed
238249_451_0,pkw,27646.0,27682.0,36.0,,158.792,10.0,10.0,26.0,24.327,,,0.2778,0.7222,,True,completed
136424_411_0,pkw,27645.0,27684.0,39.0,,183.704,16.0,16.0,23.0,29.741,,,0.4103,0.5897,,True,completed
116829_404_0,pkw,27601.0,27689.0,88.0,,195.228,62.0,62.0,26.0,76.991,,,0.7045,0.2955,,True,completed
195696_436_0,pkw,27645.0,27691.0,46.0,,429.076,4.0,4.0,42.0,10.707,,,0.087,0.913,,True,completed
107922_400_0,pkw,27638.0,27692.0,54.0,,434.569,6.0,6.0,48.0,12.62,,,0.1111,0.8889,,True,completed
167003_424_0,pkw,27649.0,27693.0,44.0,,427.579,0.0,0.0,44.0,5.381,,,0.0,1.0,,True,completed
250949_457_0,pkw,27660.0,27695.0,35.0,,430.841,0.0,0.0,35.0,2.164,,,0.0,1.0,,True,completed
157882_421_0,pkw,27651.0,27698.0,47.0,,166.564,17.0,17.0,30.0,36.184,,,0.3617,0.6383,,True,completed
231790_451_0,pkw,27653.0,27700.0,47.0,,169.257,11.0,11.0,36.0,36.115,,,0.234,0.766,,True,completed
86506_391_0,pkw,27603.0,27703.0,100.0,,185.082,65.0,65.0,35.0,89.56,,,0.65,0.35,,True,completed
197410_436_0,pkw,27611.0,27705.0,94.0,,181.515,55.0,55.0,39.0,84.64,,,0.5851,0.4149,,True,completed
204325_440_0,pkw,27638.0,27707.0,69.0,,181.847,29.0,29.0,40.0,57.964,,,0.4203,0.5797,,True,completed
234986_451_0,pkw,27645.0,27709.0,64.0,,187.069,23.0,23.0,41.0,51.423,,,0.3594,0.6406,,True,completed
243434_452_0,pkw,27647.0,27712.0,65.0,,188.817,23.0,23.0,42.0,55.357,,,0.3538,0.6462,,True,completed
158340_421_0,pkw,27649.0,27714.0,65.0,,192.991,23.0,23.0,42.0,54.071,,,0.3538,0.6462,,True,completed
82661_389_0,pkw,27651.0,27715.0,64.0,,183.567,22.0,22.0,42.0,53.527,,,0.3438,0.6562,,True,completed
252222_457_0,pkw,27656.0,27721.0,65.0,,159.367,28.0,28.0,37.0,55.392,,,0.4308,0.5692,,True,completed
260830_461_0,pkw,27674.0,27723.0,49.0,,154.176,20.0,20.0,29.0,39.797,,,0.4082,0.5918,,True,completed
107911_400_0,pkw,27677.0,27725.0,48.0,,166.434,19.0,19.0,29.0,37.204,,,0.3958,0.6042,,True,completed
136371_411_0,pkw,27680.0,27727.0,47.0,,168.378,17.0,17.0,30.0,35.519,,,0.3617,0.6383,,True,completed
266025_464_0,pkw,27641.0,27728.0,87.0,,673.168,21.0,21.0,66.0,45.606,,,0.2414,0.7586,,True,completed
201027_437_0,pkw,27682.0,27730.0,48.0,,426.634,9.0,9.0,39.0,16.691,,,0.1875,0.8125,,True,completed
227841_450_0,pkw,27662.0,27731.0,69.0,,440.299,28.0,28.0,41.0,36.42,,,0.4058,0.5942,,True,completed
189864_434_0,pkw,27667.0,27732.0,65.0,,432.985,28.0,28.0,37.0,37.806,,,0.4308,0.5692,,True,completed
219229_446_0,pkw,27688.0,27733.0,45.0,,447.401,6.0,6.0,39.0,14.935,,,0.1333,0.8667,,True,completed
216082_445_0,pkw,27697.0,27734.0,37.0,,435.728,0.0,0.0,37.0,8.173,,,0.0,1.0,,True,completed
216370_445_0,pkw,27691.0,27735.0,44.0,,450.178,3.0,3.0,41.0,13.519,,,0.0682,0.9318,,True,completed
245045_453_0,pkw,27703.0,27735.0,32.0,,424.709,0.0,0.0,32.0,3.203,,,0.0,1.0,,True,completed
142312_415_0,pkw,27652.0,27743.0,91.0,,191.114,44.0,44.0,47.0,79.594,,,0.4835,0.5165,,True,completed
202020_438_0,pkw,27682.0,27744.0,62.0,,154.59,23.0,23.0,39.0,51.952,,,0.371,0.629,,True,completed
209919_441_0,pkw,27702.0,27746.0,44.0,,163.735,14.0,15.0,29.0,33.366,,,0.3409,0.6591,,True,completed
209414_441_0,pkw,27718.0,27750.0,32.0,,430.465,0.0,0.0,32.0,1.295,,,0.0,1.0,,True,completed
179815_430_0,pkw,27654.0,27751.0,97.0,,191.571,49.0,49.0,48.0,85.754,,,0.5052,0.4948,,True,completed
148428_417_0,pkw,27656.0,27753.0,97.0,,196.261,47.0,47.0,50.0,84.677,,,0.4845,0.5155,,True,completed
197127_436_0,pkw,27671.0,27755.0,84.0,,178.674,37.0,37.0,47.0,74.257,,,0.4405,0.5595,,True,completed
244405_453_0,pkw,27707.0,27760.0,53.0,,433.286,14.0,14.0,39.0,23.745,,,0.2642,0.7358,,True,completed
247971_455_0,pkw,27705.0,27760.0,55.0,,425.353,19.0,20.0,35.0,25.262,,,0.3636,0.6364,,True,completed
267402_464_0,pkw,27709.0,27762.0,53.0,,438.61,13.0,13.0,40.0,22.685,,,0.2453,0.7547,,True,completed
259106_461_0,pkw,27727.0,27763.0,36.0,,430.085,0.0,0.0,36.0,7.933,,,0.0,1.0,,True,completed
265895_464_0,pkw,27720.0,27763.0,43.0,,433.761,1.0,1.0,42.0,9.819,,,0.0233,0.9767,,True,completed
233343_451_0,pkw,27732.0,27769.0,37.0,,429.902,0.0,0.0,37.0,1.891,,,0.0,1.0,,True,completed
138857_413_0,pkw,27736.0,27770.0,34.0,,424.61,0.0,1.0,33.0,3.727,,,0.0294,0.9706,,True,completed
198556_436_0,pkw,27674.0,27772.0,98.0,,195.601,42.0,42.0,56.0,87.84,,,0.4286,0.5714,,True,completed
219903_447_0,pkw,27739.0,27772.0,33.0,,435.927,0.0,0.0,33.0,1.718,,,0.0,1.0,,True,completed
198727_436_0,pkw,27662.0,27773.0,111.0,,455.511,40.0,44.0,67.0,81.15,,,0.3964,0.6036,,True,completed
220359_447_0,pkw,27741.0,27776.0,35.0,,425.848,0.0,0.0,35.0,1.714,,,0.0,1.0,,True,completed
206544_440_0,pkw,27746.0,27780.0,34.0,,429.973,0.0,0.0,34.0,2.168,,,0.0,1.0,,True,completed
110504_401_0,pkw,27743.0,27781.0,38.0,,444.64,0.0,0.0,38.0,2.243,,,0.0,1.0,,True,completed
175141_428_0,pkw,27749.0,27782.0,33.0,,425.771,0.0,0.0,33.0,2.17,,,0.0,1.0,,True,completed
179963_430_0,pkw,27747.0,27785.0,38.0,,433.188,0.0,0.0,38.0,4.13,,,0.0,1.0,,True,completed
213302_443_0,pkw,27751.0,27785.0,34.0,,446.456,0.0,0.0,34.0,6.552,,,0.0,1.0,,True,completed
263211_462_0,pkw,27745.0,27786.0,41.0,,434.311,0.0,0.0,41.0,2.486,,,0.0,1.0,,True,completed
154920_420_0,pkw,27714.0,27790.0,76.0,,155.173,46.0,46.0,30.0,65.293,,,0.6053,0.3947,,True,completed
170077_426_0,pkw,27718.0,27792.0,74.0,,154.79,44.0,44.0,30.0,63.097,,,0.5946,0.4054,,True,completed
122055_406_0,pkw,27690.0,27797.0,107.0,,182.551,50.0,51.0,56.0,97.149,,,0.4766,0.5234,,True,completed
203697_439_0,pkw,27753.0,27800.0,47.0,,430.293,9.0,10.0,37.0,17.104,,,0.2128,0.7872,,True,completed
192037_435_0,pkw,27757.0,27802.0,45.0,,439.516,5.0,5.0,40.0,16.215,,,0.1111,0.8889,,True,completed
120014_405_0,pkw,27755.0,27803.0,48.0,,436.492,2.0,2.0,46.0,12.463,,,0.0417,0.9583,,True,completed
252867_458_0,pkw,27759.0,27803.0,44.0,,429.25,4.0,4.0,40.0,15.328,,,0.0909,0.9091,,True,completed
238908_451_0,pkw,27761.0,27804.0,43.0,,428.192,0.0,0.0,43.0,7.793,,,0.0,1.0,,True,completed
202100_438_0,pkw,27765.0,27805.0,40.0,,426.492,0.0,0.0,40.0,5.303,,,0.0,1.0,,True,completed
193845_435_0,pkw,27769.0,27806.0,37.0,,438.997,0.0,0.0,37.0,2.73,,,0.0,1.0,,True,completed
211205_442_0,pkw,27767.0,27808.0,41.0,,455.145,0.0,0.0,41.0,6.374,,,0.0,1.0,,True,completed
225137_449_0,pkw,27771.0,27808.0,37.0,,446.8,0.0,0.0,37.0,3.272,,,0.0,1.0,,True,completed
182295_431_0,pkw,27769.0,27810.0,41.0,,456.668,0.0,0.0,41.0,6.393,,,0.0,1.0,,True,completed
208046_441_0,pkw,27774.0,27810.0,36.0,,430.84,0.0,0.0,36.0,8.891,,,0.0,1.0,,True,completed
261734_461_0,pkw,27784.0,27812.0,28.0,,423.77,0.0,0.0,28.0,1.377,,,0.0,1.0,,True,completed
184237_431_0,pkw,27773.0,27813.0,40.0,,438.974,0.0,0.0,40.0,2.478,,,0.0,1.0,,True,completed
77659_386_0,pkw,27775.0,27814.0,39.0,,430.428,0.0,0.0,39.0,6.601,,,0.0,1.0,,True,completed
198676_436_0,pkw,27777.0,27816.0,39.0,,438.885,0.0,0.0,39.0,10.88,,,0.0,1.0,,True,completed
148137_417_0,pkw,27705.0,27819.0,114.0,,456.532,42.0,42.0,72.0,82.345,,,0.3684,0.6316,,True,completed
143000_415_0,pkw,27721.0,27820.0,99.0,,166.02,63.0,63.0,36.0,89.486,,,0.6364,0.3636,,True,completed
219025_446_0,pkw,27792.0,27821.0,29.0,,155.622,11.0,11.0,18.0,18.283,,,0.3793,0.6207,,True,completed
220709_447_0,pkw,27733.0,27821.0,88.0,,199.157,69.0,69.0,19.0,77.211,,,0.7841,0.2159,,True,completed
196961_436_0,pkw,27797.0,27823.0,26.0,,202.571,3.0,4.0,22.0,15.719,,,0.1538,0.8462,,True,completed
157354_421_0,pkw,27804.0,27824.0,20.0,,188.247,0.0,0.0,20.0,9.166,,,0.0,1.0,,True,completed
268789_465_0,pkw,27774.0,27824.0,50.0,,201.218,28.0,28.0,22.0,39.348,,,0.56,0.44,,True,completed
140435_414_0,pkw,27796.0,27825.0,29.0,,183.91,4.0,5.0,24.0,19.524,,,0.1724,0.8276,,True,completed
188278_433_0,pkw,27708.0,27829.0,121.0,,178.664,57.0,65.0,56.0,111.813,,,0.5372,0.4628,,True,completed
231519_451_0,pkw,27786.0,27831.0,45.0,,439.337,8.0,8.0,37.0,18.435,,,0.1778,0.8222,,True,completed
179656_430_0,pkw,27801.0,27832.0,31.0,,425.393,0.0,0.0,31.0,3.516,,,0.0,1.0,,True,completed
216121_445_0,pkw,27787.0,27832.0,45.0,,451.901,5.0,5.0,40.0,15.65,,,0.1111,0.8889,,True,completed
223231_449_0,pkw,27788.0,27833.0,45.0,,432.341,4.0,4.0,41.0,12.849,,,0.0889,0.9111,,True,completed
141260_415_0,pkw,27794.0,27835.0,41.0,,430.317,0.0,0.0,41.0,13.095,,,0.0,1.0,,True,completed
238407_451_0,pkw,27792.0,27836.0,44.0,,430.222,0.0,0.0,44.0,3.122,,,0.0,1.0,,True,completed
180849_431_0,pkw,27796.0,27837.0,41.0,,438.818,0.0,0.0,41.0,11.269,,,0.0,1.0,,True,completed
236097_451_0,pkw,27804.0,27838.0,34.0,,429.979,0.0,0.0,34.0,6.305,,,0.0,1.0,,True,completed
237810_451_0,pkw,27806.0,27840.0,34.0,,435.896,0.0,0.0,34.0,1.425,,,0.0,1.0,,True,completed
210990_442_0,pkw,27808.0,27841.0,33.0,,435.148,0.0,0.0,33.0,2.088,,,0.0,1.0,,True,completed
213088_443_0,pkw,27810.0,27843.0,33.0,,440.669,0.0,0.0,33.0,2.489,,,0.0,1.0,,True,completed
131349_410_0,pkw,27811.0,27844.0,33.0,,428.746,0.0,0.0,33.0,3.154,,,0.0,1.0,,True,completed
262726_462_0,pkw,27814.0,27847.0,33.0,,436.473,0.0,0.0,33.0,4.073,,,0.0,1.0,,True,completed
131469_410_0,pkw,27712.0,27852.0,140.0,,457.098,42.0,63.0,77.0,105.751,,,0.45,0.55,,True,completed
118292_405_0,pkw,27842.0,27853.0,11.0,,139.157,0.0,0.0,11.0,1.055,,,0.0,1.0,,True,completed
184591_431_0,pkw,27816.0,27853.0,37.0,,433.458,0.0,0.0,37.0,5.758,,,0.0,1.0,,True,completed
233479_451_0,pkw,27813.0,27855.0,42.0,,434.725,0.0,0.0,42.0,2.764,,,0.0,1.0,,True,completed
269546_465_0,pkw,27812.0,27855.0,43.0,,448.761,4.0,4.0,39.0,11.157,,,0.093,0.907,,True,completed
85760_390_0,pkw,27844.0,27855.0,11.0,,145.326,0.0,0.0,11.0,1.04,,,0.0,1.0,,True,completed
232421_451_0,pkw,27815.0,27857.0,42.0,,442.853,0.0,0.0,42.0,9.696,,,0.0,1.0,,True,completed
134094_411_0,pkw,27811.0,27860.0,49.0,,188.826,29.0,30.0,19.0,38.815,,,0.6122,0.3878,,True,completed
241723_452_0,pkw,27815.0,27861.0,46.0,,201.003,25.0,25.0,21.0,35.901,,,0.5435,0.4565,,True,completed
103910_397_0,pkw,27717.0,27862.0,145.0,,462.092,40.0,61.0,84.0,101.572,,,0.4207,0.5793,,True,completed
219770_447_0,pkw,27822.0,27862.0,40.0,,189.426,20.0,20.0,20.0,29.061,,,0.5,0.5,,True,completed
244628_453_0,pkw,27818.0,27863.0,45.0,,203.197,23.0,23.0,22.0,34.248,,,0.5111,0.4889,,True,completed
196953_436_0,pkw,27827.0,27864.0,37.0,,192.558,16.0,16.0,21.0,25.144,,,0.4324,0.5676,,True,completed
142640_415_0,pkw,27821.0,27865.0,44.0,,203.648,20.0,21.0,23.0,33.377,,,0.4773,0.5227,,True,completed
188890_434_0,pkw,27829.0,27866.0,37.0,,191.661,15.0,15.0,22.0,26.047,,,0.4054,0.5946,,True,completed
191823_435_0,pkw,27836.0,27866.0,30.0,,190.618,6.0,7.0,23.0,19.055,,,0.2333,0.7667,,True,completed
240674_452_0,pkw,27841.0,27868.0,27.0,,193.344,3.0,3.0,24.0,14.206,,,0.1111,0.8889,,True,completed
262023_461_0,pkw,27842.0,27868.0,26.0,,169.95,0.0,1.0,25.0,15.471,,,0.0385,0.9615,,True,completed
212053_442_0,pkw,27839.0,27871.0,32.0,,430.205,0.0,0.0,32.0,1.179,,,0.0,1.0,,True,completed
244285_453_0,pkw,27817.0,27872.0,55.0,,427.983,9.0,9.0,46.0,26.147,,,0.1636,0.8364,,True,completed
218695_446_0,pkw,27819.0,27874.0,55.0,,430.807,6.0,6.0,49.0,24.351,,,0.1091,0.8909,,True,completed
180378_430_0,pkw,27821.0,27876.0,55.0,,433.786,6.0,6.0,49.0,26.207,,,0.1091,0.8909,,True,completed
262601_462_0,pkw,27835.0,27878.0,43.0,,441.469,0.0,0.0,43.0,9.756,,,0.0,1.0,,True,completed
183959_431_0,pkw,27843.0,27879.0,36.0,,433.082,0.0,0.0,36.0,4.154,,,0.0,1.0,,True,completed
248573_456_0,pkw,27827.0,27880.0,53.0,,434.381,12.0,12.0,41.0,23.044,,,0.2264,0.7736,,True,completed
98961_396_0,pkw,27849.0,27881.0,32.0,,430.918,0.0,0.0,32.0,1.981,,,0.0,1.0,,True,completed
241894_452_0,pkw,27847.0,27885.0,38.0,,426.377,0.0,0.0,38.0,9.988,,,0.0,1.0,,True,completed
190075_434_0,pkw,27850.0,27887.0,37.0,,428.903,0.0,0.0,37.0,6.798,,,0.0,1.0,,True,completed
149367_417_0,pkw,27851.0,27890.0,39.0,,184.712,15.0,15.0,24.0,29.942,,,0.3846,0.6154,,True,completed
215445_445_0,pkw,27849.0,27891.0,42.0,,194.748,15.0,15.0,27.0,28.884,,,0.3571,0.6429,,True,completed
245459_454_0,pkw,27860.0,27892.0,32.0,,186.704,12.0,12.0,20.0,20.806,,,0.375,0.625,,True,completed
166906_424_0,pkw,27856.0,27893.0,37.0,,203.137,14.0,14.0,23.0,26.206,,,0.3784,0.6216,,True,completed
196263_436_0,pkw,27829.0,27895.0,66.0,,456.664,21.0,21.0,45.0,34.578,,,0.3182,0.6818,,True,completed
204768_440_0,pkw,27719.0,27895.0,176.0,,467.395,52.0,93.0,83.0,141.672,,,0.5284,0.4716,,True,completed
211632_442_0,pkw,27872.0,27895.0,23.0,,198.041,0.0,1.0,22.0,7.876,,,0.0435,0.9565,,True,completed
114529_402_0,pkw,27870.0,27896.0,26.0,,167.08,3.0,3.0,23.0,16.047,,,0.1154,0.8846,,True,completed
163322_422_0,pkw,27881.0,27896.0,15.0,,187.83,0.0,0.0,15.0,3.459,,,0.0,1.0,,True,completed
200401_437_0,pkw,27862.0,27897.0,35.0,,202.158,9.0,9.0,26.0,20.34,,,0.2571,0.7429,,True,completed
109459_401_0,pkw,27874.0,27898.0,24.0,,200.515,0.0,0.0,24.0,13.393,,,0.0,1.0,,True,completed
210089_441_0,pkw,27823.0,27899.0,76.0,,692.225,14.0,14.0,62.0,22.908,,,0.1842,0.8158,,True,completed
264022_463_0,pkw,27864.0,27900.0,36.0,,430.309,0.0,0.0,36.0,2.123,,,0.0,1.0,,True,completed
165327_423_0,pkw,27832.0,27901.0,69.0,,692.52,6.0,6.0,63.0,19.316,,,0.087,0.913,,True,completed
213498_444_0,pkw,27852.0,27901.0,49.0,,436.203,5.0,5.0,44.0,12.711,,,0.102,0.898,,True,completed
144378_416_0,pkw,27879.0,27902.0,23.0,,178.805,4.0,4.0,19.0,12.83,,,0.1739,0.8261,,True,completed
215528_445_0,pkw,27853.0,27902.0,49.0,,439.353,3.0,3.0,46.0,18.053,,,0.0612,0.9388,,True,completed
118864_405_0,pkw,27867.0,27904.0,37.0,,436.099,0.0,0.0,37.0,2.025,,,0.0,1.0,,True,completed
193139_435_0,pkw,27856.0,27904.0,48.0,,444.313,2.0,2.0,46.0,18.565,,,0.0417,0.9583,,True,completed
222452_448_0,pkw,27834.0,27907.0,73.0,,692.995,4.0,4.0,69.0,16.877,,,0.0548,0.9452,,True,completed
190180_434_0,pkw,27889.0,27909.0,20.0,,143.949,4.0,4.0,16.0,9.866,,,0.2,0.8,,True,completed
261319_461_0,pkw,27883.0,27911.0,28.0,,192.251,9.0,10.0,18.0,16.026,,,0.3571,0.6429,,True,completed
150838_418_0,pkw,27895.0,27913.0,18.0,,188.212,0.0,0.0,18.0,6.12,,,0.0,1.0,,True,completed
235489_451_0,pkw,27888.0,27913.0,25.0,,178.107,7.0,7.0,18.0,14.888,,,0.28,0.72,,True,completed
112564_401_0,pkw,27900.0,27914.0,14.0,,179.765,0.0,0.0,14.0,4.132,,,0.0,1.0,,True,completed
248908_456_0,pkw,27897.0,27915.0,18.0,,186.032,0.0,0.0,18.0,7.159,,,0.0,1.0,,True,completed
212613_443_0,pkw,27878.0,27916.0,38.0,,168.214,7.0,7.0,31.0,27.347,,,0.1842,0.8158,,True,completed
231031_450_0,pkw,27874.0,27920.0,46.0,,439.368,8.0,8.0,38.0,14.971,,,0.1739,0.8261,,True,completed
243275_452_0,pkw,27881.0,27922.0,41.0,,442.86,0.0,0.0,41.0,6.972,,,0.0,1.0,,True,completed
226991_450_0,pkw,27891.0,27924.0,33.0,,437.196,0.0,0.0,33.0,2.063,,,0.0,1.0,,True,completed
250378_456_0,pkw,27887.0,27924.0,37.0,,444.808,0.0,0.0,37.0,8.586,,,0.0,1.0,,True,completed
259376_461_0,pkw,27897.0,27931.0,34.0,,439.229,0.0,0.0,34.0,2.344,,,0.0,1.0,,True,completed
255723_460_0,pkw,27900.0,27932.0,32.0,,429.861,0.0,0.0,32.0,4.492,,,0.0,1.0,,True,completed
241913_452_0,pkw,27886.0,27934.0,48.0,,456.979,8.0,8.0,40.0,13.741,,,0.1667,0.8333,,True,completed
110772_401_0,pkw,27920.0,27940.0,20.0,,187.134,2.0,2.0,18.0,9.927,,,0.1,0.9,,True,completed
230168_450_0,pkw,27913.0,27941.0,28.0,,200.821,9.0,9.0,19.0,16.287,,,0.3214,0.6786,,True,completed
218049_446_0,pkw,27922.0,27942.0,20.0,,188.47,0.0,1.0,19.0,9.562,,,0.05,0.95,,True,completed
198494_436_0,pkw,27927.0,27943.0,16.0,,191.168,0.0,0.0,16.0,4.596,,,0.0,1.0,,True,completed
54426_371_0,pkw,27929.0,27944.0,15.0,,192.959,0.0,0.0,15.0,3.225,,,0.0,1.0,,True,completed
254314_459_0,pkw,27910.0,27948.0,38.0,,433.215,0.0,0.0,38.0,3.35,,,0.0,1.0,,True,completed
135934_411_0,pkw,27925.0,27960.0,35.0,,432.454,0.0,0.0,35.0,2.122,,,0.0,1.0,,True,completed
204235_440_0,pkw,27927.0,27962.0,35.0,,442.516,0.0,0.0,35.0,7.548,,,0.0,1.0,,True,completed
239308_451_0,pkw,27935.0,27964.0,29.0,,429.304,0.0,0.0,29.0,1.726,,,0.0,1.0,,True,completed
248160_455_0,pkw,27937.0,27970.0,33.0,,429.323,0.0,0.0,33.0,1.412,,,0.0,1.0,,True,completed
183954_431_0,pkw,27911.0,27971.0,60.0,,695.924,0.0,0.0,60.0,6.553,,,0.0,1.0,,True,completed
274043_467_0,pkw,27944.0,27975.0,31.0,,430.269,0.0,0.0,31.0,1.639,,,0.0,1.0,,True,completed
269667_465_0,pkw,27946.0,27977.0,31.0,,438.325,0.0,0.0,31.0,3.466,,,0.0,1.0,,True,completed
78515_387_0,pkw,27950.0,27979.0,29.0,,431.1,0.0,0.0,29.0,1.353,,,0.0,1.0,,True,completed
270659_466_0,pkw,27952.0,27984.0,32.0,,442.522,0.0,0.0,32.0,1.883,,,0.0,1.0,,True,completed
262168_462_0,pkw,27957.0,27989.0,32.0,,442.731,0.0,0.0,32.0,1.818,,,0.0,1.0,,True,completed
251011_457_0,pkw,27959.0,27990.0,31.0,,432.293,0.0,0.0,31.0,5.883,,,0.0,1.0,,True,completed
183196_431_0,pkw,27961.0,27995.0,34.0,,434.855,0.0,0.0,34.0,2.156,,,0.0,1.0,,True,completed
164980_423_0,pkw,27985.0,27998.0,13.0,,201.06,0.0,0.0,13.0,1.517,,,0.0,1.0,,True,completed
152741_419_0,pkw,27947.0,28000.0,53.0,,695.599,0.0,0.0,53.0,3.266,,,0.0,1.0,,True,completed
225089_449_0,pkw,27957.0,28001.0,44.0,,189.733,25.0,25.0,19.0,33.105,,,0.5682,0.4318,,True,completed
250236_456_0,pkw,27989.0,28020.0,31.0,,427.425,0.0,0.0,31.0,1.951,,,0.0,1.0,,True,completed
253740_458_0,pkw,27991.0,28028.0,37.0,,438.169,0.0,0.0,37.0,2.397,,,0.0,1.0,,True,completed
243617_453_0,pkw,27993.0,28029.0,36.0,,428.434,0.0,0.0,36.0,5.463,,,0.0,1.0,,True,completed
226344_450_0,pkw,27995.0,28031.0,36.0,,437.54,0.0,0.0,36.0,6.319,,,0.0,1.0,,True,completed
162223_421_0,pkw,27997.0,28032.0,35.0,,428.341,0.0,0.0,35.0,7.244,,,0.0,1.0,,True,completed
208005_441_0,pkw,27998.0,28038.0,40.0,,432.776,0.0,0.0,40.0,2.755,,,0.0,1.0,,True,completed
237039_451_0,pkw,28000.0,28040.0,40.0,,439.702,0.0,0.0,40.0,9.025,,,0.0,1.0,,True,completed
247391_455_0,pkw,28002.0,28042.0,40.0,,446.523,0.0,0.0,40.0,4.912,,,0.0,1.0,,True,completed
171784_426_0,pkw,28004.0,28043.0,39.0,,438.407,0.0,0.0,39.0,11.12,,,0.0,1.0,,True,completed
235273_451_0,pkw,28006.0,28044.0,38.0,,430.382,0.0,0.0,38.0,8.084,,,0.0,1.0,,True,completed
228790_450_0,pkw,28007.0,28046.0,39.0,,439.355,0.0,0.0,39.0,10.685,,,0.0,1.0,,True,completed
235200_451_0,pkw,28030.0,28051.0,21.0,,196.142,2.0,2.0,19.0,9.493,,,0.0952,0.9048,,True,completed
260867_461_0,pkw,28030.0,28051.0,21.0,,202.872,2.0,2.0,19.0,10.442,,,0.0952,0.9048,,True,completed
212453_443_0,pkw,28036.0,28052.0,16.0,,185.39,0.0,0.0,16.0,5.782,,,0.0,1.0,,True,completed
246710_455_0,pkw,28032.0,28052.0,20.0,,190.745,1.0,1.0,19.0,10.327,,,0.05,0.95,,True,completed
223553_449_0,pkw,28040.0,28054.0,14.0,,192.052,0.0,0.0,14.0,2.218,,,0.0,1.0,,True,completed
270405_465_0,pkw,28043.0,28055.0,12.0,,186.268,0.0,0.0,12.0,1.651,,,0.0,1.0,,True,completed
223854_449_0,pkw,28038.0,28056.0,18.0,,172.933,0.0,0.0,18.0,7.46,,,0.0,1.0,,True,completed
183270_431_0,pkw,28031.0,28062.0,31.0,,430.357,0.0,0.0,31.0,1.899,,,0.0,1.0,,True,completed
204088_439_0,pkw,28033.0,28071.0,38.0,,441.052,0.0,0.0,38.0,2.094,,,0.0,1.0,,True,completed
270102_465_0,pkw,28035.0,28072.0,37.0,,432.672,0.0,0.0,37.0,5.403,,,0.0,1.0,,True,completed
211579_442_0,pkw,28037.0,28074.0,37.0,,442.008,0.0,0.0,37.0,4.996,,,0.0,1.0,,True,completed
177898_430_0,pkw,28039.0,28075.0,36.0,,430.13,0.0,0.0,36.0,3.337,,,0.0,1.0,,True,completed
216920_446_0,pkw,28039.0,28075.0,36.0,,434.081,0.0,0.0,36.0,1.779,,,0.0,1.0,,True,completed
274349_467_0,pkw,28046.0,28076.0,30.0,,423.088,0.0,0.0,30.0,1.588,,,0.0,1.0,,True,completed
174994_428_0,pkw,28046.0,28080.0,34.0,,165.909,17.0,17.0,17.0,23.887,,,0.5,0.5,,True,completed
262563_462_0,pkw,28048.0,28083.0,35.0,,178.953,13.0,13.0,22.0,22.816,,,0.3714,0.6286,,True,completed
169791_426_0,pkw,28059.0,28086.0,27.0,,195.106,5.0,5.0,22.0,14.085,,,0.1852,0.8148,,True,completed
185436_432_0,pkw,28051.0,28086.0,35.0,,176.047,13.0,13.0,22.0,24.439,,,0.3714,0.6286,,True,completed
178886_430_0,pkw,28055.0,28088.0,33.0,,178.724,10.0,10.0,23.0,21.577,,,0.303,0.697,,True,completed
247873_455_0,pkw,28062.0,28088.0,26.0,,200.403,2.0,2.0,24.0,16.517,,,0.0769,0.9231,,True,completed
241118_452_0,pkw,28041.0,28090.0,49.0,,429.818,9.0,9.0,40.0,20.685,,,0.1837,0.8163,,True,completed
242389_452_0,pkw,28043.0,28092.0,49.0,,432.648,8.0,8.0,41.0,18.634,,,0.1633,0.8367,,True,completed
268385_465_0,pkw,28045.0,28094.0,49.0,,439.241,7.0,7.0,42.0,14.408,,,0.1429,0.8571,,True,completed
237469_451_0,pkw,28047.0,28095.0,48.0,,430.738,4.0,4.0,44.0,15.879,,,0.0833,0.9167,,True,completed
203186_439_0,pkw,28049.0,28097.0,48.0,,438.735,3.0,3.0,45.0,19.632,,,0.0625,0.9375,,True,completed
243994_453_0,pkw,28071.0,28100.0,29.0,,190.325,6.0,6.0,23.0,19.588,,,0.2069,0.7931,,True,completed
124843_406_0,pkw,28045.0,28101.0,56.0,,444.477,19.0,20.0,36.0,24.066,,,0.3571,0.6429,,True,completed
175166_428_0,pkw,28079.0,28101.0,22.0,,187.008,4.0,4.0,18.0,11.406,,,0.1818,0.8182,,True,completed
234102_451_0,pkw,28072.0,28103.0,31.0,,194.177,5.0,5.0,26.0,20.008,,,0.1613,0.8387,,True,completed
213148_443_0,pkw,28048.0,28104.0,56.0,,446.677,16.0,16.0,40.0,23.374,,,0.2857,0.7143,,True,completed
186635_432_0,pkw,28074.0,28105.0,31.0,,197.134,5.0,5.0,26.0,20.004,,,0.1613,0.8387,,True,completed
120613_405_0,pkw,28048.0,28106.0,58.0,,690.616,5.0,5.0,53.0,14.186,,,0.0862,0.9138,,True,completed
188229_433_0,pkw,28077.0,28106.0,29.0,,186.383,4.0,4.0,25.0,18.344,,,0.1379,0.8621,,True,completed
190724_435_0,pkw,28054.0,28106.0,52.0,,446.676,7.0,7.0,45.0,18.496,,,0.1346,0.8654,,True,completed
252528_458_0,pkw,28061.0,28108.0,47.0,,452.641,4.0,4.0,43.0,15.43,,,0.0851,0.9149,,True,completed
246348_454_0,pkw,28057.0,28110.0,53.0,,429.816,8.0,8.0,45.0,20.363,,,0.1509,0.8491,,True,completed
185099_432_0,pkw,28072.0,28111.0,39.0,,430.475,0.0,0.0,39.0,6.897,,,0.0,1.0,,True,completed
206926_441_0,pkw,28061.0,28111.0,50.0,,451.299,10.0,10.0,40.0,24.234,,,0.2,0.8,,True,completed
127493_407_0,pkw,28079.0,28113.0,34.0,,440.755,0.0,0.0,34.0,6.552,,,0.0,1.0,,True,completed
200207_437_0,pkw,28051.0,28113.0,62.0,,694.679,0.0,0.0,62.0,8.762,,,0.0,1.0,,True,completed
216447_445_0,pkw,28068.0,28113.0,45.0,,449.782,4.0,4.0,41.0,12.088,,,0.0889,0.9111,,True,completed
211385_442_0,pkw,28081.0,28115.0,34.0,,435.717,0.0,0.0,34.0,3.543,,,0.0,1.0,,True,completed
238062_451_0,pkw,28083.0,28115.0,32.0,,429.516,0.0,0.0,32.0,4.902,,,0.0,1.0,,True,completed
213750_444_0,pkw,28070.0,28116.0,46.0,,460.814,3.0,3.0,43.0,14.797,,,0.0652,0.9348,,True,completed
251062_457_0,pkw,28074.0,28116.0,42.0,,426.084,2.0,2.0,40.0,11.962,,,0.0476,0.9524,,True,completed
144723_416_0,pkw,28053.0,28118.0,65.0,,698.206,0.0,0.0,65.0,7.021,,,0.0,1.0,,True,completed
112058_401_0,pkw,28066.0,28119.0,53.0,,439.504,7.0,7.0,46.0,24.548,,,0.1321,0.8679,,True,completed
159488_421_0,pkw,28055.0,28119.0,64.0,,696.268,0.0,0.0,64.0,7.328,,,0.0,1.0,,True,completed
158820_421_0,pkw,28068.0,28123.0,55.0,,442.055,6.0,6.0,49.0,23.191,,,0.1091,0.8909,,True,completed
259707_461_0,pkw,28090.0,28123.0,33.0,,432.549,0.0,0.0,33.0,2.98,,,0.0,1.0,,True,completed
224883_449_0,pkw,28085.0,28124.0,39.0,,435.58,0.0,0.0,39.0,2.602,,,0.0,1.0,,True,completed
98552_395_0,pkw,28075.0,28126.0,51.0,,447.055,4.0,4.0,47.0,17.997,,,0.0784,0.9216,,True,completed
226520_450_0,pkw,28096.0,28128.0,32.0,,439.763,0.0,0.0,32.0,1.972,,,0.0,1.0,,True,completed
255757_460_0,pkw,28117.0,28128.0,11.0,,153.364,0.0,0.0,11.0,0.707,,,0.0,1.0,,True,completed
227464_450_0,pkw,28091.0,28129.0,38.0,,164.706,17.0,17.0,21.0,27.958,,,0.4474,0.5526,,True,completed
217155_446_0,pkw,28097.0,28130.0,33.0,,152.757,12.0,12.0,21.0,23.507,,,0.3636,0.6364,,True,completed
177303_429_0,pkw,28103.0,28132.0,29.0,,161.575,10.0,10.0,19.0,18.348,,,0.3448,0.6552,,True,completed
205604_440_0,pkw,28104.0,28134.0,30.0,,168.504,9.0,9.0,21.0,19.032,,,0.3,0.7,,True,completed
138457_412_0,pkw,28106.0,28135.0,29.0,,157.579,8.0,8.0,21.0,18.851,,,0.2759,0.7241,,True,completed
277699_469_0,pkw,28119.0,28137.0,18.0,,162.003,0.0,1.0,17.0,6.321,,,0.0556,0.9444,,True,completed
142017_415_0,pkw,28127.0,28139.0,12.0,,190.612,0.0,0.0,12.0,0.536,,,0.0,1.0,,True,completed
113553_402_0,pkw,28097.0,28140.0,43.0,,186.116,25.0,25.0,18.0,33.215,,,0.5814,0.4186,,True,completed
239610_451_0,pkw,28092.0,28141.0,49.0,,175.151,26.0,26.0,23.0,37.302,,,0.5306,0.4694,,True,completed
184328_431_0,pkw,28117.0,28143.0,26.0,,187.454,2.0,3.0,23.0,15.916,,,0.1154,0.8846,,True,completed
100634_396_0,pkw,28107.0,28150.0,43.0,,434.891,2.0,2.0,41.0,10.838,,,0.0465,0.9535,,True,completed
143800_416_0,pkw,28103.0,28152.0,49.0,,460.802,0.0,0.0,49.0,11.097,,,0.0,1.0,,True,completed
194444_436_0,pkw,28109.0,28152.0,43.0,,435.702,1.0,1.0,42.0,14.537,,,0.0233,0.9767,,True,completed
158601_421_0,pkw,28106.0,28154.0,48.0,,450.942,0.0,0.0,48.0,21.403,,,0.0,1.0,,True,completed
267784_465_0,pkw,28111.0,28154.0,43.0,,445.877,0.0,0.0,43.0,11.913,,,0.0,1.0,,True,completed
237875_451_0,pkw,28122.0,28158.0,36.0,,459.977,0.0,0.0,36.0,3.024,,,0.0,1.0,,True,completed
229282_450_0,pkw,28148.0,28160.0,12.0,,199.48,0.0,0.0,12.0,0.449,,,0.0,1.0,,True,completed
138014_412_0,pkw,28132.0,28167.0,35.0,,445.576,0.0,0.0,35.0,4.386,,,0.0,1.0,,True,completed
197584_436_0,pkw,28128.0,28169.0,41.0,,446.554,0.0,1.0,40.0,5.433,,,0.0244,0.9756,,True,completed
233560_451_0,pkw,28128.0,28170.0,42.0,,430.581,8.0,8.0,34.0,14.24,,,0.1905,0.8095,,True,completed
248501_456_0,pkw,28124.0,28171.0,47.0,,454.109,2.0,2.0,45.0,9.598,,,0.0426,0.9574,,True,completed
260221_461_0,pkw,28130.0,28172.0,42.0,,432.727,4.0,4.0,38.0,13.147,,,0.0952,0.9048,,True,completed
241599_452_0,pkw,28132.0,28174.0,42.0,,439.496,0.0,0.0,42.0,9.428,,,0.0,1.0,,True,completed
273407_466_0,pkw,28134.0,28175.0,41.0,,431.238,0.0,0.0,41.0,9.627,,,0.0,1.0,,True,completed
115406_403_0,pkw,28134.0,28180.0,46.0,,441.941,8.0,8.0,38.0,15.227,,,0.1739,0.8261,,True,completed
189371_434_0,pkw,28126.0,28181.0,55.0,,454.882,5.0,5.0,50.0,23.68,,,0.0909,0.9091,,True,completed
265964_464_0,pkw,28137.0,28182.0,45.0,,447.336,7.0,7.0,38.0,14.207,,,0.1556,0.8444,,True,completed
192060_435_0,pkw,28155.0,28183.0,28.0,,202.037,4.0,4.0,24.0,15.634,,,0.1429,0.8571,,True,completed
202005_438_0,pkw,28144.0,28184.0,40.0,,442.033,0.0,0.0,40.0,10.686,,,0.0,1.0,,True,completed
205117_440_0,pkw,28140.0,28184.0,44.0,,442.41,5.0,5.0,39.0,12.918,,,0.1136,0.8864,,True,completed
169529_426_0,pkw,28163.0,28185.0,22.0,,200.03,0.0,0.0,22.0,10.725,,,0.0,1.0,,True,completed
240250_452_0,pkw,28133.0,28186.0,53.0,,437.047,5.0,5.0,48.0,22.073,,,0.0943,0.9057,,True,completed
157483_421_0,pkw,28146.0,28189.0,43.0,,447.261,0.0,0.0,43.0,10.1,,,0.0,1.0,,True,completed
224682_449_0,pkw,28147.0,28191.0,44.0,,435.82,5.0,5.0,39.0,11.977,,,0.1136,0.8864,,True,completed
251309_457_0,pkw,28138.0,28192.0,54.0,,463.496,6.0,6.0,48.0,21.782,,,0.1111,0.8889,,True,completed
283267_472_0,pkw,28164.0,28195.0,31.0,,427.863,0.0,0.0,31.0,1.375,,,0.0,1.0,,True,completed
201038_437_0,pkw,28149.0,28200.0,51.0,,441.796,6.0,6.0,45.0,21.382,,,0.1176,0.8824,,True,completed
186001_432_0,pkw,28153.0,28203.0,50.0,,440.849,4.0,4.0,46.0,20.639,,,0.08,0.92,,True,completed
180968_431_0,pkw,28171.0,28205.0,34.0,,444.111,0.0,0.0,34.0,2.152,,,0.0,1.0,,True,completed
193777_435_0,pkw,28157.0,28205.0,48.0,,447.032,3.0,3.0,45.0,19.805,,,0.0625,0.9375,,True,completed
228010_450_0,pkw,28166.0,28205.0,39.0,,434.966,0.0,0.0,39.0,2.346,,,0.0,1.0,,True,completed
185690_432_0,pkw,28169.0,28206.0,37.0,,434.405,0.0,0.0,37.0,3.927,,,0.0,1.0,,True,completed
198097_436_0,pkw,28173.0,28206.0,33.0,,434.911,0.0,0.0,33.0,4.649,,,0.0,1.0,,True,completed
230732_450_0,pkw,28162.0,28206.0,44.0,,438.81,3.0,3.0,41.0,16.861,,,0.0682,0.9318,,True,completed
236914_451_0,pkw,28177.0,28208.0,31.0,,443.112,0.0,0.0,31.0,2.042,,,0.0,1.0,,True,completed
221545_448_0,pkw,28151.0,28212.0,61.0,,451.126,5.0,5.0,56.0,18.877,,,0.082,0.918,,True,completed
153510_420_0,pkw,28190.0,28224.0,34.0,,433.536,0.0,0.0,34.0,1.856,,,0.0,1.0,,True,completed
122475_406_0,pkw,28193.0,28225.0,32.0,,443.885,0.0,0.0,32.0,1.605,,,0.0,1.0,,True,completed
136022_411_0,pkw,28193.0,28226.0,33.0,,429.429,0.0,0.0,33.0,1.708,,,0.0,1.0,,True,completed
128389_408_0,pkw,28217.0,28229.0,12.0,,191.593,0.0,0.0,12.0,1.599,,,0.0,1.0,,True,completed
153149_420_0,pkw,28197.0,28229.0,32.0,,433.841,0.0,0.0,32.0,1.542,,,0.0,1.0,,True,completed
164516_422_0,pkw,28220.0,28232.0,12.0,,193.244,0.0,0.0,12.0,2.614,,,0.0,1.0,,True,completed
168779_425_0,pkw,28175.0,28232.0,57.0,,449.605,17.0,17.0,40.0,26.043,,,0.2982,0.7018,,True,completed
193036_435_0,pkw,28222.0,28234.0,12.0,,190.853,0.0,0.0,12.0,0.881,,,0.0,1.0,,True,completed
243343_452_0,pkw,28203.0,28235.0,32.0,,200.332,6.0,7.0,25.0,19.714,,,0.2188,0.7812,,True,completed
270722_466_0,pkw,28199.0,28235.0,36.0,,430.272,0.0,0.0,36.0,1.841,,,0.0,1.0,,True,completed
102374_396_0,pkw,28224.0,28236.0,12.0,,150.37,0.0,0.0,12.0,0.401,,,0.0,1.0,,True,completed
138188_412_0,pkw,28224.0,28236.0,12.0,,194.775,0.0,0.0,12.0,0.317,,,0.0,1.0,,True,completed
192641_435_0,pkw,28206.0,28237.0,31.0,,202.622,3.0,3.0,28.0,18.225,,,0.0968,0.9032,,True,completed
209839_441_0,pkw,28207.0,28237.0,30.0,,428.594,0.0,0.0,30.0,0.985,,,0.0,1.0,,True,completed
214099_444_0,pkw,28203.0,28243.0,40.0,,438.368,0.0,0.0,40.0,2.455,,,0.0,1.0,,True,completed
232786_451_0,pkw,28195.0,28245.0,50.0,,435.534,10.0,10.0,40.0,16.727,,,0.2,0.8,,True,completed
259614_461_0,pkw,28197.0,28246.0,49.0,,441.825,9.0,9.0,40.0,18.398,,,0.1837,0.8163,,True,completed
269181_465_0,pkw,28211.0,28246.0,35.0,,434.984,0.0,0.0,35.0,1.638,,,0.0,1.0,,True,completed
156507_420_0,pkw,28214.0,28248.0,34.0,,427.441,0.0,0.0,34.0,1.752,,,0.0,1.0,,True,completed
272033_466_0,pkw,28199.0,28248.0,49.0,,440.478,7.0,7.0,42.0,18.982,,,0.1429,0.8571,,True,completed
177103_429_0,pkw,28213.0,28250.0,37.0,,435.737,0.0,0.0,37.0,1.516,,,0.0,1.0,,True,completed
243431_452_0,pkw,28216.0,28250.0,34.0,,433.7,0.0,0.0,34.0,5.813,,,0.0,1.0,,True,completed
143945_416_0,pkw,28218.0,28253.0,35.0,,429.466,0.0,0.0,35.0,2.185,,,0.0,1.0,,True,completed
222821_448_0,pkw,28172.0,28253.0,81.0,,449.036,34.0,34.0,47.0,49.68,,,0.4198,0.5802,,True,completed
161686_421_0,pkw,28189.0,28254.0,65.0,,441.59,22.0,23.0,42.0,35.057,,,0.3538,0.6462,,True,completed
251039_457_0,pkw,28215.0,28259.0,44.0,,461.069,1.0,1.0,43.0,9.409,,,0.0227,0.9773,,True,completed
166507_424_0,pkw,28233.0,28263.0,30.0,,431.992,0.0,0.0,30.0,3.021,,,0.0,1.0,,True,completed
180268_430_0,pkw,28210.0,28263.0,53.0,,460.352,7.0,7.0,46.0,18.421,,,0.1321,0.8679,,True,completed
244321_453_0,pkw,28215.0,28265.0,50.0,,463.693,3.0,3.0,47.0,15.258,,,0.06,0.94,,True,completed
117127_404_0,pkw,28220.0,28267.0,47.0,,464.801,0.0,0.0,47.0,4.625,,,0.0,1.0,,True,completed
189906_434_0,pkw,28235.0,28269.0,34.0,,442.383,0.0,0.0,34.0,2.828,,,0.0,1.0,,True,completed
243333_452_0,pkw,28237.0,28270.0,33.0,,431.939,0.0,0.0,33.0,3.839,,,0.0,1.0,,True,completed
280500_471_0,pkw,28240.0,28273.0,33.0,,437.796,0.0,0.0,33.0,2.236,,,0.0,1.0,,True,completed
240589_452_0,pkw,28263.0,28274.0,11.0,,144.562,0.0,0.0,11.0,0.876,,,0.0,1.0,,True,completed
285558_474_0,pkw,28237.0,28275.0,38.0,,428.164,0.0,0.0,38.0,1.759,,,0.0,1.0,,True,completed
166643_424_0,pkw,28237.0,28277.0,40.0,,456.169,0.0,0.0,40.0,4.487,,,0.0,1.0,,True,completed
250663_456_0,pkw,28241.0,28279.0,38.0,,463.827,0.0,0.0,38.0,7.606,,,0.0,1.0,,True,completed
289688_477_0,pkw,28241.0,28282.0,41.0,,437.353,0.0,0.0,41.0,2.241,,,0.0,1.0,,True,completed
198650_436_0,pkw,28251.0,28284.0,33.0,,432.426,0.0,0.0,33.0,2.094,,,0.0,1.0,,True,completed
252459_458_0,pkw,28259.0,28289.0,30.0,,436.439,0.0,0.0,30.0,1.76,,,0.0,1.0,,True,completed
224664_449_0,pkw,28257.0,28294.0,37.0,,435.397,0.0,0.0,37.0,1.884,,,0.0,1.0,,True,completed
277750_469_0,pkw,28262.0,28298.0,36.0,,425.211,0.0,0.0,36.0,2.097,,,0.0,1.0,,True,completed
119889_405_0,pkw,28264.0,28300.0,36.0,,432.83,0.0,0.0,36.0,2.07,,,0.0,1.0,,True,completed
238336_451_0,pkw,28267.0,28302.0,35.0,,441.73,0.0,0.0,35.0,4.719,,,0.0,1.0,,True,completed
120205_405_0,pkw,28272.0,28304.0,32.0,,429.847,0.0,0.0,32.0,1.55,,,0.0,1.0,,True,completed
207751_441_0,pkw,28289.0,28304.0,15.0,,158.052,0.0,0.0,15.0,3.255,,,0.0,1.0,,True,completed
212076_442_0,pkw,28259.0,28305.0,46.0,,433.588,0.0,0.0,46.0,2.696,,,0.0,1.0,,True,completed
256684_460_0,pkw,28270.0,28305.0,35.0,,430.006,0.0,0.0,35.0,2.241,,,0.0,1.0,,True,completed
258714_461_0,pkw,28266.0,28305.0,39.0,,459.792,0.0,0.0,39.0,3.979,,,0.0,1.0,,True,completed
132229_410_0,pkw,28270.0,28307.0,37.0,,434.341,0.0,0.0,37.0,2.143,,,0.0,1.0,,True,completed
146134_416_0,pkw,28285.0,28311.0,26.0,,186.428,8.0,8.0,18.0,16.18,,,0.3077,0.6923,,True,completed
241031_452_0,pkw,28244.0,28311.0,67.0,,180.37,49.0,49.0,18.0,57.322,,,0.7313,0.2687,,True,completed
269273_465_0,pkw,28279.0,28311.0,32.0,,189.36,12.0,12.0,20.0,20.331,,,0.375,0.625,,True,completed
265825_464_0,pkw,28283.0,28313.0,30.0,,196.799,7.0,7.0,23.0,19.38,,,0.2333,0.7667,,True,completed
106740_399_0,pkw,28293.0,28314.0,21.0,,187.692,0.0,0.0,21.0,10.127,,,0.0,1.0,,True,completed
263319_462_0,pkw,28286.0,28314.0,28.0,,192.153,7.0,7.0,21.0,16.258,,,0.25,0.75,,True,completed
209686_441_0,pkw,28301.0,28316.0,15.0,,194.685,0.0,0.0,15.0,3.876,,,0.0,1.0,,True,completed
244056_453_0,pkw,28281.0,28329.0,48.0,,441.097,12.0,12.0,36.0,21.307,,,0.25,0.75,,True,completed
252410_458_0,pkw,28272.0,28330.0,58.0,,441.941,19.0,20.0,38.0,28.681,,,0.3448,0.6552,,True,completed
246686_455_0,pkw,28278.0,28332.0,54.0,,444.53,14.0,14.0,40.0,22.66,,,0.2593,0.7407,,True,completed
238695_451_0,pkw,28288.0,28333.0,45.0,,453.511,6.0,6.0,39.0,17.368,,,0.1333,0.8667,,True,completed
177745_430_0,pkw,28291.0,28334.0,43.0,,440.335,4.0,4.0,39.0,15.898,,,0.093,0.907,,True,completed
223379_449_0,pkw,28314.0,28335.0,21.0,,155.807,1.0,1.0,20.0,9.907,,,0.0476,0.9524,,True,completed
141639_415_0,pkw,28296.0,28338.0,42.0,,445.23,1.0,1.0,41.0,11.974,,,0.0238,0.9762,,True,completed
254616_459_0,pkw,28319.0,28338.0,19.0,,169.032,0.0,0.0,19.0,7.18,,,0.0,1.0,,True,completed
274645_467_0,pkw,28310.0,28338.0,28.0,,361.17,0.0,0.0,28.0,3.729,,,0.0,1.0,,True,completed
274709_467_0,pkw,28330.0,28340.0,10.0,,189.035,0.0,0.0,10.0,0.351,,,0.0,1.0,,True,completed
214892_445_0,pkw,28302.0,28345.0,43.0,,453.204,0.0,0.0,43.0,9.477,,,0.0,1.0,,True,completed
260001_461_0,pkw,28298.0,28346.0,48.0,,450.42,0.0,0.0,48.0,11.139,,,0.0,1.0,,True,completed
275618_468_0,pkw,28332.0,28346.0,14.0,,189.173,0.0,0.0,14.0,3.646,,,0.0,1.0,,True,completed
169086_425_0,pkw,28304.0,28347.0,43.0,,442.921,0.0,0.0,43.0,13.143,,,0.0,1.0,,True,completed
273435_466_0,pkw,28306.0,28347.0,41.0,,453.909,0.0,0.0,41.0,8.723,,,0.0,1.0,,True,completed
235218_451_0,pkw,28310.0,28348.0,38.0,,444.435,0.0,0.0,38.0,6.307,,,0.0,1.0,,True,completed
227886_450_0,pkw,28304.0,28352.0,48.0,,426.454,8.0,8.0,40.0,16.411,,,0.1667,0.8333,,True,completed
75163_386_0,pkw,28310.0,28353.0,43.0,,428.038,2.0,2.0,41.0,13.718,,,0.0465,0.9535,,True,completed
219724_447_0,pkw,28302.0,28354.0,52.0,,430.987,11.0,11.0,41.0,18.204,,,0.2115,0.7885,,True,completed
238318_451_0,pkw,28315.0,28356.0,41.0,,432.2,0.0,0.0,41.0,11.023,,,0.0,1.0,,True,completed
81814_389_0,pkw,28305.0,28356.0,51.0,,436.863,9.0,9.0,42.0,18.605,,,0.1765,0.8235,,True,completed
253347_458_0,pkw,28312.0,28357.0,45.0,,429.657,0.0,1.0,44.0,13.895,,,0.0222,0.9778,,True,completed
206378_440_0,pkw,28321.0,28363.0,42.0,,435.528,0.0,0.0,42.0,6.437,,,0.0,1.0,,True,completed
196786_436_0,pkw,28323.0,28365.0,42.0,,453.943,0.0,0.0,42.0,13.037,,,0.0,1.0,,True,completed
240148_452_0,pkw,28312.0,28365.0,53.0,,442.278,7.0,7.0,46.0,19.868,,,0.1321,0.8679,,True,completed
217016_446_0,pkw,28315.0,28366.0,51.0,,440.927,6.0,6.0,45.0,21.121,,,0.1176,0.8824,,True,completed
120533_405_0,pkw,28335.0,28369.0,34.0,,464.909,0.0,0.0,34.0,5.08,,,0.0,1.0,,True,completed
162803_422_0,pkw,28354.0,28373.0,19.0,,141.709,1.0,1.0,18.0,8.684,,,0.0526,0.9474,,True,completed
274220_467_0,pkw,28335.0,28376.0,41.0,,433.337,0.0,0.0,41.0,3.132,,,0.0,1.0,,True,completed
99139_396_0,pkw,28338.0,28376.0,38.0,,436.828,0.0,1.0,37.0,5.942,,,0.0263,0.9737,,True,completed
144547_416_0,pkw,28325.0,28377.0,52.0,,428.329,10.0,10.0,42.0,19.629,,,0.1923,0.8077,,True,completed
251226_457_0,pkw,28339.0,28378.0,39.0,,437.867,0.0,0.0,39.0,3.649,,,0.0,1.0,,True,completed
270291_465_0,pkw,28358.0,28380.0,22.0,,184.295,3.0,3.0,19.0,12.221,,,0.1364,0.8636,,True,completed
198061_436_0,pkw,28357.0,28381.0,24.0,,202.426,4.0,4.0,20.0,11.83,,,0.1667,0.8333,,True,completed
245027_453_0,pkw,28325.0,28381.0,56.0,,449.569,8.0,8.0,48.0,24.835,,,0.1429,0.8571,,True,completed
272079_466_0,pkw,28345.0,28381.0,36.0,,408.41,0.0,0.0,36.0,11.105,,,0.0,1.0,,True,completed
165863_424_0,pkw,28327.0,28384.0,57.0,,444.011,8.0,8.0,49.0,24.186,,,0.1404,0.8596,,True,completed
206948_441_0,pkw,28349.0,28384.0,35.0,,445.995,0.0,1.0,34.0,5.981,,,0.0286,0.9714,,True,completed
143117_415_0,pkw,28352.0,28394.0,42.0,,437.346,1.0,1.0,41.0,8.881,,,0.0238,0.9762,,True,completed
260340_461_0,pkw,28348.0,28394.0,46.0,,437.047,6.0,6.0,40.0,12.193,,,0.1304,0.8696,,True,completed
109174_400_0,pkw,28373.0,28395.0,22.0,,138.481,2.0,2.0,20.0,13.027,,,0.0909,0.9091,,True,completed
170152_426_0,pkw,28352.0,28396.0,44.0,,432.048,4.0,4.0,40.0,9.701,,,0.0909,0.9091,,True,completed
207277_441_0,pkw,28380.0,28397.0,17.0,,156.022,0.0,0.0,17.0,7.764,,,0.0,1.0,,True,completed
250322_456_0,pkw,28363.0,28398.0,35.0,,438.081,0.0,0.0,35.0,1.499,,,0.0,1.0,,True,completed
237644_451_0,pkw,28375.0,28401.0,26.0,,197.689,9.0,10.0,16.0,14.28,,,0.3846,0.6154,,True,completed
139595_413_0,pkw,28368.0,28411.0,43.0,,436.647,7.0,7.0,36.0,13.013,,,0.1628,0.8372,,True,completed
217238_446_0,pkw,28372.0,28412.0,40.0,,437.071,2.0,2.0,38.0,11.352,,,0.05,0.95,,True,completed
198636_436_0,pkw,28377.0,28414.0,37.0,,437.682,0.0,0.0,37.0,7.734,,,0.0,1.0,,True,completed
223164_449_0,pkw,28395.0,28414.0,19.0,,163.538,0.0,0.0,19.0,6.815,,,0.0,1.0,,True,completed
277666_469_0,pkw,28367.0,28414.0,47.0,,427.141,5.0,5.0,42.0,12.873,,,0.1064,0.8936,,True,completed
183233_431_0,pkw,28372.0,28416.0,44.0,,429.876,3.0,3.0,41.0,13.305,,,0.0682,0.9318,,True,completed
245482_454_0,pkw,28370.0,28416.0,46.0,,429.505,3.0,3.0,43.0,11.708,,,0.0652,0.9348,,True,completed
274061_467_0,pkw,28406.0,28417.0,11.0,,182.679,0.0,0.0,11.0,0.88,,,0.0,1.0,,True,completed
273089_466_0,pkw,28399.0,28421.0,22.0,,177.651,2.0,2.0,20.0,11.185,,,0.0909,0.9091,,True,completed
190487_434_0,pkw,28412.0,28431.0,19.0,,158.353,3.0,3.0,16.0,9.056,,,0.1579,0.8421,,True,completed
179708_430_0,pkw,28409.0,28432.0,23.0,,143.875,7.0,7.0,16.0,14.116,,,0.3043,0.6957,,True,completed
226009_450_0,pkw,28388.0,28432.0,44.0,,426.526,6.0,6.0,38.0,12.213,,,0.1364,0.8636,,True,completed
221062_448_0,pkw,28392.0,28434.0,42.0,,430.617,1.0,1.0,41.0,7.942,,,0.0238,0.9762,,True,completed
219097_446_0,pkw,28395.0,28436.0,41.0,,431.378,0.0,1.0,40.0,7.063,,,0.0244,0.9756,,True,completed
283127_472_0,pkw,28398.0,28439.0,41.0,,434.674,0.0,0.0,41.0,5.482,,,0.0,1.0,,True,completed
87483_391_0,pkw,28425.0,28440.0,15.0,,179.816,0.0,0.0,15.0,5.027,,,0.0,1.0,,True,completed
234716_451_0,pkw,28400.0,28441.0,41.0,,427.527,0.0,0.0,41.0,4.264,,,0.0,1.0,,True,completed
240015_452_0,pkw,28421.0,28441.0,20.0,,180.223,1.0,1.0,19.0,9.419,,,0.05,0.95,,True,completed
210631_442_0,pkw,28402.0,28442.0,40.0,,433.003,0.0,0.0,40.0,5.991,,,0.0,1.0,,True,completed
175195_428_0,pkw,28407.0,28443.0,36.0,,458.371,0.0,0.0,36.0,3.972,,,0.0,1.0,,True,completed
244831_453_0,pkw,28434.0,28444.0,10.0,,191.175,0.0,0.0,10.0,0.215,,,0.0,1.0,,True,completed
261765_461_0,pkw,28413.0,28446.0,33.0,,444.009,0.0,0.0,33.0,1.42,,,0.0,1.0,,True,completed
282984_472_0,pkw,28408.0,28446.0,38.0,,445.614,0.0,0.0,38.0,2.158,,,0.0,1.0,,True,completed
276708_468_0,pkw,28408.0,28450.0,42.0,,440.04,3.0,3.0,39.0,12.243,,,0.0714,0.9286,,True,completed
257421_460_0,pkw,28431.0,28453.0,22.0,,152.847,2.0,2.0,20.0,12.308,,,0.0909,0.9091,,True,completed
183679_431_0,pkw,28441.0,28454.0,13.0,,140.01,0.0,1.0,12.0,3.822,,,0.0769,0.9231,,True,completed
238737_451_0,pkw,28414.0,28454.0,40.0,,430.558,1.0,1.0,39.0,8.288,,,0.025,0.975,,True,completed
234190_451_0,pkw,28416.0,28456.0,40.0,,436.578,0.0,0.0,40.0,10.108,,,0.0,1.0,,True,completed
136857_411_0,pkw,28445.0,28458.0,13.0,,160.326,0.0,0.0,13.0,2.141,,,0.0,1.0,,True,completed
185249_432_0,pkw,28405.0,28458.0,53.0,,432.913,9.0,9.0,44.0,14.945,,,0.1698,0.8302,,True,completed
264934_463_0,pkw,28426.0,28458.0,32.0,,433.468,0.0,0.0,32.0,1.349,,,0.0,1.0,,True,completed
275670_468_0,pkw,28413.0,28459.0,46.0,,428.819,1.0,1.0,45.0,14.038,,,0.0217,0.9783,,True,completed
260663_461_0,pkw,28443.0,28460.0,17.0,,169.211,0.0,0.0,17.0,5.76,,,0.0,1.0,,True,completed
274394_467_0,pkw,28446.0,28460.0,14.0,,202.485,0.0,0.0,14.0,1.619,,,0.0,1.0,,True,completed
239457_451_0,pkw,28420.0,28461.0,41.0,,433.438,0.0,0.0,41.0,5.889,,,0.0,1.0,,True,completed
140549_414_0,pkw,28449.0,28462.0,13.0,,200.758,0.0,0.0,13.0,1.407,,,0.0,1.0,,True,completed
252235_457_0,pkw,28438.0,28462.0,24.0,,181.936,6.0,6.0,18.0,14.994,,,0.25,0.75,,True,completed
257226_460_0,pkw,28434.0,28464.0,30.0,,406.72,0.0,0.0,30.0,2.864,,,0.0,1.0,,True,completed
273064_466_0,pkw,28417.0,28465.0,48.0,,409.674,3.0,3.0,45.0,17.657,,,0.0625,0.9375,,True,completed
205082_440_0,pkw,28447.0,28468.0,21.0,,174.682,3.0,3.0,18.0,10.846,,,0.1429,0.8571,,True,completed
241082_452_0,pkw,28439.0,28470.0,31.0,,430.835,0.0,0.0,31.0,1.144,,,0.0,1.0,,True,completed
141828_415_0,pkw,28463.0,28474.0,11.0,,148.684,0.0,0.0,11.0,1.227,,,0.0,1.0,,True,completed
252693_458_0,pkw,28429.0,28474.0,45.0,,437.249,5.0,5.0,40.0,11.723,,,0.1111,0.8889,,True,completed
111032_401_0,pkw,28444.0,28479.0,35.0,,443.478,0.0,0.0,35.0,3.163,,,0.0,1.0,,True,completed
277242_469_0,pkw,28445.0,28479.0,34.0,,403.554,0.0,0.0,34.0,8.498,,,0.0,1.0,,True,completed
261015_461_0,pkw,28469.0,28480.0,11.0,,200.655,0.0,0.0,11.0,0.289,,,0.0,1.0,,True,completed
282723_472_0,pkw,28443.0,28481.0,38.0,,404.796,2.0,2.0,36.0,13.259,,,0.0526,0.9474,,True,completed
268263_465_0,pkw,28450.0,28487.0,37.0,,396.083,0.0,0.0,37.0,6.77,,,0.0,1.0,,True,completed
226436_450_0,pkw,28449.0,28491.0,42.0,,428.202,5.0,5.0,37.0,11.64,,,0.119,0.881,,True,completed
279534_470_0,pkw,28478.0,28491.0,13.0,,144.141,0.0,0.0,13.0,1.154,,,0.0,1.0,,True,completed
210748_442_0,pkw,28482.0,28493.0,11.0,,148.615,0.0,0.0,11.0,1.058,,,0.0,1.0,,True,completed
259136_461_0,pkw,28459.0,28495.0,36.0,,436.389,0.0,1.0,35.0,4.346,,,0.0278,0.9722,,True,completed
277320_469_0,pkw,28464.0,28501.0,37.0,,401.799,0.0,0.0,37.0,5.883,,,0.0,1.0,,True,completed
193108_435_0,pkw,28499.0,28510.0,11.0,,194.1,0.0,0.0,11.0,0.252,,,0.0,1.0,,True,completed
279691_470_0,pkw,28505.0,28516.0,11.0,,196.462,0.0,0.0,11.0,0.262,,,0.0,1.0,,True,completed
169648_426_0,pkw,28485.0,28517.0,32.0,,441.402,0.0,0.0,32.0,2.6,,,0.0,1.0,,True,completed
144781_416_0,pkw,28488.0,28520.0,32.0,,450.933,0.0,0.0,32.0,1.92,,,0.0,1.0,,True,completed
246226_454_0,pkw,28490.0,28523.0,33.0,,446.996,0.0,0.0,33.0,1.363,,,0.0,1.0,,True,completed
218915_446_0,pkw,28492.0,28524.0,32.0,,452.488,0.0,0.0,32.0,1.867,,,0.0,1.0,,True,completed
195396_436_0,pkw,28494.0,28529.0,35.0,,449.8,0.0,0.0,35.0,1.914,,,0.0,1.0,,True,completed
260408_461_0,pkw,28487.0,28530.0,43.0,,137.487,26.0,26.0,17.0,33.764,,,0.6047,0.3953,,True,completed
253861_459_0,pkw,28496.0,28531.0,35.0,,442.384,0.0,0.0,35.0,1.515,,,0.0,1.0,,True,completed
221860_448_0,pkw,28503.0,28533.0,30.0,,442.96,0.0,0.0,30.0,1.454,,,0.0,1.0,,True,completed
187042_432_0,pkw,28498.0,28537.0,39.0,,448.426,0.0,0.0,39.0,2.08,,,0.0,1.0,,True,completed
134733_411_0,pkw,28507.0,28538.0,31.0,,447.921,0.0,0.0,31.0,1.534,,,0.0,1.0,,True,completed
140690_414_0,pkw,28509.0,28540.0,31.0,,451.162,0.0,0.0,31.0,1.527,,,0.0,1.0,,True,completed
178414_430_0,pkw,28521.0,28540.0,19.0,,187.751,1.0,1.0,18.0,9.166,,,0.0526,0.9474,,True,completed
110587_401_0,pkw,28518.0,28541.0,23.0,,199.024,4.0,4.0,19.0,10.897,,,0.1739,0.8261,,True,completed
104899_398_0,pkw,28527.0,28543.0,16.0,,196.106,0.0,0.0,16.0,4.662,,,0.0,1.0,,True,completed
152370_419_0,pkw,28512.0,28544.0,32.0,,445.26,0.0,0.0,32.0,1.318,,,0.0,1.0,,True,completed
277465_469_0,pkw,28514.0,28547.0,33.0,,393.519,0.0,0.0,33.0,7.991,,,0.0,1.0,,True,completed
261183_461_0,pkw,28489.0,28553.0,64.0,,438.495,26.0,26.0,38.0,31.734,,,0.4062,0.5938,,True,completed
210588_441_0,pkw,28540.0,28554.0,14.0,,179.401,0.0,0.0,14.0,1.633,,,0.0,1.0,,True,completed
237662_451_0,pkw,28543.0,28558.0,15.0,,196.257,0.0,0.0,15.0,5.384,,,0.0,1.0,,True,completed
159963_421_0,pkw,28547.0,28560.0,13.0,,195.679,0.0,0.0,13.0,0.491,,,0.0,1.0,,True,completed
75563_386_0,pkw,28523.0,28561.0,38.0,,443.836,0.0,0.0,38.0,8.219,,,0.0,1.0,,True,completed
220942_447_0,pkw,28547.0,28562.0,15.0,,190.947,0.0,0.0,15.0,4.645,,,0.0,1.0,,True,completed
157359_421_0,pkw,28552.0,28563.0,11.0,,185.325,0.0,0.0,11.0,0.763,,,0.0,1.0,,True,completed
250018_456_0,pkw,28549.0,28564.0,15.0,,195.414,0.0,0.0,15.0,3.867,,,0.0,1.0,,True,completed
154706_420_0,pkw,28525.0,28565.0,40.0,,453.753,0.0,0.0,40.0,7.627,,,0.0,1.0,,True,completed
204473_440_0,pkw,28533.0,28568.0,35.0,,447.878,0.0,0.0,35.0,3.753,,,0.0,1.0,,True,completed
109284_400_0,pkw,28537.0,28569.0,32.0,,440.574,0.0,0.0,32.0,5.667,,,0.0,1.0,,True,completed
118698_405_0,pkw,28529.0,28569.0,40.0,,452.962,0.0,0.0,40.0,5.088,,,0.0,1.0,,True,completed
120822_405_0,pkw,28535.0,28570.0,35.0,,445.786,0.0,0.0,35.0,4.889,,,0.0,1.0,,True,completed
267732_465_0,pkw,28545.0,28576.0,31.0,,444.794,0.0,0.0,31.0,1.467,,,0.0,1.0,,True,completed
174411_427_0,pkw,28549.0,28584.0,35.0,,447.018,0.0,0.0,35.0,1.896,,,0.0,1.0,,True,completed
161070_421_0,pkw,28551.0,28586.0,35.0,,451.691,0.0,0.0,35.0,2.178,,,0.0,1.0,,True,completed
238211_451_0,pkw,28553.0,28588.0,35.0,,449.03,0.0,0.0,35.0,1.784,,,0.0,1.0,,True,completed
149947_417_0,pkw,28578.0,28589.0,11.0,,189.534,0.0,0.0,11.0,0.276,,,0.0,1.0,,True,completed
241394_452_0,pkw,28578.0,28590.0,12.0,,170.669,0.0,0.0,12.0,0.411,,,0.0,1.0,,True,completed
270525_465_0,pkw,28537.0,28591.0,54.0,,431.338,17.0,17.0,37.0,23.715,,,0.3148,0.6852,,True,completed
216822_446_0,pkw,28580.0,28592.0,12.0,,187.6,0.0,0.0,12.0,0.45,,,0.0,1.0,,True,completed
177680_430_0,pkw,28539.0,28593.0,54.0,,426.987,14.0,14.0,40.0,21.171,,,0.2593,0.7407,,True,completed
175533_428_0,pkw,28585.0,28599.0,14.0,,182.806,0.0,0.0,14.0,2.68,,,0.0,1.0,,True,completed
174918_427_0,pkw,28579.0,28601.0,22.0,,191.414,2.0,2.0,20.0,10.583,,,0.0909,0.9091,,True,completed
257544_460_0,pkw,28565.0,28602.0,37.0,,452.928,0.0,1.0,36.0,6.797,,,0.027,0.973,,True,completed
147621_416_0,pkw,28555.0,28603.0,48.0,,444.061,9.0,10.0,38.0,14.266,,,0.2083,0.7917,,True,completed
229126_450_0,pkw,28591.0,28603.0,12.0,,199.334,0.0,0.0,12.0,0.49,,,0.0,1.0,,True,completed
220308_447_0,pkw,28570.0,28606.0,36.0,,443.85,0.0,0.0,36.0,4.1,,,0.0,1.0,,True,completed
128388_408_0,pkw,28602.0,28614.0,12.0,,194.303,0.0,0.0,12.0,0.375,,,0.0,1.0,,True,completed
211492_442_0,pkw,28573.0,28614.0,41.0,,452.042,0.0,0.0,41.0,2.788,,,0.0,1.0,,True,completed
148835_417_0,pkw,28608.0,28619.0,11.0,,189.639,0.0,0.0,11.0,0.273,,,0.0,1.0,,True,completed
213851_444_0,pkw,28610.0,28620.0,10.0,,179.736,0.0,0.0,10.0,0.991,,,0.0,1.0,,True,completed
178689_430_0,pkw,28612.0,28622.0,10.0,,189.172,0.0,0.0,10.0,0.352,,,0.0,1.0,,True,completed
292028_479_0,pkw,28586.0,28622.0,36.0,,452.038,0.0,0.0,36.0,1.953,,,0.0,1.0,,True,completed
177905_430_0,pkw,28612.0,28626.0,14.0,,191.071,0.0,0.0,14.0,3.499,,,0.0,1.0,,True,completed
143726_416_0,pkw,28593.0,28628.0,35.0,,444.553,0.0,0.0,35.0,1.618,,,0.0,1.0,,True,completed
181432_431_0,pkw,28616.0,28628.0,12.0,,188.773,0.0,0.0,12.0,0.448,,,0.0,1.0,,True,completed
252054_457_0,pkw,28595.0,28628.0,33.0,,450.809,0.0,0.0,33.0,2.104,,,0.0,1.0,,True,completed
207390_441_0,pkw,28620.0,28632.0,12.0,,193.888,0.0,0.0,12.0,0.361,,,0.0,1.0,,True,completed
280794_471_0,pkw,28596.0,28640.0,44.0,,151.459,28.0,28.0,16.0,34.176,,,0.6364,0.3636,,True,completed
161562_421_0,pkw,28607.0,28641.0,34.0,,449.079,0.0,0.0,34.0,1.731,,,0.0,1.0,,True,completed
204241_440_0,pkw,28619.0,28641.0,22.0,,161.2,4.0,4.0,18.0,10.871,,,0.1818,0.8182,,True,completed
169513_426_0,pkw,28612.0,28644.0,32.0,,431.366,0.0,0.0,32.0,1.262,,,0.0,1.0,,True,completed
196090_436_0,pkw,28610.0,28644.0,34.0,,445.648,0.0,0.0,34.0,1.719,,,0.0,1.0,,True,completed
164332_422_0,pkw,28628.0,28651.0,23.0,,197.605,3.0,3.0,20.0,12.635,,,0.1304,0.8696,,True,completed
174556_427_0,pkw,28627.0,28651.0,24.0,,186.967,4.0,4.0,20.0,13.042,,,0.1667,0.8333,,True,completed
188487_433_0,pkw,28622.0,28651.0,29.0,,191.093,9.0,9.0,20.0,16.721,,,0.3103,0.6897,,True,completed
187196_433_0,pkw,28632.0,28652.0,20.0,,185.748,1.0,1.0,19.0,9.346,,,0.05,0.95,,True,completed
167883_425_0,pkw,28629.0,28653.0,24.0,,195.615,4.0,4.0,20.0,12.308,,,0.1667,0.8333,,True,completed
215313_445_0,pkw,28637.0,28654.0,17.0,,196.831,0.0,0.0,17.0,8.109,,,0.0,1.0,,True,completed
193673_435_0,pkw,28634.0,28655.0,21.0,,196.428,0.0,0.0,21.0,8.374,,,0.0,1.0,,True,completed
95711_394_0,pkw,28641.0,28656.0,15.0,,186.987,0.0,0.0,15.0,3.837,,,0.0,1.0,,True,completed
246942_455_0,pkw,28636.0,28661.0,25.0,,156.676,9.0,10.0,15.0,14.478,,,0.4,0.6,,True,completed
200235_437_0,pkw,28639.0,28662.0,23.0,,147.441,5.0,5.0,18.0,12.09,,,0.2174,0.7826,,True,completed
222401_448_0,pkw,28624.0,28662.0,38.0,,438.17,0.0,1.0,37.0,7.987,,,0.0263,0.9737,,True,completed
258498_461_0,pkw,28627.0,28662.0,35.0,,429.524,0.0,0.0,35.0,5.32,,,0.0,1.0,,True,completed
273641_466_0,pkw,28641.0,28663.0,22.0,,137.328,3.0,3.0,19.0,13.812,,,0.1364,0.8636,,True,completed
268829_465_0,pkw,28644.0,28666.0,22.0,,151.725,2.0,2.0,20.0,10.181,,,0.0909,0.9091,,True,completed
82062_389_0,pkw,28653.0,28666.0,13.0,,112.31,0.0,0.0,13.0,5.175,,,0.0,1.0,,True,completed
241303_452_0,pkw,28634.0,28669.0,35.0,,438.697,0.0,0.0,35.0,1.65,,,0.0,1.0,,True,completed
122299_406_0,pkw,28635.0,28671.0,36.0,,437.489,0.0,0.0,36.0,2.435,,,0.0,1.0,,True,completed
159521_421_0,pkw,28645.0,28671.0,26.0,,201.091,9.0,10.0,16.0,14.563,,,0.3846,0.6154,,True,completed
170276_426_0,pkw,28629.0,28671.0,42.0,,437.65,0.0,0.0,42.0,4.105,,,0.0,1.0,,True,completed
193501_435_0,pkw,28647.0,28671.0,24.0,,193.318,4.0,4.0,20.0,13.57,,,0.1667,0.8333,,True,completed
186627_432_0,pkw,28649.0,28673.0,24.0,,201.893,2.0,2.0,22.0,13.123,,,0.0833,0.9167,,True,completed
211771_442_0,pkw,28656.0,28673.0,17.0,,196.42,0.0,0.0,17.0,5.616,,,0.0,1.0,,True,completed
188168_433_0,pkw,28666.0,28676.0,10.0,,194.896,0.0,0.0,10.0,0.333,,,0.0,1.0,,True,completed
242357_452_0,pkw,28652.0,28676.0,24.0,,187.367,0.0,1.0,23.0,12.245,,,0.0417,0.9583,,True,completed
123193_406_0,pkw,28639.0,28678.0,39.0,,451.31,0.0,0.0,39.0,6.089,,,0.0,1.0,,True,completed
226950_450_0,pkw,28669.0,28681.0,12.0,,198.48,0.0,0.0,12.0,1.278,,,0.0,1.0,,True,completed
132573_410_0,pkw,28665.0,28682.0,17.0,,187.13,0.0,0.0,17.0,6.778,,,0.0,1.0,,True,completed
154939_420_0,pkw,28671.0,28683.0,12.0,,192.629,0.0,0.0,12.0,0.454,,,0.0,1.0,,True,completed
262090_462_0,pkw,28644.0,28685.0,41.0,,431.366,0.0,1.0,40.0,7.878,,,0.0244,0.9756,,True,completed
97220_395_0,pkw,28648.0,28686.0,38.0,,425.106,0.0,0.0,38.0,9.358,,,0.0,1.0,,True,completed
246477_455_0,pkw,28646.0,28688.0,42.0,,426.915,0.0,0.0,42.0,9.819,,,0.0,1.0,,True,completed
263548_462_0,pkw,28637.0,28688.0,51.0,,428.448,6.0,6.0,45.0,13.418,,,0.1176,0.8824,,True,completed
176159_429_0,pkw,28678.0,28700.0,22.0,,190.398,4.0,4.0,18.0,12.431,,,0.1818,0.8182,,True,completed
107596_400_0,pkw,28693.0,28702.0,9.0,,188.323,0.0,0.0,9.0,0.338,,,0.0,1.0,,True,completed
127187_407_0,pkw,28684.0,28702.0,18.0,,189.87,0.0,0.0,18.0,5.549,,,0.0,1.0,,True,completed
125267_406_0,pkw,28673.0,28706.0,33.0,,448.998,0.0,0.0,33.0,1.445,,,0.0,1.0,,True,completed
238898_451_0,pkw,28706.0,28717.0,11.0,,191.295,0.0,0.0,11.0,1.595,,,0.0,1.0,,True,completed
110838_401_0,pkw,28702.0,28720.0,18.0,,182.16,0.0,0.0,18.0,7.494,,,0.0,1.0,,True,completed
192203_435_0,pkw,28705.0,28720.0,15.0,,194.858,0.0,0.0,15.0,4.054,,,0.0,1.0,,True,completed
249950_456_0,pkw,28681.0,28720.0,39.0,,451.819,2.0,2.0,37.0,8.298,,,0.0513,0.9487,,True,completed
296641_481_0,pkw,28678.0,28720.0,42.0,,353.981,2.0,2.0,40.0,14.78,,,0.0476,0.9524,,True,completed
238223_451_0,pkw,28698.0,28721.0,23.0,,187.023,4.0,4.0,19.0,12.164,,,0.1739,0.8261,,True,completed
225702_450_0,pkw,28714.0,28723.0,9.0,,181.875,0.0,0.0,9.0,0.376,,,0.0,1.0,,True,completed
256913_460_0,pkw,28701.0,28723.0,22.0,,203.471,2.0,2.0,20.0,10.286,,,0.0909,0.9091,,True,completed
140503_414_0,pkw,28686.0,28730.0,44.0,,437.294,8.0,8.0,36.0,15.046,,,0.1818,0.8182,,True,completed
189053_434_0,pkw,28688.0,28731.0,43.0,,456.571,4.0,4.0,39.0,12.743,,,0.093,0.907,,True,completed
200667_437_0,pkw,28696.0,28731.0,35.0,,430.237,0.0,0.0,35.0,6.948,,,0.0,1.0,,True,completed
85101_390_0,pkw,28690.0,28731.0,41.0,,444.773,0.0,0.0,41.0,3.69,,,0.0,1.0,,True,completed
85879_391_0,pkw,28694.0,28732.0,38.0,,445.205,1.0,1.0,37.0,9.595,,,0.0263,0.9737,,True,completed
201697_438_0,pkw,28720.0,28738.0,18.0,,141.091,2.0,2.0,16.0,9.131,,,0.1111,0.8889,,True,completed
141290_415_0,pkw,28725.0,28739.0,14.0,,187.546,0.0,0.0,14.0,4.03,,,0.0,1.0,,True,completed
167277_425_0,pkw,28696.0,28740.0,44.0,,446.436,8.0,8.0,36.0,14.066,,,0.1818,0.8182,,True,completed
191519_435_0,pkw,28722.0,28740.0,18.0,,140.53,1.0,1.0,17.0,7.682,,,0.0556,0.9444,,True,completed
155024_420_0,pkw,28712.0,28741.0,29.0,,198.9,7.0,7.0,22.0,18.742,,,0.2414,0.7586,,True,completed
210408_441_0,pkw,28723.0,28741.0,18.0,,192.047,0.0,0.0,18.0,7.591,,,0.0,1.0,,True,completed
262958_462_0,pkw,28727.0,28742.0,15.0,,186.755,0.0,0.0,15.0,4.129,,,0.0,1.0,,True,completed
134495_411_0,pkw,28733.0,28743.0,10.0,,139.715,0.0,0.0,10.0,1.109,,,0.0,1.0,,True,completed
168076_425_0,pkw,28703.0,28743.0,40.0,,447.535,0.0,0.0,40.0,9.979,,,0.0,1.0,,True,completed
233666_451_0,pkw,28730.0,28744.0,14.0,,194.501,0.0,0.0,14.0,1.738,,,0.0,1.0,,True,completed
293474_480_0,pkw,28729.0,28744.0,15.0,,195.424,0.0,0.0,15.0,3.56,,,0.0,1.0,,True,completed
169474_426_0,pkw,28734.0,28746.0,12.0,,191.93,0.0,0.0,12.0,0.424,,,0.0,1.0,,True,completed
178461_430_0,pkw,28717.0,28746.0,29.0,,185.77,6.0,6.0,23.0,17.52,,,0.2069,0.7931,,True,completed
233677_451_0,pkw,28736.0,28746.0,10.0,,141.49,0.0,0.0,10.0,0.412,,,0.0,1.0,,True,completed
228744_450_0,pkw,28740.0,28751.0,11.0,,194.496,0.0,0.0,11.0,0.271,,,0.0,1.0,,True,completed
209482_441_0,pkw,28754.0,28767.0,13.0,,163.157,0.0,0.0,13.0,2.396,,,0.0,1.0,,True,completed
276894_469_0,pkw,28756.0,28768.0,12.0,,154.277,0.0,0.0,12.0,1.795,,,0.0,1.0,,True,completed
149318_417_0,pkw,28740.0,28769.0,29.0,,446.449,0.0,0.0,29.0,1.248,,,0.0,1.0,,True,completed
272087_466_0,pkw,28761.0,28772.0,11.0,,167.937,0.0,0.0,11.0,0.708,,,0.0,1.0,,True,completed
164264_422_0,pkw,28733.0,28773.0,40.0,,454.989,0.0,0.0,40.0,2.438,,,0.0,1.0,,True,completed
212428_443_0,pkw,28742.0,28773.0,31.0,,457.752,0.0,0.0,31.0,2.948,,,0.0,1.0,,True,completed
183935_431_0,pkw,28749.0,28778.0,29.0,,426.085,0.0,0.0,29.0,1.218,,,0.0,1.0,,True,completed
151101_418_0,pkw,28750.0,28779.0,29.0,,431.726,0.0,0.0,29.0,1.159,,,0.0,1.0,,True,completed
181664_431_0,pkw,28766.0,28779.0,13.0,,158.403,0.0,0.0,13.0,2.012,,,0.0,1.0,,True,completed
273300_466_0,pkw,28763.0,28780.0,17.0,,139.189,2.0,2.0,15.0,8.626,,,0.1176,0.8824,,True,completed
245399_454_0,pkw,28768.0,28781.0,13.0,,164.138,0.0,0.0,13.0,3.477,,,0.0,1.0,,True,completed
265524_463_0,pkw,28766.0,28782.0,16.0,,145.622,0.0,0.0,16.0,5.34,,,0.0,1.0,,True,completed
90263_391_0,pkw,28772.0,28784.0,12.0,,148.268,0.0,0.0,12.0,2.91,,,0.0,1.0,,True,completed
210132_441_0,pkw,28771.0,28791.0,20.0,,192.1,0.0,0.0,20.0,8.624,,,0.0,1.0,,True,completed
124522_406_0,pkw,28769.0,28792.0,23.0,,192.873,4.0,4.0,19.0,10.991,,,0.1739,0.8261,,True,completed
209434_441_0,pkw,28775.0,28793.0,18.0,,200.651,0.0,0.0,18.0,6.045,,,0.0,1.0,,True,completed
124717_406_0,pkw,28784.0,,16.0,,78.054,1.0,1.0,15.0,10.93,,,0.0625,0.9375,,False,on_map_at_end
157794_421_0,pkw,28777.0,,23.0,,51.789,16.0,15.0,8.0,18.949,,,0.6522,0.3478,,False,on_map_at_end
162933_422_0,pkw,28799.0,,1.0,,8.247,0.0,0.0,1.0,0.369,,,0.0,1.0,,False,on_map_at_end
194505_436_0,pkw,28775.0,,25.0,,320.862,0.0,0.0,25.0,1.614,,,0.0,1.0,,False,on_map_at_end
202861_439_0,pkw,28796.0,,4.0,,24.546,0.0,0.0,4.0,2.069,,,0.0,1.0,,False,on_map_at_end
217173_446_0,pkw,28781.0,,19.0,,130.135,3.0,3.0,16.0,11.505,,,0.1579,0.8421,,False,on_map_at_end
219862_447_0,pkw,28787.0,,13.0,,58.326,1.0,1.0,12.0,9.135,,,0.0769,0.9231,,False,on_map_at_end
227471_450_0,pkw,28779.0,,21.0,,91.169,9.0,8.0,13.0,16.306,,,0.381,0.619,,False,on_map_at_end
237260_451_0,pkw,28773.0,,27.0,,283.414,0.0,0.0,27.0,8.447,,,0.0,1.0,,False,on_map_at_end
245940_454_0,pkw,28782.0,,18.0,,101.564,1.0,1.0,17.0,11.029,,,0.0556,0.9444,,False,on_map_at_end
251407_457_0,pkw,28774.0,,26.0,,270.163,0.0,0.0,26.0,9.763,,,0.0,1.0,,False,on_map_at_end
253859_459_0,pkw,28777.0,,23.0,,238.531,0.0,0.0,23.0,7.726,,,0.0,1.0,,False,on_map_at_end
255224_459_0,pkw,28779.0,,21.0,,45.988,13.0,12.0,9.0,17.613,,,0.5714,0.4286,,False,on_map_at_end
255631_460_0,pkw,28789.0,,11.0,,40.492,0.0,0.0,11.0,7.702,,,0.0,1.0,,False,on_map_at_end
292024_479_0,pkw,28779.0,,21.0,,158.446,5.0,5.0,16.0,11.835,,,0.2381,0.7619,,False,on_map_at_end
